# procedural mesh, generated by comp_vision_sim/tools/make_assets.py
v 0.029176 -0.009157 0.010092
v 0.030106 -0.010266 0.009697
v 0.031178 -0.011213 0.009242
v 0.032368 -0.011974 0.008737
v 0.033650 -0.012533 0.008192
v 0.034995 -0.012878 0.007622
v 0.036371 -0.013000 0.007037
v 0.037749 -0.012897 0.006452
v 0.039098 -0.012571 0.005880
v 0.040386 -0.012029 0.005333
v 0.041585 -0.011284 0.004824
v 0.042668 -0.010353 0.004364
v 0.043611 -0.009256 0.003964
v 0.044392 -0.008018 0.003633
v 0.044993 -0.006667 0.003378
v 0.045402 -0.005234 0.003204
v 0.045609 -0.003750 0.003116
v 0.045609 -0.002250 0.003116
v 0.045402 -0.000766 0.003204
v 0.044993 0.000667 0.003378
v 0.044392 0.002018 0.003633
v 0.043611 0.003256 0.003964
v 0.042668 0.004353 0.004364
v 0.041585 0.005284 0.004824
v 0.040386 0.006029 0.005333
v 0.039098 0.006571 0.005880
v 0.037749 0.006897 0.006452
v 0.036371 0.007000 0.007037
v 0.034995 0.006878 0.007622
v 0.033650 0.006533 0.008192
v 0.032368 0.005974 0.008737
v 0.031178 0.005213 0.009242
v 0.030106 0.004266 0.009697
v 0.029176 0.003157 0.010092
v 0.024923 0.001800 0.011897
v 0.023727 0.000600 0.012405
v 0.003292 0.000600 0.021079
v -0.000390 -0.002200 0.022642
v 0.001267 -0.005400 0.021938
v 0.004212 -0.004400 0.020688
v 0.006283 -0.006600 0.019809
v 0.008354 -0.004400 0.018930
v 0.010426 -0.006600 0.018051
v 0.012497 -0.004400 0.017172
v 0.014568 -0.006600 0.016292
v 0.016639 -0.004400 0.015413
v 0.018710 -0.006600 0.014534
v 0.020781 -0.004400 0.013655
v 0.023727 -0.006600 0.012405
v 0.024923 -0.007800 0.011897
v 0.028317 -0.009157 0.008066
v 0.029246 -0.010266 0.007672
v 0.030318 -0.011213 0.007217
v 0.031509 -0.011974 0.006711
v 0.032791 -0.012533 0.006167
v 0.034135 -0.012878 0.005597
v 0.035512 -0.013000 0.005012
v 0.036890 -0.012897 0.004427
v 0.038238 -0.012571 0.003855
v 0.039526 -0.012029 0.003308
v 0.040726 -0.011284 0.002799
v 0.041809 -0.010353 0.002339
v 0.042751 -0.009256 0.001939
v 0.043532 -0.008018 0.001608
v 0.044134 -0.006667 0.001352
v 0.044543 -0.005234 0.001179
v 0.044749 -0.003750 0.001091
v 0.044749 -0.002250 0.001091
v 0.044543 -0.000766 0.001179
v 0.044134 0.000667 0.001352
v 0.043532 0.002018 0.001608
v 0.042751 0.003256 0.001939
v 0.041809 0.004353 0.002339
v 0.040726 0.005284 0.002799
v 0.039526 0.006029 0.003308
v 0.038238 0.006571 0.003855
v 0.036890 0.006897 0.004427
v 0.035512 0.007000 0.005012
v 0.034135 0.006878 0.005597
v 0.032791 0.006533 0.006167
v 0.031509 0.005974 0.006711
v 0.030318 0.005213 0.007217
v 0.029246 0.004266 0.007672
v 0.028317 0.003157 0.008066
v 0.024064 0.001800 0.009872
v 0.022867 0.000600 0.010380
v 0.002432 0.000600 0.019054
v -0.001250 -0.002200 0.020617
v 0.000407 -0.005400 0.019913
v 0.003353 -0.004400 0.018663
v 0.005424 -0.006600 0.017784
v 0.007495 -0.004400 0.016905
v 0.009566 -0.006600 0.016026
v 0.011637 -0.004400 0.015146
v 0.013708 -0.006600 0.014267
v 0.015779 -0.004400 0.013388
v 0.017850 -0.006600 0.012509
v 0.019922 -0.004400 0.011630
v 0.022867 -0.006600 0.010380
v 0.024064 -0.007800 0.009872
v 0.028317 -0.009157 0.008066
v 0.029246 -0.010266 0.007672
v 0.030106 -0.010266 0.009697
v 0.029176 -0.009157 0.010092
v 0.029246 -0.010266 0.007672
v 0.030318 -0.011213 0.007217
v 0.031178 -0.011213 0.009242
v 0.030106 -0.010266 0.009697
v 0.030318 -0.011213 0.007217
v 0.031509 -0.011974 0.006711
v 0.032368 -0.011974 0.008737
v 0.031178 -0.011213 0.009242
v 0.031509 -0.011974 0.006711
v 0.032791 -0.012533 0.006167
v 0.033650 -0.012533 0.008192
v 0.032368 -0.011974 0.008737
v 0.032791 -0.012533 0.006167
v 0.034135 -0.012878 0.005597
v 0.034995 -0.012878 0.007622
v 0.033650 -0.012533 0.008192
v 0.034135 -0.012878 0.005597
v 0.035512 -0.013000 0.005012
v 0.036371 -0.013000 0.007037
v 0.034995 -0.012878 0.007622
v 0.035512 -0.013000 0.005012
v 0.036890 -0.012897 0.004427
v 0.037749 -0.012897 0.006452
v 0.036371 -0.013000 0.007037
v 0.036890 -0.012897 0.004427
v 0.038238 -0.012571 0.003855
v 0.039098 -0.012571 0.005880
v 0.037749 -0.012897 0.006452
v 0.038238 -0.012571 0.003855
v 0.039526 -0.012029 0.003308
v 0.040386 -0.012029 0.005333
v 0.039098 -0.012571 0.005880
v 0.039526 -0.012029 0.003308
v 0.040726 -0.011284 0.002799
v 0.041585 -0.011284 0.004824
v 0.040386 -0.012029 0.005333
v 0.040726 -0.011284 0.002799
v 0.041809 -0.010353 0.002339
v 0.042668 -0.010353 0.004364
v 0.041585 -0.011284 0.004824
v 0.041809 -0.010353 0.002339
v 0.042751 -0.009256 0.001939
v 0.043611 -0.009256 0.003964
v 0.042668 -0.010353 0.004364
v 0.042751 -0.009256 0.001939
v 0.043532 -0.008018 0.001608
v 0.044392 -0.008018 0.003633
v 0.043611 -0.009256 0.003964
v 0.043532 -0.008018 0.001608
v 0.044134 -0.006667 0.001352
v 0.044993 -0.006667 0.003378
v 0.044392 -0.008018 0.003633
v 0.044134 -0.006667 0.001352
v 0.044543 -0.005234 0.001179
v 0.045402 -0.005234 0.003204
v 0.044993 -0.006667 0.003378
v 0.044543 -0.005234 0.001179
v 0.044749 -0.003750 0.001091
v 0.045609 -0.003750 0.003116
v 0.045402 -0.005234 0.003204
v 0.044749 -0.003750 0.001091
v 0.044749 -0.002250 0.001091
v 0.045609 -0.002250 0.003116
v 0.045609 -0.003750 0.003116
v 0.044749 -0.002250 0.001091
v 0.044543 -0.000766 0.001179
v 0.045402 -0.000766 0.003204
v 0.045609 -0.002250 0.003116
v 0.044543 -0.000766 0.001179
v 0.044134 0.000667 0.001352
v 0.044993 0.000667 0.003378
v 0.045402 -0.000766 0.003204
v 0.044134 0.000667 0.001352
v 0.043532 0.002018 0.001608
v 0.044392 0.002018 0.003633
v 0.044993 0.000667 0.003378
v 0.043532 0.002018 0.001608
v 0.042751 0.003256 0.001939
v 0.043611 0.003256 0.003964
v 0.044392 0.002018 0.003633
v 0.042751 0.003256 0.001939
v 0.041809 0.004353 0.002339
v 0.042668 0.004353 0.004364
v 0.043611 0.003256 0.003964
v 0.041809 0.004353 0.002339
v 0.040726 0.005284 0.002799
v 0.041585 0.005284 0.004824
v 0.042668 0.004353 0.004364
v 0.040726 0.005284 0.002799
v 0.039526 0.006029 0.003308
v 0.040386 0.006029 0.005333
v 0.041585 0.005284 0.004824
v 0.039526 0.006029 0.003308
v 0.038238 0.006571 0.003855
v 0.039098 0.006571 0.005880
v 0.040386 0.006029 0.005333
v 0.038238 0.006571 0.003855
v 0.036890 0.006897 0.004427
v 0.037749 0.006897 0.006452
v 0.039098 0.006571 0.005880
v 0.036890 0.006897 0.004427
v 0.035512 0.007000 0.005012
v 0.036371 0.007000 0.007037
v 0.037749 0.006897 0.006452
v 0.035512 0.007000 0.005012
v 0.034135 0.006878 0.005597
v 0.034995 0.006878 0.007622
v 0.036371 0.007000 0.007037
v 0.034135 0.006878 0.005597
v 0.032791 0.006533 0.006167
v 0.033650 0.006533 0.008192
v 0.034995 0.006878 0.007622
v 0.032791 0.006533 0.006167
v 0.031509 0.005974 0.006711
v 0.032368 0.005974 0.008737
v 0.033650 0.006533 0.008192
v 0.031509 0.005974 0.006711
v 0.030318 0.005213 0.007217
v 0.031178 0.005213 0.009242
v 0.032368 0.005974 0.008737
v 0.030318 0.005213 0.007217
v 0.029246 0.004266 0.007672
v 0.030106 0.004266 0.009697
v 0.031178 0.005213 0.009242
v 0.029246 0.004266 0.007672
v 0.028317 0.003157 0.008066
v 0.029176 0.003157 0.010092
v 0.030106 0.004266 0.009697
v 0.028317 0.003157 0.008066
v 0.024064 0.001800 0.009872
v 0.024923 0.001800 0.011897
v 0.029176 0.003157 0.010092
v 0.024064 0.001800 0.009872
v 0.022867 0.000600 0.010380
v 0.023727 0.000600 0.012405
v 0.024923 0.001800 0.011897
v 0.022867 0.000600 0.010380
v 0.002432 0.000600 0.019054
v 0.003292 0.000600 0.021079
v 0.023727 0.000600 0.012405
v 0.002432 0.000600 0.019054
v -0.001250 -0.002200 0.020617
v -0.000390 -0.002200 0.022642
v 0.003292 0.000600 0.021079
v -0.001250 -0.002200 0.020617
v 0.000407 -0.005400 0.019913
v 0.001267 -0.005400 0.021938
v -0.000390 -0.002200 0.022642
v 0.000407 -0.005400 0.019913
v 0.003353 -0.004400 0.018663
v 0.004212 -0.004400 0.020688
v 0.001267 -0.005400 0.021938
v 0.003353 -0.004400 0.018663
v 0.005424 -0.006600 0.017784
v 0.006283 -0.006600 0.019809
v 0.004212 -0.004400 0.020688
v 0.005424 -0.006600 0.017784
v 0.007495 -0.004400 0.016905
v 0.008354 -0.004400 0.018930
v 0.006283 -0.006600 0.019809
v 0.007495 -0.004400 0.016905
v 0.009566 -0.006600 0.016026
v 0.010426 -0.006600 0.018051
v 0.008354 -0.004400 0.018930
v 0.009566 -0.006600 0.016026
v 0.011637 -0.004400 0.015146
v 0.012497 -0.004400 0.017172
v 0.010426 -0.006600 0.018051
v 0.011637 -0.004400 0.015146
v 0.013708 -0.006600 0.014267
v 0.014568 -0.006600 0.016292
v 0.012497 -0.004400 0.017172
v 0.013708 -0.006600 0.014267
v 0.015779 -0.004400 0.013388
v 0.016639 -0.004400 0.015413
v 0.014568 -0.006600 0.016292
v 0.015779 -0.004400 0.013388
v 0.017850 -0.006600 0.012509
v 0.018710 -0.006600 0.014534
v 0.016639 -0.004400 0.015413
v 0.017850 -0.006600 0.012509
v 0.019922 -0.004400 0.011630
v 0.020781 -0.004400 0.013655
v 0.018710 -0.006600 0.014534
v 0.019922 -0.004400 0.011630
v 0.022867 -0.006600 0.010380
v 0.023727 -0.006600 0.012405
v 0.020781 -0.004400 0.013655
v 0.022867 -0.006600 0.010380
v 0.024064 -0.007800 0.009872
v 0.024923 -0.007800 0.011897
v 0.023727 -0.006600 0.012405
v 0.024064 -0.007800 0.009872
v 0.028317 -0.009157 0.008066
v 0.029176 -0.009157 0.010092
v 0.024923 -0.007800 0.011897
v 0.024019 0.001348 0.002200
v 0.024879 0.000211 0.002200
v 0.025901 -0.000783 0.002200
v 0.027059 -0.001614 0.002200
v 0.028329 -0.002262 0.002200
v 0.029681 -0.002713 0.002200
v 0.031086 -0.002956 0.002200
v 0.032511 -0.002986 0.002200
v 0.033925 -0.002803 0.002200
v 0.035296 -0.002410 0.002200
v 0.036592 -0.001817 0.002200
v 0.037785 -0.001036 0.002200
v 0.038847 -0.000085 0.002200
v 0.039755 0.001013 0.002200
v 0.040489 0.002236 0.002200
v 0.041032 0.003554 0.002200
v 0.041371 0.004939 0.002200
v 0.041499 0.006358 0.002200
v 0.041413 0.007781 0.002200
v 0.041115 0.009176 0.002200
v 0.040612 0.010510 0.002200
v 0.039915 0.011753 0.002200
v 0.039040 0.012878 0.002200
v 0.038006 0.013860 0.002200
v 0.036837 0.014676 0.002200
v 0.035560 0.015308 0.002200
v 0.034201 0.015741 0.002200
v 0.032794 0.015967 0.002200
v 0.031368 0.015979 0.002200
v 0.029957 0.015778 0.002200
v 0.028592 0.015368 0.002200
v 0.027303 0.014758 0.002200
v 0.026120 0.013962 0.002200
v 0.025070 0.012998 0.002200
v 0.019982 0.012404 0.002200
v 0.018579 0.011326 0.002200
v -0.010004 0.013905 0.002200
v -0.014240 0.011476 0.002200
v -0.012735 0.008127 0.002200
v -0.009458 0.008836 0.002200
v -0.006605 0.006369 0.002200
v -0.003358 0.008285 0.002200
v -0.000505 0.005819 0.002200
v 0.002743 0.007735 0.002200
v 0.005595 0.005268 0.002200
v 0.008843 0.007184 0.002200
v 0.011695 0.004718 0.002200
v 0.014943 0.006634 0.002200
v 0.017932 0.004155 0.002200
v 0.019119 0.002843 0.002200
v 0.024019 0.001348 0.000000
v 0.024879 0.000211 0.000000
v 0.025901 -0.000783 0.000000
v 0.027059 -0.001614 0.000000
v 0.028329 -0.002262 0.000000
v 0.029681 -0.002713 0.000000
v 0.031086 -0.002956 0.000000
v 0.032511 -0.002986 0.000000
v 0.033925 -0.002803 0.000000
v 0.035296 -0.002410 0.000000
v 0.036592 -0.001817 0.000000
v 0.037785 -0.001036 0.000000
v 0.038847 -0.000085 0.000000
v 0.039755 0.001013 0.000000
v 0.040489 0.002236 0.000000
v 0.041032 0.003554 0.000000
v 0.041371 0.004939 0.000000
v 0.041499 0.006358 0.000000
v 0.041413 0.007781 0.000000
v 0.041115 0.009176 0.000000
v 0.040612 0.010510 0.000000
v 0.039915 0.011753 0.000000
v 0.039040 0.012878 0.000000
v 0.038006 0.013860 0.000000
v 0.036837 0.014676 0.000000
v 0.035560 0.015308 0.000000
v 0.034201 0.015741 0.000000
v 0.032794 0.015967 0.000000
v 0.031368 0.015979 0.000000
v 0.029957 0.015778 0.000000
v 0.028592 0.015368 0.000000
v 0.027303 0.014758 0.000000
v 0.026120 0.013962 0.000000
v 0.025070 0.012998 0.000000
v 0.019982 0.012404 0.000000
v 0.018579 0.011326 0.000000
v -0.010004 0.013905 0.000000
v -0.014240 0.011476 0.000000
v -0.012735 0.008127 0.000000
v -0.009458 0.008836 0.000000
v -0.006605 0.006369 0.000000
v -0.003358 0.008285 0.000000
v -0.000505 0.005819 0.000000
v 0.002743 0.007735 0.000000
v 0.005595 0.005268 0.000000
v 0.008843 0.007184 0.000000
v 0.011695 0.004718 0.000000
v 0.014943 0.006634 0.000000
v 0.017932 0.004155 0.000000
v 0.019119 0.002843 0.000000
v 0.024019 0.001348 0.000000
v 0.024879 0.000211 0.000000
v 0.024879 0.000211 0.002200
v 0.024019 0.001348 0.002200
v 0.024879 0.000211 0.000000
v 0.025901 -0.000783 0.000000
v 0.025901 -0.000783 0.002200
v 0.024879 0.000211 0.002200
v 0.025901 -0.000783 0.000000
v 0.027059 -0.001614 0.000000
v 0.027059 -0.001614 0.002200
v 0.025901 -0.000783 0.002200
v 0.027059 -0.001614 0.000000
v 0.028329 -0.002262 0.000000
v 0.028329 -0.002262 0.002200
v 0.027059 -0.001614 0.002200
v 0.028329 -0.002262 0.000000
v 0.029681 -0.002713 0.000000
v 0.029681 -0.002713 0.002200
v 0.028329 -0.002262 0.002200
v 0.029681 -0.002713 0.000000
v 0.031086 -0.002956 0.000000
v 0.031086 -0.002956 0.002200
v 0.029681 -0.002713 0.002200
v 0.031086 -0.002956 0.000000
v 0.032511 -0.002986 0.000000
v 0.032511 -0.002986 0.002200
v 0.031086 -0.002956 0.002200
v 0.032511 -0.002986 0.000000
v 0.033925 -0.002803 0.000000
v 0.033925 -0.002803 0.002200
v 0.032511 -0.002986 0.002200
v 0.033925 -0.002803 0.000000
v 0.035296 -0.002410 0.000000
v 0.035296 -0.002410 0.002200
v 0.033925 -0.002803 0.002200
v 0.035296 -0.002410 0.000000
v 0.036592 -0.001817 0.000000
v 0.036592 -0.001817 0.002200
v 0.035296 -0.002410 0.002200
v 0.036592 -0.001817 0.000000
v 0.037785 -0.001036 0.000000
v 0.037785 -0.001036 0.002200
v 0.036592 -0.001817 0.002200
v 0.037785 -0.001036 0.000000
v 0.038847 -0.000085 0.000000
v 0.038847 -0.000085 0.002200
v 0.037785 -0.001036 0.002200
v 0.038847 -0.000085 0.000000
v 0.039755 0.001013 0.000000
v 0.039755 0.001013 0.002200
v 0.038847 -0.000085 0.002200
v 0.039755 0.001013 0.000000
v 0.040489 0.002236 0.000000
v 0.040489 0.002236 0.002200
v 0.039755 0.001013 0.002200
v 0.040489 0.002236 0.000000
v 0.041032 0.003554 0.000000
v 0.041032 0.003554 0.002200
v 0.040489 0.002236 0.002200
v 0.041032 0.003554 0.000000
v 0.041371 0.004939 0.000000
v 0.041371 0.004939 0.002200
v 0.041032 0.003554 0.002200
v 0.041371 0.004939 0.000000
v 0.041499 0.006358 0.000000
v 0.041499 0.006358 0.002200
v 0.041371 0.004939 0.002200
v 0.041499 0.006358 0.000000
v 0.041413 0.007781 0.000000
v 0.041413 0.007781 0.002200
v 0.041499 0.006358 0.002200
v 0.041413 0.007781 0.000000
v 0.041115 0.009176 0.000000
v 0.041115 0.009176 0.002200
v 0.041413 0.007781 0.002200
v 0.041115 0.009176 0.000000
v 0.040612 0.010510 0.000000
v 0.040612 0.010510 0.002200
v 0.041115 0.009176 0.002200
v 0.040612 0.010510 0.000000
v 0.039915 0.011753 0.000000
v 0.039915 0.011753 0.002200
v 0.040612 0.010510 0.002200
v 0.039915 0.011753 0.000000
v 0.039040 0.012878 0.000000
v 0.039040 0.012878 0.002200
v 0.039915 0.011753 0.002200
v 0.039040 0.012878 0.000000
v 0.038006 0.013860 0.000000
v 0.038006 0.013860 0.002200
v 0.039040 0.012878 0.002200
v 0.038006 0.013860 0.000000
v 0.036837 0.014676 0.000000
v 0.036837 0.014676 0.002200
v 0.038006 0.013860 0.002200
v 0.036837 0.014676 0.000000
v 0.035560 0.015308 0.000000
v 0.035560 0.015308 0.002200
v 0.036837 0.014676 0.002200
v 0.035560 0.015308 0.000000
v 0.034201 0.015741 0.000000
v 0.034201 0.015741 0.002200
v 0.035560 0.015308 0.002200
v 0.034201 0.015741 0.000000
v 0.032794 0.015967 0.000000
v 0.032794 0.015967 0.002200
v 0.034201 0.015741 0.002200
v 0.032794 0.015967 0.000000
v 0.031368 0.015979 0.000000
v 0.031368 0.015979 0.002200
v 0.032794 0.015967 0.002200
v 0.031368 0.015979 0.000000
v 0.029957 0.015778 0.000000
v 0.029957 0.015778 0.002200
v 0.031368 0.015979 0.002200
v 0.029957 0.015778 0.000000
v 0.028592 0.015368 0.000000
v 0.028592 0.015368 0.002200
v 0.029957 0.015778 0.002200
v 0.028592 0.015368 0.000000
v 0.027303 0.014758 0.000000
v 0.027303 0.014758 0.002200
v 0.028592 0.015368 0.002200
v 0.027303 0.014758 0.000000
v 0.026120 0.013962 0.000000
v 0.026120 0.013962 0.002200
v 0.027303 0.014758 0.002200
v 0.026120 0.013962 0.000000
v 0.025070 0.012998 0.000000
v 0.025070 0.012998 0.002200
v 0.026120 0.013962 0.002200
v 0.025070 0.012998 0.000000
v 0.019982 0.012404 0.000000
v 0.019982 0.012404 0.002200
v 0.025070 0.012998 0.002200
v 0.019982 0.012404 0.000000
v 0.018579 0.011326 0.000000
v 0.018579 0.011326 0.002200
v 0.019982 0.012404 0.002200
v 0.018579 0.011326 0.000000
v -0.010004 0.013905 0.000000
v -0.010004 0.013905 0.002200
v 0.018579 0.011326 0.002200
v -0.010004 0.013905 0.000000
v -0.014240 0.011476 0.000000
v -0.014240 0.011476 0.002200
v -0.010004 0.013905 0.002200
v -0.014240 0.011476 0.000000
v -0.012735 0.008127 0.000000
v -0.012735 0.008127 0.002200
v -0.014240 0.011476 0.002200
v -0.012735 0.008127 0.000000
v -0.009458 0.008836 0.000000
v -0.009458 0.008836 0.002200
v -0.012735 0.008127 0.002200
v -0.009458 0.008836 0.000000
v -0.006605 0.006369 0.000000
v -0.006605 0.006369 0.002200
v -0.009458 0.008836 0.002200
v -0.006605 0.006369 0.000000
v -0.003358 0.008285 0.000000
v -0.003358 0.008285 0.002200
v -0.006605 0.006369 0.002200
v -0.003358 0.008285 0.000000
v -0.000505 0.005819 0.000000
v -0.000505 0.005819 0.002200
v -0.003358 0.008285 0.002200
v -0.000505 0.005819 0.000000
v 0.002743 0.007735 0.000000
v 0.002743 0.007735 0.002200
v -0.000505 0.005819 0.002200
v 0.002743 0.007735 0.000000
v 0.005595 0.005268 0.000000
v 0.005595 0.005268 0.002200
v 0.002743 0.007735 0.002200
v 0.005595 0.005268 0.000000
v 0.008843 0.007184 0.000000
v 0.008843 0.007184 0.002200
v 0.005595 0.005268 0.002200
v 0.008843 0.007184 0.000000
v 0.011695 0.004718 0.000000
v 0.011695 0.004718 0.002200
v 0.008843 0.007184 0.002200
v 0.011695 0.004718 0.000000
v 0.014943 0.006634 0.000000
v 0.014943 0.006634 0.002200
v 0.011695 0.004718 0.002200
v 0.014943 0.006634 0.000000
v 0.017932 0.004155 0.000000
v 0.017932 0.004155 0.002200
v 0.014943 0.006634 0.002200
v 0.017932 0.004155 0.000000
v 0.019119 0.002843 0.000000
v 0.019119 0.002843 0.002200
v 0.017932 0.004155 0.002200
v 0.019119 0.002843 0.000000
v 0.024019 0.001348 0.000000
v 0.024019 0.001348 0.002200
v 0.019119 0.002843 0.002200
v 0.062598 0.000072 0.004000
v 0.062276 0.000051 0.003222
v 0.061500 0.000000 0.002900
v 0.060724 -0.000051 0.003222
v 0.060402 -0.000072 0.004000
v 0.060724 -0.000051 0.004778
v 0.061500 -0.000000 0.005100
v 0.062276 0.000051 0.004778
v 0.062598 0.000072 0.004000
v 0.062492 0.001645 0.004000
v 0.062173 0.001603 0.003222
v 0.061402 0.001501 0.002900
v 0.060630 0.001400 0.003222
v 0.060311 0.001357 0.004000
v 0.060630 0.001400 0.004778
v 0.061402 0.001501 0.005100
v 0.062173 0.001603 0.004778
v 0.062492 0.001645 0.004000
v 0.062171 0.003261 0.004000
v 0.061859 0.003178 0.003222
v 0.061108 0.002976 0.002900
v 0.060357 0.002775 0.003222
v 0.060046 0.002692 0.004000
v 0.060357 0.002775 0.004778
v 0.061108 0.002976 0.005100
v 0.061859 0.003178 0.004778
v 0.062171 0.003261 0.004000
v 0.061641 0.004822 0.004000
v 0.061343 0.004699 0.003222
v 0.060625 0.004401 0.002900
v 0.059906 0.004103 0.003222
v 0.059608 0.003980 0.004000
v 0.059906 0.004103 0.004778
v 0.060625 0.004401 0.005100
v 0.061343 0.004699 0.004778
v 0.061641 0.004822 0.004000
v 0.060912 0.006300 0.004000
v 0.060633 0.006139 0.003222
v 0.059959 0.005750 0.002900
v 0.059286 0.005361 0.003222
v 0.059007 0.005200 0.004000
v 0.059286 0.005361 0.004778
v 0.059959 0.005750 0.005100
v 0.060633 0.006139 0.004778
v 0.060912 0.006300 0.004000
v 0.059996 0.007670 0.004000
v 0.059741 0.007474 0.003222
v 0.059124 0.007001 0.002900
v 0.058506 0.006527 0.003222
v 0.058251 0.006331 0.004000
v 0.058506 0.006527 0.004778
v 0.059124 0.007001 0.005100
v 0.059741 0.007474 0.004778
v 0.059996 0.007670 0.004000
v 0.058910 0.008910 0.004000
v 0.058682 0.008682 0.003222
v 0.058132 0.008132 0.002900
v 0.057582 0.007582 0.003222
v 0.057354 0.007354 0.004000
v 0.057582 0.007582 0.004778
v 0.058132 0.008132 0.005100
v 0.058682 0.008682 0.004778
v 0.058910 0.008910 0.004000
v 0.057670 0.009996 0.004000
v 0.057474 0.009741 0.003222
v 0.057001 0.009124 0.002900
v 0.056527 0.008506 0.003222
v 0.056331 0.008251 0.004000
v 0.056527 0.008506 0.004778
v 0.057001 0.009124 0.005100
v 0.057474 0.009741 0.004778
v 0.057670 0.009996 0.004000
v 0.056300 0.010912 0.004000
v 0.056139 0.010633 0.003222
v 0.055750 0.009959 0.002900
v 0.055361 0.009286 0.003222
v 0.055200 0.009007 0.004000
v 0.055361 0.009286 0.004778
v 0.055750 0.009959 0.005100
v 0.056139 0.010633 0.004778
v 0.056300 0.010912 0.004000
v 0.054822 0.011641 0.004000
v 0.054699 0.011343 0.003222
v 0.054401 0.010625 0.002900
v 0.054103 0.009906 0.003222
v 0.053980 0.009608 0.004000
v 0.054103 0.009906 0.004778
v 0.054401 0.010625 0.005100
v 0.054699 0.011343 0.004778
v 0.054822 0.011641 0.004000
v 0.053261 0.012171 0.004000
v 0.053178 0.011859 0.003222
v 0.052976 0.011108 0.002900
v 0.052775 0.010357 0.003222
v 0.052692 0.010046 0.004000
v 0.052775 0.010357 0.004778
v 0.052976 0.011108 0.005100
v 0.053178 0.011859 0.004778
v 0.053261 0.012171 0.004000
v 0.051645 0.012492 0.004000
v 0.051603 0.012173 0.003222
v 0.051501 0.011402 0.002900
v 0.051400 0.010630 0.003222
v 0.051357 0.010311 0.004000
v 0.051400 0.010630 0.004778
v 0.051501 0.011402 0.005100
v 0.051603 0.012173 0.004778
v 0.051645 0.012492 0.004000
v 0.050000 0.012600 0.004000
v 0.050000 0.012278 0.003222
v 0.050000 0.011500 0.002900
v 0.050000 0.010722 0.003222
v 0.050000 0.010400 0.004000
v 0.050000 0.010722 0.004778
v 0.050000 0.011500 0.005100
v 0.050000 0.012278 0.004778
v 0.050000 0.012600 0.004000
v 0.048355 0.012492 0.004000
v 0.048397 0.012173 0.003222
v 0.048499 0.011402 0.002900
v 0.048600 0.010630 0.003222
v 0.048643 0.010311 0.004000
v 0.048600 0.010630 0.004778
v 0.048499 0.011402 0.005100
v 0.048397 0.012173 0.004778
v 0.048355 0.012492 0.004000
v 0.046739 0.012171 0.004000
v 0.046822 0.011859 0.003222
v 0.047024 0.011108 0.002900
v 0.047225 0.010357 0.003222
v 0.047308 0.010046 0.004000
v 0.047225 0.010357 0.004778
v 0.047024 0.011108 0.005100
v 0.046822 0.011859 0.004778
v 0.046739 0.012171 0.004000
v 0.045178 0.011641 0.004000
v 0.045301 0.011343 0.003222
v 0.045599 0.010625 0.002900
v 0.045897 0.009906 0.003222
v 0.046020 0.009608 0.004000
v 0.045897 0.009906 0.004778
v 0.045599 0.010625 0.005100
v 0.045301 0.011343 0.004778
v 0.045178 0.011641 0.004000
v 0.043700 0.010912 0.004000
v 0.043861 0.010633 0.003222
v 0.044250 0.009959 0.002900
v 0.044639 0.009286 0.003222
v 0.044800 0.009007 0.004000
v 0.044639 0.009286 0.004778
v 0.044250 0.009959 0.005100
v 0.043861 0.010633 0.004778
v 0.043700 0.010912 0.004000
v 0.042330 0.009996 0.004000
v 0.042526 0.009741 0.003222
v 0.042999 0.009124 0.002900
v 0.043473 0.008506 0.003222
v 0.043669 0.008251 0.004000
v 0.043473 0.008506 0.004778
v 0.042999 0.009124 0.005100
v 0.042526 0.009741 0.004778
v 0.042330 0.009996 0.004000
v 0.041090 0.008910 0.004000
v 0.041318 0.008682 0.003222
v 0.041868 0.008132 0.002900
v 0.042418 0.007582 0.003222
v 0.042646 0.007354 0.004000
v 0.042418 0.007582 0.004778
v 0.041868 0.008132 0.005100
v 0.041318 0.008682 0.004778
v 0.041090 0.008910 0.004000
v 0.040004 0.007670 0.004000
v 0.040259 0.007474 0.003222
v 0.040876 0.007001 0.002900
v 0.041494 0.006527 0.003222
v 0.041749 0.006331 0.004000
v 0.041494 0.006527 0.004778
v 0.040876 0.007001 0.005100
v 0.040259 0.007474 0.004778
v 0.040004 0.007670 0.004000
v 0.039088 0.006300 0.004000
v 0.039367 0.006139 0.003222
v 0.040041 0.005750 0.002900
v 0.040714 0.005361 0.003222
v 0.040993 0.005200 0.004000
v 0.040714 0.005361 0.004778
v 0.040041 0.005750 0.005100
v 0.039367 0.006139 0.004778
v 0.039088 0.006300 0.004000
v 0.038359 0.004822 0.004000
v 0.038657 0.004699 0.003222
v 0.039375 0.004401 0.002900
v 0.040094 0.004103 0.003222
v 0.040392 0.003980 0.004000
v 0.040094 0.004103 0.004778
v 0.039375 0.004401 0.005100
v 0.038657 0.004699 0.004778
v 0.038359 0.004822 0.004000
v 0.037829 0.003261 0.004000
v 0.038141 0.003178 0.003222
v 0.038892 0.002976 0.002900
v 0.039643 0.002775 0.003222
v 0.039954 0.002692 0.004000
v 0.039643 0.002775 0.004778
v 0.038892 0.002976 0.005100
v 0.038141 0.003178 0.004778
v 0.037829 0.003261 0.004000
v 0.037508 0.001645 0.004000
v 0.037827 0.001603 0.003222
v 0.038598 0.001501 0.002900
v 0.039370 0.001400 0.003222
v 0.039689 0.001357 0.004000
v 0.039370 0.001400 0.004778
v 0.038598 0.001501 0.005100
v 0.037827 0.001603 0.004778
v 0.037508 0.001645 0.004000
v 0.037400 0.000000 0.004000
v 0.037722 0.000000 0.003222
v 0.038500 0.000000 0.002900
v 0.039278 0.000000 0.003222
v 0.039600 0.000000 0.004000
v 0.039278 0.000000 0.004778
v 0.038500 0.000000 0.005100
v 0.037722 0.000000 0.004778
v 0.037400 0.000000 0.004000
v 0.037508 -0.001645 0.004000
v 0.037827 -0.001603 0.003222
v 0.038598 -0.001501 0.002900
v 0.039370 -0.001400 0.003222
v 0.039689 -0.001357 0.004000
v 0.039370 -0.001400 0.004778
v 0.038598 -0.001501 0.005100
v 0.037827 -0.001603 0.004778
v 0.037508 -0.001645 0.004000
v 0.037829 -0.003261 0.004000
v 0.038141 -0.003178 0.003222
v 0.038892 -0.002976 0.002900
v 0.039643 -0.002775 0.003222
v 0.039954 -0.002692 0.004000
v 0.039643 -0.002775 0.004778
v 0.038892 -0.002976 0.005100
v 0.038141 -0.003178 0.004778
v 0.037829 -0.003261 0.004000
v 0.038359 -0.004822 0.004000
v 0.038657 -0.004699 0.003222
v 0.039375 -0.004401 0.002900
v 0.040094 -0.004103 0.003222
v 0.040392 -0.003980 0.004000
v 0.040094 -0.004103 0.004778
v 0.039375 -0.004401 0.005100
v 0.038657 -0.004699 0.004778
v 0.038359 -0.004822 0.004000
v 0.039088 -0.006300 0.004000
v 0.039367 -0.006139 0.003222
v 0.040041 -0.005750 0.002900
v 0.040714 -0.005361 0.003222
v 0.040993 -0.005200 0.004000
v 0.040714 -0.005361 0.004778
v 0.040041 -0.005750 0.005100
v 0.039367 -0.006139 0.004778
v 0.039088 -0.006300 0.004000
v 0.040004 -0.007670 0.004000
v 0.040259 -0.007474 0.003222
v 0.040876 -0.007001 0.002900
v 0.041494 -0.006527 0.003222
v 0.041749 -0.006331 0.004000
v 0.041494 -0.006527 0.004778
v 0.040876 -0.007001 0.005100
v 0.040259 -0.007474 0.004778
v 0.040004 -0.007670 0.004000
v 0.041090 -0.008910 0.004000
v 0.041318 -0.008682 0.003222
v 0.041868 -0.008132 0.002900
v 0.042418 -0.007582 0.003222
v 0.042646 -0.007354 0.004000
v 0.042418 -0.007582 0.004778
v 0.041868 -0.008132 0.005100
v 0.041318 -0.008682 0.004778
v 0.041090 -0.008910 0.004000
v 0.042330 -0.009996 0.004000
v 0.042526 -0.009741 0.003222
v 0.042999 -0.009124 0.002900
v 0.043473 -0.008506 0.003222
v 0.043669 -0.008251 0.004000
v 0.043473 -0.008506 0.004778
v 0.042999 -0.009124 0.005100
v 0.042526 -0.009741 0.004778
v 0.042330 -0.009996 0.004000
v 0.043700 -0.010912 0.004000
v 0.043861 -0.010633 0.003222
v 0.044250 -0.009959 0.002900
v 0.044639 -0.009286 0.003222
v 0.044800 -0.009007 0.004000
v 0.044639 -0.009286 0.004778
v 0.044250 -0.009959 0.005100
v 0.043861 -0.010633 0.004778
v 0.043700 -0.010912 0.004000
v 0.045178 -0.011641 0.004000
v 0.045301 -0.011343 0.003222
v 0.045599 -0.010625 0.002900
v 0.045897 -0.009906 0.003222
v 0.046020 -0.009608 0.004000
v 0.045897 -0.009906 0.004778
v 0.045599 -0.010625 0.005100
v 0.045301 -0.011343 0.004778
v 0.045178 -0.011641 0.004000
v 0.046739 -0.012171 0.004000
v 0.046822 -0.011859 0.003222
v 0.047024 -0.011108 0.002900
v 0.047225 -0.010357 0.003222
v 0.047308 -0.010046 0.004000
v 0.047225 -0.010357 0.004778
v 0.047024 -0.011108 0.005100
v 0.046822 -0.011859 0.004778
v 0.046739 -0.012171 0.004000
v 0.048355 -0.012492 0.004000
v 0.048397 -0.012173 0.003222
v 0.048499 -0.011402 0.002900
v 0.048600 -0.010630 0.003222
v 0.048643 -0.010311 0.004000
v 0.048600 -0.010630 0.004778
v 0.048499 -0.011402 0.005100
v 0.048397 -0.012173 0.004778
v 0.048355 -0.012492 0.004000
v 0.050000 -0.012600 0.004000
v 0.050000 -0.012278 0.003222
v 0.050000 -0.011500 0.002900
v 0.050000 -0.010722 0.003222
v 0.050000 -0.010400 0.004000
v 0.050000 -0.010722 0.004778
v 0.050000 -0.011500 0.005100
v 0.050000 -0.012278 0.004778
v 0.050000 -0.012600 0.004000
v 0.051645 -0.012492 0.004000
v 0.051603 -0.012173 0.003222
v 0.051501 -0.011402 0.002900
v 0.051400 -0.010630 0.003222
v 0.051357 -0.010311 0.004000
v 0.051400 -0.010630 0.004778
v 0.051501 -0.011402 0.005100
v 0.051603 -0.012173 0.004778
v 0.051645 -0.012492 0.004000
v 0.053261 -0.012171 0.004000
v 0.053178 -0.011859 0.003222
v 0.052976 -0.011108 0.002900
v 0.052775 -0.010357 0.003222
v 0.052692 -0.010046 0.004000
v 0.052775 -0.010357 0.004778
v 0.052976 -0.011108 0.005100
v 0.053178 -0.011859 0.004778
v 0.053261 -0.012171 0.004000
v 0.054822 -0.011641 0.004000
v 0.054699 -0.011343 0.003222
v 0.054401 -0.010625 0.002900
v 0.054103 -0.009906 0.003222
v 0.053980 -0.009608 0.004000
v 0.054103 -0.009906 0.004778
v 0.054401 -0.010625 0.005100
v 0.054699 -0.011343 0.004778
v 0.054822 -0.011641 0.004000
v 0.056300 -0.010912 0.004000
v 0.056139 -0.010633 0.003222
v 0.055750 -0.009959 0.002900
v 0.055361 -0.009286 0.003222
v 0.055200 -0.009007 0.004000
v 0.055361 -0.009286 0.004778
v 0.055750 -0.009959 0.005100
v 0.056139 -0.010633 0.004778
v 0.056300 -0.010912 0.004000
v 0.057670 -0.009996 0.004000
v 0.057474 -0.009741 0.003222
v 0.057001 -0.009124 0.002900
v 0.056527 -0.008506 0.003222
v 0.056331 -0.008251 0.004000
v 0.056527 -0.008506 0.004778
v 0.057001 -0.009124 0.005100
v 0.057474 -0.009741 0.004778
v 0.057670 -0.009996 0.004000
v 0.058910 -0.008910 0.004000
v 0.058682 -0.008682 0.003222
v 0.058132 -0.008132 0.002900
v 0.057582 -0.007582 0.003222
v 0.057354 -0.007354 0.004000
v 0.057582 -0.007582 0.004778
v 0.058132 -0.008132 0.005100
v 0.058682 -0.008682 0.004778
v 0.058910 -0.008910 0.004000
v 0.059996 -0.007670 0.004000
v 0.059741 -0.007474 0.003222
v 0.059124 -0.007001 0.002900
v 0.058506 -0.006527 0.003222
v 0.058251 -0.006331 0.004000
v 0.058506 -0.006527 0.004778
v 0.059124 -0.007001 0.005100
v 0.059741 -0.007474 0.004778
v 0.059996 -0.007670 0.004000
v 0.060912 -0.006300 0.004000
v 0.060633 -0.006139 0.003222
v 0.059959 -0.005750 0.002900
v 0.059286 -0.005361 0.003222
v 0.059007 -0.005200 0.004000
v 0.059286 -0.005361 0.004778
v 0.059959 -0.005750 0.005100
v 0.060633 -0.006139 0.004778
v 0.060912 -0.006300 0.004000
v 0.061641 -0.004822 0.004000
v 0.061343 -0.004699 0.003222
v 0.060625 -0.004401 0.002900
v 0.059906 -0.004103 0.003222
v 0.059608 -0.003980 0.004000
v 0.059906 -0.004103 0.004778
v 0.060625 -0.004401 0.005100
v 0.061343 -0.004699 0.004778
v 0.061641 -0.004822 0.004000
v 0.062171 -0.003261 0.004000
v 0.061859 -0.003178 0.003222
v 0.061108 -0.002976 0.002900
v 0.060357 -0.002775 0.003222
v 0.060046 -0.002692 0.004000
v 0.060357 -0.002775 0.004778
v 0.061108 -0.002976 0.005100
v 0.061859 -0.003178 0.004778
v 0.062171 -0.003261 0.004000
v 0.062492 -0.001645 0.004000
v 0.062173 -0.001603 0.003222
v 0.061402 -0.001501 0.002900
v 0.060630 -0.001400 0.003222
v 0.060311 -0.001357 0.004000
v 0.060630 -0.001400 0.004778
v 0.061402 -0.001501 0.005100
v 0.062173 -0.001603 0.004778
v 0.062492 -0.001645 0.004000
v 0.062598 -0.000072 0.004000
v 0.062276 -0.000051 0.003222
v 0.061500 -0.000000 0.002900
v 0.060724 0.000051 0.003222
v 0.060402 0.000072 0.004000
v 0.060724 0.000051 0.004778
v 0.061500 -0.000000 0.005100
v 0.062276 -0.000051 0.004778
v 0.062598 -0.000072 0.004000
v 0.011085 -0.006994 0.009197
v 0.011121 -0.007842 0.008846
v 0.011085 -0.008197 0.008000
v 0.011000 -0.007851 0.007154
v 0.010915 -0.007006 0.006803
v 0.010879 -0.006158 0.007154
v 0.010915 -0.005803 0.008000
v 0.011000 -0.006149 0.008846
v 0.011085 -0.006994 0.009197
v 0.025150 -0.005987 0.008191
v 0.025198 -0.006834 0.007840
v 0.025130 -0.007193 0.006997
v 0.024986 -0.006853 0.006156
v 0.024850 -0.006013 0.005809
v 0.024802 -0.005166 0.006160
v 0.024870 -0.004807 0.007003
v 0.025014 -0.005147 0.007844
v 0.025150 -0.005987 0.008191
v 0.038715 -0.003977 0.005680
v 0.038775 -0.004823 0.005328
v 0.038674 -0.005187 0.004491
v 0.038471 -0.004856 0.003659
v 0.038285 -0.004023 0.003320
v 0.038225 -0.003177 0.003672
v 0.038326 -0.002813 0.004509
v 0.038529 -0.003144 0.005341
v 0.038715 -0.003977 0.005680
v 0.011000 -0.007000 0.008000
v 0.011085 -0.006994 0.009197
v 0.011121 -0.007842 0.008846
v 0.011085 -0.008197 0.008000
v 0.011000 -0.007851 0.007154
v 0.010915 -0.007006 0.006803
v 0.010879 -0.006158 0.007154
v 0.010915 -0.005803 0.008000
v 0.011000 -0.006149 0.008846
v 0.011085 -0.006994 0.009197
v 0.038500 -0.004000 0.004500
v 0.038715 -0.003977 0.005680
v 0.038775 -0.004823 0.005328
v 0.038674 -0.005187 0.004491
v 0.038471 -0.004856 0.003659
v 0.038285 -0.004023 0.003320
v 0.038225 -0.003177 0.003672
v 0.038326 -0.002813 0.004509
v 0.038529 -0.003144 0.005341
v 0.038715 -0.003977 0.005680
v -0.021500 -0.003500 0.008700
v -0.024000 -0.005800 0.008700
v -0.027000 -0.003500 0.008700
v -0.030000 -0.005800 0.008700
v -0.032500 -0.003500 0.008700
v -0.033800 -0.008000 0.008700
v -0.032500 -0.010500 0.008700
v -0.021500 -0.010500 0.008700
v -0.021500 -0.003500 0.006300
v -0.024000 -0.005800 0.006300
v -0.027000 -0.003500 0.006300
v -0.030000 -0.005800 0.006300
v -0.032500 -0.003500 0.006300
v -0.033800 -0.008000 0.006300
v -0.032500 -0.010500 0.006300
v -0.021500 -0.010500 0.006300
v -0.021500 -0.003500 0.006300
v -0.024000 -0.005800 0.006300
v -0.024000 -0.005800 0.008700
v -0.021500 -0.003500 0.008700
v -0.024000 -0.005800 0.006300
v -0.027000 -0.003500 0.006300
v -0.027000 -0.003500 0.008700
v -0.024000 -0.005800 0.008700
v -0.027000 -0.003500 0.006300
v -0.030000 -0.005800 0.006300
v -0.030000 -0.005800 0.008700
v -0.027000 -0.003500 0.008700
v -0.030000 -0.005800 0.006300
v -0.032500 -0.003500 0.006300
v -0.032500 -0.003500 0.008700
v -0.030000 -0.005800 0.008700
v -0.032500 -0.003500 0.006300
v -0.033800 -0.008000 0.006300
v -0.033800 -0.008000 0.008700
v -0.032500 -0.003500 0.008700
v -0.033800 -0.008000 0.006300
v -0.032500 -0.010500 0.006300
v -0.032500 -0.010500 0.008700
v -0.033800 -0.008000 0.008700
v -0.032500 -0.010500 0.006300
v -0.021500 -0.010500 0.006300
v -0.021500 -0.010500 0.008700
v -0.032500 -0.010500 0.008700
v -0.021500 -0.010500 0.006300
v -0.021500 -0.003500 0.006300
v -0.021500 -0.003500 0.008700
v -0.021500 -0.010500 0.008700
vt 0.17862 0.90392
vt 0.16851 0.93167
vt 0.15686 0.95532
vt 0.14392 0.97435
vt 0.12999 0.98833
vt 0.11537 0.99695
vt 0.10041 1.00000
vt 0.08543 0.99742
vt 0.07077 0.98927
vt 0.05677 0.97574
vt 0.04374 0.95712
vt 0.03196 0.93383
vt 0.02172 0.90641
vt 0.01323 0.87546
vt 0.00669 0.84169
vt 0.00225 0.80585
vt 0.00000 0.76876
vt 0.00000 0.73124
vt 0.00225 0.69415
vt 0.00669 0.65831
vt 0.01323 0.62454
vt 0.02172 0.59359
vt 0.03196 0.56617
vt 0.04374 0.54288
vt 0.05677 0.52426
vt 0.07077 0.51073
vt 0.08543 0.50258
vt 0.10041 0.50000
vt 0.11537 0.50305
vt 0.12999 0.51167
vt 0.14392 0.52565
vt 0.15686 0.54468
vt 0.16851 0.56833
vt 0.17862 0.59608
vt 0.22484 0.63000
vt 0.23785 0.66000
vt 0.45998 0.66000
vt 0.50000 0.73000
vt 0.48199 0.81000
vt 0.44997 0.78500
vt 0.42746 0.84000
vt 0.40495 0.78500
vt 0.38243 0.84000
vt 0.35992 0.78500
vt 0.33741 0.84000
vt 0.31490 0.78500
vt 0.29238 0.84000
vt 0.26987 0.78500
vt 0.23785 0.84000
vt 0.22484 0.87000
vt 0.17862 0.90392
vt 0.16851 0.93167
vt 0.15686 0.95532
vt 0.14392 0.97435
vt 0.12999 0.98833
vt 0.11537 0.99695
vt 0.10041 1.00000
vt 0.08543 0.99742
vt 0.07077 0.98927
vt 0.05677 0.97574
vt 0.04374 0.95712
vt 0.03196 0.93383
vt 0.02172 0.90641
vt 0.01323 0.87546
vt 0.00669 0.84169
vt 0.00225 0.80585
vt 0.00000 0.76876
vt 0.00000 0.73124
vt 0.00225 0.69415
vt 0.00669 0.65831
vt 0.01323 0.62454
vt 0.02172 0.59359
vt 0.03196 0.56617
vt 0.04374 0.54288
vt 0.05677 0.52426
vt 0.07077 0.51073
vt 0.08543 0.50258
vt 0.10041 0.50000
vt 0.11537 0.50305
vt 0.12999 0.51167
vt 0.14392 0.52565
vt 0.15686 0.54468
vt 0.16851 0.56833
vt 0.17862 0.59608
vt 0.22484 0.63000
vt 0.23785 0.66000
vt 0.45998 0.66000
vt 0.50000 0.73000
vt 0.48199 0.81000
vt 0.44997 0.78500
vt 0.42746 0.84000
vt 0.40495 0.78500
vt 0.38243 0.84000
vt 0.35992 0.78500
vt 0.33741 0.84000
vt 0.31490 0.78500
vt 0.29238 0.84000
vt 0.26987 0.78500
vt 0.23785 0.84000
vt 0.22484 0.87000
vt 0.50000 0.00000
vt 0.99500 0.00000
vt 0.99500 0.50000
vt 0.50000 0.50000
vt 0.50000 0.00000
vt 0.99500 0.00000
vt 0.99500 0.50000
vt 0.50000 0.50000
vt 0.50000 0.00000
vt 0.99500 0.00000
vt 0.99500 0.50000
vt 0.50000 0.50000
vt 0.50000 0.00000
vt 0.99500 0.00000
vt 0.99500 0.50000
vt 0.50000 0.50000
vt 0.50000 0.00000
vt 0.99500 0.00000
vt 0.99500 0.50000
vt 0.50000 0.50000
vt 0.50000 0.00000
vt 0.99500 0.00000
vt 0.99500 0.50000
vt 0.50000 0.50000
vt 0.50000 0.00000
vt 0.99500 0.00000
vt 0.99500 0.50000
vt 0.50000 0.50000
vt 0.50000 0.00000
vt 0.99500 0.00000
vt 0.99500 0.50000
vt 0.50000 0.50000
vt 0.50000 0.00000
vt 0.99500 0.00000
vt 0.99500 0.50000
vt 0.50000 0.50000
vt 0.50000 0.00000
vt 0.99500 0.00000
vt 0.99500 0.50000
vt 0.50000 0.50000
vt 0.50000 0.00000
vt 0.99500 0.00000
vt 0.99500 0.50000
vt 0.50000 0.50000
vt 0.50000 0.00000
vt 0.99500 0.00000
vt 0.99500 0.50000
vt 0.50000 0.50000
vt 0.50000 0.00000
vt 0.99500 0.00000
vt 0.99500 0.50000
vt 0.50000 0.50000
vt 0.50000 0.00000
vt 0.99500 0.00000
vt 0.99500 0.50000
vt 0.50000 0.50000
vt 0.50000 0.00000
vt 0.99500 0.00000
vt 0.99500 0.50000
vt 0.50000 0.50000
vt 0.50000 0.00000
vt 0.99500 0.00000
vt 0.99500 0.50000
vt 0.50000 0.50000
vt 0.50000 0.00000
vt 0.99500 0.00000
vt 0.99500 0.50000
vt 0.50000 0.50000
vt 0.50000 0.00000
vt 0.99500 0.00000
vt 0.99500 0.50000
vt 0.50000 0.50000
vt 0.50000 0.00000
vt 0.99500 0.00000
vt 0.99500 0.50000
vt 0.50000 0.50000
vt 0.50000 0.00000
vt 0.99500 0.00000
vt 0.99500 0.50000
vt 0.50000 0.50000
vt 0.50000 0.00000
vt 0.99500 0.00000
vt 0.99500 0.50000
vt 0.50000 0.50000
vt 0.50000 0.00000
vt 0.99500 0.00000
vt 0.99500 0.50000
vt 0.50000 0.50000
vt 0.50000 0.00000
vt 0.99500 0.00000
vt 0.99500 0.50000
vt 0.50000 0.50000
vt 0.50000 0.00000
vt 0.99500 0.00000
vt 0.99500 0.50000
vt 0.50000 0.50000
vt 0.50000 0.00000
vt 0.99500 0.00000
vt 0.99500 0.50000
vt 0.50000 0.50000
vt 0.50000 0.00000
vt 0.99500 0.00000
vt 0.99500 0.50000
vt 0.50000 0.50000
vt 0.50000 0.00000
vt 0.99500 0.00000
vt 0.99500 0.50000
vt 0.50000 0.50000
vt 0.50000 0.00000
vt 0.99500 0.00000
vt 0.99500 0.50000
vt 0.50000 0.50000
vt 0.50000 0.00000
vt 0.99500 0.00000
vt 0.99500 0.50000
vt 0.50000 0.50000
vt 0.50000 0.00000
vt 0.99500 0.00000
vt 0.99500 0.50000
vt 0.50000 0.50000
vt 0.50000 0.00000
vt 0.99500 0.00000
vt 0.99500 0.50000
vt 0.50000 0.50000
vt 0.50000 0.00000
vt 0.99500 0.00000
vt 0.99500 0.50000
vt 0.50000 0.50000
vt 0.50000 0.00000
vt 0.99500 0.00000
vt 0.99500 0.50000
vt 0.50000 0.50000
vt 0.50000 0.00000
vt 0.99500 0.00000
vt 0.99500 0.50000
vt 0.50000 0.50000
vt 0.50000 0.00000
vt 0.99500 0.00000
vt 0.99500 0.50000
vt 0.50000 0.50000
vt 0.50000 0.00000
vt 0.99500 0.00000
vt 0.99500 0.50000
vt 0.50000 0.50000
vt 0.50000 0.00000
vt 0.99500 0.00000
vt 0.99500 0.50000
vt 0.50000 0.50000
vt 0.50000 0.00000
vt 0.99500 0.00000
vt 0.99500 0.50000
vt 0.50000 0.50000
vt 0.50000 0.00000
vt 0.99500 0.00000
vt 0.99500 0.50000
vt 0.50000 0.50000
vt 0.50000 0.00000
vt 0.99500 0.00000
vt 0.99500 0.50000
vt 0.50000 0.50000
vt 0.50000 0.00000
vt 0.99500 0.00000
vt 0.99500 0.50000
vt 0.50000 0.50000
vt 0.50000 0.00000
vt 0.99500 0.00000
vt 0.99500 0.50000
vt 0.50000 0.50000
vt 0.50000 0.00000
vt 0.99500 0.00000
vt 0.99500 0.50000
vt 0.50000 0.50000
vt 0.50000 0.00000
vt 0.99500 0.00000
vt 0.99500 0.50000
vt 0.50000 0.50000
vt 0.50000 0.00000
vt 0.99500 0.00000
vt 0.99500 0.50000
vt 0.50000 0.50000
vt 0.50000 0.00000
vt 0.99500 0.00000
vt 0.99500 0.50000
vt 0.50000 0.50000
vt 0.50000 0.00000
vt 0.99500 0.00000
vt 0.99500 0.50000
vt 0.50000 0.50000
vt 0.50000 0.00000
vt 0.99500 0.00000
vt 0.99500 0.50000
vt 0.50000 0.50000
vt 0.50000 0.00000
vt 0.99500 0.00000
vt 0.99500 0.50000
vt 0.50000 0.50000
vt 0.50000 0.00000
vt 0.99500 0.00000
vt 0.99500 0.50000
vt 0.50000 0.50000
vt 0.65149 0.90392
vt 0.64292 0.93167
vt 0.63304 0.95532
vt 0.62207 0.97435
vt 0.61025 0.98833
vt 0.59785 0.99695
vt 0.58516 1.00000
vt 0.57246 0.99742
vt 0.56003 0.98927
vt 0.54815 0.97574
vt 0.53709 0.95712
vt 0.52711 0.93383
vt 0.51842 0.90641
vt 0.51122 0.87546
vt 0.50567 0.84169
vt 0.50191 0.80585
vt 0.50000 0.76876
vt 0.50000 0.73124
vt 0.50191 0.69415
vt 0.50567 0.65831
vt 0.51122 0.62454
vt 0.51842 0.59359
vt 0.52711 0.56617
vt 0.53709 0.54288
vt 0.54815 0.52426
vt 0.56003 0.51073
vt 0.57246 0.50258
vt 0.58516 0.50000
vt 0.59785 0.50305
vt 0.61025 0.51167
vt 0.62207 0.52565
vt 0.63304 0.54468
vt 0.64292 0.56833
vt 0.65149 0.59608
vt 0.69628 0.62368
vt 0.70790 0.65526
vt 0.96427 0.65526
vt 1.00000 0.72895
vt 0.98392 0.81316
vt 0.95534 0.78684
vt 0.92798 0.84474
vt 0.90062 0.78684
vt 0.87327 0.84474
vt 0.84591 0.78684
vt 0.81855 0.84474
vt 0.79119 0.78684
vt 0.76384 0.84474
vt 0.73648 0.78684
vt 0.70790 0.84474
vt 0.69628 0.87632
vt 0.65149 0.90392
vt 0.64292 0.93167
vt 0.63304 0.95532
vt 0.62207 0.97435
vt 0.61025 0.98833
vt 0.59785 0.99695
vt 0.58516 1.00000
vt 0.57246 0.99742
vt 0.56003 0.98927
vt 0.54815 0.97574
vt 0.53709 0.95712
vt 0.52711 0.93383
vt 0.51842 0.90641
vt 0.51122 0.87546
vt 0.50567 0.84169
vt 0.50191 0.80585
vt 0.50000 0.76876
vt 0.50000 0.73124
vt 0.50191 0.69415
vt 0.50567 0.65831
vt 0.51122 0.62454
vt 0.51842 0.59359
vt 0.52711 0.56617
vt 0.53709 0.54288
vt 0.54815 0.52426
vt 0.56003 0.51073
vt 0.57246 0.50258
vt 0.58516 0.50000
vt 0.59785 0.50305
vt 0.61025 0.51167
vt 0.62207 0.52565
vt 0.63304 0.54468
vt 0.64292 0.56833
vt 0.65149 0.59608
vt 0.69628 0.62368
vt 0.70790 0.65526
vt 0.96427 0.65526
vt 1.00000 0.72895
vt 0.98392 0.81316
vt 0.95534 0.78684
vt 0.92798 0.84474
vt 0.90062 0.78684
vt 0.87327 0.84474
vt 0.84591 0.78684
vt 0.81855 0.84474
vt 0.79119 0.78684
vt 0.76384 0.84474
vt 0.73648 0.78684
vt 0.70790 0.84474
vt 0.69628 0.87632
vt 0.50000 0.00000
vt 0.99500 0.00000
vt 0.99500 0.50000
vt 0.50000 0.50000
vt 0.50000 0.00000
vt 0.99500 0.00000
vt 0.99500 0.50000
vt 0.50000 0.50000
vt 0.50000 0.00000
vt 0.99500 0.00000
vt 0.99500 0.50000
vt 0.50000 0.50000
vt 0.50000 0.00000
vt 0.99500 0.00000
vt 0.99500 0.50000
vt 0.50000 0.50000
vt 0.50000 0.00000
vt 0.99500 0.00000
vt 0.99500 0.50000
vt 0.50000 0.50000
vt 0.50000 0.00000
vt 0.99500 0.00000
vt 0.99500 0.50000
vt 0.50000 0.50000
vt 0.50000 0.00000
vt 0.99500 0.00000
vt 0.99500 0.50000
vt 0.50000 0.50000
vt 0.50000 0.00000
vt 0.99500 0.00000
vt 0.99500 0.50000
vt 0.50000 0.50000
vt 0.50000 0.00000
vt 0.99500 0.00000
vt 0.99500 0.50000
vt 0.50000 0.50000
vt 0.50000 0.00000
vt 0.99500 0.00000
vt 0.99500 0.50000
vt 0.50000 0.50000
vt 0.50000 0.00000
vt 0.99500 0.00000
vt 0.99500 0.50000
vt 0.50000 0.50000
vt 0.50000 0.00000
vt 0.99500 0.00000
vt 0.99500 0.50000
vt 0.50000 0.50000
vt 0.50000 0.00000
vt 0.99500 0.00000
vt 0.99500 0.50000
vt 0.50000 0.50000
vt 0.50000 0.00000
vt 0.99500 0.00000
vt 0.99500 0.50000
vt 0.50000 0.50000
vt 0.50000 0.00000
vt 0.99500 0.00000
vt 0.99500 0.50000
vt 0.50000 0.50000
vt 0.50000 0.00000
vt 0.99500 0.00000
vt 0.99500 0.50000
vt 0.50000 0.50000
vt 0.50000 0.00000
vt 0.99500 0.00000
vt 0.99500 0.50000
vt 0.50000 0.50000
vt 0.50000 0.00000
vt 0.99500 0.00000
vt 0.99500 0.50000
vt 0.50000 0.50000
vt 0.50000 0.00000
vt 0.99500 0.00000
vt 0.99500 0.50000
vt 0.50000 0.50000
vt 0.50000 0.00000
vt 0.99500 0.00000
vt 0.99500 0.50000
vt 0.50000 0.50000
vt 0.50000 0.00000
vt 0.99500 0.00000
vt 0.99500 0.50000
vt 0.50000 0.50000
vt 0.50000 0.00000
vt 0.99500 0.00000
vt 0.99500 0.50000
vt 0.50000 0.50000
vt 0.50000 0.00000
vt 0.99500 0.00000
vt 0.99500 0.50000
vt 0.50000 0.50000
vt 0.50000 0.00000
vt 0.99500 0.00000
vt 0.99500 0.50000
vt 0.50000 0.50000
vt 0.50000 0.00000
vt 0.99500 0.00000
vt 0.99500 0.50000
vt 0.50000 0.50000
vt 0.50000 0.00000
vt 0.99500 0.00000
vt 0.99500 0.50000
vt 0.50000 0.50000
vt 0.50000 0.00000
vt 0.99500 0.00000
vt 0.99500 0.50000
vt 0.50000 0.50000
vt 0.50000 0.00000
vt 0.99500 0.00000
vt 0.99500 0.50000
vt 0.50000 0.50000
vt 0.50000 0.00000
vt 0.99500 0.00000
vt 0.99500 0.50000
vt 0.50000 0.50000
vt 0.50000 0.00000
vt 0.99500 0.00000
vt 0.99500 0.50000
vt 0.50000 0.50000
vt 0.50000 0.00000
vt 0.99500 0.00000
vt 0.99500 0.50000
vt 0.50000 0.50000
vt 0.50000 0.00000
vt 0.99500 0.00000
vt 0.99500 0.50000
vt 0.50000 0.50000
vt 0.50000 0.00000
vt 0.99500 0.00000
vt 0.99500 0.50000
vt 0.50000 0.50000
vt 0.50000 0.00000
vt 0.99500 0.00000
vt 0.99500 0.50000
vt 0.50000 0.50000
vt 0.50000 0.00000
vt 0.99500 0.00000
vt 0.99500 0.50000
vt 0.50000 0.50000
vt 0.50000 0.00000
vt 0.99500 0.00000
vt 0.99500 0.50000
vt 0.50000 0.50000
vt 0.50000 0.00000
vt 0.99500 0.00000
vt 0.99500 0.50000
vt 0.50000 0.50000
vt 0.50000 0.00000
vt 0.99500 0.00000
vt 0.99500 0.50000
vt 0.50000 0.50000
vt 0.50000 0.00000
vt 0.99500 0.00000
vt 0.99500 0.50000
vt 0.50000 0.50000
vt 0.50000 0.00000
vt 0.99500 0.00000
vt 0.99500 0.50000
vt 0.50000 0.50000
vt 0.50000 0.00000
vt 0.99500 0.00000
vt 0.99500 0.50000
vt 0.50000 0.50000
vt 0.50000 0.00000
vt 0.99500 0.00000
vt 0.99500 0.50000
vt 0.50000 0.50000
vt 0.50000 0.00000
vt 0.99500 0.00000
vt 0.99500 0.50000
vt 0.50000 0.50000
vt 0.50000 0.00000
vt 0.99500 0.00000
vt 0.99500 0.50000
vt 0.50000 0.50000
vt 0.50000 0.00000
vt 0.99500 0.00000
vt 0.99500 0.50000
vt 0.50000 0.50000
vt 0.50000 0.00000
vt 0.99500 0.00000
vt 0.99500 0.50000
vt 0.50000 0.50000
vt 0.50000 0.00000
vt 0.99500 0.00000
vt 0.99500 0.50000
vt 0.50000 0.50000
vt 0.50000 0.00000
vt 0.99500 0.00000
vt 0.99500 0.50000
vt 0.50000 0.50000
vt 0.50000 0.00000
vt 0.99500 0.00000
vt 0.99500 0.50000
vt 0.50000 0.50000
vt 0.50000 0.00000
vt 0.99500 0.00000
vt 0.99500 0.50000
vt 0.50000 0.50000
vt 0.00000 0.50000
vt 0.06250 0.50000
vt 0.12500 0.50000
vt 0.18750 0.50000
vt 0.25000 0.50000
vt 0.31250 0.50000
vt 0.37500 0.50000
vt 0.43750 0.50000
vt 0.50000 0.50000
vt 0.00000 0.48958
vt 0.06250 0.48958
vt 0.12500 0.48958
vt 0.18750 0.48958
vt 0.25000 0.48958
vt 0.31250 0.48958
vt 0.37500 0.48958
vt 0.43750 0.48958
vt 0.50000 0.48958
vt 0.00000 0.47917
vt 0.06250 0.47917
vt 0.12500 0.47917
vt 0.18750 0.47917
vt 0.25000 0.47917
vt 0.31250 0.47917
vt 0.37500 0.47917
vt 0.43750 0.47917
vt 0.50000 0.47917
vt 0.00000 0.46875
vt 0.06250 0.46875
vt 0.12500 0.46875
vt 0.18750 0.46875
vt 0.25000 0.46875
vt 0.31250 0.46875
vt 0.37500 0.46875
vt 0.43750 0.46875
vt 0.50000 0.46875
vt 0.00000 0.45833
vt 0.06250 0.45833
vt 0.12500 0.45833
vt 0.18750 0.45833
vt 0.25000 0.45833
vt 0.31250 0.45833
vt 0.37500 0.45833
vt 0.43750 0.45833
vt 0.50000 0.45833
vt 0.00000 0.44792
vt 0.06250 0.44792
vt 0.12500 0.44792
vt 0.18750 0.44792
vt 0.25000 0.44792
vt 0.31250 0.44792
vt 0.37500 0.44792
vt 0.43750 0.44792
vt 0.50000 0.44792
vt 0.00000 0.43750
vt 0.06250 0.43750
vt 0.12500 0.43750
vt 0.18750 0.43750
vt 0.25000 0.43750
vt 0.31250 0.43750
vt 0.37500 0.43750
vt 0.43750 0.43750
vt 0.50000 0.43750
vt 0.00000 0.42708
vt 0.06250 0.42708
vt 0.12500 0.42708
vt 0.18750 0.42708
vt 0.25000 0.42708
vt 0.31250 0.42708
vt 0.37500 0.42708
vt 0.43750 0.42708
vt 0.50000 0.42708
vt 0.00000 0.41667
vt 0.06250 0.41667
vt 0.12500 0.41667
vt 0.18750 0.41667
vt 0.25000 0.41667
vt 0.31250 0.41667
vt 0.37500 0.41667
vt 0.43750 0.41667
vt 0.50000 0.41667
vt 0.00000 0.40625
vt 0.06250 0.40625
vt 0.12500 0.40625
vt 0.18750 0.40625
vt 0.25000 0.40625
vt 0.31250 0.40625
vt 0.37500 0.40625
vt 0.43750 0.40625
vt 0.50000 0.40625
vt 0.00000 0.39583
vt 0.06250 0.39583
vt 0.12500 0.39583
vt 0.18750 0.39583
vt 0.25000 0.39583
vt 0.31250 0.39583
vt 0.37500 0.39583
vt 0.43750 0.39583
vt 0.50000 0.39583
vt 0.00000 0.38542
vt 0.06250 0.38542
vt 0.12500 0.38542
vt 0.18750 0.38542
vt 0.25000 0.38542
vt 0.31250 0.38542
vt 0.37500 0.38542
vt 0.43750 0.38542
vt 0.50000 0.38542
vt 0.00000 0.37500
vt 0.06250 0.37500
vt 0.12500 0.37500
vt 0.18750 0.37500
vt 0.25000 0.37500
vt 0.31250 0.37500
vt 0.37500 0.37500
vt 0.43750 0.37500
vt 0.50000 0.37500
vt 0.00000 0.36458
vt 0.06250 0.36458
vt 0.12500 0.36458
vt 0.18750 0.36458
vt 0.25000 0.36458
vt 0.31250 0.36458
vt 0.37500 0.36458
vt 0.43750 0.36458
vt 0.50000 0.36458
vt 0.00000 0.35417
vt 0.06250 0.35417
vt 0.12500 0.35417
vt 0.18750 0.35417
vt 0.25000 0.35417
vt 0.31250 0.35417
vt 0.37500 0.35417
vt 0.43750 0.35417
vt 0.50000 0.35417
vt 0.00000 0.34375
vt 0.06250 0.34375
vt 0.12500 0.34375
vt 0.18750 0.34375
vt 0.25000 0.34375
vt 0.31250 0.34375
vt 0.37500 0.34375
vt 0.43750 0.34375
vt 0.50000 0.34375
vt 0.00000 0.33333
vt 0.06250 0.33333
vt 0.12500 0.33333
vt 0.18750 0.33333
vt 0.25000 0.33333
vt 0.31250 0.33333
vt 0.37500 0.33333
vt 0.43750 0.33333
vt 0.50000 0.33333
vt 0.00000 0.32292
vt 0.06250 0.32292
vt 0.12500 0.32292
vt 0.18750 0.32292
vt 0.25000 0.32292
vt 0.31250 0.32292
vt 0.37500 0.32292
vt 0.43750 0.32292
vt 0.50000 0.32292
vt 0.00000 0.31250
vt 0.06250 0.31250
vt 0.12500 0.31250
vt 0.18750 0.31250
vt 0.25000 0.31250
vt 0.31250 0.31250
vt 0.37500 0.31250
vt 0.43750 0.31250
vt 0.50000 0.31250
vt 0.00000 0.30208
vt 0.06250 0.30208
vt 0.12500 0.30208
vt 0.18750 0.30208
vt 0.25000 0.30208
vt 0.31250 0.30208
vt 0.37500 0.30208
vt 0.43750 0.30208
vt 0.50000 0.30208
vt 0.00000 0.29167
vt 0.06250 0.29167
vt 0.12500 0.29167
vt 0.18750 0.29167
vt 0.25000 0.29167
vt 0.31250 0.29167
vt 0.37500 0.29167
vt 0.43750 0.29167
vt 0.50000 0.29167
vt 0.00000 0.28125
vt 0.06250 0.28125
vt 0.12500 0.28125
vt 0.18750 0.28125
vt 0.25000 0.28125
vt 0.31250 0.28125
vt 0.37500 0.28125
vt 0.43750 0.28125
vt 0.50000 0.28125
vt 0.00000 0.27083
vt 0.06250 0.27083
vt 0.12500 0.27083
vt 0.18750 0.27083
vt 0.25000 0.27083
vt 0.31250 0.27083
vt 0.37500 0.27083
vt 0.43750 0.27083
vt 0.50000 0.27083
vt 0.00000 0.26042
vt 0.06250 0.26042
vt 0.12500 0.26042
vt 0.18750 0.26042
vt 0.25000 0.26042
vt 0.31250 0.26042
vt 0.37500 0.26042
vt 0.43750 0.26042
vt 0.50000 0.26042
vt 0.00000 0.25000
vt 0.06250 0.25000
vt 0.12500 0.25000
vt 0.18750 0.25000
vt 0.25000 0.25000
vt 0.31250 0.25000
vt 0.37500 0.25000
vt 0.43750 0.25000
vt 0.50000 0.25000
vt 0.00000 0.23958
vt 0.06250 0.23958
vt 0.12500 0.23958
vt 0.18750 0.23958
vt 0.25000 0.23958
vt 0.31250 0.23958
vt 0.37500 0.23958
vt 0.43750 0.23958
vt 0.50000 0.23958
vt 0.00000 0.22917
vt 0.06250 0.22917
vt 0.12500 0.22917
vt 0.18750 0.22917
vt 0.25000 0.22917
vt 0.31250 0.22917
vt 0.37500 0.22917
vt 0.43750 0.22917
vt 0.50000 0.22917
vt 0.00000 0.21875
vt 0.06250 0.21875
vt 0.12500 0.21875
vt 0.18750 0.21875
vt 0.25000 0.21875
vt 0.31250 0.21875
vt 0.37500 0.21875
vt 0.43750 0.21875
vt 0.50000 0.21875
vt 0.00000 0.20833
vt 0.06250 0.20833
vt 0.12500 0.20833
vt 0.18750 0.20833
vt 0.25000 0.20833
vt 0.31250 0.20833
vt 0.37500 0.20833
vt 0.43750 0.20833
vt 0.50000 0.20833
vt 0.00000 0.19792
vt 0.06250 0.19792
vt 0.12500 0.19792
vt 0.18750 0.19792
vt 0.25000 0.19792
vt 0.31250 0.19792
vt 0.37500 0.19792
vt 0.43750 0.19792
vt 0.50000 0.19792
vt 0.00000 0.18750
vt 0.06250 0.18750
vt 0.12500 0.18750
vt 0.18750 0.18750
vt 0.25000 0.18750
vt 0.31250 0.18750
vt 0.37500 0.18750
vt 0.43750 0.18750
vt 0.50000 0.18750
vt 0.00000 0.17708
vt 0.06250 0.17708
vt 0.12500 0.17708
vt 0.18750 0.17708
vt 0.25000 0.17708
vt 0.31250 0.17708
vt 0.37500 0.17708
vt 0.43750 0.17708
vt 0.50000 0.17708
vt 0.00000 0.16667
vt 0.06250 0.16667
vt 0.12500 0.16667
vt 0.18750 0.16667
vt 0.25000 0.16667
vt 0.31250 0.16667
vt 0.37500 0.16667
vt 0.43750 0.16667
vt 0.50000 0.16667
vt 0.00000 0.15625
vt 0.06250 0.15625
vt 0.12500 0.15625
vt 0.18750 0.15625
vt 0.25000 0.15625
vt 0.31250 0.15625
vt 0.37500 0.15625
vt 0.43750 0.15625
vt 0.50000 0.15625
vt 0.00000 0.14583
vt 0.06250 0.14583
vt 0.12500 0.14583
vt 0.18750 0.14583
vt 0.25000 0.14583
vt 0.31250 0.14583
vt 0.37500 0.14583
vt 0.43750 0.14583
vt 0.50000 0.14583
vt 0.00000 0.13542
vt 0.06250 0.13542
vt 0.12500 0.13542
vt 0.18750 0.13542
vt 0.25000 0.13542
vt 0.31250 0.13542
vt 0.37500 0.13542
vt 0.43750 0.13542
vt 0.50000 0.13542
vt 0.00000 0.12500
vt 0.06250 0.12500
vt 0.12500 0.12500
vt 0.18750 0.12500
vt 0.25000 0.12500
vt 0.31250 0.12500
vt 0.37500 0.12500
vt 0.43750 0.12500
vt 0.50000 0.12500
vt 0.00000 0.11458
vt 0.06250 0.11458
vt 0.12500 0.11458
vt 0.18750 0.11458
vt 0.25000 0.11458
vt 0.31250 0.11458
vt 0.37500 0.11458
vt 0.43750 0.11458
vt 0.50000 0.11458
vt 0.00000 0.10417
vt 0.06250 0.10417
vt 0.12500 0.10417
vt 0.18750 0.10417
vt 0.25000 0.10417
vt 0.31250 0.10417
vt 0.37500 0.10417
vt 0.43750 0.10417
vt 0.50000 0.10417
vt 0.00000 0.09375
vt 0.06250 0.09375
vt 0.12500 0.09375
vt 0.18750 0.09375
vt 0.25000 0.09375
vt 0.31250 0.09375
vt 0.37500 0.09375
vt 0.43750 0.09375
vt 0.50000 0.09375
vt 0.00000 0.08333
vt 0.06250 0.08333
vt 0.12500 0.08333
vt 0.18750 0.08333
vt 0.25000 0.08333
vt 0.31250 0.08333
vt 0.37500 0.08333
vt 0.43750 0.08333
vt 0.50000 0.08333
vt 0.00000 0.07292
vt 0.06250 0.07292
vt 0.12500 0.07292
vt 0.18750 0.07292
vt 0.25000 0.07292
vt 0.31250 0.07292
vt 0.37500 0.07292
vt 0.43750 0.07292
vt 0.50000 0.07292
vt 0.00000 0.06250
vt 0.06250 0.06250
vt 0.12500 0.06250
vt 0.18750 0.06250
vt 0.25000 0.06250
vt 0.31250 0.06250
vt 0.37500 0.06250
vt 0.43750 0.06250
vt 0.50000 0.06250
vt 0.00000 0.05208
vt 0.06250 0.05208
vt 0.12500 0.05208
vt 0.18750 0.05208
vt 0.25000 0.05208
vt 0.31250 0.05208
vt 0.37500 0.05208
vt 0.43750 0.05208
vt 0.50000 0.05208
vt 0.00000 0.04167
vt 0.06250 0.04167
vt 0.12500 0.04167
vt 0.18750 0.04167
vt 0.25000 0.04167
vt 0.31250 0.04167
vt 0.37500 0.04167
vt 0.43750 0.04167
vt 0.50000 0.04167
vt 0.00000 0.03125
vt 0.06250 0.03125
vt 0.12500 0.03125
vt 0.18750 0.03125
vt 0.25000 0.03125
vt 0.31250 0.03125
vt 0.37500 0.03125
vt 0.43750 0.03125
vt 0.50000 0.03125
vt 0.00000 0.02083
vt 0.06250 0.02083
vt 0.12500 0.02083
vt 0.18750 0.02083
vt 0.25000 0.02083
vt 0.31250 0.02083
vt 0.37500 0.02083
vt 0.43750 0.02083
vt 0.50000 0.02083
vt 0.00000 0.01042
vt 0.06250 0.01042
vt 0.12500 0.01042
vt 0.18750 0.01042
vt 0.25000 0.01042
vt 0.31250 0.01042
vt 0.37500 0.01042
vt 0.43750 0.01042
vt 0.50000 0.01042
vt 0.00000 0.00000
vt 0.06250 0.00000
vt 0.12500 0.00000
vt 0.18750 0.00000
vt 0.25000 0.00000
vt 0.31250 0.00000
vt 0.37500 0.00000
vt 0.43750 0.00000
vt 0.50000 0.00000
vt 0.00000 0.50000
vt 0.06250 0.50000
vt 0.12500 0.50000
vt 0.18750 0.50000
vt 0.25000 0.50000
vt 0.31250 0.50000
vt 0.37500 0.50000
vt 0.43750 0.50000
vt 0.50000 0.50000
vt 0.00000 0.24824
vt 0.06250 0.24824
vt 0.12500 0.24824
vt 0.18750 0.24824
vt 0.25000 0.24824
vt 0.31250 0.24824
vt 0.37500 0.24824
vt 0.43750 0.24824
vt 0.50000 0.24824
vt 0.00000 0.00000
vt 0.06250 0.00000
vt 0.12500 0.00000
vt 0.18750 0.00000
vt 0.25000 0.00000
vt 0.31250 0.00000
vt 0.37500 0.00000
vt 0.43750 0.00000
vt 0.50000 0.00000
vt 0.25000 0.50000
vt 0.25000 0.50000
vt 0.25000 0.50000
vt 0.25000 0.50000
vt 0.25000 0.50000
vt 0.25000 0.50000
vt 0.25000 0.50000
vt 0.25000 0.50000
vt 0.25000 0.50000
vt 0.25000 0.50000
vt 0.25000 0.00000
vt 0.25000 0.00000
vt 0.25000 0.00000
vt 0.25000 0.00000
vt 0.25000 0.00000
vt 0.25000 0.00000
vt 0.25000 0.00000
vt 0.25000 0.00000
vt 0.25000 0.00000
vt 0.25000 0.00000
vt 1.00000 1.00000
vt 0.89837 0.83571
vt 0.77642 1.00000
vt 0.65447 0.83571
vt 0.55285 1.00000
vt 0.50000 0.67857
vt 0.55285 0.50000
vt 1.00000 0.50000
vt 1.00000 1.00000
vt 0.89837 0.83571
vt 0.77642 1.00000
vt 0.65447 0.83571
vt 0.55285 1.00000
vt 0.50000 0.67857
vt 0.55285 0.50000
vt 1.00000 0.50000
vt 0.50000 0.00000
vt 0.99500 0.00000
vt 0.99500 0.50000
vt 0.50000 0.50000
vt 0.50000 0.00000
vt 0.99500 0.00000
vt 0.99500 0.50000
vt 0.50000 0.50000
vt 0.50000 0.00000
vt 0.99500 0.00000
vt 0.99500 0.50000
vt 0.50000 0.50000
vt 0.50000 0.00000
vt 0.99500 0.00000
vt 0.99500 0.50000
vt 0.50000 0.50000
vt 0.50000 0.00000
vt 0.99500 0.00000
vt 0.99500 0.50000
vt 0.50000 0.50000
vt 0.50000 0.00000
vt 0.99500 0.00000
vt 0.99500 0.50000
vt 0.50000 0.50000
vt 0.50000 0.00000
vt 0.99500 0.00000
vt 0.99500 0.50000
vt 0.50000 0.50000
vt 0.50000 0.00000
vt 0.99500 0.00000
vt 0.99500 0.50000
vt 0.50000 0.50000
vn 0.3907 0.0000 0.9205
vn 0.3907 0.0000 0.9205
vn 0.3907 0.0000 0.9205
vn 0.3907 0.0000 0.9205
vn 0.3907 0.0000 0.9205
vn 0.3907 0.0000 0.9205
vn 0.3907 0.0000 0.9205
vn 0.3907 0.0000 0.9205
vn 0.3907 0.0000 0.9205
vn 0.3907 0.0000 0.9205
vn 0.3907 0.0000 0.9205
vn 0.3907 0.0000 0.9205
vn 0.3907 0.0000 0.9205
vn 0.3907 0.0000 0.9205
vn 0.3907 0.0000 0.9205
vn 0.3907 0.0000 0.9205
vn 0.3907 0.0000 0.9205
vn 0.3907 0.0000 0.9205
vn 0.3907 0.0000 0.9205
vn 0.3907 0.0000 0.9205
vn 0.3907 0.0000 0.9205
vn 0.3907 0.0000 0.9205
vn 0.3907 0.0000 0.9205
vn 0.3907 0.0000 0.9205
vn 0.3907 0.0000 0.9205
vn 0.3907 0.0000 0.9205
vn 0.3907 0.0000 0.9205
vn 0.3907 0.0000 0.9205
vn 0.3907 0.0000 0.9205
vn 0.3907 0.0000 0.9205
vn 0.3907 0.0000 0.9205
vn 0.3907 0.0000 0.9205
vn 0.3907 0.0000 0.9205
vn 0.3907 0.0000 0.9205
vn 0.3907 0.0000 0.9205
vn 0.3907 0.0000 0.9205
vn 0.3907 0.0000 0.9205
vn 0.3907 0.0000 0.9205
vn 0.3907 0.0000 0.9205
vn 0.3907 0.0000 0.9205
vn 0.3907 0.0000 0.9205
vn 0.3907 0.0000 0.9205
vn 0.3907 0.0000 0.9205
vn 0.3907 0.0000 0.9205
vn 0.3907 0.0000 0.9205
vn 0.3907 0.0000 0.9205
vn 0.3907 0.0000 0.9205
vn 0.3907 0.0000 0.9205
vn 0.3907 0.0000 0.9205
vn 0.3907 0.0000 0.9205
vn -0.3907 0.0000 -0.9205
vn -0.3907 0.0000 -0.9205
vn -0.3907 0.0000 -0.9205
vn -0.3907 0.0000 -0.9205
vn -0.3907 0.0000 -0.9205
vn -0.3907 0.0000 -0.9205
vn -0.3907 0.0000 -0.9205
vn -0.3907 0.0000 -0.9205
vn -0.3907 0.0000 -0.9205
vn -0.3907 0.0000 -0.9205
vn -0.3907 0.0000 -0.9205
vn -0.3907 0.0000 -0.9205
vn -0.3907 0.0000 -0.9205
vn -0.3907 0.0000 -0.9205
vn -0.3907 0.0000 -0.9205
vn -0.3907 0.0000 -0.9205
vn -0.3907 0.0000 -0.9205
vn -0.3907 0.0000 -0.9205
vn -0.3907 0.0000 -0.9205
vn -0.3907 0.0000 -0.9205
vn -0.3907 0.0000 -0.9205
vn -0.3907 0.0000 -0.9205
vn -0.3907 0.0000 -0.9205
vn -0.3907 0.0000 -0.9205
vn -0.3907 0.0000 -0.9205
vn -0.3907 0.0000 -0.9205
vn -0.3907 0.0000 -0.9205
vn -0.3907 0.0000 -0.9205
vn -0.3907 0.0000 -0.9205
vn -0.3907 0.0000 -0.9205
vn -0.3907 0.0000 -0.9205
vn -0.3907 0.0000 -0.9205
vn -0.3907 0.0000 -0.9205
vn -0.3907 0.0000 -0.9205
vn -0.3907 0.0000 -0.9205
vn -0.3907 0.0000 -0.9205
vn -0.3907 0.0000 -0.9205
vn -0.3907 0.0000 -0.9205
vn -0.3907 0.0000 -0.9205
vn -0.3907 0.0000 -0.9205
vn -0.3907 0.0000 -0.9205
vn -0.3907 0.0000 -0.9205
vn -0.3907 0.0000 -0.9205
vn -0.3907 0.0000 -0.9205
vn -0.3907 0.0000 -0.9205
vn -0.3907 0.0000 -0.9205
vn -0.3907 0.0000 -0.9205
vn -0.3907 0.0000 -0.9205
vn -0.3907 0.0000 -0.9205
vn -0.3907 0.0000 -0.9205
vn -0.6808 -0.6731 0.2890
vn -0.6808 -0.6731 0.2890
vn -0.6808 -0.6731 0.2890
vn -0.6808 -0.6731 0.2890
vn -0.5804 -0.7761 0.2464
vn -0.5804 -0.7761 0.2464
vn -0.5804 -0.7761 0.2464
vn -0.5804 -0.7761 0.2464
vn -0.4670 -0.8618 0.1982
vn -0.4670 -0.8618 0.1982
vn -0.4670 -0.8618 0.1982
vn -0.4670 -0.8618 0.1982
vn -0.3430 -0.9280 0.1456
vn -0.3430 -0.9280 0.1456
vn -0.3430 -0.9280 0.1456
vn -0.3430 -0.9280 0.1456
vn -0.2113 -0.9733 0.0897
vn -0.2113 -0.9733 0.0897
vn -0.2113 -0.9733 0.0897
vn -0.2113 -0.9733 0.0897
vn -0.0749 -0.9967 0.0318
vn -0.0749 -0.9967 0.0318
vn -0.0749 -0.9967 0.0318
vn -0.0749 -0.9967 0.0318
vn 0.0632 -0.9976 -0.0268
vn 0.0632 -0.9976 -0.0268
vn 0.0632 -0.9976 -0.0268
vn 0.0632 -0.9976 -0.0268
vn 0.1999 -0.9761 -0.0849
vn 0.1999 -0.9761 -0.0849
vn 0.1999 -0.9761 -0.0849
vn 0.1999 -0.9761 -0.0849
vn 0.3322 -0.9326 -0.1410
vn 0.3322 -0.9326 -0.1410
vn 0.3322 -0.9326 -0.1410
vn 0.3322 -0.9326 -0.1410
vn 0.4569 -0.8681 -0.1939
vn 0.4569 -0.8681 -0.1939
vn 0.4569 -0.8681 -0.1939
vn 0.4569 -0.8681 -0.1939
vn 0.5713 -0.7841 -0.2425
vn 0.5713 -0.7841 -0.2425
vn 0.5713 -0.7841 -0.2425
vn 0.5713 -0.7841 -0.2425
vn 0.6729 -0.6824 -0.2856
vn 0.6729 -0.6824 -0.2856
vn 0.6729 -0.6824 -0.2856
vn 0.6729 -0.6824 -0.2856
vn 0.7593 -0.5653 -0.3223
vn 0.7593 -0.5653 -0.3223
vn 0.7593 -0.5653 -0.3223
vn 0.7593 -0.5653 -0.3223
vn 0.8286 -0.4355 -0.3517
vn 0.8286 -0.4355 -0.3517
vn 0.8286 -0.4355 -0.3517
vn 0.8286 -0.4355 -0.3517
vn 0.8793 -0.2959 -0.3732
vn 0.8793 -0.2959 -0.3732
vn 0.8793 -0.2959 -0.3732
vn 0.8793 -0.2959 -0.3732
vn 0.9101 -0.1496 -0.3863
vn 0.9101 -0.1496 -0.3863
vn 0.9101 -0.1496 -0.3863
vn 0.9101 -0.1496 -0.3863
vn 0.9205 0.0000 -0.3907
vn 0.9205 0.0000 -0.3907
vn 0.9205 0.0000 -0.3907
vn 0.9205 0.0000 -0.3907
vn 0.9101 0.1496 -0.3863
vn 0.9101 0.1496 -0.3863
vn 0.9101 0.1496 -0.3863
vn 0.9101 0.1496 -0.3863
vn 0.8793 0.2959 -0.3732
vn 0.8793 0.2959 -0.3732
vn 0.8793 0.2959 -0.3732
vn 0.8793 0.2959 -0.3732
vn 0.8286 0.4355 -0.3517
vn 0.8286 0.4355 -0.3517
vn 0.8286 0.4355 -0.3517
vn 0.8286 0.4355 -0.3517
vn 0.7593 0.5653 -0.3223
vn 0.7593 0.5653 -0.3223
vn 0.7593 0.5653 -0.3223
vn 0.7593 0.5653 -0.3223
vn 0.6729 0.6824 -0.2856
vn 0.6729 0.6824 -0.2856
vn 0.6729 0.6824 -0.2856
vn 0.6729 0.6824 -0.2856
vn 0.5713 0.7841 -0.2425
vn 0.5713 0.7841 -0.2425
vn 0.5713 0.7841 -0.2425
vn 0.5713 0.7841 -0.2425
vn 0.4569 0.8681 -0.1939
vn 0.4569 0.8681 -0.1939
vn 0.4569 0.8681 -0.1939
vn 0.4569 0.8681 -0.1939
vn 0.3322 0.9326 -0.1410
vn 0.3322 0.9326 -0.1410
vn 0.3322 0.9326 -0.1410
vn 0.3322 0.9326 -0.1410
vn 0.1999 0.9761 -0.0849
vn 0.1999 0.9761 -0.0849
vn 0.1999 0.9761 -0.0849
vn 0.1999 0.9761 -0.0849
vn 0.0632 0.9976 -0.0268
vn 0.0632 0.9976 -0.0268
vn 0.0632 0.9976 -0.0268
vn 0.0632 0.9976 -0.0268
vn -0.0749 0.9967 0.0318
vn -0.0749 0.9967 0.0318
vn -0.0749 0.9967 0.0318
vn -0.0749 0.9967 0.0318
vn -0.2113 0.9733 0.0897
vn -0.2113 0.9733 0.0897
vn -0.2113 0.9733 0.0897
vn -0.2113 0.9733 0.0897
vn -0.3430 0.9280 0.1456
vn -0.3430 0.9280 0.1456
vn -0.3430 0.9280 0.1456
vn -0.3430 0.9280 0.1456
vn -0.4670 0.8618 0.1982
vn -0.4670 0.8618 0.1982
vn -0.4670 0.8618 0.1982
vn -0.4670 0.8618 0.1982
vn -0.5804 0.7761 0.2464
vn -0.5804 0.7761 0.2464
vn -0.5804 0.7761 0.2464
vn -0.5804 0.7761 0.2464
vn -0.6808 0.6731 0.2890
vn -0.6808 0.6731 0.2890
vn -0.6808 0.6731 0.2890
vn -0.6808 0.6731 0.2890
vn -0.2594 0.9595 0.1101
vn -0.2594 0.9595 0.1101
vn -0.2594 0.9595 0.1101
vn -0.2594 0.9595 0.1101
vn -0.6244 0.7348 0.2650
vn -0.6244 0.7348 0.2650
vn -0.6244 0.7348 0.2650
vn -0.6244 0.7348 0.2650
vn 0.0000 1.0000 -0.0000
vn 0.0000 1.0000 -0.0000
vn 0.0000 1.0000 -0.0000
vn 0.0000 1.0000 -0.0000
vn -0.5279 0.8192 0.2241
vn -0.5279 0.8192 0.2241
vn -0.5279 0.8192 0.2241
vn -0.5279 0.8192 0.2241
vn -0.8023 -0.4903 0.3406
vn -0.8023 -0.4903 0.3406
vn -0.8023 -0.4903 0.3406
vn -0.8023 -0.4903 0.3406
vn 0.2746 -0.9545 -0.1165
vn 0.2746 -0.9545 -0.1165
vn 0.2746 -0.9545 -0.1165
vn 0.2746 -0.9545 -0.1165
vn -0.6435 -0.7150 0.2732
vn -0.6435 -0.7150 0.2732
vn -0.6435 -0.7150 0.2732
vn -0.6435 -0.7150 0.2732
vn 0.6435 -0.7150 -0.2732
vn 0.6435 -0.7150 -0.2732
vn 0.6435 -0.7150 -0.2732
vn 0.6435 -0.7150 -0.2732
vn -0.6435 -0.7150 0.2732
vn -0.6435 -0.7150 0.2732
vn -0.6435 -0.7150 0.2732
vn -0.6435 -0.7150 0.2732
vn 0.6435 -0.7150 -0.2732
vn 0.6435 -0.7150 -0.2732
vn 0.6435 -0.7150 -0.2732
vn 0.6435 -0.7150 -0.2732
vn -0.6435 -0.7150 0.2732
vn -0.6435 -0.7150 0.2732
vn -0.6435 -0.7150 0.2732
vn -0.6435 -0.7150 0.2732
vn 0.6435 -0.7150 -0.2732
vn 0.6435 -0.7150 -0.2732
vn 0.6435 -0.7150 -0.2732
vn 0.6435 -0.7150 -0.2732
vn -0.6435 -0.7150 0.2732
vn -0.6435 -0.7150 0.2732
vn -0.6435 -0.7150 0.2732
vn -0.6435 -0.7150 0.2732
vn 0.6435 -0.7150 -0.2732
vn 0.6435 -0.7150 -0.2732
vn 0.6435 -0.7150 -0.2732
vn 0.6435 -0.7150 -0.2732
vn -0.5215 -0.8240 0.2214
vn -0.5215 -0.8240 0.2214
vn -0.5215 -0.8240 0.2214
vn -0.5215 -0.8240 0.2214
vn -0.6244 -0.7348 0.2650
vn -0.6244 -0.7348 0.2650
vn -0.6244 -0.7348 0.2650
vn -0.6244 -0.7348 0.2650
vn -0.2594 -0.9595 0.1101
vn -0.2594 -0.9595 0.1101
vn -0.2594 -0.9595 0.1101
vn -0.2594 -0.9595 0.1101
vn 0.0000 0.0000 1.0000
vn 0.0000 0.0000 1.0000
vn 0.0000 0.0000 1.0000
vn 0.0000 0.0000 1.0000
vn 0.0000 0.0000 1.0000
vn 0.0000 0.0000 1.0000
vn 0.0000 0.0000 1.0000
vn 0.0000 0.0000 1.0000
vn 0.0000 0.0000 1.0000
vn 0.0000 0.0000 1.0000
vn 0.0000 0.0000 1.0000
vn 0.0000 0.0000 1.0000
vn 0.0000 0.0000 1.0000
vn 0.0000 0.0000 1.0000
vn 0.0000 0.0000 1.0000
vn 0.0000 0.0000 1.0000
vn 0.0000 0.0000 1.0000
vn 0.0000 0.0000 1.0000
vn 0.0000 0.0000 1.0000
vn 0.0000 0.0000 1.0000
vn 0.0000 0.0000 1.0000
vn 0.0000 0.0000 1.0000
vn 0.0000 0.0000 1.0000
vn 0.0000 0.0000 1.0000
vn 0.0000 0.0000 1.0000
vn 0.0000 0.0000 1.0000
vn 0.0000 0.0000 1.0000
vn 0.0000 0.0000 1.0000
vn 0.0000 0.0000 1.0000
vn 0.0000 0.0000 1.0000
vn 0.0000 0.0000 1.0000
vn 0.0000 0.0000 1.0000
vn 0.0000 0.0000 1.0000
vn 0.0000 0.0000 1.0000
vn 0.0000 0.0000 1.0000
vn 0.0000 0.0000 1.0000
vn 0.0000 0.0000 1.0000
vn 0.0000 0.0000 1.0000
vn 0.0000 0.0000 1.0000
vn 0.0000 0.0000 1.0000
vn 0.0000 0.0000 1.0000
vn 0.0000 0.0000 1.0000
vn 0.0000 0.0000 1.0000
vn 0.0000 0.0000 1.0000
vn 0.0000 0.0000 1.0000
vn 0.0000 0.0000 1.0000
vn 0.0000 0.0000 1.0000
vn 0.0000 0.0000 1.0000
vn 0.0000 0.0000 1.0000
vn 0.0000 0.0000 1.0000
vn 0.0000 0.0000 -1.0000
vn 0.0000 0.0000 -1.0000
vn 0.0000 0.0000 -1.0000
vn 0.0000 0.0000 -1.0000
vn 0.0000 0.0000 -1.0000
vn 0.0000 0.0000 -1.0000
vn 0.0000 0.0000 -1.0000
vn 0.0000 0.0000 -1.0000
vn 0.0000 0.0000 -1.0000
vn 0.0000 0.0000 -1.0000
vn 0.0000 0.0000 -1.0000
vn 0.0000 0.0000 -1.0000
vn 0.0000 0.0000 -1.0000
vn 0.0000 0.0000 -1.0000
vn 0.0000 0.0000 -1.0000
vn 0.0000 0.0000 -1.0000
vn 0.0000 0.0000 -1.0000
vn 0.0000 0.0000 -1.0000
vn 0.0000 0.0000 -1.0000
vn 0.0000 0.0000 -1.0000
vn 0.0000 0.0000 -1.0000
vn 0.0000 0.0000 -1.0000
vn 0.0000 0.0000 -1.0000
vn 0.0000 0.0000 -1.0000
vn 0.0000 0.0000 -1.0000
vn 0.0000 0.0000 -1.0000
vn 0.0000 0.0000 -1.0000
vn 0.0000 0.0000 -1.0000
vn 0.0000 0.0000 -1.0000
vn 0.0000 0.0000 -1.0000
vn 0.0000 0.0000 -1.0000
vn 0.0000 0.0000 -1.0000
vn 0.0000 0.0000 -1.0000
vn 0.0000 0.0000 -1.0000
vn 0.0000 0.0000 -1.0000
vn 0.0000 0.0000 -1.0000
vn 0.0000 0.0000 -1.0000
vn 0.0000 0.0000 -1.0000
vn 0.0000 0.0000 -1.0000
vn 0.0000 0.0000 -1.0000
vn 0.0000 0.0000 -1.0000
vn 0.0000 0.0000 -1.0000
vn 0.0000 0.0000 -1.0000
vn 0.0000 0.0000 -1.0000
vn 0.0000 0.0000 -1.0000
vn 0.0000 0.0000 -1.0000
vn 0.0000 0.0000 -1.0000
vn 0.0000 0.0000 -1.0000
vn 0.0000 0.0000 -1.0000
vn 0.0000 0.0000 -1.0000
vn -0.7971 -0.6039 0.0000
vn -0.7971 -0.6039 0.0000
vn -0.7971 -0.6039 0.0000
vn -0.7971 -0.6039 0.0000
vn -0.6978 -0.7163 0.0000
vn -0.6978 -0.7163 0.0000
vn -0.6978 -0.7163 0.0000
vn -0.6978 -0.7163 0.0000
vn -0.5827 -0.8127 0.0000
vn -0.5827 -0.8127 0.0000
vn -0.5827 -0.8127 0.0000
vn -0.5827 -0.8127 0.0000
vn -0.4545 -0.8907 0.0000
vn -0.4545 -0.8907 0.0000
vn -0.4545 -0.8907 0.0000
vn -0.4545 -0.8907 0.0000
vn -0.3161 -0.9487 0.0000
vn -0.3161 -0.9487 0.0000
vn -0.3161 -0.9487 0.0000
vn -0.3161 -0.9487 0.0000
vn -0.1706 -0.9853 0.0000
vn -0.1706 -0.9853 0.0000
vn -0.1706 -0.9853 0.0000
vn -0.1706 -0.9853 0.0000
vn -0.0212 -0.9998 0.0000
vn -0.0212 -0.9998 0.0000
vn -0.0212 -0.9998 0.0000
vn -0.0212 -0.9998 0.0000
vn 0.1286 -0.9917 0.0000
vn 0.1286 -0.9917 0.0000
vn 0.1286 -0.9917 0.0000
vn 0.1286 -0.9917 0.0000
vn 0.2756 -0.9613 0.0000
vn 0.2756 -0.9613 0.0000
vn 0.2756 -0.9613 0.0000
vn 0.2756 -0.9613 0.0000
vn 0.4163 -0.9092 0.0000
vn 0.4163 -0.9092 0.0000
vn 0.4163 -0.9092 0.0000
vn 0.4163 -0.9092 0.0000
vn 0.5477 -0.8367 0.0000
vn 0.5477 -0.8367 0.0000
vn 0.5477 -0.8367 0.0000
vn 0.5477 -0.8367 0.0000
vn 0.6667 -0.7453 0.0000
vn 0.6667 -0.7453 0.0000
vn 0.6667 -0.7453 0.0000
vn 0.6667 -0.7453 0.0000
vn 0.7707 -0.6372 0.0000
vn 0.7707 -0.6372 0.0000
vn 0.7707 -0.6372 0.0000
vn 0.7707 -0.6372 0.0000
vn 0.8574 -0.5147 0.0000
vn 0.8574 -0.5147 0.0000
vn 0.8574 -0.5147 0.0000
vn 0.8574 -0.5147 0.0000
vn 0.9248 -0.3806 0.0000
vn 0.9248 -0.3806 0.0000
vn 0.9248 -0.3806 0.0000
vn 0.9248 -0.3806 0.0000
vn 0.9713 -0.2379 0.0000
vn 0.9713 -0.2379 0.0000
vn 0.9713 -0.2379 0.0000
vn 0.9713 -0.2379 0.0000
vn 0.9960 -0.0899 0.0000
vn 0.9960 -0.0899 0.0000
vn 0.9960 -0.0899 0.0000
vn 0.9960 -0.0899 0.0000
vn 0.9982 0.0602 0.0000
vn 0.9982 0.0602 0.0000
vn 0.9982 0.0602 0.0000
vn 0.9982 0.0602 0.0000
vn 0.9779 0.2089 0.0000
vn 0.9779 0.2089 0.0000
vn 0.9779 0.2089 0.0000
vn 0.9779 0.2089 0.0000
vn 0.9357 0.3528 0.0000
vn 0.9357 0.3528 0.0000
vn 0.9357 0.3528 0.0000
vn 0.9357 0.3528 0.0000
vn 0.8723 0.4889 0.0000
vn 0.8723 0.4889 0.0000
vn 0.8723 0.4889 0.0000
vn 0.8723 0.4889 0.0000
vn 0.7894 0.6139 0.0000
vn 0.7894 0.6139 0.0000
vn 0.7894 0.6139 0.0000
vn 0.7894 0.6139 0.0000
vn 0.6886 0.7251 0.0000
vn 0.6886 0.7251 0.0000
vn 0.6886 0.7251 0.0000
vn 0.6886 0.7251 0.0000
vn 0.5723 0.8200 0.0000
vn 0.5723 0.8200 0.0000
vn 0.5723 0.8200 0.0000
vn 0.5723 0.8200 0.0000
vn 0.4432 0.8964 0.0000
vn 0.4432 0.8964 0.0000
vn 0.4432 0.8964 0.0000
vn 0.4432 0.8964 0.0000
vn 0.3041 0.9527 0.0000
vn 0.3041 0.9527 0.0000
vn 0.3041 0.9527 0.0000
vn 0.3041 0.9527 0.0000
vn 0.1581 0.9874 0.0000
vn 0.1581 0.9874 0.0000
vn 0.1581 0.9874 0.0000
vn 0.1581 0.9874 0.0000
vn 0.0086 1.0000 0.0000
vn 0.0086 1.0000 0.0000
vn 0.0086 1.0000 0.0000
vn 0.0086 1.0000 0.0000
vn -0.1412 0.9900 0.0000
vn -0.1412 0.9900 0.0000
vn -0.1412 0.9900 0.0000
vn -0.1412 0.9900 0.0000
vn -0.2877 0.9577 0.0000
vn -0.2877 0.9577 0.0000
vn -0.2877 0.9577 0.0000
vn -0.2877 0.9577 0.0000
vn -0.4278 0.9039 0.0000
vn -0.4278 0.9039 0.0000
vn -0.4278 0.9039 0.0000
vn -0.4278 0.9039 0.0000
vn -0.5582 0.8297 0.0000
vn -0.5582 0.8297 0.0000
vn -0.5582 0.8297 0.0000
vn -0.5582 0.8297 0.0000
vn -0.6761 0.7368 0.0000
vn -0.6761 0.7368 0.0000
vn -0.6761 0.7368 0.0000
vn -0.6761 0.7368 0.0000
vn -0.1159 0.9933 0.0000
vn -0.1159 0.9933 0.0000
vn -0.1159 0.9933 0.0000
vn -0.1159 0.9933 0.0000
vn -0.6095 0.7928 0.0000
vn -0.6095 0.7928 0.0000
vn -0.6095 0.7928 0.0000
vn -0.6095 0.7928 0.0000
vn 0.0899 0.9960 0.0000
vn 0.0899 0.9960 0.0000
vn 0.0899 0.9960 0.0000
vn 0.0899 0.9960 0.0000
vn -0.4975 0.8675 0.0000
vn -0.4975 0.8675 0.0000
vn -0.4975 0.8675 0.0000
vn -0.4975 0.8675 0.0000
vn -0.9121 -0.4099 0.0000
vn -0.9121 -0.4099 0.0000
vn -0.9121 -0.4099 0.0000
vn -0.9121 -0.4099 0.0000
vn 0.2113 -0.9774 0.0000
vn 0.2113 -0.9774 0.0000
vn 0.2113 -0.9774 0.0000
vn 0.2113 -0.9774 0.0000
vn -0.6541 -0.7564 0.0000
vn -0.6541 -0.7564 0.0000
vn -0.6541 -0.7564 0.0000
vn -0.6541 -0.7564 0.0000
vn 0.5081 -0.8613 0.0000
vn 0.5081 -0.8613 0.0000
vn 0.5081 -0.8613 0.0000
vn 0.5081 -0.8613 0.0000
vn -0.6541 -0.7564 0.0000
vn -0.6541 -0.7564 0.0000
vn -0.6541 -0.7564 0.0000
vn -0.6541 -0.7564 0.0000
vn 0.5081 -0.8613 0.0000
vn 0.5081 -0.8613 0.0000
vn 0.5081 -0.8613 0.0000
vn 0.5081 -0.8613 0.0000
vn -0.6541 -0.7564 0.0000
vn -0.6541 -0.7564 0.0000
vn -0.6541 -0.7564 0.0000
vn -0.6541 -0.7564 0.0000
vn 0.5081 -0.8613 0.0000
vn 0.5081 -0.8613 0.0000
vn 0.5081 -0.8613 0.0000
vn 0.5081 -0.8613 0.0000
vn -0.6541 -0.7564 0.0000
vn -0.6541 -0.7564 0.0000
vn -0.6541 -0.7564 0.0000
vn -0.6541 -0.7564 0.0000
vn 0.5081 -0.8613 0.0000
vn 0.5081 -0.8613 0.0000
vn 0.5081 -0.8613 0.0000
vn 0.5081 -0.8613 0.0000
vn -0.6383 -0.7698 0.0000
vn -0.6383 -0.7698 0.0000
vn -0.6383 -0.7698 0.0000
vn -0.6383 -0.7698 0.0000
vn -0.7416 -0.6709 0.0000
vn -0.7416 -0.6709 0.0000
vn -0.7416 -0.6709 0.0000
vn -0.7416 -0.6709 0.0000
vn -0.2919 -0.9565 0.0000
vn -0.2919 -0.9565 0.0000
vn -0.2919 -0.9565 0.0000
vn -0.2919 -0.9565 0.0000
vn 0.9979 0.0654 0.0000
vn 0.7056 0.0462 -0.7071
vn 0.0000 0.0000 -1.0000
vn -0.7056 -0.0462 -0.7071
vn -0.9979 -0.0654 -0.0000
vn -0.7056 -0.0462 0.7071
vn -0.0000 -0.0000 1.0000
vn 0.7056 0.0462 0.7071
vn 0.9979 0.0654 0.0000
vn 0.9914 0.1305 0.0000
vn 0.7011 0.0923 -0.7071
vn 0.0000 0.0000 -1.0000
vn -0.7011 -0.0923 -0.7071
vn -0.9914 -0.1305 -0.0000
vn -0.7011 -0.0923 0.7071
vn -0.0000 -0.0000 1.0000
vn 0.7011 0.0923 0.7071
vn 0.9914 0.1305 0.0000
vn 0.9659 0.2588 0.0000
vn 0.6830 0.1830 -0.7071
vn 0.0000 0.0000 -1.0000
vn -0.6830 -0.1830 -0.7071
vn -0.9659 -0.2588 -0.0000
vn -0.6830 -0.1830 0.7071
vn -0.0000 -0.0000 1.0000
vn 0.6830 0.1830 0.7071
vn 0.9659 0.2588 0.0000
vn 0.9239 0.3827 0.0000
vn 0.6533 0.2706 -0.7071
vn 0.0000 0.0000 -1.0000
vn -0.6533 -0.2706 -0.7071
vn -0.9239 -0.3827 -0.0000
vn -0.6533 -0.2706 0.7071
vn -0.0000 -0.0000 1.0000
vn 0.6533 0.2706 0.7071
vn 0.9239 0.3827 0.0000
vn 0.8660 0.5000 0.0000
vn 0.6124 0.3536 -0.7071
vn 0.0000 0.0000 -1.0000
vn -0.6124 -0.3536 -0.7071
vn -0.8660 -0.5000 -0.0000
vn -0.6124 -0.3536 0.7071
vn -0.0000 -0.0000 1.0000
vn 0.6124 0.3536 0.7071
vn 0.8660 0.5000 0.0000
vn 0.7934 0.6088 0.0000
vn 0.5610 0.4305 -0.7071
vn 0.0000 0.0000 -1.0000
vn -0.5610 -0.4305 -0.7071
vn -0.7934 -0.6088 -0.0000
vn -0.5610 -0.4305 0.7071
vn -0.0000 -0.0000 1.0000
vn 0.5610 0.4305 0.7071
vn 0.7934 0.6088 0.0000
vn 0.7071 0.7071 0.0000
vn 0.5000 0.5000 -0.7071
vn 0.0000 0.0000 -1.0000
vn -0.5000 -0.5000 -0.7071
vn -0.7071 -0.7071 -0.0000
vn -0.5000 -0.5000 0.7071
vn -0.0000 -0.0000 1.0000
vn 0.5000 0.5000 0.7071
vn 0.7071 0.7071 0.0000
vn 0.6088 0.7934 0.0000
vn 0.4305 0.5610 -0.7071
vn 0.0000 0.0000 -1.0000
vn -0.4305 -0.5610 -0.7071
vn -0.6088 -0.7934 -0.0000
vn -0.4305 -0.5610 0.7071
vn -0.0000 -0.0000 1.0000
vn 0.4305 0.5610 0.7071
vn 0.6088 0.7934 0.0000
vn 0.5000 0.8660 0.0000
vn 0.3536 0.6124 -0.7071
vn 0.0000 0.0000 -1.0000
vn -0.3536 -0.6124 -0.7071
vn -0.5000 -0.8660 -0.0000
vn -0.3536 -0.6124 0.7071
vn -0.0000 -0.0000 1.0000
vn 0.3536 0.6124 0.7071
vn 0.5000 0.8660 0.0000
vn 0.3827 0.9239 0.0000
vn 0.2706 0.6533 -0.7071
vn 0.0000 0.0000 -1.0000
vn -0.2706 -0.6533 -0.7071
vn -0.3827 -0.9239 -0.0000
vn -0.2706 -0.6533 0.7071
vn -0.0000 -0.0000 1.0000
vn 0.2706 0.6533 0.7071
vn 0.3827 0.9239 0.0000
vn 0.2588 0.9659 0.0000
vn 0.1830 0.6830 -0.7071
vn 0.0000 0.0000 -1.0000
vn -0.1830 -0.6830 -0.7071
vn -0.2588 -0.9659 -0.0000
vn -0.1830 -0.6830 0.7071
vn -0.0000 -0.0000 1.0000
vn 0.1830 0.6830 0.7071
vn 0.2588 0.9659 0.0000
vn 0.1305 0.9914 0.0000
vn 0.0923 0.7011 -0.7071
vn 0.0000 0.0000 -1.0000
vn -0.0923 -0.7011 -0.7071
vn -0.1305 -0.9914 -0.0000
vn -0.0923 -0.7011 0.7071
vn -0.0000 -0.0000 1.0000
vn 0.0923 0.7011 0.7071
vn 0.1305 0.9914 0.0000
vn 0.0000 1.0000 0.0000
vn 0.0000 0.7071 -0.7071
vn 0.0000 0.0000 -1.0000
vn 0.0000 -0.7071 -0.7071
vn 0.0000 -1.0000 -0.0000
vn -0.0000 -0.7071 0.7071
vn -0.0000 -0.0000 1.0000
vn 0.0000 0.7071 0.7071
vn 0.0000 1.0000 0.0000
vn -0.1305 0.9914 0.0000
vn -0.0923 0.7011 -0.7071
vn -0.0000 0.0000 -1.0000
vn 0.0923 -0.7011 -0.7071
vn 0.1305 -0.9914 -0.0000
vn 0.0923 -0.7011 0.7071
vn 0.0000 -0.0000 1.0000
vn -0.0923 0.7011 0.7071
vn -0.1305 0.9914 0.0000
vn -0.2588 0.9659 0.0000
vn -0.1830 0.6830 -0.7071
vn -0.0000 0.0000 -1.0000
vn 0.1830 -0.6830 -0.7071
vn 0.2588 -0.9659 -0.0000
vn 0.1830 -0.6830 0.7071
vn 0.0000 -0.0000 1.0000
vn -0.1830 0.6830 0.7071
vn -0.2588 0.9659 0.0000
vn -0.3827 0.9239 0.0000
vn -0.2706 0.6533 -0.7071
vn -0.0000 0.0000 -1.0000
vn 0.2706 -0.6533 -0.7071
vn 0.3827 -0.9239 -0.0000
vn 0.2706 -0.6533 0.7071
vn 0.0000 -0.0000 1.0000
vn -0.2706 0.6533 0.7071
vn -0.3827 0.9239 0.0000
vn -0.5000 0.8660 0.0000
vn -0.3536 0.6124 -0.7071
vn -0.0000 0.0000 -1.0000
vn 0.3536 -0.6124 -0.7071
vn 0.5000 -0.8660 -0.0000
vn 0.3536 -0.6124 0.7071
vn 0.0000 -0.0000 1.0000
vn -0.3536 0.6124 0.7071
vn -0.5000 0.8660 0.0000
vn -0.6088 0.7934 0.0000
vn -0.4305 0.5610 -0.7071
vn -0.0000 0.0000 -1.0000
vn 0.4305 -0.5610 -0.7071
vn 0.6088 -0.7934 -0.0000
vn 0.4305 -0.5610 0.7071
vn 0.0000 -0.0000 1.0000
vn -0.4305 0.5610 0.7071
vn -0.6088 0.7934 0.0000
vn -0.7071 0.7071 0.0000
vn -0.5000 0.5000 -0.7071
vn -0.0000 0.0000 -1.0000
vn 0.5000 -0.5000 -0.7071
vn 0.7071 -0.7071 -0.0000
vn 0.5000 -0.5000 0.7071
vn 0.0000 -0.0000 1.0000
vn -0.5000 0.5000 0.7071
vn -0.7071 0.7071 0.0000
vn -0.7934 0.6088 0.0000
vn -0.5610 0.4305 -0.7071
vn -0.0000 0.0000 -1.0000
vn 0.5610 -0.4305 -0.7071
vn 0.7934 -0.6088 -0.0000
vn 0.5610 -0.4305 0.7071
vn 0.0000 -0.0000 1.0000
vn -0.5610 0.4305 0.7071
vn -0.7934 0.6088 0.0000
vn -0.8660 0.5000 0.0000
vn -0.6124 0.3536 -0.7071
vn -0.0000 0.0000 -1.0000
vn 0.6124 -0.3536 -0.7071
vn 0.8660 -0.5000 -0.0000
vn 0.6124 -0.3536 0.7071
vn 0.0000 -0.0000 1.0000
vn -0.6124 0.3536 0.7071
vn -0.8660 0.5000 0.0000
vn -0.9239 0.3827 0.0000
vn -0.6533 0.2706 -0.7071
vn -0.0000 0.0000 -1.0000
vn 0.6533 -0.2706 -0.7071
vn 0.9239 -0.3827 -0.0000
vn 0.6533 -0.2706 0.7071
vn 0.0000 -0.0000 1.0000
vn -0.6533 0.2706 0.7071
vn -0.9239 0.3827 0.0000
vn -0.9659 0.2588 0.0000
vn -0.6830 0.1830 -0.7071
vn -0.0000 0.0000 -1.0000
vn 0.6830 -0.1830 -0.7071
vn 0.9659 -0.2588 -0.0000
vn 0.6830 -0.1830 0.7071
vn 0.0000 -0.0000 1.0000
vn -0.6830 0.1830 0.7071
vn -0.9659 0.2588 0.0000
vn -0.9914 0.1305 0.0000
vn -0.7011 0.0923 -0.7071
vn -0.0000 0.0000 -1.0000
vn 0.7011 -0.0923 -0.7071
vn 0.9914 -0.1305 -0.0000
vn 0.7011 -0.0923 0.7071
vn 0.0000 -0.0000 1.0000
vn -0.7011 0.0923 0.7071
vn -0.9914 0.1305 0.0000
vn -1.0000 0.0000 0.0000
vn -0.7071 0.0000 -0.7071
vn -0.0000 0.0000 -1.0000
vn 0.7071 -0.0000 -0.7071
vn 1.0000 -0.0000 -0.0000
vn 0.7071 0.0000 0.7071
vn 0.0000 0.0000 1.0000
vn -0.7071 0.0000 0.7071
vn -1.0000 0.0000 0.0000
vn -0.9914 -0.1305 0.0000
vn -0.7011 -0.0923 -0.7071
vn -0.0000 -0.0000 -1.0000
vn 0.7011 0.0923 -0.7071
vn 0.9914 0.1305 -0.0000
vn 0.7011 0.0923 0.7071
vn 0.0000 0.0000 1.0000
vn -0.7011 -0.0923 0.7071
vn -0.9914 -0.1305 0.0000
vn -0.9659 -0.2588 0.0000
vn -0.6830 -0.1830 -0.7071
vn -0.0000 -0.0000 -1.0000
vn 0.6830 0.1830 -0.7071
vn 0.9659 0.2588 -0.0000
vn 0.6830 0.1830 0.7071
vn 0.0000 0.0000 1.0000
vn -0.6830 -0.1830 0.7071
vn -0.9659 -0.2588 0.0000
vn -0.9239 -0.3827 0.0000
vn -0.6533 -0.2706 -0.7071
vn -0.0000 -0.0000 -1.0000
vn 0.6533 0.2706 -0.7071
vn 0.9239 0.3827 -0.0000
vn 0.6533 0.2706 0.7071
vn 0.0000 0.0000 1.0000
vn -0.6533 -0.2706 0.7071
vn -0.9239 -0.3827 0.0000
vn -0.8660 -0.5000 0.0000
vn -0.6124 -0.3536 -0.7071
vn -0.0000 -0.0000 -1.0000
vn 0.6124 0.3536 -0.7071
vn 0.8660 0.5000 -0.0000
vn 0.6124 0.3536 0.7071
vn 0.0000 0.0000 1.0000
vn -0.6124 -0.3536 0.7071
vn -0.8660 -0.5000 0.0000
vn -0.7934 -0.6088 0.0000
vn -0.5610 -0.4305 -0.7071
vn -0.0000 -0.0000 -1.0000
vn 0.5610 0.4305 -0.7071
vn 0.7934 0.6088 -0.0000
vn 0.5610 0.4305 0.7071
vn 0.0000 0.0000 1.0000
vn -0.5610 -0.4305 0.7071
vn -0.7934 -0.6088 0.0000
vn -0.7071 -0.7071 0.0000
vn -0.5000 -0.5000 -0.7071
vn -0.0000 -0.0000 -1.0000
vn 0.5000 0.5000 -0.7071
vn 0.7071 0.7071 -0.0000
vn 0.5000 0.5000 0.7071
vn 0.0000 0.0000 1.0000
vn -0.5000 -0.5000 0.7071
vn -0.7071 -0.7071 0.0000
vn -0.6088 -0.7934 0.0000
vn -0.4305 -0.5610 -0.7071
vn -0.0000 -0.0000 -1.0000
vn 0.4305 0.5610 -0.7071
vn 0.6088 0.7934 -0.0000
vn 0.4305 0.5610 0.7071
vn 0.0000 0.0000 1.0000
vn -0.4305 -0.5610 0.7071
vn -0.6088 -0.7934 0.0000
vn -0.5000 -0.8660 0.0000
vn -0.3536 -0.6124 -0.7071
vn -0.0000 -0.0000 -1.0000
vn 0.3536 0.6124 -0.7071
vn 0.5000 0.8660 -0.0000
vn 0.3536 0.6124 0.7071
vn 0.0000 0.0000 1.0000
vn -0.3536 -0.6124 0.7071
vn -0.5000 -0.8660 0.0000
vn -0.3827 -0.9239 0.0000
vn -0.2706 -0.6533 -0.7071
vn -0.0000 -0.0000 -1.0000
vn 0.2706 0.6533 -0.7071
vn 0.3827 0.9239 -0.0000
vn 0.2706 0.6533 0.7071
vn 0.0000 0.0000 1.0000
vn -0.2706 -0.6533 0.7071
vn -0.3827 -0.9239 0.0000
vn -0.2588 -0.9659 0.0000
vn -0.1830 -0.6830 -0.7071
vn -0.0000 -0.0000 -1.0000
vn 0.1830 0.6830 -0.7071
vn 0.2588 0.9659 -0.0000
vn 0.1830 0.6830 0.7071
vn 0.0000 0.0000 1.0000
vn -0.1830 -0.6830 0.7071
vn -0.2588 -0.9659 0.0000
vn -0.1305 -0.9914 0.0000
vn -0.0923 -0.7011 -0.7071
vn -0.0000 -0.0000 -1.0000
vn 0.0923 0.7011 -0.7071
vn 0.1305 0.9914 -0.0000
vn 0.0923 0.7011 0.7071
vn 0.0000 0.0000 1.0000
vn -0.0923 -0.7011 0.7071
vn -0.1305 -0.9914 0.0000
vn -0.0000 -1.0000 0.0000
vn -0.0000 -0.7071 -0.7071
vn -0.0000 -0.0000 -1.0000
vn 0.0000 0.7071 -0.7071
vn 0.0000 1.0000 -0.0000
vn 0.0000 0.7071 0.7071
vn 0.0000 0.0000 1.0000
vn -0.0000 -0.7071 0.7071
vn -0.0000 -1.0000 0.0000
vn 0.1305 -0.9914 0.0000
vn 0.0923 -0.7011 -0.7071
vn 0.0000 -0.0000 -1.0000
vn -0.0923 0.7011 -0.7071
vn -0.1305 0.9914 -0.0000
vn -0.0923 0.7011 0.7071
vn -0.0000 0.0000 1.0000
vn 0.0923 -0.7011 0.7071
vn 0.1305 -0.9914 0.0000
vn 0.2588 -0.9659 0.0000
vn 0.1830 -0.6830 -0.7071
vn 0.0000 -0.0000 -1.0000
vn -0.1830 0.6830 -0.7071
vn -0.2588 0.9659 -0.0000
vn -0.1830 0.6830 0.7071
vn -0.0000 0.0000 1.0000
vn 0.1830 -0.6830 0.7071
vn 0.2588 -0.9659 0.0000
vn 0.3827 -0.9239 0.0000
vn 0.2706 -0.6533 -0.7071
vn 0.0000 -0.0000 -1.0000
vn -0.2706 0.6533 -0.7071
vn -0.3827 0.9239 -0.0000
vn -0.2706 0.6533 0.7071
vn -0.0000 0.0000 1.0000
vn 0.2706 -0.6533 0.7071
vn 0.3827 -0.9239 0.0000
vn 0.5000 -0.8660 0.0000
vn 0.3536 -0.6124 -0.7071
vn 0.0000 -0.0000 -1.0000
vn -0.3536 0.6124 -0.7071
vn -0.5000 0.8660 -0.0000
vn -0.3536 0.6124 0.7071
vn -0.0000 0.0000 1.0000
vn 0.3536 -0.6124 0.7071
vn 0.5000 -0.8660 0.0000
vn 0.6088 -0.7934 0.0000
vn 0.4305 -0.5610 -0.7071
vn 0.0000 -0.0000 -1.0000
vn -0.4305 0.5610 -0.7071
vn -0.6088 0.7934 -0.0000
vn -0.4305 0.5610 0.7071
vn -0.0000 0.0000 1.0000
vn 0.4305 -0.5610 0.7071
vn 0.6088 -0.7934 0.0000
vn 0.7071 -0.7071 0.0000
vn 0.5000 -0.5000 -0.7071
vn 0.0000 -0.0000 -1.0000
vn -0.5000 0.5000 -0.7071
vn -0.7071 0.7071 -0.0000
vn -0.5000 0.5000 0.7071
vn -0.0000 0.0000 1.0000
vn 0.5000 -0.5000 0.7071
vn 0.7071 -0.7071 0.0000
vn 0.7934 -0.6088 0.0000
vn 0.5610 -0.4305 -0.7071
vn 0.0000 -0.0000 -1.0000
vn -0.5610 0.4305 -0.7071
vn -0.7934 0.6088 -0.0000
vn -0.5610 0.4305 0.7071
vn -0.0000 0.0000 1.0000
vn 0.5610 -0.4305 0.7071
vn 0.7934 -0.6088 0.0000
vn 0.8660 -0.5000 0.0000
vn 0.6124 -0.3536 -0.7071
vn 0.0000 -0.0000 -1.0000
vn -0.6124 0.3536 -0.7071
vn -0.8660 0.5000 -0.0000
vn -0.6124 0.3536 0.7071
vn -0.0000 0.0000 1.0000
vn 0.6124 -0.3536 0.7071
vn 0.8660 -0.5000 0.0000
vn 0.9239 -0.3827 0.0000
vn 0.6533 -0.2706 -0.7071
vn 0.0000 -0.0000 -1.0000
vn -0.6533 0.2706 -0.7071
vn -0.9239 0.3827 -0.0000
vn -0.6533 0.2706 0.7071
vn -0.0000 0.0000 1.0000
vn 0.6533 -0.2706 0.7071
vn 0.9239 -0.3827 0.0000
vn 0.9659 -0.2588 0.0000
vn 0.6830 -0.1830 -0.7071
vn 0.0000 -0.0000 -1.0000
vn -0.6830 0.1830 -0.7071
vn -0.9659 0.2588 -0.0000
vn -0.6830 0.1830 0.7071
vn -0.0000 0.0000 1.0000
vn 0.6830 -0.1830 0.7071
vn 0.9659 -0.2588 0.0000
vn 0.9914 -0.1305 0.0000
vn 0.7011 -0.0923 -0.7071
vn 0.0000 -0.0000 -1.0000
vn -0.7011 0.0923 -0.7071
vn -0.9914 0.1305 -0.0000
vn -0.7011 0.0923 0.7071
vn -0.0000 0.0000 1.0000
vn 0.7011 -0.0923 0.7071
vn 0.9914 -0.1305 0.0000
vn 0.9979 -0.0654 0.0000
vn 0.7056 -0.0462 -0.7071
vn 0.0000 -0.0000 -1.0000
vn -0.7056 0.0462 -0.7071
vn -0.9979 0.0654 -0.0000
vn -0.7056 0.0462 0.7071
vn -0.0000 0.0000 1.0000
vn 0.7056 -0.0462 0.7071
vn 0.9979 -0.0654 0.0000
vn 0.0709 0.0051 0.9975
vn 0.1005 -0.7017 0.7053
vn 0.0712 -0.9975 0.0000
vn 0.0003 -0.7089 -0.7053
vn -0.0709 -0.0051 -0.9975
vn -0.1005 0.7017 -0.7053
vn -0.0712 0.9975 -0.0000
vn -0.0003 0.7089 0.7053
vn 0.0709 0.0051 0.9975
vn 0.1251 0.0110 0.9921
vn 0.1649 -0.6952 0.6996
vn 0.1081 -0.9941 -0.0026
vn -0.0120 -0.7107 -0.7034
vn -0.1251 -0.0110 -0.9921
vn -0.1649 0.6952 -0.6996
vn -0.1081 0.9941 0.0026
vn 0.0120 0.7107 0.7034
vn 0.1251 0.0110 0.9921
vn 0.1793 0.0190 0.9836
vn 0.2295 -0.6862 0.6903
vn 0.1452 -0.9894 -0.0074
vn -0.0241 -0.7130 -0.7007
vn -0.1793 -0.0190 -0.9836
vn -0.2295 0.6862 -0.6903
vn -0.1452 0.9894 0.0074
vn 0.0241 0.7130 0.7007
vn 0.1793 0.0190 0.9836
vn -0.9949 -0.0711 0.0711
vn -0.9949 -0.0711 0.0711
vn -0.9949 -0.0711 0.0711
vn -0.9949 -0.0711 0.0711
vn -0.9949 -0.0711 0.0711
vn -0.9949 -0.0711 0.0711
vn -0.9949 -0.0711 0.0711
vn -0.9949 -0.0711 0.0711
vn -0.9949 -0.0711 0.0711
vn -0.9949 -0.0711 0.0711
vn 0.9730 0.1441 -0.1802
vn 0.9730 0.1441 -0.1802
vn 0.9730 0.1441 -0.1802
vn 0.9730 0.1441 -0.1802
vn 0.9730 0.1441 -0.1802
vn 0.9730 0.1441 -0.1802
vn 0.9730 0.1441 -0.1802
vn 0.9730 0.1441 -0.1802
vn 0.9730 0.1441 -0.1802
vn 0.9730 0.1441 -0.1802
vn 0.0000 0.0000 1.0000
vn 0.0000 0.0000 1.0000
vn 0.0000 0.0000 1.0000
vn 0.0000 0.0000 1.0000
vn 0.0000 0.0000 1.0000
vn 0.0000 0.0000 1.0000
vn 0.0000 0.0000 1.0000
vn 0.0000 0.0000 1.0000
vn 0.0000 0.0000 -1.0000
vn 0.0000 0.0000 -1.0000
vn 0.0000 0.0000 -1.0000
vn 0.0000 0.0000 -1.0000
vn 0.0000 0.0000 -1.0000
vn 0.0000 0.0000 -1.0000
vn 0.0000 0.0000 -1.0000
vn 0.0000 0.0000 -1.0000
vn -0.6771 0.7359 0.0000
vn -0.6771 0.7359 0.0000
vn -0.6771 0.7359 0.0000
vn -0.6771 0.7359 0.0000
vn 0.6084 0.7936 0.0000
vn 0.6084 0.7936 0.0000
vn 0.6084 0.7936 0.0000
vn 0.6084 0.7936 0.0000
vn -0.6084 0.7936 0.0000
vn -0.6084 0.7936 0.0000
vn -0.6084 0.7936 0.0000
vn -0.6084 0.7936 0.0000
vn 0.6771 0.7359 0.0000
vn 0.6771 0.7359 0.0000
vn 0.6771 0.7359 0.0000
vn 0.6771 0.7359 0.0000
vn -0.9607 0.2775 0.0000
vn -0.9607 0.2775 0.0000
vn -0.9607 0.2775 0.0000
vn -0.9607 0.2775 0.0000
vn -0.8872 -0.4614 0.0000
vn -0.8872 -0.4614 0.0000
vn -0.8872 -0.4614 0.0000
vn -0.8872 -0.4614 0.0000
vn 0.0000 -1.0000 0.0000
vn 0.0000 -1.0000 0.0000
vn 0.0000 -1.0000 0.0000
vn 0.0000 -1.0000 0.0000
vn 1.0000 0.0000 0.0000
vn 1.0000 0.0000 0.0000
vn 1.0000 0.0000 0.0000
vn 1.0000 0.0000 0.0000
f 1/1/1 2/2/2 3/3/3
f 1/1/1 3/3/3 4/4/4
f 1/1/1 4/4/4 5/5/5
f 1/1/1 5/5/5 6/6/6
f 1/1/1 6/6/6 7/7/7
f 1/1/1 7/7/7 8/8/8
f 1/1/1 8/8/8 9/9/9
f 1/1/1 9/9/9 10/10/10
f 50/50/50 1/1/1 10/10/10
f 50/50/50 10/10/10 11/11/11
f 50/50/50 11/11/11 12/12/12
f 50/50/50 12/12/12 13/13/13
f 50/50/50 13/13/13 14/14/14
f 50/50/50 14/14/14 15/15/15
f 50/50/50 15/15/15 16/16/16
f 50/50/50 16/16/16 17/17/17
f 50/50/50 17/17/17 18/18/18
f 50/50/50 18/18/18 19/19/19
f 50/50/50 19/19/19 20/20/20
f 50/50/50 20/20/20 21/21/21
f 50/50/50 21/21/21 22/22/22
f 50/50/50 22/22/22 23/23/23
f 50/50/50 23/23/23 24/24/24
f 50/50/50 24/24/24 25/25/25
f 50/50/50 25/25/25 26/26/26
f 50/50/50 26/26/26 27/27/27
f 50/50/50 27/27/27 28/28/28
f 50/50/50 28/28/28 29/29/29
f 50/50/50 29/29/29 30/30/30
f 50/50/50 30/30/30 31/31/31
f 50/50/50 31/31/31 32/32/32
f 50/50/50 32/32/32 33/33/33
f 50/50/50 33/33/33 34/34/34
f 50/50/50 34/34/34 35/35/35
f 50/50/50 35/35/35 36/36/36
f 36/36/36 37/37/37 38/38/38
f 38/38/38 39/39/39 40/40/40
f 36/36/36 38/38/38 40/40/40
f 40/40/40 41/41/41 42/42/42
f 36/36/36 40/40/40 42/42/42
f 42/42/42 43/43/43 44/44/44
f 36/36/36 42/42/42 44/44/44
f 44/44/44 45/45/45 46/46/46
f 36/36/36 44/44/44 46/46/46
f 36/36/36 46/46/46 47/47/47
f 36/36/36 47/47/47 48/48/48
f 36/36/36 48/48/48 49/49/49
f 36/36/36 49/49/49 50/50/50
f 53/53/53 52/52/52 51/51/51
f 54/54/54 53/53/53 51/51/51
f 55/55/55 54/54/54 51/51/51
f 56/56/56 55/55/55 51/51/51
f 57/57/57 56/56/56 51/51/51
f 58/58/58 57/57/57 51/51/51
f 59/59/59 58/58/58 51/51/51
f 60/60/60 59/59/59 51/51/51
f 60/60/60 51/51/51 100/100/100
f 61/61/61 60/60/60 100/100/100
f 62/62/62 61/61/61 100/100/100
f 63/63/63 62/62/62 100/100/100
f 64/64/64 63/63/63 100/100/100
f 65/65/65 64/64/64 100/100/100
f 66/66/66 65/65/65 100/100/100
f 67/67/67 66/66/66 100/100/100
f 68/68/68 67/67/67 100/100/100
f 69/69/69 68/68/68 100/100/100
f 70/70/70 69/69/69 100/100/100
f 71/71/71 70/70/70 100/100/100
f 72/72/72 71/71/71 100/100/100
f 73/73/73 72/72/72 100/100/100
f 74/74/74 73/73/73 100/100/100
f 75/75/75 74/74/74 100/100/100
f 76/76/76 75/75/75 100/100/100
f 77/77/77 76/76/76 100/100/100
f 78/78/78 77/77/77 100/100/100
f 79/79/79 78/78/78 100/100/100
f 80/80/80 79/79/79 100/100/100
f 81/81/81 80/80/80 100/100/100
f 82/82/82 81/81/81 100/100/100
f 83/83/83 82/82/82 100/100/100
f 84/84/84 83/83/83 100/100/100
f 85/85/85 84/84/84 100/100/100
f 86/86/86 85/85/85 100/100/100
f 88/88/88 87/87/87 86/86/86
f 90/90/90 89/89/89 88/88/88
f 90/90/90 88/88/88 86/86/86
f 92/92/92 91/91/91 90/90/90
f 92/92/92 90/90/90 86/86/86
f 94/94/94 93/93/93 92/92/92
f 94/94/94 92/92/92 86/86/86
f 96/96/96 95/95/95 94/94/94
f 96/96/96 94/94/94 86/86/86
f 97/97/97 96/96/96 86/86/86
f 98/98/98 97/97/97 86/86/86
f 99/99/99 98/98/98 86/86/86
f 100/100/100 99/99/99 86/86/86
f 101/101/101 102/102/102 103/103/103
f 101/101/101 103/103/103 104/104/104
f 105/105/105 106/106/106 107/107/107
f 105/105/105 107/107/107 108/108/108
f 109/109/109 110/110/110 111/111/111
f 109/109/109 111/111/111 112/112/112
f 113/113/113 114/114/114 115/115/115
f 113/113/113 115/115/115 116/116/116
f 117/117/117 118/118/118 119/119/119
f 117/117/117 119/119/119 120/120/120
f 121/121/121 122/122/122 123/123/123
f 121/121/121 123/123/123 124/124/124
f 125/125/125 126/126/126 127/127/127
f 125/125/125 127/127/127 128/128/128
f 129/129/129 130/130/130 131/131/131
f 129/129/129 131/131/131 132/132/132
f 133/133/133 134/134/134 135/135/135
f 133/133/133 135/135/135 136/136/136
f 137/137/137 138/138/138 139/139/139
f 137/137/137 139/139/139 140/140/140
f 141/141/141 142/142/142 143/143/143
f 141/141/141 143/143/143 144/144/144
f 145/145/145 146/146/146 147/147/147
f 145/145/145 147/147/147 148/148/148
f 149/149/149 150/150/150 151/151/151
f 149/149/149 151/151/151 152/152/152
f 153/153/153 154/154/154 155/155/155
f 153/153/153 155/155/155 156/156/156
f 157/157/157 158/158/158 159/159/159
f 157/157/157 159/159/159 160/160/160
f 161/161/161 162/162/162 163/163/163
f 161/161/161 163/163/163 164/164/164
f 165/165/165 166/166/166 167/167/167
f 165/165/165 167/167/167 168/168/168
f 169/169/169 170/170/170 171/171/171
f 169/169/169 171/171/171 172/172/172
f 173/173/173 174/174/174 175/175/175
f 173/173/173 175/175/175 176/176/176
f 177/177/177 178/178/178 179/179/179
f 177/177/177 179/179/179 180/180/180
f 181/181/181 182/182/182 183/183/183
f 181/181/181 183/183/183 184/184/184
f 185/185/185 186/186/186 187/187/187
f 185/185/185 187/187/187 188/188/188
f 189/189/189 190/190/190 191/191/191
f 189/189/189 191/191/191 192/192/192
f 193/193/193 194/194/194 195/195/195
f 193/193/193 195/195/195 196/196/196
f 197/197/197 198/198/198 199/199/199
f 197/197/197 199/199/199 200/200/200
f 201/201/201 202/202/202 203/203/203
f 201/201/201 203/203/203 204/204/204
f 205/205/205 206/206/206 207/207/207
f 205/205/205 207/207/207 208/208/208
f 209/209/209 210/210/210 211/211/211
f 209/209/209 211/211/211 212/212/212
f 213/213/213 214/214/214 215/215/215
f 213/213/213 215/215/215 216/216/216
f 217/217/217 218/218/218 219/219/219
f 217/217/217 219/219/219 220/220/220
f 221/221/221 222/222/222 223/223/223
f 221/221/221 223/223/223 224/224/224
f 225/225/225 226/226/226 227/227/227
f 225/225/225 227/227/227 228/228/228
f 229/229/229 230/230/230 231/231/231
f 229/229/229 231/231/231 232/232/232
f 233/233/233 234/234/234 235/235/235
f 233/233/233 235/235/235 236/236/236
f 237/237/237 238/238/238 239/239/239
f 237/237/237 239/239/239 240/240/240
f 241/241/241 242/242/242 243/243/243
f 241/241/241 243/243/243 244/244/244
f 245/245/245 246/246/246 247/247/247
f 245/245/245 247/247/247 248/248/248
f 249/249/249 250/250/250 251/251/251
f 249/249/249 251/251/251 252/252/252
f 253/253/253 254/254/254 255/255/255
f 253/253/253 255/255/255 256/256/256
f 257/257/257 258/258/258 259/259/259
f 257/257/257 259/259/259 260/260/260
f 261/261/261 262/262/262 263/263/263
f 261/261/261 263/263/263 264/264/264
f 265/265/265 266/266/266 267/267/267
f 265/265/265 267/267/267 268/268/268
f 269/269/269 270/270/270 271/271/271
f 269/269/269 271/271/271 272/272/272
f 273/273/273 274/274/274 275/275/275
f 273/273/273 275/275/275 276/276/276
f 277/277/277 278/278/278 279/279/279
f 277/277/277 279/279/279 280/280/280
f 281/281/281 282/282/282 283/283/283
f 281/281/281 283/283/283 284/284/284
f 285/285/285 286/286/286 287/287/287
f 285/285/285 287/287/287 288/288/288
f 289/289/289 290/290/290 291/291/291
f 289/289/289 291/291/291 292/292/292
f 293/293/293 294/294/294 295/295/295
f 293/293/293 295/295/295 296/296/296
f 297/297/297 298/298/298 299/299/299
f 297/297/297 299/299/299 300/300/300
f 301/301/301 302/302/302 303/303/303
f 301/301/301 303/303/303 304/304/304
f 301/301/301 304/304/304 305/305/305
f 301/301/301 305/305/305 306/306/306
f 301/301/301 306/306/306 307/307/307
f 301/301/301 307/307/307 308/308/308
f 301/301/301 308/308/308 309/309/309
f 301/301/301 309/309/309 310/310/310
f 301/301/301 310/310/310 311/311/311
f 350/350/350 301/301/301 311/311/311
f 350/350/350 311/311/311 312/312/312
f 350/350/350 312/312/312 313/313/313
f 350/350/350 313/313/313 314/314/314
f 350/350/350 314/314/314 315/315/315
f 350/350/350 315/315/315 316/316/316
f 350/350/350 316/316/316 317/317/317
f 350/350/350 317/317/317 318/318/318
f 350/350/350 318/318/318 319/319/319
f 350/350/350 319/319/319 320/320/320
f 350/350/350 320/320/320 321/321/321
f 350/350/350 321/321/321 322/322/322
f 350/350/350 322/322/322 323/323/323
f 350/350/350 323/323/323 324/324/324
f 350/350/350 324/324/324 325/325/325
f 350/350/350 325/325/325 326/326/326
f 350/350/350 326/326/326 327/327/327
f 350/350/350 327/327/327 328/328/328
f 350/350/350 328/328/328 329/329/329
f 350/350/350 329/329/329 330/330/330
f 350/350/350 330/330/330 331/331/331
f 350/350/350 331/331/331 332/332/332
f 350/350/350 332/332/332 333/333/333
f 350/350/350 333/333/333 334/334/334
f 350/350/350 334/334/334 335/335/335
f 350/350/350 335/335/335 336/336/336
f 336/336/336 337/337/337 338/338/338
f 338/338/338 339/339/339 340/340/340
f 336/336/336 338/338/338 340/340/340
f 340/340/340 341/341/341 342/342/342
f 336/336/336 340/340/340 342/342/342
f 342/342/342 343/343/343 344/344/344
f 336/336/336 342/342/342 344/344/344
f 344/344/344 345/345/345 346/346/346
f 336/336/336 344/344/344 346/346/346
f 336/336/336 346/346/346 347/347/347
f 336/336/336 347/347/347 348/348/348
f 336/336/336 348/348/348 349/349/349
f 336/336/336 349/349/349 350/350/350
f 353/353/353 352/352/352 351/351/351
f 354/354/354 353/353/353 351/351/351
f 355/355/355 354/354/354 351/351/351
f 356/356/356 355/355/355 351/351/351
f 357/357/357 356/356/356 351/351/351
f 358/358/358 357/357/357 351/351/351
f 359/359/359 358/358/358 351/351/351
f 360/360/360 359/359/359 351/351/351
f 361/361/361 360/360/360 351/351/351
f 361/361/361 351/351/351 400/400/400
f 362/362/362 361/361/361 400/400/400
f 363/363/363 362/362/362 400/400/400
f 364/364/364 363/363/363 400/400/400
f 365/365/365 364/364/364 400/400/400
f 366/366/366 365/365/365 400/400/400
f 367/367/367 366/366/366 400/400/400
f 368/368/368 367/367/367 400/400/400
f 369/369/369 368/368/368 400/400/400
f 370/370/370 369/369/369 400/400/400
f 371/371/371 370/370/370 400/400/400
f 372/372/372 371/371/371 400/400/400
f 373/373/373 372/372/372 400/400/400
f 374/374/374 373/373/373 400/400/400
f 375/375/375 374/374/374 400/400/400
f 376/376/376 375/375/375 400/400/400
f 377/377/377 376/376/376 400/400/400
f 378/378/378 377/377/377 400/400/400
f 379/379/379 378/378/378 400/400/400
f 380/380/380 379/379/379 400/400/400
f 381/381/381 380/380/380 400/400/400
f 382/382/382 381/381/381 400/400/400
f 383/383/383 382/382/382 400/400/400
f 384/384/384 383/383/383 400/400/400
f 385/385/385 384/384/384 400/400/400
f 386/386/386 385/385/385 400/400/400
f 388/388/388 387/387/387 386/386/386
f 390/390/390 389/389/389 388/388/388
f 390/390/390 388/388/388 386/386/386
f 392/392/392 391/391/391 390/390/390
f 392/392/392 390/390/390 386/386/386
f 394/394/394 393/393/393 392/392/392
f 394/394/394 392/392/392 386/386/386
f 396/396/396 395/395/395 394/394/394
f 396/396/396 394/394/394 386/386/386
f 397/397/397 396/396/396 386/386/386
f 398/398/398 397/397/397 386/386/386
f 399/399/399 398/398/398 386/386/386
f 400/400/400 399/399/399 386/386/386
f 401/401/401 402/402/402 403/403/403
f 401/401/401 403/403/403 404/404/404
f 405/405/405 406/406/406 407/407/407
f 405/405/405 407/407/407 408/408/408
f 409/409/409 410/410/410 411/411/411
f 409/409/409 411/411/411 412/412/412
f 413/413/413 414/414/414 415/415/415
f 413/413/413 415/415/415 416/416/416
f 417/417/417 418/418/418 419/419/419
f 417/417/417 419/419/419 420/420/420
f 421/421/421 422/422/422 423/423/423
f 421/421/421 423/423/423 424/424/424
f 425/425/425 426/426/426 427/427/427
f 425/425/425 427/427/427 428/428/428
f 429/429/429 430/430/430 431/431/431
f 429/429/429 431/431/431 432/432/432
f 433/433/433 434/434/434 435/435/435
f 433/433/433 435/435/435 436/436/436
f 437/437/437 438/438/438 439/439/439
f 437/437/437 439/439/439 440/440/440
f 441/441/441 442/442/442 443/443/443
f 441/441/441 443/443/443 444/444/444
f 445/445/445 446/446/446 447/447/447
f 445/445/445 447/447/447 448/448/448
f 449/449/449 450/450/450 451/451/451
f 449/449/449 451/451/451 452/452/452
f 453/453/453 454/454/454 455/455/455
f 453/453/453 455/455/455 456/456/456
f 457/457/457 458/458/458 459/459/459
f 457/457/457 459/459/459 460/460/460
f 461/461/461 462/462/462 463/463/463
f 461/461/461 463/463/463 464/464/464
f 465/465/465 466/466/466 467/467/467
f 465/465/465 467/467/467 468/468/468
f 469/469/469 470/470/470 471/471/471
f 469/469/469 471/471/471 472/472/472
f 473/473/473 474/474/474 475/475/475
f 473/473/473 475/475/475 476/476/476
f 477/477/477 478/478/478 479/479/479
f 477/477/477 479/479/479 480/480/480
f 481/481/481 482/482/482 483/483/483
f 481/481/481 483/483/483 484/484/484
f 485/485/485 486/486/486 487/487/487
f 485/485/485 487/487/487 488/488/488
f 489/489/489 490/490/490 491/491/491
f 489/489/489 491/491/491 492/492/492
f 493/493/493 494/494/494 495/495/495
f 493/493/493 495/495/495 496/496/496
f 497/497/497 498/498/498 499/499/499
f 497/497/497 499/499/499 500/500/500
f 501/501/501 502/502/502 503/503/503
f 501/501/501 503/503/503 504/504/504
f 505/505/505 506/506/506 507/507/507
f 505/505/505 507/507/507 508/508/508
f 509/509/509 510/510/510 511/511/511
f 509/509/509 511/511/511 512/512/512
f 513/513/513 514/514/514 515/515/515
f 513/513/513 515/515/515 516/516/516
f 517/517/517 518/518/518 519/519/519
f 517/517/517 519/519/519 520/520/520
f 521/521/521 522/522/522 523/523/523
f 521/521/521 523/523/523 524/524/524
f 525/525/525 526/526/526 527/527/527
f 525/525/525 527/527/527 528/528/528
f 529/529/529 530/530/530 531/531/531
f 529/529/529 531/531/531 532/532/532
f 533/533/533 534/534/534 535/535/535
f 533/533/533 535/535/535 536/536/536
f 537/537/537 538/538/538 539/539/539
f 537/537/537 539/539/539 540/540/540
f 541/541/541 542/542/542 543/543/543
f 541/541/541 543/543/543 544/544/544
f 545/545/545 546/546/546 547/547/547
f 545/545/545 547/547/547 548/548/548
f 549/549/549 550/550/550 551/551/551
f 549/549/549 551/551/551 552/552/552
f 553/553/553 554/554/554 555/555/555
f 553/553/553 555/555/555 556/556/556
f 557/557/557 558/558/558 559/559/559
f 557/557/557 559/559/559 560/560/560
f 561/561/561 562/562/562 563/563/563
f 561/561/561 563/563/563 564/564/564
f 565/565/565 566/566/566 567/567/567
f 565/565/565 567/567/567 568/568/568
f 569/569/569 570/570/570 571/571/571
f 569/569/569 571/571/571 572/572/572
f 573/573/573 574/574/574 575/575/575
f 573/573/573 575/575/575 576/576/576
f 577/577/577 578/578/578 579/579/579
f 577/577/577 579/579/579 580/580/580
f 581/581/581 582/582/582 583/583/583
f 581/581/581 583/583/583 584/584/584
f 585/585/585 586/586/586 587/587/587
f 585/585/585 587/587/587 588/588/588
f 589/589/589 590/590/590 591/591/591
f 589/589/589 591/591/591 592/592/592
f 593/593/593 594/594/594 595/595/595
f 593/593/593 595/595/595 596/596/596
f 597/597/597 598/598/598 599/599/599
f 597/597/597 599/599/599 600/600/600
f 601/601/601 602/602/602 611/611/611
f 602/602/602 603/603/603 612/612/612
f 603/603/603 604/604/604 613/613/613
f 604/604/604 605/605/605 614/614/614
f 605/605/605 606/606/606 615/615/615
f 606/606/606 607/607/607 616/616/616
f 607/607/607 608/608/608 617/617/617
f 608/608/608 609/609/609 618/618/618
f 610/610/610 611/611/611 620/620/620
f 611/611/611 612/612/612 621/621/621
f 612/612/612 613/613/613 622/622/622
f 613/613/613 614/614/614 623/623/623
f 614/614/614 615/615/615 624/624/624
f 615/615/615 616/616/616 625/625/625
f 616/616/616 617/617/617 626/626/626
f 617/617/617 618/618/618 627/627/627
f 619/619/619 620/620/620 629/629/629
f 620/620/620 621/621/621 630/630/630
f 621/621/621 622/622/622 631/631/631
f 622/622/622 623/623/623 632/632/632
f 623/623/623 624/624/624 633/633/633
f 624/624/624 625/625/625 634/634/634
f 625/625/625 626/626/626 635/635/635
f 626/626/626 627/627/627 636/636/636
f 628/628/628 629/629/629 638/638/638
f 629/629/629 630/630/630 639/639/639
f 630/630/630 631/631/631 640/640/640
f 631/631/631 632/632/632 641/641/641
f 632/632/632 633/633/633 642/642/642
f 633/633/633 634/634/634 643/643/643
f 634/634/634 635/635/635 644/644/644
f 635/635/635 636/636/636 645/645/645
f 637/637/637 638/638/638 647/647/647
f 638/638/638 639/639/639 648/648/648
f 639/639/639 640/640/640 649/649/649
f 640/640/640 641/641/641 650/650/650
f 641/641/641 642/642/642 651/651/651
f 642/642/642 643/643/643 652/652/652
f 643/643/643 644/644/644 653/653/653
f 644/644/644 645/645/645 654/654/654
f 646/646/646 647/647/647 656/656/656
f 647/647/647 648/648/648 657/657/657
f 648/648/648 649/649/649 658/658/658
f 649/649/649 650/650/650 659/659/659
f 650/650/650 651/651/651 660/660/660
f 651/651/651 652/652/652 661/661/661
f 652/652/652 653/653/653 662/662/662
f 653/653/653 654/654/654 663/663/663
f 655/655/655 656/656/656 665/665/665
f 656/656/656 657/657/657 666/666/666
f 657/657/657 658/658/658 667/667/667
f 658/658/658 659/659/659 668/668/668
f 659/659/659 660/660/660 669/669/669
f 660/660/660 661/661/661 670/670/670
f 661/661/661 662/662/662 671/671/671
f 662/662/662 663/663/663 672/672/672
f 664/664/664 665/665/665 674/674/674
f 665/665/665 666/666/666 675/675/675
f 666/666/666 667/667/667 676/676/676
f 667/667/667 668/668/668 677/677/677
f 668/668/668 669/669/669 678/678/678
f 669/669/669 670/670/670 679/679/679
f 670/670/670 671/671/671 680/680/680
f 671/671/671 672/672/672 681/681/681
f 673/673/673 674/674/674 683/683/683
f 674/674/674 675/675/675 684/684/684
f 675/675/675 676/676/676 685/685/685
f 676/676/676 677/677/677 686/686/686
f 677/677/677 678/678/678 687/687/687
f 678/678/678 679/679/679 688/688/688
f 679/679/679 680/680/680 689/689/689
f 680/680/680 681/681/681 690/690/690
f 682/682/682 683/683/683 692/692/692
f 683/683/683 684/684/684 693/693/693
f 684/684/684 685/685/685 694/694/694
f 685/685/685 686/686/686 695/695/695
f 686/686/686 687/687/687 696/696/696
f 687/687/687 688/688/688 697/697/697
f 688/688/688 689/689/689 698/698/698
f 689/689/689 690/690/690 699/699/699
f 691/691/691 692/692/692 701/701/701
f 692/692/692 693/693/693 702/702/702
f 693/693/693 694/694/694 703/703/703
f 694/694/694 695/695/695 704/704/704
f 695/695/695 696/696/696 705/705/705
f 696/696/696 697/697/697 706/706/706
f 697/697/697 698/698/698 707/707/707
f 698/698/698 699/699/699 708/708/708
f 700/700/700 701/701/701 710/710/710
f 701/701/701 702/702/702 711/711/711
f 702/702/702 703/703/703 712/712/712
f 703/703/703 704/704/704 713/713/713
f 704/704/704 705/705/705 714/714/714
f 705/705/705 706/706/706 715/715/715
f 706/706/706 707/707/707 716/716/716
f 707/707/707 708/708/708 717/717/717
f 709/709/709 710/710/710 719/719/719
f 710/710/710 711/711/711 720/720/720
f 711/711/711 712/712/712 721/721/721
f 712/712/712 713/713/713 722/722/722
f 713/713/713 714/714/714 723/723/723
f 714/714/714 715/715/715 724/724/724
f 715/715/715 716/716/716 725/725/725
f 716/716/716 717/717/717 726/726/726
f 718/718/718 719/719/719 728/728/728
f 719/719/719 720/720/720 729/729/729
f 720/720/720 721/721/721 730/730/730
f 721/721/721 722/722/722 731/731/731
f 722/722/722 723/723/723 732/732/732
f 723/723/723 724/724/724 733/733/733
f 724/724/724 725/725/725 734/734/734
f 725/725/725 726/726/726 735/735/735
f 727/727/727 728/728/728 737/737/737
f 728/728/728 729/729/729 738/738/738
f 729/729/729 730/730/730 739/739/739
f 730/730/730 731/731/731 740/740/740
f 731/731/731 732/732/732 741/741/741
f 732/732/732 733/733/733 742/742/742
f 733/733/733 734/734/734 743/743/743
f 734/734/734 735/735/735 744/744/744
f 736/736/736 737/737/737 746/746/746
f 737/737/737 738/738/738 747/747/747
f 738/738/738 739/739/739 748/748/748
f 739/739/739 740/740/740 749/749/749
f 740/740/740 741/741/741 750/750/750
f 741/741/741 742/742/742 751/751/751
f 742/742/742 743/743/743 752/752/752
f 743/743/743 744/744/744 753/753/753
f 745/745/745 746/746/746 755/755/755
f 746/746/746 747/747/747 756/756/756
f 747/747/747 748/748/748 757/757/757
f 748/748/748 749/749/749 758/758/758
f 749/749/749 750/750/750 759/759/759
f 750/750/750 751/751/751 760/760/760
f 751/751/751 752/752/752 761/761/761
f 752/752/752 753/753/753 762/762/762
f 754/754/754 755/755/755 764/764/764
f 755/755/755 756/756/756 765/765/765
f 756/756/756 757/757/757 766/766/766
f 757/757/757 758/758/758 767/767/767
f 758/758/758 759/759/759 768/768/768
f 759/759/759 760/760/760 769/769/769
f 760/760/760 761/761/761 770/770/770
f 761/761/761 762/762/762 771/771/771
f 763/763/763 764/764/764 773/773/773
f 764/764/764 765/765/765 774/774/774
f 765/765/765 766/766/766 775/775/775
f 766/766/766 767/767/767 776/776/776
f 767/767/767 768/768/768 777/777/777
f 768/768/768 769/769/769 778/778/778
f 769/769/769 770/770/770 779/779/779
f 770/770/770 771/771/771 780/780/780
f 772/772/772 773/773/773 782/782/782
f 773/773/773 774/774/774 783/783/783
f 774/774/774 775/775/775 784/784/784
f 775/775/775 776/776/776 785/785/785
f 776/776/776 777/777/777 786/786/786
f 777/777/777 778/778/778 787/787/787
f 778/778/778 779/779/779 788/788/788
f 779/779/779 780/780/780 789/789/789
f 781/781/781 782/782/782 791/791/791
f 782/782/782 783/783/783 792/792/792
f 783/783/783 784/784/784 793/793/793
f 784/784/784 785/785/785 794/794/794
f 785/785/785 786/786/786 795/795/795
f 786/786/786 787/787/787 796/796/796
f 787/787/787 788/788/788 797/797/797
f 788/788/788 789/789/789 798/798/798
f 790/790/790 791/791/791 800/800/800
f 791/791/791 792/792/792 801/801/801
f 792/792/792 793/793/793 802/802/802
f 793/793/793 794/794/794 803/803/803
f 794/794/794 795/795/795 804/804/804
f 795/795/795 796/796/796 805/805/805
f 796/796/796 797/797/797 806/806/806
f 797/797/797 798/798/798 807/807/807
f 799/799/799 800/800/800 809/809/809
f 800/800/800 801/801/801 810/810/810
f 801/801/801 802/802/802 811/811/811
f 802/802/802 803/803/803 812/812/812
f 803/803/803 804/804/804 813/813/813
f 804/804/804 805/805/805 814/814/814
f 805/805/805 806/806/806 815/815/815
f 806/806/806 807/807/807 816/816/816
f 808/808/808 809/809/809 818/818/818
f 809/809/809 810/810/810 819/819/819
f 810/810/810 811/811/811 820/820/820
f 811/811/811 812/812/812 821/821/821
f 812/812/812 813/813/813 822/822/822
f 813/813/813 814/814/814 823/823/823
f 814/814/814 815/815/815 824/824/824
f 815/815/815 816/816/816 825/825/825
f 817/817/817 818/818/818 827/827/827
f 818/818/818 819/819/819 828/828/828
f 819/819/819 820/820/820 829/829/829
f 820/820/820 821/821/821 830/830/830
f 821/821/821 822/822/822 831/831/831
f 822/822/822 823/823/823 832/832/832
f 823/823/823 824/824/824 833/833/833
f 824/824/824 825/825/825 834/834/834
f 826/826/826 827/827/827 836/836/836
f 827/827/827 828/828/828 837/837/837
f 828/828/828 829/829/829 838/838/838
f 829/829/829 830/830/830 839/839/839
f 830/830/830 831/831/831 840/840/840
f 831/831/831 832/832/832 841/841/841
f 832/832/832 833/833/833 842/842/842
f 833/833/833 834/834/834 843/843/843
f 835/835/835 836/836/836 845/845/845
f 836/836/836 837/837/837 846/846/846
f 837/837/837 838/838/838 847/847/847
f 838/838/838 839/839/839 848/848/848
f 839/839/839 840/840/840 849/849/849
f 840/840/840 841/841/841 850/850/850
f 841/841/841 842/842/842 851/851/851
f 842/842/842 843/843/843 852/852/852
f 844/844/844 845/845/845 854/854/854
f 845/845/845 846/846/846 855/855/855
f 846/846/846 847/847/847 856/856/856
f 847/847/847 848/848/848 857/857/857
f 848/848/848 849/849/849 858/858/858
f 849/849/849 850/850/850 859/859/859
f 850/850/850 851/851/851 860/860/860
f 851/851/851 852/852/852 861/861/861
f 853/853/853 854/854/854 863/863/863
f 854/854/854 855/855/855 864/864/864
f 855/855/855 856/856/856 865/865/865
f 856/856/856 857/857/857 866/866/866
f 857/857/857 858/858/858 867/867/867
f 858/858/858 859/859/859 868/868/868
f 859/859/859 860/860/860 869/869/869
f 860/860/860 861/861/861 870/870/870
f 862/862/862 863/863/863 872/872/872
f 863/863/863 864/864/864 873/873/873
f 864/864/864 865/865/865 874/874/874
f 865/865/865 866/866/866 875/875/875
f 866/866/866 867/867/867 876/876/876
f 867/867/867 868/868/868 877/877/877
f 868/868/868 869/869/869 878/878/878
f 869/869/869 870/870/870 879/879/879
f 871/871/871 872/872/872 881/881/881
f 872/872/872 873/873/873 882/882/882
f 873/873/873 874/874/874 883/883/883
f 874/874/874 875/875/875 884/884/884
f 875/875/875 876/876/876 885/885/885
f 876/876/876 877/877/877 886/886/886
f 877/877/877 878/878/878 887/887/887
f 878/878/878 879/879/879 888/888/888
f 880/880/880 881/881/881 890/890/890
f 881/881/881 882/882/882 891/891/891
f 882/882/882 883/883/883 892/892/892
f 883/883/883 884/884/884 893/893/893
f 884/884/884 885/885/885 894/894/894
f 885/885/885 886/886/886 895/895/895
f 886/886/886 887/887/887 896/896/896
f 887/887/887 888/888/888 897/897/897
f 889/889/889 890/890/890 899/899/899
f 890/890/890 891/891/891 900/900/900
f 891/891/891 892/892/892 901/901/901
f 892/892/892 893/893/893 902/902/902
f 893/893/893 894/894/894 903/903/903
f 894/894/894 895/895/895 904/904/904
f 895/895/895 896/896/896 905/905/905
f 896/896/896 897/897/897 906/906/906
f 898/898/898 899/899/899 908/908/908
f 899/899/899 900/900/900 909/909/909
f 900/900/900 901/901/901 910/910/910
f 901/901/901 902/902/902 911/911/911
f 902/902/902 903/903/903 912/912/912
f 903/903/903 904/904/904 913/913/913
f 904/904/904 905/905/905 914/914/914
f 905/905/905 906/906/906 915/915/915
f 907/907/907 908/908/908 917/917/917
f 908/908/908 909/909/909 918/918/918
f 909/909/909 910/910/910 919/919/919
f 910/910/910 911/911/911 920/920/920
f 911/911/911 912/912/912 921/921/921
f 912/912/912 913/913/913 922/922/922
f 913/913/913 914/914/914 923/923/923
f 914/914/914 915/915/915 924/924/924
f 916/916/916 917/917/917 926/926/926
f 917/917/917 918/918/918 927/927/927
f 918/918/918 919/919/919 928/928/928
f 919/919/919 920/920/920 929/929/929
f 920/920/920 921/921/921 930/930/930
f 921/921/921 922/922/922 931/931/931
f 922/922/922 923/923/923 932/932/932
f 923/923/923 924/924/924 933/933/933
f 925/925/925 926/926/926 935/935/935
f 926/926/926 927/927/927 936/936/936
f 927/927/927 928/928/928 937/937/937
f 928/928/928 929/929/929 938/938/938
f 929/929/929 930/930/930 939/939/939
f 930/930/930 931/931/931 940/940/940
f 931/931/931 932/932/932 941/941/941
f 932/932/932 933/933/933 942/942/942
f 934/934/934 935/935/935 944/944/944
f 935/935/935 936/936/936 945/945/945
f 936/936/936 937/937/937 946/946/946
f 937/937/937 938/938/938 947/947/947
f 938/938/938 939/939/939 948/948/948
f 939/939/939 940/940/940 949/949/949
f 940/940/940 941/941/941 950/950/950
f 941/941/941 942/942/942 951/951/951
f 943/943/943 944/944/944 953/953/953
f 944/944/944 945/945/945 954/954/954
f 945/945/945 946/946/946 955/955/955
f 946/946/946 947/947/947 956/956/956
f 947/947/947 948/948/948 957/957/957
f 948/948/948 949/949/949 958/958/958
f 949/949/949 950/950/950 959/959/959
f 950/950/950 951/951/951 960/960/960
f 952/952/952 953/953/953 962/962/962
f 953/953/953 954/954/954 963/963/963
f 954/954/954 955/955/955 964/964/964
f 955/955/955 956/956/956 965/965/965
f 956/956/956 957/957/957 966/966/966
f 957/957/957 958/958/958 967/967/967
f 958/958/958 959/959/959 968/968/968
f 959/959/959 960/960/960 969/969/969
f 961/961/961 962/962/962 971/971/971
f 962/962/962 963/963/963 972/972/972
f 963/963/963 964/964/964 973/973/973
f 964/964/964 965/965/965 974/974/974
f 965/965/965 966/966/966 975/975/975
f 966/966/966 967/967/967 976/976/976
f 967/967/967 968/968/968 977/977/977
f 968/968/968 969/969/969 978/978/978
f 970/970/970 971/971/971 980/980/980
f 971/971/971 972/972/972 981/981/981
f 972/972/972 973/973/973 982/982/982
f 973/973/973 974/974/974 983/983/983
f 974/974/974 975/975/975 984/984/984
f 975/975/975 976/976/976 985/985/985
f 976/976/976 977/977/977 986/986/986
f 977/977/977 978/978/978 987/987/987
f 979/979/979 980/980/980 989/989/989
f 980/980/980 981/981/981 990/990/990
f 981/981/981 982/982/982 991/991/991
f 982/982/982 983/983/983 992/992/992
f 983/983/983 984/984/984 993/993/993
f 984/984/984 985/985/985 994/994/994
f 985/985/985 986/986/986 995/995/995
f 986/986/986 987/987/987 996/996/996
f 988/988/988 989/989/989 998/998/998
f 989/989/989 990/990/990 999/999/999
f 990/990/990 991/991/991 1000/1000/1000
f 991/991/991 992/992/992 1001/1001/1001
f 992/992/992 993/993/993 1002/1002/1002
f 993/993/993 994/994/994 1003/1003/1003
f 994/994/994 995/995/995 1004/1004/1004
f 995/995/995 996/996/996 1005/1005/1005
f 997/997/997 998/998/998 1007/1007/1007
f 998/998/998 999/999/999 1008/1008/1008
f 999/999/999 1000/1000/1000 1009/1009/1009
f 1000/1000/1000 1001/1001/1001 1010/1010/1010
f 1001/1001/1001 1002/1002/1002 1011/1011/1011
f 1002/1002/1002 1003/1003/1003 1012/1012/1012
f 1003/1003/1003 1004/1004/1004 1013/1013/1013
f 1004/1004/1004 1005/1005/1005 1014/1014/1014
f 1006/1006/1006 1007/1007/1007 1016/1016/1016
f 1007/1007/1007 1008/1008/1008 1017/1017/1017
f 1008/1008/1008 1009/1009/1009 1018/1018/1018
f 1009/1009/1009 1010/1010/1010 1019/1019/1019
f 1010/1010/1010 1011/1011/1011 1020/1020/1020
f 1011/1011/1011 1012/1012/1012 1021/1021/1021
f 1012/1012/1012 1013/1013/1013 1022/1022/1022
f 1013/1013/1013 1014/1014/1014 1023/1023/1023
f 1015/1015/1015 1016/1016/1016 1025/1025/1025
f 1016/1016/1016 1017/1017/1017 1026/1026/1026
f 1017/1017/1017 1018/1018/1018 1027/1027/1027
f 1018/1018/1018 1019/1019/1019 1028/1028/1028
f 1019/1019/1019 1020/1020/1020 1029/1029/1029
f 1020/1020/1020 1021/1021/1021 1030/1030/1030
f 1021/1021/1021 1022/1022/1022 1031/1031/1031
f 1022/1022/1022 1023/1023/1023 1032/1032/1032
f 1024/1024/1024 1025/1025/1025 1034/1034/1034
f 1025/1025/1025 1026/1026/1026 1035/1035/1035
f 1026/1026/1026 1027/1027/1027 1036/1036/1036
f 1027/1027/1027 1028/1028/1028 1037/1037/1037
f 1028/1028/1028 1029/1029/1029 1038/1038/1038
f 1029/1029/1029 1030/1030/1030 1039/1039/1039
f 1030/1030/1030 1031/1031/1031 1040/1040/1040
f 1031/1031/1031 1032/1032/1032 1041/1041/1041
f 601/601/601 611/611/611 610/610/610
f 602/602/602 612/612/612 611/611/611
f 603/603/603 613/613/613 612/612/612
f 604/604/604 614/614/614 613/613/613
f 605/605/605 615/615/615 614/614/614
f 606/606/606 616/616/616 615/615/615
f 607/607/607 617/617/617 616/616/616
f 608/608/608 618/618/618 617/617/617
f 610/610/610 620/620/620 619/619/619
f 611/611/611 621/621/621 620/620/620
f 612/612/612 622/622/622 621/621/621
f 613/613/613 623/623/623 622/622/622
f 614/614/614 624/624/624 623/623/623
f 615/615/615 625/625/625 624/624/624
f 616/616/616 626/626/626 625/625/625
f 617/617/617 627/627/627 626/626/626
f 619/619/619 629/629/629 628/628/628
f 620/620/620 630/630/630 629/629/629
f 621/621/621 631/631/631 630/630/630
f 622/622/622 632/632/632 631/631/631
f 623/623/623 633/633/633 632/632/632
f 624/624/624 634/634/634 633/633/633
f 625/625/625 635/635/635 634/634/634
f 626/626/626 636/636/636 635/635/635
f 628/628/628 638/638/638 637/637/637
f 629/629/629 639/639/639 638/638/638
f 630/630/630 640/640/640 639/639/639
f 631/631/631 641/641/641 640/640/640
f 632/632/632 642/642/642 641/641/641
f 633/633/633 643/643/643 642/642/642
f 634/634/634 644/644/644 643/643/643
f 635/635/635 645/645/645 644/644/644
f 637/637/637 647/647/647 646/646/646
f 638/638/638 648/648/648 647/647/647
f 639/639/639 649/649/649 648/648/648
f 640/640/640 650/650/650 649/649/649
f 641/641/641 651/651/651 650/650/650
f 642/642/642 652/652/652 651/651/651
f 643/643/643 653/653/653 652/652/652
f 644/644/644 654/654/654 653/653/653
f 646/646/646 656/656/656 655/655/655
f 647/647/647 657/657/657 656/656/656
f 648/648/648 658/658/658 657/657/657
f 649/649/649 659/659/659 658/658/658
f 650/650/650 660/660/660 659/659/659
f 651/651/651 661/661/661 660/660/660
f 652/652/652 662/662/662 661/661/661
f 653/653/653 663/663/663 662/662/662
f 655/655/655 665/665/665 664/664/664
f 656/656/656 666/666/666 665/665/665
f 657/657/657 667/667/667 666/666/666
f 658/658/658 668/668/668 667/667/667
f 659/659/659 669/669/669 668/668/668
f 660/660/660 670/670/670 669/669/669
f 661/661/661 671/671/671 670/670/670
f 662/662/662 672/672/672 671/671/671
f 664/664/664 674/674/674 673/673/673
f 665/665/665 675/675/675 674/674/674
f 666/666/666 676/676/676 675/675/675
f 667/667/667 677/677/677 676/676/676
f 668/668/668 678/678/678 677/677/677
f 669/669/669 679/679/679 678/678/678
f 670/670/670 680/680/680 679/679/679
f 671/671/671 681/681/681 680/680/680
f 673/673/673 683/683/683 682/682/682
f 674/674/674 684/684/684 683/683/683
f 675/675/675 685/685/685 684/684/684
f 676/676/676 686/686/686 685/685/685
f 677/677/677 687/687/687 686/686/686
f 678/678/678 688/688/688 687/687/687
f 679/679/679 689/689/689 688/688/688
f 680/680/680 690/690/690 689/689/689
f 682/682/682 692/692/692 691/691/691
f 683/683/683 693/693/693 692/692/692
f 684/684/684 694/694/694 693/693/693
f 685/685/685 695/695/695 694/694/694
f 686/686/686 696/696/696 695/695/695
f 687/687/687 697/697/697 696/696/696
f 688/688/688 698/698/698 697/697/697
f 689/689/689 699/699/699 698/698/698
f 691/691/691 701/701/701 700/700/700
f 692/692/692 702/702/702 701/701/701
f 693/693/693 703/703/703 702/702/702
f 694/694/694 704/704/704 703/703/703
f 695/695/695 705/705/705 704/704/704
f 696/696/696 706/706/706 705/705/705
f 697/697/697 707/707/707 706/706/706
f 698/698/698 708/708/708 707/707/707
f 700/700/700 710/710/710 709/709/709
f 701/701/701 711/711/711 710/710/710
f 702/702/702 712/712/712 711/711/711
f 703/703/703 713/713/713 712/712/712
f 704/704/704 714/714/714 713/713/713
f 705/705/705 715/715/715 714/714/714
f 706/706/706 716/716/716 715/715/715
f 707/707/707 717/717/717 716/716/716
f 709/709/709 719/719/719 718/718/718
f 710/710/710 720/720/720 719/719/719
f 711/711/711 721/721/721 720/720/720
f 712/712/712 722/722/722 721/721/721
f 713/713/713 723/723/723 722/722/722
f 714/714/714 724/724/724 723/723/723
f 715/715/715 725/725/725 724/724/724
f 716/716/716 726/726/726 725/725/725
f 718/718/718 728/728/728 727/727/727
f 719/719/719 729/729/729 728/728/728
f 720/720/720 730/730/730 729/729/729
f 721/721/721 731/731/731 730/730/730
f 722/722/722 732/732/732 731/731/731
f 723/723/723 733/733/733 732/732/732
f 724/724/724 734/734/734 733/733/733
f 725/725/725 735/735/735 734/734/734
f 727/727/727 737/737/737 736/736/736
f 728/728/728 738/738/738 737/737/737
f 729/729/729 739/739/739 738/738/738
f 730/730/730 740/740/740 739/739/739
f 731/731/731 741/741/741 740/740/740
f 732/732/732 742/742/742 741/741/741
f 733/733/733 743/743/743 742/742/742
f 734/734/734 744/744/744 743/743/743
f 736/736/736 746/746/746 745/745/745
f 737/737/737 747/747/747 746/746/746
f 738/738/738 748/748/748 747/747/747
f 739/739/739 749/749/749 748/748/748
f 740/740/740 750/750/750 749/749/749
f 741/741/741 751/751/751 750/750/750
f 742/742/742 752/752/752 751/751/751
f 743/743/743 753/753/753 752/752/752
f 745/745/745 755/755/755 754/754/754
f 746/746/746 756/756/756 755/755/755
f 747/747/747 757/757/757 756/756/756
f 748/748/748 758/758/758 757/757/757
f 749/749/749 759/759/759 758/758/758
f 750/750/750 760/760/760 759/759/759
f 751/751/751 761/761/761 760/760/760
f 752/752/752 762/762/762 761/761/761
f 754/754/754 764/764/764 763/763/763
f 755/755/755 765/765/765 764/764/764
f 756/756/756 766/766/766 765/765/765
f 757/757/757 767/767/767 766/766/766
f 758/758/758 768/768/768 767/767/767
f 759/759/759 769/769/769 768/768/768
f 760/760/760 770/770/770 769/769/769
f 761/761/761 771/771/771 770/770/770
f 763/763/763 773/773/773 772/772/772
f 764/764/764 774/774/774 773/773/773
f 765/765/765 775/775/775 774/774/774
f 766/766/766 776/776/776 775/775/775
f 767/767/767 777/777/777 776/776/776
f 768/768/768 778/778/778 777/777/777
f 769/769/769 779/779/779 778/778/778
f 770/770/770 780/780/780 779/779/779
f 772/772/772 782/782/782 781/781/781
f 773/773/773 783/783/783 782/782/782
f 774/774/774 784/784/784 783/783/783
f 775/775/775 785/785/785 784/784/784
f 776/776/776 786/786/786 785/785/785
f 777/777/777 787/787/787 786/786/786
f 778/778/778 788/788/788 787/787/787
f 779/779/779 789/789/789 788/788/788
f 781/781/781 791/791/791 790/790/790
f 782/782/782 792/792/792 791/791/791
f 783/783/783 793/793/793 792/792/792
f 784/784/784 794/794/794 793/793/793
f 785/785/785 795/795/795 794/794/794
f 786/786/786 796/796/796 795/795/795
f 787/787/787 797/797/797 796/796/796
f 788/788/788 798/798/798 797/797/797
f 790/790/790 800/800/800 799/799/799
f 791/791/791 801/801/801 800/800/800
f 792/792/792 802/802/802 801/801/801
f 793/793/793 803/803/803 802/802/802
f 794/794/794 804/804/804 803/803/803
f 795/795/795 805/805/805 804/804/804
f 796/796/796 806/806/806 805/805/805
f 797/797/797 807/807/807 806/806/806
f 799/799/799 809/809/809 808/808/808
f 800/800/800 810/810/810 809/809/809
f 801/801/801 811/811/811 810/810/810
f 802/802/802 812/812/812 811/811/811
f 803/803/803 813/813/813 812/812/812
f 804/804/804 814/814/814 813/813/813
f 805/805/805 815/815/815 814/814/814
f 806/806/806 816/816/816 815/815/815
f 808/808/808 818/818/818 817/817/817
f 809/809/809 819/819/819 818/818/818
f 810/810/810 820/820/820 819/819/819
f 811/811/811 821/821/821 820/820/820
f 812/812/812 822/822/822 821/821/821
f 813/813/813 823/823/823 822/822/822
f 814/814/814 824/824/824 823/823/823
f 815/815/815 825/825/825 824/824/824
f 817/817/817 827/827/827 826/826/826
f 818/818/818 828/828/828 827/827/827
f 819/819/819 829/829/829 828/828/828
f 820/820/820 830/830/830 829/829/829
f 821/821/821 831/831/831 830/830/830
f 822/822/822 832/832/832 831/831/831
f 823/823/823 833/833/833 832/832/832
f 824/824/824 834/834/834 833/833/833
f 826/826/826 836/836/836 835/835/835
f 827/827/827 837/837/837 836/836/836
f 828/828/828 838/838/838 837/837/837
f 829/829/829 839/839/839 838/838/838
f 830/830/830 840/840/840 839/839/839
f 831/831/831 841/841/841 840/840/840
f 832/832/832 842/842/842 841/841/841
f 833/833/833 843/843/843 842/842/842
f 835/835/835 845/845/845 844/844/844
f 836/836/836 846/846/846 845/845/845
f 837/837/837 847/847/847 846/846/846
f 838/838/838 848/848/848 847/847/847
f 839/839/839 849/849/849 848/848/848
f 840/840/840 850/850/850 849/849/849
f 841/841/841 851/851/851 850/850/850
f 842/842/842 852/852/852 851/851/851
f 844/844/844 854/854/854 853/853/853
f 845/845/845 855/855/855 854/854/854
f 846/846/846 856/856/856 855/855/855
f 847/847/847 857/857/857 856/856/856
f 848/848/848 858/858/858 857/857/857
f 849/849/849 859/859/859 858/858/858
f 850/850/850 860/860/860 859/859/859
f 851/851/851 861/861/861 860/860/860
f 853/853/853 863/863/863 862/862/862
f 854/854/854 864/864/864 863/863/863
f 855/855/855 865/865/865 864/864/864
f 856/856/856 866/866/866 865/865/865
f 857/857/857 867/867/867 866/866/866
f 858/858/858 868/868/868 867/867/867
f 859/859/859 869/869/869 868/868/868
f 860/860/860 870/870/870 869/869/869
f 862/862/862 872/872/872 871/871/871
f 863/863/863 873/873/873 872/872/872
f 864/864/864 874/874/874 873/873/873
f 865/865/865 875/875/875 874/874/874
f 866/866/866 876/876/876 875/875/875
f 867/867/867 877/877/877 876/876/876
f 868/868/868 878/878/878 877/877/877
f 869/869/869 879/879/879 878/878/878
f 871/871/871 881/881/881 880/880/880
f 872/872/872 882/882/882 881/881/881
f 873/873/873 883/883/883 882/882/882
f 874/874/874 884/884/884 883/883/883
f 875/875/875 885/885/885 884/884/884
f 876/876/876 886/886/886 885/885/885
f 877/877/877 887/887/887 886/886/886
f 878/878/878 888/888/888 887/887/887
f 880/880/880 890/890/890 889/889/889
f 881/881/881 891/891/891 890/890/890
f 882/882/882 892/892/892 891/891/891
f 883/883/883 893/893/893 892/892/892
f 884/884/884 894/894/894 893/893/893
f 885/885/885 895/895/895 894/894/894
f 886/886/886 896/896/896 895/895/895
f 887/887/887 897/897/897 896/896/896
f 889/889/889 899/899/899 898/898/898
f 890/890/890 900/900/900 899/899/899
f 891/891/891 901/901/901 900/900/900
f 892/892/892 902/902/902 901/901/901
f 893/893/893 903/903/903 902/902/902
f 894/894/894 904/904/904 903/903/903
f 895/895/895 905/905/905 904/904/904
f 896/896/896 906/906/906 905/905/905
f 898/898/898 908/908/908 907/907/907
f 899/899/899 909/909/909 908/908/908
f 900/900/900 910/910/910 909/909/909
f 901/901/901 911/911/911 910/910/910
f 902/902/902 912/912/912 911/911/911
f 903/903/903 913/913/913 912/912/912
f 904/904/904 914/914/914 913/913/913
f 905/905/905 915/915/915 914/914/914
f 907/907/907 917/917/917 916/916/916
f 908/908/908 918/918/918 917/917/917
f 909/909/909 919/919/919 918/918/918
f 910/910/910 920/920/920 919/919/919
f 911/911/911 921/921/921 920/920/920
f 912/912/912 922/922/922 921/921/921
f 913/913/913 923/923/923 922/922/922
f 914/914/914 924/924/924 923/923/923
f 916/916/916 926/926/926 925/925/925
f 917/917/917 927/927/927 926/926/926
f 918/918/918 928/928/928 927/927/927
f 919/919/919 929/929/929 928/928/928
f 920/920/920 930/930/930 929/929/929
f 921/921/921 931/931/931 930/930/930
f 922/922/922 932/932/932 931/931/931
f 923/923/923 933/933/933 932/932/932
f 925/925/925 935/935/935 934/934/934
f 926/926/926 936/936/936 935/935/935
f 927/927/927 937/937/937 936/936/936
f 928/928/928 938/938/938 937/937/937
f 929/929/929 939/939/939 938/938/938
f 930/930/930 940/940/940 939/939/939
f 931/931/931 941/941/941 940/940/940
f 932/932/932 942/942/942 941/941/941
f 934/934/934 944/944/944 943/943/943
f 935/935/935 945/945/945 944/944/944
f 936/936/936 946/946/946 945/945/945
f 937/937/937 947/947/947 946/946/946
f 938/938/938 948/948/948 947/947/947
f 939/939/939 949/949/949 948/948/948
f 940/940/940 950/950/950 949/949/949
f 941/941/941 951/951/951 950/950/950
f 943/943/943 953/953/953 952/952/952
f 944/944/944 954/954/954 953/953/953
f 945/945/945 955/955/955 954/954/954
f 946/946/946 956/956/956 955/955/955
f 947/947/947 957/957/957 956/956/956
f 948/948/948 958/958/958 957/957/957
f 949/949/949 959/959/959 958/958/958
f 950/950/950 960/960/960 959/959/959
f 952/952/952 962/962/962 961/961/961
f 953/953/953 963/963/963 962/962/962
f 954/954/954 964/964/964 963/963/963
f 955/955/955 965/965/965 964/964/964
f 956/956/956 966/966/966 965/965/965
f 957/957/957 967/967/967 966/966/966
f 958/958/958 968/968/968 967/967/967
f 959/959/959 969/969/969 968/968/968
f 961/961/961 971/971/971 970/970/970
f 962/962/962 972/972/972 971/971/971
f 963/963/963 973/973/973 972/972/972
f 964/964/964 974/974/974 973/973/973
f 965/965/965 975/975/975 974/974/974
f 966/966/966 976/976/976 975/975/975
f 967/967/967 977/977/977 976/976/976
f 968/968/968 978/978/978 977/977/977
f 970/970/970 980/980/980 979/979/979
f 971/971/971 981/981/981 980/980/980
f 972/972/972 982/982/982 981/981/981
f 973/973/973 983/983/983 982/982/982
f 974/974/974 984/984/984 983/983/983
f 975/975/975 985/985/985 984/984/984
f 976/976/976 986/986/986 985/985/985
f 977/977/977 987/987/987 986/986/986
f 979/979/979 989/989/989 988/988/988
f 980/980/980 990/990/990 989/989/989
f 981/981/981 991/991/991 990/990/990
f 982/982/982 992/992/992 991/991/991
f 983/983/983 993/993/993 992/992/992
f 984/984/984 994/994/994 993/993/993
f 985/985/985 995/995/995 994/994/994
f 986/986/986 996/996/996 995/995/995
f 988/988/988 998/998/998 997/997/997
f 989/989/989 999/999/999 998/998/998
f 990/990/990 1000/1000/1000 999/999/999
f 991/991/991 1001/1001/1001 1000/1000/1000
f 992/992/992 1002/1002/1002 1001/1001/1001
f 993/993/993 1003/1003/1003 1002/1002/1002
f 994/994/994 1004/1004/1004 1003/1003/1003
f 995/995/995 1005/1005/1005 1004/1004/1004
f 997/997/997 1007/1007/1007 1006/1006/1006
f 998/998/998 1008/1008/1008 1007/1007/1007
f 999/999/999 1009/1009/1009 1008/1008/1008
f 1000/1000/1000 1010/1010/1010 1009/1009/1009
f 1001/1001/1001 1011/1011/1011 1010/1010/1010
f 1002/1002/1002 1012/1012/1012 1011/1011/1011
f 1003/1003/1003 1013/1013/1013 1012/1012/1012
f 1004/1004/1004 1014/1014/1014 1013/1013/1013
f 1006/1006/1006 1016/1016/1016 1015/1015/1015
f 1007/1007/1007 1017/1017/1017 1016/1016/1016
f 1008/1008/1008 1018/1018/1018 1017/1017/1017
f 1009/1009/1009 1019/1019/1019 1018/1018/1018
f 1010/1010/1010 1020/1020/1020 1019/1019/1019
f 1011/1011/1011 1021/1021/1021 1020/1020/1020
f 1012/1012/1012 1022/1022/1022 1021/1021/1021
f 1013/1013/1013 1023/1023/1023 1022/1022/1022
f 1015/1015/1015 1025/1025/1025 1024/1024/1024
f 1016/1016/1016 1026/1026/1026 1025/1025/1025
f 1017/1017/1017 1027/1027/1027 1026/1026/1026
f 1018/1018/1018 1028/1028/1028 1027/1027/1027
f 1019/1019/1019 1029/1029/1029 1028/1028/1028
f 1020/1020/1020 1030/1030/1030 1029/1029/1029
f 1021/1021/1021 1031/1031/1031 1030/1030/1030
f 1022/1022/1022 1032/1032/1032 1031/1031/1031
f 1024/1024/1024 1034/1034/1034 1033/1033/1033
f 1025/1025/1025 1035/1035/1035 1034/1034/1034
f 1026/1026/1026 1036/1036/1036 1035/1035/1035
f 1027/1027/1027 1037/1037/1037 1036/1036/1036
f 1028/1028/1028 1038/1038/1038 1037/1037/1037
f 1029/1029/1029 1039/1039/1039 1038/1038/1038
f 1030/1030/1030 1040/1040/1040 1039/1039/1039
f 1031/1031/1031 1041/1041/1041 1040/1040/1040
f 1042/1042/1042 1043/1043/1043 1052/1052/1052
f 1043/1043/1043 1044/1044/1044 1053/1053/1053
f 1044/1044/1044 1045/1045/1045 1054/1054/1054
f 1045/1045/1045 1046/1046/1046 1055/1055/1055
f 1046/1046/1046 1047/1047/1047 1056/1056/1056
f 1047/1047/1047 1048/1048/1048 1057/1057/1057
f 1048/1048/1048 1049/1049/1049 1058/1058/1058
f 1049/1049/1049 1050/1050/1050 1059/1059/1059
f 1051/1051/1051 1052/1052/1052 1061/1061/1061
f 1052/1052/1052 1053/1053/1053 1062/1062/1062
f 1053/1053/1053 1054/1054/1054 1063/1063/1063
f 1054/1054/1054 1055/1055/1055 1064/1064/1064
f 1055/1055/1055 1056/1056/1056 1065/1065/1065
f 1056/1056/1056 1057/1057/1057 1066/1066/1066
f 1057/1057/1057 1058/1058/1058 1067/1067/1067
f 1058/1058/1058 1059/1059/1059 1068/1068/1068
f 1042/1042/1042 1052/1052/1052 1051/1051/1051
f 1043/1043/1043 1053/1053/1053 1052/1052/1052
f 1044/1044/1044 1054/1054/1054 1053/1053/1053
f 1045/1045/1045 1055/1055/1055 1054/1054/1054
f 1046/1046/1046 1056/1056/1056 1055/1055/1055
f 1047/1047/1047 1057/1057/1057 1056/1056/1056
f 1048/1048/1048 1058/1058/1058 1057/1057/1057
f 1049/1049/1049 1059/1059/1059 1058/1058/1058
f 1051/1051/1051 1061/1061/1061 1060/1060/1060
f 1052/1052/1052 1062/1062/1062 1061/1061/1061
f 1053/1053/1053 1063/1063/1063 1062/1062/1062
f 1054/1054/1054 1064/1064/1064 1063/1063/1063
f 1055/1055/1055 1065/1065/1065 1064/1064/1064
f 1056/1056/1056 1066/1066/1066 1065/1065/1065
f 1057/1057/1057 1067/1067/1067 1066/1066/1066
f 1058/1058/1058 1068/1068/1068 1067/1067/1067
f 1069/1069/1069 1071/1071/1071 1070/1070/1070
f 1069/1069/1069 1072/1072/1072 1071/1071/1071
f 1069/1069/1069 1073/1073/1073 1072/1072/1072
f 1069/1069/1069 1074/1074/1074 1073/1073/1073
f 1069/1069/1069 1075/1075/1075 1074/1074/1074
f 1069/1069/1069 1076/1076/1076 1075/1075/1075
f 1069/1069/1069 1077/1077/1077 1076/1076/1076
f 1069/1069/1069 1078/1078/1078 1077/1077/1077
f 1079/1079/1079 1080/1080/1080 1081/1081/1081
f 1079/1079/1079 1081/1081/1081 1082/1082/1082
f 1079/1079/1079 1082/1082/1082 1083/1083/1083
f 1079/1079/1079 1083/1083/1083 1084/1084/1084
f 1079/1079/1079 1084/1084/1084 1085/1085/1085
f 1079/1079/1079 1085/1085/1085 1086/1086/1086
f 1079/1079/1079 1086/1086/1086 1087/1087/1087
f 1079/1079/1079 1087/1087/1087 1088/1088/1088
f 1096/1096/1096 1089/1089/1089 1090/1090/1090
f 1096/1096/1096 1090/1090/1090 1091/1091/1091
f 1096/1096/1096 1091/1091/1091 1092/1092/1092
f 1092/1092/1092 1093/1093/1093 1094/1094/1094
f 1096/1096/1096 1092/1092/1092 1094/1094/1094
f 1094/1094/1094 1095/1095/1095 1096/1096/1096
f 1098/1098/1098 1097/1097/1097 1104/1104/1104
f 1099/1099/1099 1098/1098/1098 1104/1104/1104
f 1100/1100/1100 1099/1099/1099 1104/1104/1104
f 1102/1102/1102 1101/1101/1101 1100/1100/1100
f 1102/1102/1102 1100/1100/1100 1104/1104/1104
f 1104/1104/1104 1103/1103/1103 1102/1102/1102
f 1105/1105/1105 1106/1106/1106 1107/1107/1107
f 1105/1105/1105 1107/1107/1107 1108/1108/1108
f 1109/1109/1109 1110/1110/1110 1111/1111/1111
f 1109/1109/1109 1111/1111/1111 1112/1112/1112
f 1113/1113/1113 1114/1114/1114 1115/1115/1115
f 1113/1113/1113 1115/1115/1115 1116/1116/1116
f 1117/1117/1117 1118/1118/1118 1119/1119/1119
f 1117/1117/1117 1119/1119/1119 1120/1120/1120
f 1121/1121/1121 1122/1122/1122 1123/1123/1123
f 1121/1121/1121 1123/1123/1123 1124/1124/1124
f 1125/1125/1125 1126/1126/1126 1127/1127/1127
f 1125/1125/1125 1127/1127/1127 1128/1128/1128
f 1129/1129/1129 1130/1130/1130 1131/1131/1131
f 1129/1129/1129 1131/1131/1131 1132/1132/1132
f 1133/1133/1133 1134/1134/1134 1135/1135/1135
f 1133/1133/1133 1135/1135/1135 1136/1136/1136
