# procedural mesh, generated by comp_vision_sim/tools/make_assets.py
v 0.000000 0.000000 0.000600
v 0.000000 0.000000 0.000600
v 0.000000 0.000000 0.000600
v 0.000000 0.000000 0.000600
v 0.000000 0.000000 0.000600
v 0.000000 0.000000 0.000600
v 0.000000 0.000000 0.000600
v 0.000000 0.000000 0.000600
v 0.000000 0.000000 0.000600
v 0.000000 0.000000 0.000600
v 0.000000 0.000000 0.000600
v 0.000000 0.000000 0.000600
v 0.000000 0.000000 0.000600
v 0.000000 0.000000 0.000600
v 0.000000 0.000000 0.000600
v 0.000000 0.000000 0.000600
v 0.000000 0.000000 0.000600
v -0.000000 0.000000 0.000600
v -0.000000 0.000000 0.000600
v -0.000000 0.000000 0.000600
v -0.000000 0.000000 0.000600
v -0.000000 0.000000 0.000600
v -0.000000 0.000000 0.000600
v -0.000000 0.000000 0.000600
v -0.000000 0.000000 0.000600
v -0.000000 0.000000 0.000600
v -0.000000 0.000000 0.000600
v -0.000000 0.000000 0.000600
v -0.000000 0.000000 0.000600
v -0.000000 0.000000 0.000600
v -0.000000 0.000000 0.000600
v -0.000000 0.000000 0.000600
v -0.000000 0.000000 0.000600
v -0.000000 -0.000000 0.000600
v -0.000000 -0.000000 0.000600
v -0.000000 -0.000000 0.000600
v -0.000000 -0.000000 0.000600
v -0.000000 -0.000000 0.000600
v -0.000000 -0.000000 0.000600
v -0.000000 -0.000000 0.000600
v -0.000000 -0.000000 0.000600
v -0.000000 -0.000000 0.000600
v -0.000000 -0.000000 0.000600
v -0.000000 -0.000000 0.000600
v -0.000000 -0.000000 0.000600
v -0.000000 -0.000000 0.000600
v -0.000000 -0.000000 0.000600
v -0.000000 -0.000000 0.000600
v -0.000000 -0.000000 0.000600
v 0.000000 -0.000000 0.000600
v 0.000000 -0.000000 0.000600
v 0.000000 -0.000000 0.000600
v 0.000000 -0.000000 0.000600
v 0.000000 -0.000000 0.000600
v 0.000000 -0.000000 0.000600
v 0.000000 -0.000000 0.000600
v 0.000000 -0.000000 0.000600
v 0.000000 -0.000000 0.000600
v 0.000000 -0.000000 0.000600
v 0.000000 -0.000000 0.000600
v 0.000000 -0.000000 0.000600
v 0.000000 -0.000000 0.000600
v 0.000000 -0.000000 0.000600
v 0.000000 -0.000000 0.000600
v 0.000000 -0.000000 0.000600
v 0.026000 0.000000 0.000600
v 0.025875 0.002548 0.000600
v 0.025500 0.005072 0.000600
v 0.024880 0.007547 0.000600
v 0.024021 0.009950 0.000600
v 0.022930 0.012256 0.000600
v 0.021618 0.014445 0.000600
v 0.020098 0.016494 0.000600
v 0.018385 0.018385 0.000600
v 0.016494 0.020098 0.000600
v 0.014445 0.021618 0.000600
v 0.012256 0.022930 0.000600
v 0.009950 0.024021 0.000600
v 0.007547 0.024880 0.000600
v 0.005072 0.025500 0.000600
v 0.002548 0.025875 0.000600
v 0.000000 0.026000 0.000600
v -0.002548 0.025875 0.000600
v -0.005072 0.025500 0.000600
v -0.007547 0.024880 0.000600
v -0.009950 0.024021 0.000600
v -0.012256 0.022930 0.000600
v -0.014445 0.021618 0.000600
v -0.016494 0.020098 0.000600
v -0.018385 0.018385 0.000600
v -0.020098 0.016494 0.000600
v -0.021618 0.014445 0.000600
v -0.022930 0.012256 0.000600
v -0.024021 0.009950 0.000600
v -0.024880 0.007547 0.000600
v -0.025500 0.005072 0.000600
v -0.025875 0.002548 0.000600
v -0.026000 0.000000 0.000600
v -0.025875 -0.002548 0.000600
v -0.025500 -0.005072 0.000600
v -0.024880 -0.007547 0.000600
v -0.024021 -0.009950 0.000600
v -0.022930 -0.012256 0.000600
v -0.021618 -0.014445 0.000600
v -0.020098 -0.016494 0.000600
v -0.018385 -0.018385 0.000600
v -0.016494 -0.020098 0.000600
v -0.014445 -0.021618 0.000600
v -0.012256 -0.022930 0.000600
v -0.009950 -0.024021 0.000600
v -0.007547 -0.024880 0.000600
v -0.005072 -0.025500 0.000600
v -0.002548 -0.025875 0.000600
v -0.000000 -0.026000 0.000600
v 0.002548 -0.025875 0.000600
v 0.005072 -0.025500 0.000600
v 0.007547 -0.024880 0.000600
v 0.009950 -0.024021 0.000600
v 0.012256 -0.022930 0.000600
v 0.014445 -0.021618 0.000600
v 0.016494 -0.020098 0.000600
v 0.018385 -0.018385 0.000600
v 0.020098 -0.016494 0.000600
v 0.021618 -0.014445 0.000600
v 0.022930 -0.012256 0.000600
v 0.024021 -0.009950 0.000600
v 0.024880 -0.007547 0.000600
v 0.025500 -0.005072 0.000600
v 0.025875 -0.002548 0.000600
v 0.026000 -0.000000 0.000600
v 0.030000 0.000000 0.000000
v 0.029856 0.002941 0.000000
v 0.029424 0.005853 0.000000
v 0.028708 0.008709 0.000000
v 0.027716 0.011481 0.000000
v 0.026458 0.014142 0.000000
v 0.024944 0.016667 0.000000
v 0.023190 0.019032 0.000000
v 0.021213 0.021213 0.000000
v 0.019032 0.023190 0.000000
v 0.016667 0.024944 0.000000
v 0.014142 0.026458 0.000000
v 0.011481 0.027716 0.000000
v 0.008709 0.028708 0.000000
v 0.005853 0.029424 0.000000
v 0.002941 0.029856 0.000000
v 0.000000 0.030000 0.000000
v -0.002941 0.029856 0.000000
v -0.005853 0.029424 0.000000
v -0.008709 0.028708 0.000000
v -0.011481 0.027716 0.000000
v -0.014142 0.026458 0.000000
v -0.016667 0.024944 0.000000
v -0.019032 0.023190 0.000000
v -0.021213 0.021213 0.000000
v -0.023190 0.019032 0.000000
v -0.024944 0.016667 0.000000
v -0.026458 0.014142 0.000000
v -0.027716 0.011481 0.000000
v -0.028708 0.008709 0.000000
v -0.029424 0.005853 0.000000
v -0.029856 0.002941 0.000000
v -0.030000 0.000000 0.000000
v -0.029856 -0.002941 0.000000
v -0.029424 -0.005853 0.000000
v -0.028708 -0.008709 0.000000
v -0.027716 -0.011481 0.000000
v -0.026458 -0.014142 0.000000
v -0.024944 -0.016667 0.000000
v -0.023190 -0.019032 0.000000
v -0.021213 -0.021213 0.000000
v -0.019032 -0.023190 0.000000
v -0.016667 -0.024944 0.000000
v -0.014142 -0.026458 0.000000
v -0.011481 -0.027716 0.000000
v -0.008709 -0.028708 0.000000
v -0.005853 -0.029424 0.000000
v -0.002941 -0.029856 0.000000
v -0.000000 -0.030000 0.000000
v 0.002941 -0.029856 0.000000
v 0.005853 -0.029424 0.000000
v 0.008709 -0.028708 0.000000
v 0.011481 -0.027716 0.000000
v 0.014142 -0.026458 0.000000
v 0.016667 -0.024944 0.000000
v 0.019032 -0.023190 0.000000
v 0.021213 -0.021213 0.000000
v 0.023190 -0.019032 0.000000
v 0.024944 -0.016667 0.000000
v 0.026458 -0.014142 0.000000
v 0.027716 -0.011481 0.000000
v 0.028708 -0.008709 0.000000
v 0.029424 -0.005853 0.000000
v 0.029856 -0.002941 0.000000
v 0.030000 -0.000000 0.000000
v 0.034000 0.000000 0.000000
v 0.033836 0.003333 0.000000
v 0.033347 0.006633 0.000000
v 0.032536 0.009870 0.000000
v 0.031412 0.013011 0.000000
v 0.029985 0.016027 0.000000
v 0.028270 0.018889 0.000000
v 0.026282 0.021569 0.000000
v 0.024042 0.024042 0.000000
v 0.021569 0.026282 0.000000
v 0.018889 0.028270 0.000000
v 0.016027 0.029985 0.000000
v 0.013011 0.031412 0.000000
v 0.009870 0.032536 0.000000
v 0.006633 0.033347 0.000000
v 0.003333 0.033836 0.000000
v 0.000000 0.034000 0.000000
v -0.003333 0.033836 0.000000
v -0.006633 0.033347 0.000000
v -0.009870 0.032536 0.000000
v -0.013011 0.031412 0.000000
v -0.016027 0.029985 0.000000
v -0.018889 0.028270 0.000000
v -0.021569 0.026282 0.000000
v -0.024042 0.024042 0.000000
v -0.026282 0.021569 0.000000
v -0.028270 0.018889 0.000000
v -0.029985 0.016027 0.000000
v -0.031412 0.013011 0.000000
v -0.032536 0.009870 0.000000
v -0.033347 0.006633 0.000000
v -0.033836 0.003333 0.000000
v -0.034000 0.000000 0.000000
v -0.033836 -0.003333 0.000000
v -0.033347 -0.006633 0.000000
v -0.032536 -0.009870 0.000000
v -0.031412 -0.013011 0.000000
v -0.029985 -0.016027 0.000000
v -0.028270 -0.018889 0.000000
v -0.026282 -0.021569 0.000000
v -0.024042 -0.024042 0.000000
v -0.021569 -0.026282 0.000000
v -0.018889 -0.028270 0.000000
v -0.016027 -0.029985 0.000000
v -0.013011 -0.031412 0.000000
v -0.009870 -0.032536 0.000000
v -0.006633 -0.033347 0.000000
v -0.003333 -0.033836 0.000000
v -0.000000 -0.034000 0.000000
v 0.003333 -0.033836 0.000000
v 0.006633 -0.033347 0.000000
v 0.009870 -0.032536 0.000000
v 0.013011 -0.031412 0.000000
v 0.016027 -0.029985 0.000000
v 0.018889 -0.028270 0.000000
v 0.021569 -0.026282 0.000000
v 0.024042 -0.024042 0.000000
v 0.026282 -0.021569 0.000000
v 0.028270 -0.018889 0.000000
v 0.029985 -0.016027 0.000000
v 0.031412 -0.013011 0.000000
v 0.032536 -0.009870 0.000000
v 0.033347 -0.006633 0.000000
v 0.033836 -0.003333 0.000000
v 0.034000 -0.000000 0.000000
v 0.036000 0.000000 0.002000
v 0.035827 0.003529 0.002000
v 0.035308 0.007023 0.002000
v 0.034450 0.010450 0.002000
v 0.033260 0.013777 0.002000
v 0.031749 0.016970 0.002000
v 0.029933 0.020001 0.002000
v 0.027828 0.022838 0.002000
v 0.025456 0.025456 0.002000
v 0.022838 0.027828 0.002000
v 0.020001 0.029933 0.002000
v 0.016970 0.031749 0.002000
v 0.013777 0.033260 0.002000
v 0.010450 0.034450 0.002000
v 0.007023 0.035308 0.002000
v 0.003529 0.035827 0.002000
v 0.000000 0.036000 0.002000
v -0.003529 0.035827 0.002000
v -0.007023 0.035308 0.002000
v -0.010450 0.034450 0.002000
v -0.013777 0.033260 0.002000
v -0.016970 0.031749 0.002000
v -0.020001 0.029933 0.002000
v -0.022838 0.027828 0.002000
v -0.025456 0.025456 0.002000
v -0.027828 0.022838 0.002000
v -0.029933 0.020001 0.002000
v -0.031749 0.016970 0.002000
v -0.033260 0.013777 0.002000
v -0.034450 0.010450 0.002000
v -0.035308 0.007023 0.002000
v -0.035827 0.003529 0.002000
v -0.036000 0.000000 0.002000
v -0.035827 -0.003529 0.002000
v -0.035308 -0.007023 0.002000
v -0.034450 -0.010450 0.002000
v -0.033260 -0.013777 0.002000
v -0.031749 -0.016970 0.002000
v -0.029933 -0.020001 0.002000
v -0.027828 -0.022838 0.002000
v -0.025456 -0.025456 0.002000
v -0.022838 -0.027828 0.002000
v -0.020001 -0.029933 0.002000
v -0.016970 -0.031749 0.002000
v -0.013777 -0.033260 0.002000
v -0.010450 -0.034450 0.002000
v -0.007023 -0.035308 0.002000
v -0.003529 -0.035827 0.002000
v -0.000000 -0.036000 0.002000
v 0.003529 -0.035827 0.002000
v 0.007023 -0.035308 0.002000
v 0.010450 -0.034450 0.002000
v 0.013777 -0.033260 0.002000
v 0.016970 -0.031749 0.002000
v 0.020001 -0.029933 0.002000
v 0.022838 -0.027828 0.002000
v 0.025456 -0.025456 0.002000
v 0.027828 -0.022838 0.002000
v 0.029933 -0.020001 0.002000
v 0.031749 -0.016970 0.002000
v 0.033260 -0.013777 0.002000
v 0.034450 -0.010450 0.002000
v 0.035308 -0.007023 0.002000
v 0.035827 -0.003529 0.002000
v 0.036000 -0.000000 0.002000
v 0.037000 0.000000 0.006000
v 0.036822 0.003627 0.006000
v 0.036289 0.007218 0.006000
v 0.035407 0.010741 0.006000
v 0.034184 0.014159 0.006000
v 0.032631 0.017442 0.006000
v 0.030764 0.020556 0.006000
v 0.028601 0.023473 0.006000
v 0.026163 0.026163 0.006000
v 0.023473 0.028601 0.006000
v 0.020556 0.030764 0.006000
v 0.017442 0.032631 0.006000
v 0.014159 0.034184 0.006000
v 0.010741 0.035407 0.006000
v 0.007218 0.036289 0.006000
v 0.003627 0.036822 0.006000
v 0.000000 0.037000 0.006000
v -0.003627 0.036822 0.006000
v -0.007218 0.036289 0.006000
v -0.010741 0.035407 0.006000
v -0.014159 0.034184 0.006000
v -0.017442 0.032631 0.006000
v -0.020556 0.030764 0.006000
v -0.023473 0.028601 0.006000
v -0.026163 0.026163 0.006000
v -0.028601 0.023473 0.006000
v -0.030764 0.020556 0.006000
v -0.032631 0.017442 0.006000
v -0.034184 0.014159 0.006000
v -0.035407 0.010741 0.006000
v -0.036289 0.007218 0.006000
v -0.036822 0.003627 0.006000
v -0.037000 0.000000 0.006000
v -0.036822 -0.003627 0.006000
v -0.036289 -0.007218 0.006000
v -0.035407 -0.010741 0.006000
v -0.034184 -0.014159 0.006000
v -0.032631 -0.017442 0.006000
v -0.030764 -0.020556 0.006000
v -0.028601 -0.023473 0.006000
v -0.026163 -0.026163 0.006000
v -0.023473 -0.028601 0.006000
v -0.020556 -0.030764 0.006000
v -0.017442 -0.032631 0.006000
v -0.014159 -0.034184 0.006000
v -0.010741 -0.035407 0.006000
v -0.007218 -0.036289 0.006000
v -0.003627 -0.036822 0.006000
v -0.000000 -0.037000 0.006000
v 0.003627 -0.036822 0.006000
v 0.007218 -0.036289 0.006000
v 0.010741 -0.035407 0.006000
v 0.014159 -0.034184 0.006000
v 0.017442 -0.032631 0.006000
v 0.020556 -0.030764 0.006000
v 0.023473 -0.028601 0.006000
v 0.026163 -0.026163 0.006000
v 0.028601 -0.023473 0.006000
v 0.030764 -0.020556 0.006000
v 0.032631 -0.017442 0.006000
v 0.034184 -0.014159 0.006000
v 0.035407 -0.010741 0.006000
v 0.036289 -0.007218 0.006000
v 0.036822 -0.003627 0.006000
v 0.037000 -0.000000 0.006000
v 0.038500 0.000000 0.015000
v 0.038315 0.003774 0.015000
v 0.037760 0.007511 0.015000
v 0.036842 0.011176 0.015000
v 0.035569 0.014733 0.015000
v 0.033954 0.018149 0.015000
v 0.032012 0.021389 0.015000
v 0.029761 0.024424 0.015000
v 0.027224 0.027224 0.015000
v 0.024424 0.029761 0.015000
v 0.021389 0.032012 0.015000
v 0.018149 0.033954 0.015000
v 0.014733 0.035569 0.015000
v 0.011176 0.036842 0.015000
v 0.007511 0.037760 0.015000
v 0.003774 0.038315 0.015000
v 0.000000 0.038500 0.015000
v -0.003774 0.038315 0.015000
v -0.007511 0.037760 0.015000
v -0.011176 0.036842 0.015000
v -0.014733 0.035569 0.015000
v -0.018149 0.033954 0.015000
v -0.021389 0.032012 0.015000
v -0.024424 0.029761 0.015000
v -0.027224 0.027224 0.015000
v -0.029761 0.024424 0.015000
v -0.032012 0.021389 0.015000
v -0.033954 0.018149 0.015000
v -0.035569 0.014733 0.015000
v -0.036842 0.011176 0.015000
v -0.037760 0.007511 0.015000
v -0.038315 0.003774 0.015000
v -0.038500 0.000000 0.015000
v -0.038315 -0.003774 0.015000
v -0.037760 -0.007511 0.015000
v -0.036842 -0.011176 0.015000
v -0.035569 -0.014733 0.015000
v -0.033954 -0.018149 0.015000
v -0.032012 -0.021389 0.015000
v -0.029761 -0.024424 0.015000
v -0.027224 -0.027224 0.015000
v -0.024424 -0.029761 0.015000
v -0.021389 -0.032012 0.015000
v -0.018149 -0.033954 0.015000
v -0.014733 -0.035569 0.015000
v -0.011176 -0.036842 0.015000
v -0.007511 -0.037760 0.015000
v -0.003774 -0.038315 0.015000
v -0.000000 -0.038500 0.015000
v 0.003774 -0.038315 0.015000
v 0.007511 -0.037760 0.015000
v 0.011176 -0.036842 0.015000
v 0.014733 -0.035569 0.015000
v 0.018149 -0.033954 0.015000
v 0.021389 -0.032012 0.015000
v 0.024424 -0.029761 0.015000
v 0.027224 -0.027224 0.015000
v 0.029761 -0.024424 0.015000
v 0.032012 -0.021389 0.015000
v 0.033954 -0.018149 0.015000
v 0.035569 -0.014733 0.015000
v 0.036842 -0.011176 0.015000
v 0.037760 -0.007511 0.015000
v 0.038315 -0.003774 0.015000
v 0.038500 -0.000000 0.015000
v 0.039500 0.000000 0.035000
v 0.039310 0.003872 0.035000
v 0.038741 0.007706 0.035000
v 0.037799 0.011466 0.035000
v 0.036493 0.015116 0.035000
v 0.034836 0.018620 0.035000
v 0.032843 0.021945 0.035000
v 0.030534 0.025059 0.035000
v 0.027931 0.027931 0.035000
v 0.025059 0.030534 0.035000
v 0.021945 0.032843 0.035000
v 0.018620 0.034836 0.035000
v 0.015116 0.036493 0.035000
v 0.011466 0.037799 0.035000
v 0.007706 0.038741 0.035000
v 0.003872 0.039310 0.035000
v 0.000000 0.039500 0.035000
v -0.003872 0.039310 0.035000
v -0.007706 0.038741 0.035000
v -0.011466 0.037799 0.035000
v -0.015116 0.036493 0.035000
v -0.018620 0.034836 0.035000
v -0.021945 0.032843 0.035000
v -0.025059 0.030534 0.035000
v -0.027931 0.027931 0.035000
v -0.030534 0.025059 0.035000
v -0.032843 0.021945 0.035000
v -0.034836 0.018620 0.035000
v -0.036493 0.015116 0.035000
v -0.037799 0.011466 0.035000
v -0.038741 0.007706 0.035000
v -0.039310 0.003872 0.035000
v -0.039500 0.000000 0.035000
v -0.039310 -0.003872 0.035000
v -0.038741 -0.007706 0.035000
v -0.037799 -0.011466 0.035000
v -0.036493 -0.015116 0.035000
v -0.034836 -0.018620 0.035000
v -0.032843 -0.021945 0.035000
v -0.030534 -0.025059 0.035000
v -0.027931 -0.027931 0.035000
v -0.025059 -0.030534 0.035000
v -0.021945 -0.032843 0.035000
v -0.018620 -0.034836 0.035000
v -0.015116 -0.036493 0.035000
v -0.011466 -0.037799 0.035000
v -0.007706 -0.038741 0.035000
v -0.003872 -0.039310 0.035000
v -0.000000 -0.039500 0.035000
v 0.003872 -0.039310 0.035000
v 0.007706 -0.038741 0.035000
v 0.011466 -0.037799 0.035000
v 0.015116 -0.036493 0.035000
v 0.018620 -0.034836 0.035000
v 0.021945 -0.032843 0.035000
v 0.025059 -0.030534 0.035000
v 0.027931 -0.027931 0.035000
v 0.030534 -0.025059 0.035000
v 0.032843 -0.021945 0.035000
v 0.034836 -0.018620 0.035000
v 0.036493 -0.015116 0.035000
v 0.037799 -0.011466 0.035000
v 0.038741 -0.007706 0.035000
v 0.039310 -0.003872 0.035000
v 0.039500 -0.000000 0.035000
v 0.040000 0.000000 0.060000
v 0.039807 0.003921 0.060000
v 0.039231 0.007804 0.060000
v 0.038278 0.011611 0.060000
v 0.036955 0.015307 0.060000
v 0.035277 0.018856 0.060000
v 0.033259 0.022223 0.060000
v 0.030920 0.025376 0.060000
v 0.028284 0.028284 0.060000
v 0.025376 0.030920 0.060000
v 0.022223 0.033259 0.060000
v 0.018856 0.035277 0.060000
v 0.015307 0.036955 0.060000
v 0.011611 0.038278 0.060000
v 0.007804 0.039231 0.060000
v 0.003921 0.039807 0.060000
v 0.000000 0.040000 0.060000
v -0.003921 0.039807 0.060000
v -0.007804 0.039231 0.060000
v -0.011611 0.038278 0.060000
v -0.015307 0.036955 0.060000
v -0.018856 0.035277 0.060000
v -0.022223 0.033259 0.060000
v -0.025376 0.030920 0.060000
v -0.028284 0.028284 0.060000
v -0.030920 0.025376 0.060000
v -0.033259 0.022223 0.060000
v -0.035277 0.018856 0.060000
v -0.036955 0.015307 0.060000
v -0.038278 0.011611 0.060000
v -0.039231 0.007804 0.060000
v -0.039807 0.003921 0.060000
v -0.040000 0.000000 0.060000
v -0.039807 -0.003921 0.060000
v -0.039231 -0.007804 0.060000
v -0.038278 -0.011611 0.060000
v -0.036955 -0.015307 0.060000
v -0.035277 -0.018856 0.060000
v -0.033259 -0.022223 0.060000
v -0.030920 -0.025376 0.060000
v -0.028284 -0.028284 0.060000
v -0.025376 -0.030920 0.060000
v -0.022223 -0.033259 0.060000
v -0.018856 -0.035277 0.060000
v -0.015307 -0.036955 0.060000
v -0.011611 -0.038278 0.060000
v -0.007804 -0.039231 0.060000
v -0.003921 -0.039807 0.060000
v -0.000000 -0.040000 0.060000
v 0.003921 -0.039807 0.060000
v 0.007804 -0.039231 0.060000
v 0.011611 -0.038278 0.060000
v 0.015307 -0.036955 0.060000
v 0.018856 -0.035277 0.060000
v 0.022223 -0.033259 0.060000
v 0.025376 -0.030920 0.060000
v 0.028284 -0.028284 0.060000
v 0.030920 -0.025376 0.060000
v 0.033259 -0.022223 0.060000
v 0.035277 -0.018856 0.060000
v 0.036955 -0.015307 0.060000
v 0.038278 -0.011611 0.060000
v 0.039231 -0.007804 0.060000
v 0.039807 -0.003921 0.060000
v 0.040000 -0.000000 0.060000
v 0.040000 0.000000 0.093000
v 0.039807 0.003921 0.093000
v 0.039231 0.007804 0.093000
v 0.038278 0.011611 0.093000
v 0.036955 0.015307 0.093000
v 0.035277 0.018856 0.093000
v 0.033259 0.022223 0.093000
v 0.030920 0.025376 0.093000
v 0.028284 0.028284 0.093000
v 0.025376 0.030920 0.093000
v 0.022223 0.033259 0.093000
v 0.018856 0.035277 0.093000
v 0.015307 0.036955 0.093000
v 0.011611 0.038278 0.093000
v 0.007804 0.039231 0.093000
v 0.003921 0.039807 0.093000
v 0.000000 0.040000 0.093000
v -0.003921 0.039807 0.093000
v -0.007804 0.039231 0.093000
v -0.011611 0.038278 0.093000
v -0.015307 0.036955 0.093000
v -0.018856 0.035277 0.093000
v -0.022223 0.033259 0.093000
v -0.025376 0.030920 0.093000
v -0.028284 0.028284 0.093000
v -0.030920 0.025376 0.093000
v -0.033259 0.022223 0.093000
v -0.035277 0.018856 0.093000
v -0.036955 0.015307 0.093000
v -0.038278 0.011611 0.093000
v -0.039231 0.007804 0.093000
v -0.039807 0.003921 0.093000
v -0.040000 0.000000 0.093000
v -0.039807 -0.003921 0.093000
v -0.039231 -0.007804 0.093000
v -0.038278 -0.011611 0.093000
v -0.036955 -0.015307 0.093000
v -0.035277 -0.018856 0.093000
v -0.033259 -0.022223 0.093000
v -0.030920 -0.025376 0.093000
v -0.028284 -0.028284 0.093000
v -0.025376 -0.030920 0.093000
v -0.022223 -0.033259 0.093000
v -0.018856 -0.035277 0.093000
v -0.015307 -0.036955 0.093000
v -0.011611 -0.038278 0.093000
v -0.007804 -0.039231 0.093000
v -0.003921 -0.039807 0.093000
v -0.000000 -0.040000 0.093000
v 0.003921 -0.039807 0.093000
v 0.007804 -0.039231 0.093000
v 0.011611 -0.038278 0.093000
v 0.015307 -0.036955 0.093000
v 0.018856 -0.035277 0.093000
v 0.022223 -0.033259 0.093000
v 0.025376 -0.030920 0.093000
v 0.028284 -0.028284 0.093000
v 0.030920 -0.025376 0.093000
v 0.033259 -0.022223 0.093000
v 0.035277 -0.018856 0.093000
v 0.036955 -0.015307 0.093000
v 0.038278 -0.011611 0.093000
v 0.039231 -0.007804 0.093000
v 0.039807 -0.003921 0.093000
v 0.040000 -0.000000 0.093000
v 0.039600 0.000000 0.098500
v 0.039409 0.003881 0.098500
v 0.038839 0.007726 0.098500
v 0.037895 0.011495 0.098500
v 0.036586 0.015154 0.098500
v 0.034924 0.018667 0.098500
v 0.032926 0.022001 0.098500
v 0.030611 0.025122 0.098500
v 0.028001 0.028001 0.098500
v 0.025122 0.030611 0.098500
v 0.022001 0.032926 0.098500
v 0.018667 0.034924 0.098500
v 0.015154 0.036586 0.098500
v 0.011495 0.037895 0.098500
v 0.007726 0.038839 0.098500
v 0.003881 0.039409 0.098500
v 0.000000 0.039600 0.098500
v -0.003881 0.039409 0.098500
v -0.007726 0.038839 0.098500
v -0.011495 0.037895 0.098500
v -0.015154 0.036586 0.098500
v -0.018667 0.034924 0.098500
v -0.022001 0.032926 0.098500
v -0.025122 0.030611 0.098500
v -0.028001 0.028001 0.098500
v -0.030611 0.025122 0.098500
v -0.032926 0.022001 0.098500
v -0.034924 0.018667 0.098500
v -0.036586 0.015154 0.098500
v -0.037895 0.011495 0.098500
v -0.038839 0.007726 0.098500
v -0.039409 0.003881 0.098500
v -0.039600 0.000000 0.098500
v -0.039409 -0.003881 0.098500
v -0.038839 -0.007726 0.098500
v -0.037895 -0.011495 0.098500
v -0.036586 -0.015154 0.098500
v -0.034924 -0.018667 0.098500
v -0.032926 -0.022001 0.098500
v -0.030611 -0.025122 0.098500
v -0.028001 -0.028001 0.098500
v -0.025122 -0.030611 0.098500
v -0.022001 -0.032926 0.098500
v -0.018667 -0.034924 0.098500
v -0.015154 -0.036586 0.098500
v -0.011495 -0.037895 0.098500
v -0.007726 -0.038839 0.098500
v -0.003881 -0.039409 0.098500
v -0.000000 -0.039600 0.098500
v 0.003881 -0.039409 0.098500
v 0.007726 -0.038839 0.098500
v 0.011495 -0.037895 0.098500
v 0.015154 -0.036586 0.098500
v 0.018667 -0.034924 0.098500
v 0.022001 -0.032926 0.098500
v 0.025122 -0.030611 0.098500
v 0.028001 -0.028001 0.098500
v 0.030611 -0.025122 0.098500
v 0.032926 -0.022001 0.098500
v 0.034924 -0.018667 0.098500
v 0.036586 -0.015154 0.098500
v 0.037895 -0.011495 0.098500
v 0.038839 -0.007726 0.098500
v 0.039409 -0.003881 0.098500
v 0.039600 -0.000000 0.098500
v 0.038500 0.000000 0.100000
v 0.038315 0.003774 0.100000
v 0.037760 0.007511 0.100000
v 0.036842 0.011176 0.100000
v 0.035569 0.014733 0.100000
v 0.033954 0.018149 0.100000
v 0.032012 0.021389 0.100000
v 0.029761 0.024424 0.100000
v 0.027224 0.027224 0.100000
v 0.024424 0.029761 0.100000
v 0.021389 0.032012 0.100000
v 0.018149 0.033954 0.100000
v 0.014733 0.035569 0.100000
v 0.011176 0.036842 0.100000
v 0.007511 0.037760 0.100000
v 0.003774 0.038315 0.100000
v 0.000000 0.038500 0.100000
v -0.003774 0.038315 0.100000
v -0.007511 0.037760 0.100000
v -0.011176 0.036842 0.100000
v -0.014733 0.035569 0.100000
v -0.018149 0.033954 0.100000
v -0.021389 0.032012 0.100000
v -0.024424 0.029761 0.100000
v -0.027224 0.027224 0.100000
v -0.029761 0.024424 0.100000
v -0.032012 0.021389 0.100000
v -0.033954 0.018149 0.100000
v -0.035569 0.014733 0.100000
v -0.036842 0.011176 0.100000
v -0.037760 0.007511 0.100000
v -0.038315 0.003774 0.100000
v -0.038500 0.000000 0.100000
v -0.038315 -0.003774 0.100000
v -0.037760 -0.007511 0.100000
v -0.036842 -0.011176 0.100000
v -0.035569 -0.014733 0.100000
v -0.033954 -0.018149 0.100000
v -0.032012 -0.021389 0.100000
v -0.029761 -0.024424 0.100000
v -0.027224 -0.027224 0.100000
v -0.024424 -0.029761 0.100000
v -0.021389 -0.032012 0.100000
v -0.018149 -0.033954 0.100000
v -0.014733 -0.035569 0.100000
v -0.011176 -0.036842 0.100000
v -0.007511 -0.037760 0.100000
v -0.003774 -0.038315 0.100000
v -0.000000 -0.038500 0.100000
v 0.003774 -0.038315 0.100000
v 0.007511 -0.037760 0.100000
v 0.011176 -0.036842 0.100000
v 0.014733 -0.035569 0.100000
v 0.018149 -0.033954 0.100000
v 0.021389 -0.032012 0.100000
v 0.024424 -0.029761 0.100000
v 0.027224 -0.027224 0.100000
v 0.029761 -0.024424 0.100000
v 0.032012 -0.021389 0.100000
v 0.033954 -0.018149 0.100000
v 0.035569 -0.014733 0.100000
v 0.036842 -0.011176 0.100000
v 0.037760 -0.007511 0.100000
v 0.038315 -0.003774 0.100000
v 0.038500 -0.000000 0.100000
v 0.037200 0.000000 0.099500
v 0.037021 0.003646 0.099500
v 0.036485 0.007257 0.099500
v 0.035598 0.010799 0.099500
v 0.034368 0.014236 0.099500
v 0.032807 0.017536 0.099500
v 0.030931 0.020667 0.099500
v 0.028756 0.023599 0.099500
v 0.026304 0.026304 0.099500
v 0.023599 0.028756 0.099500
v 0.020667 0.030931 0.099500
v 0.017536 0.032807 0.099500
v 0.014236 0.034368 0.099500
v 0.010799 0.035598 0.099500
v 0.007257 0.036485 0.099500
v 0.003646 0.037021 0.099500
v 0.000000 0.037200 0.099500
v -0.003646 0.037021 0.099500
v -0.007257 0.036485 0.099500
v -0.010799 0.035598 0.099500
v -0.014236 0.034368 0.099500
v -0.017536 0.032807 0.099500
v -0.020667 0.030931 0.099500
v -0.023599 0.028756 0.099500
v -0.026304 0.026304 0.099500
v -0.028756 0.023599 0.099500
v -0.030931 0.020667 0.099500
v -0.032807 0.017536 0.099500
v -0.034368 0.014236 0.099500
v -0.035598 0.010799 0.099500
v -0.036485 0.007257 0.099500
v -0.037021 0.003646 0.099500
v -0.037200 0.000000 0.099500
v -0.037021 -0.003646 0.099500
v -0.036485 -0.007257 0.099500
v -0.035598 -0.010799 0.099500
v -0.034368 -0.014236 0.099500
v -0.032807 -0.017536 0.099500
v -0.030931 -0.020667 0.099500
v -0.028756 -0.023599 0.099500
v -0.026304 -0.026304 0.099500
v -0.023599 -0.028756 0.099500
v -0.020667 -0.030931 0.099500
v -0.017536 -0.032807 0.099500
v -0.014236 -0.034368 0.099500
v -0.010799 -0.035598 0.099500
v -0.007257 -0.036485 0.099500
v -0.003646 -0.037021 0.099500
v -0.000000 -0.037200 0.099500
v 0.003646 -0.037021 0.099500
v 0.007257 -0.036485 0.099500
v 0.010799 -0.035598 0.099500
v 0.014236 -0.034368 0.099500
v 0.017536 -0.032807 0.099500
v 0.020667 -0.030931 0.099500
v 0.023599 -0.028756 0.099500
v 0.026304 -0.026304 0.099500
v 0.028756 -0.023599 0.099500
v 0.030931 -0.020667 0.099500
v 0.032807 -0.017536 0.099500
v 0.034368 -0.014236 0.099500
v 0.035598 -0.010799 0.099500
v 0.036485 -0.007257 0.099500
v 0.037021 -0.003646 0.099500
v 0.037200 -0.000000 0.099500
v 0.036600 0.000000 0.096500
v 0.036424 0.003587 0.096500
v 0.035897 0.007140 0.096500
v 0.035024 0.010624 0.096500
v 0.033814 0.014006 0.096500
v 0.032278 0.017253 0.096500
v 0.030432 0.020334 0.096500
v 0.028292 0.023219 0.096500
v 0.025880 0.025880 0.096500
v 0.023219 0.028292 0.096500
v 0.020334 0.030432 0.096500
v 0.017253 0.032278 0.096500
v 0.014006 0.033814 0.096500
v 0.010624 0.035024 0.096500
v 0.007140 0.035897 0.096500
v 0.003587 0.036424 0.096500
v 0.000000 0.036600 0.096500
v -0.003587 0.036424 0.096500
v -0.007140 0.035897 0.096500
v -0.010624 0.035024 0.096500
v -0.014006 0.033814 0.096500
v -0.017253 0.032278 0.096500
v -0.020334 0.030432 0.096500
v -0.023219 0.028292 0.096500
v -0.025880 0.025880 0.096500
v -0.028292 0.023219 0.096500
v -0.030432 0.020334 0.096500
v -0.032278 0.017253 0.096500
v -0.033814 0.014006 0.096500
v -0.035024 0.010624 0.096500
v -0.035897 0.007140 0.096500
v -0.036424 0.003587 0.096500
v -0.036600 0.000000 0.096500
v -0.036424 -0.003587 0.096500
v -0.035897 -0.007140 0.096500
v -0.035024 -0.010624 0.096500
v -0.033814 -0.014006 0.096500
v -0.032278 -0.017253 0.096500
v -0.030432 -0.020334 0.096500
v -0.028292 -0.023219 0.096500
v -0.025880 -0.025880 0.096500
v -0.023219 -0.028292 0.096500
v -0.020334 -0.030432 0.096500
v -0.017253 -0.032278 0.096500
v -0.014006 -0.033814 0.096500
v -0.010624 -0.035024 0.096500
v -0.007140 -0.035897 0.096500
v -0.003587 -0.036424 0.096500
v -0.000000 -0.036600 0.096500
v 0.003587 -0.036424 0.096500
v 0.007140 -0.035897 0.096500
v 0.010624 -0.035024 0.096500
v 0.014006 -0.033814 0.096500
v 0.017253 -0.032278 0.096500
v 0.020334 -0.030432 0.096500
v 0.023219 -0.028292 0.096500
v 0.025880 -0.025880 0.096500
v 0.028292 -0.023219 0.096500
v 0.030432 -0.020334 0.096500
v 0.032278 -0.017253 0.096500
v 0.033814 -0.014006 0.096500
v 0.035024 -0.010624 0.096500
v 0.035897 -0.007140 0.096500
v 0.036424 -0.003587 0.096500
v 0.036600 -0.000000 0.096500
v 0.036200 0.000000 0.060000
v 0.036026 0.003548 0.060000
v 0.035504 0.007062 0.060000
v 0.034641 0.010508 0.060000
v 0.033444 0.013853 0.060000
v 0.031926 0.017065 0.060000
v 0.030099 0.020112 0.060000
v 0.027983 0.022965 0.060000
v 0.025597 0.025597 0.060000
v 0.022965 0.027983 0.060000
v 0.020112 0.030099 0.060000
v 0.017065 0.031926 0.060000
v 0.013853 0.033444 0.060000
v 0.010508 0.034641 0.060000
v 0.007062 0.035504 0.060000
v 0.003548 0.036026 0.060000
v 0.000000 0.036200 0.060000
v -0.003548 0.036026 0.060000
v -0.007062 0.035504 0.060000
v -0.010508 0.034641 0.060000
v -0.013853 0.033444 0.060000
v -0.017065 0.031926 0.060000
v -0.020112 0.030099 0.060000
v -0.022965 0.027983 0.060000
v -0.025597 0.025597 0.060000
v -0.027983 0.022965 0.060000
v -0.030099 0.020112 0.060000
v -0.031926 0.017065 0.060000
v -0.033444 0.013853 0.060000
v -0.034641 0.010508 0.060000
v -0.035504 0.007062 0.060000
v -0.036026 0.003548 0.060000
v -0.036200 0.000000 0.060000
v -0.036026 -0.003548 0.060000
v -0.035504 -0.007062 0.060000
v -0.034641 -0.010508 0.060000
v -0.033444 -0.013853 0.060000
v -0.031926 -0.017065 0.060000
v -0.030099 -0.020112 0.060000
v -0.027983 -0.022965 0.060000
v -0.025597 -0.025597 0.060000
v -0.022965 -0.027983 0.060000
v -0.020112 -0.030099 0.060000
v -0.017065 -0.031926 0.060000
v -0.013853 -0.033444 0.060000
v -0.010508 -0.034641 0.060000
v -0.007062 -0.035504 0.060000
v -0.003548 -0.036026 0.060000
v -0.000000 -0.036200 0.060000
v 0.003548 -0.036026 0.060000
v 0.007062 -0.035504 0.060000
v 0.010508 -0.034641 0.060000
v 0.013853 -0.033444 0.060000
v 0.017065 -0.031926 0.060000
v 0.020112 -0.030099 0.060000
v 0.022965 -0.027983 0.060000
v 0.025597 -0.025597 0.060000
v 0.027983 -0.022965 0.060000
v 0.030099 -0.020112 0.060000
v 0.031926 -0.017065 0.060000
v 0.033444 -0.013853 0.060000
v 0.034641 -0.010508 0.060000
v 0.035504 -0.007062 0.060000
v 0.036026 -0.003548 0.060000
v 0.036200 -0.000000 0.060000
v 0.035500 0.000000 0.025000
v 0.035329 0.003480 0.025000
v 0.034818 0.006926 0.025000
v 0.033971 0.010305 0.025000
v 0.032798 0.013585 0.025000
v 0.031308 0.016735 0.025000
v 0.029517 0.019723 0.025000
v 0.027442 0.022521 0.025000
v 0.025102 0.025102 0.025000
v 0.022521 0.027442 0.025000
v 0.019723 0.029517 0.025000
v 0.016735 0.031308 0.025000
v 0.013585 0.032798 0.025000
v 0.010305 0.033971 0.025000
v 0.006926 0.034818 0.025000
v 0.003480 0.035329 0.025000
v 0.000000 0.035500 0.025000
v -0.003480 0.035329 0.025000
v -0.006926 0.034818 0.025000
v -0.010305 0.033971 0.025000
v -0.013585 0.032798 0.025000
v -0.016735 0.031308 0.025000
v -0.019723 0.029517 0.025000
v -0.022521 0.027442 0.025000
v -0.025102 0.025102 0.025000
v -0.027442 0.022521 0.025000
v -0.029517 0.019723 0.025000
v -0.031308 0.016735 0.025000
v -0.032798 0.013585 0.025000
v -0.033971 0.010305 0.025000
v -0.034818 0.006926 0.025000
v -0.035329 0.003480 0.025000
v -0.035500 0.000000 0.025000
v -0.035329 -0.003480 0.025000
v -0.034818 -0.006926 0.025000
v -0.033971 -0.010305 0.025000
v -0.032798 -0.013585 0.025000
v -0.031308 -0.016735 0.025000
v -0.029517 -0.019723 0.025000
v -0.027442 -0.022521 0.025000
v -0.025102 -0.025102 0.025000
v -0.022521 -0.027442 0.025000
v -0.019723 -0.029517 0.025000
v -0.016735 -0.031308 0.025000
v -0.013585 -0.032798 0.025000
v -0.010305 -0.033971 0.025000
v -0.006926 -0.034818 0.025000
v -0.003480 -0.035329 0.025000
v -0.000000 -0.035500 0.025000
v 0.003480 -0.035329 0.025000
v 0.006926 -0.034818 0.025000
v 0.010305 -0.033971 0.025000
v 0.013585 -0.032798 0.025000
v 0.016735 -0.031308 0.025000
v 0.019723 -0.029517 0.025000
v 0.022521 -0.027442 0.025000
v 0.025102 -0.025102 0.025000
v 0.027442 -0.022521 0.025000
v 0.029517 -0.019723 0.025000
v 0.031308 -0.016735 0.025000
v 0.032798 -0.013585 0.025000
v 0.033971 -0.010305 0.025000
v 0.034818 -0.006926 0.025000
v 0.035329 -0.003480 0.025000
v 0.035500 -0.000000 0.025000
v 0.033000 0.000000 0.012000
v 0.032841 0.003235 0.012000
v 0.032366 0.006438 0.012000
v 0.031579 0.009579 0.012000
v 0.030488 0.012629 0.012000
v 0.029103 0.015556 0.012000
v 0.027438 0.018334 0.012000
v 0.025509 0.020935 0.012000
v 0.023335 0.023335 0.012000
v 0.020935 0.025509 0.012000
v 0.018334 0.027438 0.012000
v 0.015556 0.029103 0.012000
v 0.012629 0.030488 0.012000
v 0.009579 0.031579 0.012000
v 0.006438 0.032366 0.012000
v 0.003235 0.032841 0.012000
v 0.000000 0.033000 0.012000
v -0.003235 0.032841 0.012000
v -0.006438 0.032366 0.012000
v -0.009579 0.031579 0.012000
v -0.012629 0.030488 0.012000
v -0.015556 0.029103 0.012000
v -0.018334 0.027438 0.012000
v -0.020935 0.025509 0.012000
v -0.023335 0.023335 0.012000
v -0.025509 0.020935 0.012000
v -0.027438 0.018334 0.012000
v -0.029103 0.015556 0.012000
v -0.030488 0.012629 0.012000
v -0.031579 0.009579 0.012000
v -0.032366 0.006438 0.012000
v -0.032841 0.003235 0.012000
v -0.033000 0.000000 0.012000
v -0.032841 -0.003235 0.012000
v -0.032366 -0.006438 0.012000
v -0.031579 -0.009579 0.012000
v -0.030488 -0.012629 0.012000
v -0.029103 -0.015556 0.012000
v -0.027438 -0.018334 0.012000
v -0.025509 -0.020935 0.012000
v -0.023335 -0.023335 0.012000
v -0.020935 -0.025509 0.012000
v -0.018334 -0.027438 0.012000
v -0.015556 -0.029103 0.012000
v -0.012629 -0.030488 0.012000
v -0.009579 -0.031579 0.012000
v -0.006438 -0.032366 0.012000
v -0.003235 -0.032841 0.012000
v -0.000000 -0.033000 0.012000
v 0.003235 -0.032841 0.012000
v 0.006438 -0.032366 0.012000
v 0.009579 -0.031579 0.012000
v 0.012629 -0.030488 0.012000
v 0.015556 -0.029103 0.012000
v 0.018334 -0.027438 0.012000
v 0.020935 -0.025509 0.012000
v 0.023335 -0.023335 0.012000
v 0.025509 -0.020935 0.012000
v 0.027438 -0.018334 0.012000
v 0.029103 -0.015556 0.012000
v 0.030488 -0.012629 0.012000
v 0.031579 -0.009579 0.012000
v 0.032366 -0.006438 0.012000
v 0.032841 -0.003235 0.012000
v 0.033000 -0.000000 0.012000
v 0.020000 0.000000 0.009500
v 0.019904 0.001960 0.009500
v 0.019616 0.003902 0.009500
v 0.019139 0.005806 0.009500
v 0.018478 0.007654 0.009500
v 0.017638 0.009428 0.009500
v 0.016629 0.011111 0.009500
v 0.015460 0.012688 0.009500
v 0.014142 0.014142 0.009500
v 0.012688 0.015460 0.009500
v 0.011111 0.016629 0.009500
v 0.009428 0.017638 0.009500
v 0.007654 0.018478 0.009500
v 0.005806 0.019139 0.009500
v 0.003902 0.019616 0.009500
v 0.001960 0.019904 0.009500
v 0.000000 0.020000 0.009500
v -0.001960 0.019904 0.009500
v -0.003902 0.019616 0.009500
v -0.005806 0.019139 0.009500
v -0.007654 0.018478 0.009500
v -0.009428 0.017638 0.009500
v -0.011111 0.016629 0.009500
v -0.012688 0.015460 0.009500
v -0.014142 0.014142 0.009500
v -0.015460 0.012688 0.009500
v -0.016629 0.011111 0.009500
v -0.017638 0.009428 0.009500
v -0.018478 0.007654 0.009500
v -0.019139 0.005806 0.009500
v -0.019616 0.003902 0.009500
v -0.019904 0.001960 0.009500
v -0.020000 0.000000 0.009500
v -0.019904 -0.001960 0.009500
v -0.019616 -0.003902 0.009500
v -0.019139 -0.005806 0.009500
v -0.018478 -0.007654 0.009500
v -0.017638 -0.009428 0.009500
v -0.016629 -0.011111 0.009500
v -0.015460 -0.012688 0.009500
v -0.014142 -0.014142 0.009500
v -0.012688 -0.015460 0.009500
v -0.011111 -0.016629 0.009500
v -0.009428 -0.017638 0.009500
v -0.007654 -0.018478 0.009500
v -0.005806 -0.019139 0.009500
v -0.003902 -0.019616 0.009500
v -0.001960 -0.019904 0.009500
v -0.000000 -0.020000 0.009500
v 0.001960 -0.019904 0.009500
v 0.003902 -0.019616 0.009500
v 0.005806 -0.019139 0.009500
v 0.007654 -0.018478 0.009500
v 0.009428 -0.017638 0.009500
v 0.011111 -0.016629 0.009500
v 0.012688 -0.015460 0.009500
v 0.014142 -0.014142 0.009500
v 0.015460 -0.012688 0.009500
v 0.016629 -0.011111 0.009500
v 0.017638 -0.009428 0.009500
v 0.018478 -0.007654 0.009500
v 0.019139 -0.005806 0.009500
v 0.019616 -0.003902 0.009500
v 0.019904 -0.001960 0.009500
v 0.020000 -0.000000 0.009500
v 0.000000 0.000000 0.009000
v 0.000000 0.000000 0.009000
v 0.000000 0.000000 0.009000
v 0.000000 0.000000 0.009000
v 0.000000 0.000000 0.009000
v 0.000000 0.000000 0.009000
v 0.000000 0.000000 0.009000
v 0.000000 0.000000 0.009000
v 0.000000 0.000000 0.009000
v 0.000000 0.000000 0.009000
v 0.000000 0.000000 0.009000
v 0.000000 0.000000 0.009000
v 0.000000 0.000000 0.009000
v 0.000000 0.000000 0.009000
v 0.000000 0.000000 0.009000
v 0.000000 0.000000 0.009000
v 0.000000 0.000000 0.009000
v -0.000000 0.000000 0.009000
v -0.000000 0.000000 0.009000
v -0.000000 0.000000 0.009000
v -0.000000 0.000000 0.009000
v -0.000000 0.000000 0.009000
v -0.000000 0.000000 0.009000
v -0.000000 0.000000 0.009000
v -0.000000 0.000000 0.009000
v -0.000000 0.000000 0.009000
v -0.000000 0.000000 0.009000
v -0.000000 0.000000 0.009000
v -0.000000 0.000000 0.009000
v -0.000000 0.000000 0.009000
v -0.000000 0.000000 0.009000
v -0.000000 0.000000 0.009000
v -0.000000 0.000000 0.009000
v -0.000000 -0.000000 0.009000
v -0.000000 -0.000000 0.009000
v -0.000000 -0.000000 0.009000
v -0.000000 -0.000000 0.009000
v -0.000000 -0.000000 0.009000
v -0.000000 -0.000000 0.009000
v -0.000000 -0.000000 0.009000
v -0.000000 -0.000000 0.009000
v -0.000000 -0.000000 0.009000
v -0.000000 -0.000000 0.009000
v -0.000000 -0.000000 0.009000
v -0.000000 -0.000000 0.009000
v -0.000000 -0.000000 0.009000
v -0.000000 -0.000000 0.009000
v -0.000000 -0.000000 0.009000
v -0.000000 -0.000000 0.009000
v 0.000000 -0.000000 0.009000
v 0.000000 -0.000000 0.009000
v 0.000000 -0.000000 0.009000
v 0.000000 -0.000000 0.009000
v 0.000000 -0.000000 0.009000
v 0.000000 -0.000000 0.009000
v 0.000000 -0.000000 0.009000
v 0.000000 -0.000000 0.009000
v 0.000000 -0.000000 0.009000
v 0.000000 -0.000000 0.009000
v 0.000000 -0.000000 0.009000
v 0.000000 -0.000000 0.009000
v 0.000000 -0.000000 0.009000
v 0.000000 -0.000000 0.009000
v 0.000000 -0.000000 0.009000
v 0.000000 -0.000000 0.009000
v 0.007400 0.037800 0.075000
v 0.006954 0.037678 0.073486
v 0.005669 0.037570 0.072155
v 0.003700 0.037490 0.071167
v 0.001285 0.037447 0.070642
v -0.001285 0.037447 0.070642
v -0.003700 0.037490 0.071167
v -0.005669 0.037570 0.072155
v -0.006954 0.037678 0.073486
v -0.007400 0.037800 0.075000
v -0.006954 0.037922 0.076514
v -0.005669 0.038030 0.077845
v -0.003700 0.038110 0.078833
v -0.001285 0.038153 0.079358
v 0.001285 0.038153 0.079358
v 0.003700 0.038110 0.078833
v 0.005669 0.038030 0.077845
v 0.006954 0.037922 0.076514
v 0.007400 0.037800 0.075000
v 0.007400 0.039890 0.074831
v 0.006954 0.039646 0.073332
v 0.005669 0.039432 0.072014
v 0.003700 0.039274 0.071035
v 0.001285 0.039189 0.070515
v -0.001285 0.039189 0.070515
v -0.003700 0.039274 0.071035
v -0.005669 0.039432 0.072014
v -0.006954 0.039646 0.073332
v -0.007400 0.039890 0.074831
v -0.006954 0.040133 0.076330
v -0.005669 0.040347 0.077648
v -0.003700 0.040506 0.078626
v -0.001285 0.040590 0.079147
v 0.001285 0.040590 0.079147
v 0.003700 0.040506 0.078626
v 0.005669 0.040347 0.077648
v 0.006954 0.040133 0.076330
v 0.007400 0.039890 0.074831
v 0.007400 0.041951 0.074326
v 0.006954 0.041476 0.072884
v 0.005669 0.041059 0.071615
v 0.003700 0.040749 0.070674
v 0.001285 0.040584 0.070173
v -0.001285 0.040584 0.070173
v -0.003700 0.040749 0.070674
v -0.005669 0.041059 0.071615
v -0.006954 0.041476 0.072884
v -0.007400 0.041951 0.074326
v -0.006954 0.042426 0.075769
v -0.005669 0.042843 0.077037
v -0.003700 0.043153 0.077978
v -0.001285 0.043318 0.078479
v 0.001285 0.043318 0.078479
v 0.003700 0.043153 0.077978
v 0.005669 0.042843 0.077037
v 0.006954 0.042426 0.075769
v 0.007400 0.041951 0.074326
v 0.007400 0.043956 0.073492
v 0.006954 0.043271 0.072137
v 0.005669 0.042669 0.070945
v 0.003700 0.042222 0.070061
v 0.001285 0.041984 0.069590
v -0.001285 0.041984 0.069590
v -0.003700 0.042222 0.070061
v -0.005669 0.042669 0.070945
v -0.006954 0.043271 0.072137
v -0.007400 0.043956 0.073492
v -0.006954 0.044641 0.074848
v -0.005669 0.045244 0.076039
v -0.003700 0.045691 0.076924
v -0.001285 0.045929 0.077395
v 0.001285 0.045929 0.077395
v 0.003700 0.045691 0.076924
v 0.005669 0.045244 0.076039
v 0.006954 0.044641 0.074848
v 0.007400 0.043956 0.073492
v 0.007400 0.045878 0.072341
v 0.006954 0.045010 0.071095
v 0.005669 0.044246 0.070000
v 0.003700 0.043679 0.069187
v 0.001285 0.043377 0.068755
v -0.001285 0.043377 0.068755
v -0.003700 0.043679 0.069187
v -0.005669 0.044246 0.070000
v -0.006954 0.045010 0.071095
v -0.007400 0.045878 0.072341
v -0.006954 0.046747 0.073586
v -0.005669 0.047511 0.074682
v -0.003700 0.048078 0.075495
v -0.001285 0.048380 0.075927
v 0.001285 0.048380 0.075927
v 0.003700 0.048078 0.075495
v 0.005669 0.047511 0.074682
v 0.006954 0.046747 0.073586
v 0.007400 0.045878 0.072341
v 0.007400 0.047691 0.070887
v 0.006954 0.046667 0.069766
v 0.005669 0.045766 0.068780
v 0.003700 0.045098 0.068048
v 0.001285 0.044742 0.067659
v -0.001285 0.044742 0.067659
v -0.003700 0.045098 0.068048
v -0.005669 0.045766 0.068780
v -0.006954 0.046667 0.069766
v -0.007400 0.047691 0.070887
v -0.006954 0.048715 0.072008
v -0.005669 0.049616 0.072994
v -0.003700 0.050285 0.073726
v -0.001285 0.050640 0.074116
v 0.001285 0.050640 0.074116
v 0.003700 0.050285 0.073726
v 0.005669 0.049616 0.072994
v 0.006954 0.048715 0.072008
v 0.007400 0.047691 0.070887
v 0.007400 0.049370 0.069151
v 0.006954 0.048218 0.068162
v 0.005669 0.047204 0.067293
v 0.003700 0.046452 0.066647
v 0.001285 0.046052 0.066304
v -0.001285 0.046052 0.066304
v -0.003700 0.046452 0.066647
v -0.005669 0.047204 0.067293
v -0.006954 0.048218 0.068162
v -0.007400 0.049370 0.069151
v -0.006954 0.050523 0.070140
v -0.005669 0.051536 0.071010
v -0.003700 0.052288 0.071655
v -0.001285 0.052689 0.071998
v 0.001285 0.052689 0.071998
v 0.003700 0.052288 0.071655
v 0.005669 0.051536 0.071010
v 0.006954 0.050523 0.070140
v 0.007400 0.049370 0.069151
v 0.007400 0.050893 0.067156
v 0.006954 0.049637 0.066303
v 0.005669 0.048532 0.065552
v 0.003700 0.047712 0.064995
v 0.001285 0.047276 0.064699
v -0.001285 0.047276 0.064699
v -0.003700 0.047712 0.064995
v -0.005669 0.048532 0.065552
v -0.006954 0.049637 0.066303
v -0.007400 0.050893 0.067156
v -0.006954 0.052149 0.068009
v -0.005669 0.053254 0.068760
v -0.003700 0.054073 0.069317
v -0.001285 0.054510 0.069613
v 0.001285 0.054510 0.069613
v 0.003700 0.054073 0.069317
v 0.005669 0.053254 0.068760
v 0.006954 0.052149 0.068009
v 0.007400 0.050893 0.067156
v 0.007400 0.052238 0.064929
v 0.006954 0.050900 0.064212
v 0.005669 0.049723 0.063581
v 0.003700 0.048849 0.063112
v 0.001285 0.048384 0.062863
v -0.001285 0.048384 0.062863
v -0.003700 0.048849 0.063112
v -0.005669 0.049723 0.063581
v -0.006954 0.050900 0.064212
v -0.007400 0.052238 0.064929
v -0.006954 0.053577 0.065646
v -0.005669 0.054754 0.066277
v -0.003700 0.055627 0.066746
v -0.001285 0.056092 0.066995
v 0.001285 0.056092 0.066995
v 0.003700 0.055627 0.066746
v 0.005669 0.054754 0.066277
v 0.006954 0.053577 0.065646
v 0.007400 0.052238 0.064929
v 0.007400 0.053388 0.062500
v 0.006954 0.051986 0.061917
v 0.005669 0.050753 0.061405
v 0.003700 0.049838 0.061024
v 0.001285 0.049351 0.060822
v -0.001285 0.049351 0.060822
v -0.003700 0.049838 0.061024
v -0.005669 0.050753 0.061405
v -0.006954 0.051986 0.061917
v -0.007400 0.053388 0.062500
v -0.006954 0.054791 0.063083
v -0.005669 0.056024 0.063595
v -0.003700 0.056939 0.063976
v -0.001285 0.057426 0.064178
v 0.001285 0.057426 0.064178
v 0.003700 0.056939 0.063976
v 0.005669 0.056024 0.063595
v 0.006954 0.054791 0.063083
v 0.007400 0.053388 0.062500
v 0.007400 0.054328 0.059902
v 0.006954 0.052878 0.059452
v 0.005669 0.051602 0.059055
v 0.003700 0.050656 0.058762
v 0.001285 0.050152 0.058605
v -0.001285 0.050152 0.058605
v -0.003700 0.050656 0.058762
v -0.005669 0.051602 0.059055
v -0.006954 0.052878 0.059452
v -0.007400 0.054328 0.059902
v -0.006954 0.055778 0.060352
v -0.005669 0.057053 0.060748
v -0.003700 0.058000 0.061042
v -0.001285 0.058504 0.061199
v 0.001285 0.058504 0.061199
v 0.003700 0.058000 0.061042
v 0.005669 0.057053 0.060748
v 0.006954 0.055778 0.060352
v 0.007400 0.054328 0.059902
v 0.007400 0.055044 0.057170
v 0.006954 0.053559 0.056850
v 0.005669 0.052254 0.056569
v 0.003700 0.051285 0.056360
v 0.001285 0.050769 0.056249
v -0.001285 0.050769 0.056249
v -0.003700 0.051285 0.056360
v -0.005669 0.052254 0.056569
v -0.006954 0.053559 0.056850
v -0.007400 0.055044 0.057170
v -0.006954 0.056528 0.057490
v -0.005669 0.057834 0.057771
v -0.003700 0.058803 0.057980
v -0.001285 0.059318 0.058091
v 0.001285 0.059318 0.058091
v 0.003700 0.058803 0.057980
v 0.005669 0.057834 0.057771
v 0.006954 0.056528 0.057490
v 0.007400 0.055044 0.057170
v 0.007400 0.055527 0.054341
v 0.006954 0.054020 0.054150
v 0.005669 0.052695 0.053982
v 0.003700 0.051712 0.053857
v 0.001285 0.051189 0.053791
v -0.001285 0.051189 0.053791
v -0.003700 0.051712 0.053857
v -0.005669 0.052695 0.053982
v -0.006954 0.054020 0.054150
v -0.007400 0.055527 0.054341
v -0.006954 0.057033 0.054532
v -0.005669 0.058358 0.054701
v -0.003700 0.059341 0.054825
v -0.001285 0.059864 0.054892
v 0.001285 0.059864 0.054892
v 0.003700 0.059341 0.054825
v 0.005669 0.058358 0.054701
v 0.006954 0.057033 0.054532
v 0.007400 0.055527 0.054341
v 0.007400 0.055770 0.051454
v 0.006954 0.054252 0.051390
v 0.005669 0.052918 0.051334
v 0.003700 0.051928 0.051293
v 0.001285 0.051401 0.051270
v -0.001285 0.051401 0.051270
v -0.003700 0.051928 0.051293
v -0.005669 0.052918 0.051334
v -0.006954 0.054252 0.051390
v -0.007400 0.055770 0.051454
v -0.006954 0.057287 0.051517
v -0.005669 0.058621 0.051573
v -0.003700 0.059611 0.051615
v -0.001285 0.060138 0.051637
v 0.001285 0.060138 0.051637
v 0.003700 0.059611 0.051615
v 0.005669 0.058621 0.051573
v 0.006954 0.057287 0.051517
v 0.007400 0.055770 0.051454
v 0.007400 0.055770 0.048546
v 0.006954 0.054252 0.048610
v 0.005669 0.052918 0.048666
v 0.003700 0.051928 0.048707
v 0.001285 0.051401 0.048730
v -0.001285 0.051401 0.048730
v -0.003700 0.051928 0.048707
v -0.005669 0.052918 0.048666
v -0.006954 0.054252 0.048610
v -0.007400 0.055770 0.048546
v -0.006954 0.057287 0.048483
v -0.005669 0.058621 0.048427
v -0.003700 0.059611 0.048385
v -0.001285 0.060138 0.048363
v 0.001285 0.060138 0.048363
v 0.003700 0.059611 0.048385
v 0.005669 0.058621 0.048427
v 0.006954 0.057287 0.048483
v 0.007400 0.055770 0.048546
v 0.007400 0.055527 0.045659
v 0.006954 0.054020 0.045850
v 0.005669 0.052695 0.046018
v 0.003700 0.051712 0.046143
v 0.001285 0.051189 0.046209
v -0.001285 0.051189 0.046209
v -0.003700 0.051712 0.046143
v -0.005669 0.052695 0.046018
v -0.006954 0.054020 0.045850
v -0.007400 0.055527 0.045659
v -0.006954 0.057033 0.045468
v -0.005669 0.058358 0.045299
v -0.003700 0.059341 0.045175
v -0.001285 0.059864 0.045108
v 0.001285 0.059864 0.045108
v 0.003700 0.059341 0.045175
v 0.005669 0.058358 0.045299
v 0.006954 0.057033 0.045468
v 0.007400 0.055527 0.045659
v 0.007400 0.055044 0.042830
v 0.006954 0.053559 0.043150
v 0.005669 0.052254 0.043431
v 0.003700 0.051285 0.043640
v 0.001285 0.050769 0.043751
v -0.001285 0.050769 0.043751
v -0.003700 0.051285 0.043640
v -0.005669 0.052254 0.043431
v -0.006954 0.053559 0.043150
v -0.007400 0.055044 0.042830
v -0.006954 0.056528 0.042510
v -0.005669 0.057834 0.042229
v -0.003700 0.058803 0.042020
v -0.001285 0.059318 0.041909
v 0.001285 0.059318 0.041909
v 0.003700 0.058803 0.042020
v 0.005669 0.057834 0.042229
v 0.006954 0.056528 0.042510
v 0.007400 0.055044 0.042830
v 0.007400 0.054328 0.040098
v 0.006954 0.052878 0.040548
v 0.005669 0.051602 0.040945
v 0.003700 0.050656 0.041238
v 0.001285 0.050152 0.041395
v -0.001285 0.050152 0.041395
v -0.003700 0.050656 0.041238
v -0.005669 0.051602 0.040945
v -0.006954 0.052878 0.040548
v -0.007400 0.054328 0.040098
v -0.006954 0.055778 0.039648
v -0.005669 0.057053 0.039252
v -0.003700 0.058000 0.038958
v -0.001285 0.058504 0.038801
v 0.001285 0.058504 0.038801
v 0.003700 0.058000 0.038958
v 0.005669 0.057053 0.039252
v 0.006954 0.055778 0.039648
v 0.007400 0.054328 0.040098
v 0.007400 0.053388 0.037500
v 0.006954 0.051986 0.038083
v 0.005669 0.050753 0.038595
v 0.003700 0.049838 0.038976
v 0.001285 0.049351 0.039178
v -0.001285 0.049351 0.039178
v -0.003700 0.049838 0.038976
v -0.005669 0.050753 0.038595
v -0.006954 0.051986 0.038083
v -0.007400 0.053388 0.037500
v -0.006954 0.054791 0.036917
v -0.005669 0.056024 0.036405
v -0.003700 0.056939 0.036024
v -0.001285 0.057426 0.035822
v 0.001285 0.057426 0.035822
v 0.003700 0.056939 0.036024
v 0.005669 0.056024 0.036405
v 0.006954 0.054791 0.036917
v 0.007400 0.053388 0.037500
v 0.007400 0.052238 0.035071
v 0.006954 0.050900 0.035788
v 0.005669 0.049723 0.036419
v 0.003700 0.048849 0.036888
v 0.001285 0.048384 0.037137
v -0.001285 0.048384 0.037137
v -0.003700 0.048849 0.036888
v -0.005669 0.049723 0.036419
v -0.006954 0.050900 0.035788
v -0.007400 0.052238 0.035071
v -0.006954 0.053577 0.034354
v -0.005669 0.054754 0.033723
v -0.003700 0.055627 0.033254
v -0.001285 0.056092 0.033005
v 0.001285 0.056092 0.033005
v 0.003700 0.055627 0.033254
v 0.005669 0.054754 0.033723
v 0.006954 0.053577 0.034354
v 0.007400 0.052238 0.035071
v 0.007400 0.050893 0.032844
v 0.006954 0.049637 0.033697
v 0.005669 0.048532 0.034448
v 0.003700 0.047712 0.035005
v 0.001285 0.047276 0.035301
v -0.001285 0.047276 0.035301
v -0.003700 0.047712 0.035005
v -0.005669 0.048532 0.034448
v -0.006954 0.049637 0.033697
v -0.007400 0.050893 0.032844
v -0.006954 0.052149 0.031991
v -0.005669 0.053254 0.031240
v -0.003700 0.054073 0.030683
v -0.001285 0.054510 0.030387
v 0.001285 0.054510 0.030387
v 0.003700 0.054073 0.030683
v 0.005669 0.053254 0.031240
v 0.006954 0.052149 0.031991
v 0.007400 0.050893 0.032844
v 0.007400 0.049370 0.030849
v 0.006954 0.048218 0.031838
v 0.005669 0.047204 0.032707
v 0.003700 0.046452 0.033353
v 0.001285 0.046052 0.033696
v -0.001285 0.046052 0.033696
v -0.003700 0.046452 0.033353
v -0.005669 0.047204 0.032707
v -0.006954 0.048218 0.031838
v -0.007400 0.049370 0.030849
v -0.006954 0.050523 0.029860
v -0.005669 0.051536 0.028990
v -0.003700 0.052288 0.028345
v -0.001285 0.052689 0.028002
v 0.001285 0.052689 0.028002
v 0.003700 0.052288 0.028345
v 0.005669 0.051536 0.028990
v 0.006954 0.050523 0.029860
v 0.007400 0.049370 0.030849
v 0.007400 0.047691 0.029113
v 0.006954 0.046667 0.030234
v 0.005669 0.045766 0.031220
v 0.003700 0.045098 0.031952
v 0.001285 0.044742 0.032341
v -0.001285 0.044742 0.032341
v -0.003700 0.045098 0.031952
v -0.005669 0.045766 0.031220
v -0.006954 0.046667 0.030234
v -0.007400 0.047691 0.029113
v -0.006954 0.048715 0.027992
v -0.005669 0.049616 0.027006
v -0.003700 0.050285 0.026274
v -0.001285 0.050640 0.025884
v 0.001285 0.050640 0.025884
v 0.003700 0.050285 0.026274
v 0.005669 0.049616 0.027006
v 0.006954 0.048715 0.027992
v 0.007400 0.047691 0.029113
v 0.007400 0.045878 0.027659
v 0.006954 0.045010 0.028905
v 0.005669 0.044246 0.030000
v 0.003700 0.043679 0.030813
v 0.001285 0.043377 0.031245
v -0.001285 0.043377 0.031245
v -0.003700 0.043679 0.030813
v -0.005669 0.044246 0.030000
v -0.006954 0.045010 0.028905
v -0.007400 0.045878 0.027659
v -0.006954 0.046747 0.026414
v -0.005669 0.047511 0.025318
v -0.003700 0.048078 0.024505
v -0.001285 0.048380 0.024073
v 0.001285 0.048380 0.024073
v 0.003700 0.048078 0.024505
v 0.005669 0.047511 0.025318
v 0.006954 0.046747 0.026414
v 0.007400 0.045878 0.027659
v 0.007400 0.043956 0.026508
v 0.006954 0.043271 0.027863
v 0.005669 0.042669 0.029055
v 0.003700 0.042222 0.029939
v 0.001285 0.041984 0.030410
v -0.001285 0.041984 0.030410
v -0.003700 0.042222 0.029939
v -0.005669 0.042669 0.029055
v -0.006954 0.043271 0.027863
v -0.007400 0.043956 0.026508
v -0.006954 0.044641 0.025152
v -0.005669 0.045244 0.023961
v -0.003700 0.045691 0.023076
v -0.001285 0.045929 0.022605
v 0.001285 0.045929 0.022605
v 0.003700 0.045691 0.023076
v 0.005669 0.045244 0.023961
v 0.006954 0.044641 0.025152
v 0.007400 0.043956 0.026508
v 0.007400 0.041951 0.025674
v 0.006954 0.041476 0.027116
v 0.005669 0.041059 0.028385
v 0.003700 0.040749 0.029326
v 0.001285 0.040584 0.029827
v -0.001285 0.040584 0.029827
v -0.003700 0.040749 0.029326
v -0.005669 0.041059 0.028385
v -0.006954 0.041476 0.027116
v -0.007400 0.041951 0.025674
v -0.006954 0.042426 0.024231
v -0.005669 0.042843 0.022963
v -0.003700 0.043153 0.022022
v -0.001285 0.043318 0.021521
v 0.001285 0.043318 0.021521
v 0.003700 0.043153 0.022022
v 0.005669 0.042843 0.022963
v 0.006954 0.042426 0.024231
v 0.007400 0.041951 0.025674
v 0.007400 0.039890 0.025169
v 0.006954 0.039646 0.026668
v 0.005669 0.039432 0.027986
v 0.003700 0.039274 0.028965
v 0.001285 0.039189 0.029485
v -0.001285 0.039189 0.029485
v -0.003700 0.039274 0.028965
v -0.005669 0.039432 0.027986
v -0.006954 0.039646 0.026668
v -0.007400 0.039890 0.025169
v -0.006954 0.040133 0.023670
v -0.005669 0.040347 0.022352
v -0.003700 0.040506 0.021374
v -0.001285 0.040590 0.020853
v 0.001285 0.040590 0.020853
v 0.003700 0.040506 0.021374
v 0.005669 0.040347 0.022352
v 0.006954 0.040133 0.023670
v 0.007400 0.039890 0.025169
v 0.007400 0.037800 0.025000
v 0.006954 0.037678 0.026514
v 0.005669 0.037570 0.027845
v 0.003700 0.037490 0.028833
v 0.001285 0.037447 0.029358
v -0.001285 0.037447 0.029358
v -0.003700 0.037490 0.028833
v -0.005669 0.037570 0.027845
v -0.006954 0.037678 0.026514
v -0.007400 0.037800 0.025000
v -0.006954 0.037922 0.023486
v -0.005669 0.038030 0.022155
v -0.003700 0.038110 0.021167
v -0.001285 0.038153 0.020642
v 0.001285 0.038153 0.020642
v 0.003700 0.038110 0.021167
v 0.005669 0.038030 0.022155
v 0.006954 0.037922 0.023486
v 0.007400 0.037800 0.025000
v 0.000000 0.037800 0.075000
v 0.007400 0.037800 0.075000
v 0.006954 0.037678 0.073486
v 0.005669 0.037570 0.072155
v 0.003700 0.037490 0.071167
v 0.001285 0.037447 0.070642
v -0.001285 0.037447 0.070642
v -0.003700 0.037490 0.071167
v -0.005669 0.037570 0.072155
v -0.006954 0.037678 0.073486
v -0.007400 0.037800 0.075000
v -0.006954 0.037922 0.076514
v -0.005669 0.038030 0.077845
v -0.003700 0.038110 0.078833
v -0.001285 0.038153 0.079358
v 0.001285 0.038153 0.079358
v 0.003700 0.038110 0.078833
v 0.005669 0.038030 0.077845
v 0.006954 0.037922 0.076514
v 0.007400 0.037800 0.075000
v 0.000000 0.037800 0.025000
v 0.007400 0.037800 0.025000
v 0.006954 0.037678 0.026514
v 0.005669 0.037570 0.027845
v 0.003700 0.037490 0.028833
v 0.001285 0.037447 0.029358
v -0.001285 0.037447 0.029358
v -0.003700 0.037490 0.028833
v -0.005669 0.037570 0.027845
v -0.006954 0.037678 0.026514
v -0.007400 0.037800 0.025000
v -0.006954 0.037922 0.023486
v -0.005669 0.038030 0.022155
v -0.003700 0.038110 0.021167
v -0.001285 0.038153 0.020642
v 0.001285 0.038153 0.020642
v 0.003700 0.038110 0.021167
v 0.005669 0.038030 0.022155
v 0.006954 0.037922 0.023486
v 0.007400 0.037800 0.025000
vt 1.00000 1.00000
vt 0.98438 1.00000
vt 0.96875 1.00000
vt 0.95312 1.00000
vt 0.93750 1.00000
vt 0.92188 1.00000
vt 0.90625 1.00000
vt 0.89062 1.00000
vt 0.87500 1.00000
vt 0.85938 1.00000
vt 0.84375 1.00000
vt 0.82812 1.00000
vt 0.81250 1.00000
vt 0.79688 1.00000
vt 0.78125 1.00000
vt 0.76562 1.00000
vt 0.75000 1.00000
vt 0.73438 1.00000
vt 0.71875 1.00000
vt 0.70312 1.00000
vt 0.68750 1.00000
vt 0.67188 1.00000
vt 0.65625 1.00000
vt 0.64062 1.00000
vt 0.62500 1.00000
vt 0.60938 1.00000
vt 0.59375 1.00000
vt 0.57812 1.00000
vt 0.56250 1.00000
vt 0.54688 1.00000
vt 0.53125 1.00000
vt 0.51562 1.00000
vt 0.50000 1.00000
vt 0.48438 1.00000
vt 0.46875 1.00000
vt 0.45312 1.00000
vt 0.43750 1.00000
vt 0.42188 1.00000
vt 0.40625 1.00000
vt 0.39062 1.00000
vt 0.37500 1.00000
vt 0.35938 1.00000
vt 0.34375 1.00000
vt 0.32812 1.00000
vt 0.31250 1.00000
vt 0.29688 1.00000
vt 0.28125 1.00000
vt 0.26562 1.00000
vt 0.25000 1.00000
vt 0.23438 1.00000
vt 0.21875 1.00000
vt 0.20312 1.00000
vt 0.18750 1.00000
vt 0.17188 1.00000
vt 0.15625 1.00000
vt 0.14062 1.00000
vt 0.12500 1.00000
vt 0.10938 1.00000
vt 0.09375 1.00000
vt 0.07812 1.00000
vt 0.06250 1.00000
vt 0.04688 1.00000
vt 0.03125 1.00000
vt 0.01562 1.00000
vt 0.00000 1.00000
vt 1.00000 0.98438
vt 0.98438 0.98438
vt 0.96875 0.98438
vt 0.95312 0.98438
vt 0.93750 0.98438
vt 0.92188 0.98438
vt 0.90625 0.98438
vt 0.89062 0.98438
vt 0.87500 0.98438
vt 0.85938 0.98438
vt 0.84375 0.98438
vt 0.82812 0.98438
vt 0.81250 0.98438
vt 0.79688 0.98438
vt 0.78125 0.98438
vt 0.76562 0.98438
vt 0.75000 0.98438
vt 0.73438 0.98438
vt 0.71875 0.98438
vt 0.70312 0.98438
vt 0.68750 0.98438
vt 0.67188 0.98438
vt 0.65625 0.98438
vt 0.64062 0.98438
vt 0.62500 0.98438
vt 0.60938 0.98438
vt 0.59375 0.98438
vt 0.57812 0.98438
vt 0.56250 0.98438
vt 0.54688 0.98438
vt 0.53125 0.98438
vt 0.51562 0.98438
vt 0.50000 0.98438
vt 0.48438 0.98438
vt 0.46875 0.98438
vt 0.45312 0.98438
vt 0.43750 0.98438
vt 0.42188 0.98438
vt 0.40625 0.98438
vt 0.39062 0.98438
vt 0.37500 0.98438
vt 0.35938 0.98438
vt 0.34375 0.98438
vt 0.32812 0.98438
vt 0.31250 0.98438
vt 0.29688 0.98438
vt 0.28125 0.98438
vt 0.26562 0.98438
vt 0.25000 0.98438
vt 0.23438 0.98438
vt 0.21875 0.98438
vt 0.20312 0.98438
vt 0.18750 0.98438
vt 0.17188 0.98438
vt 0.15625 0.98438
vt 0.14062 0.98438
vt 0.12500 0.98438
vt 0.10938 0.98438
vt 0.09375 0.98438
vt 0.07812 0.98438
vt 0.06250 0.98438
vt 0.04688 0.98438
vt 0.03125 0.98438
vt 0.01562 0.98438
vt 0.00000 0.98438
vt 1.00000 0.97656
vt 0.98438 0.97656
vt 0.96875 0.97656
vt 0.95312 0.97656
vt 0.93750 0.97656
vt 0.92188 0.97656
vt 0.90625 0.97656
vt 0.89062 0.97656
vt 0.87500 0.97656
vt 0.85938 0.97656
vt 0.84375 0.97656
vt 0.82812 0.97656
vt 0.81250 0.97656
vt 0.79688 0.97656
vt 0.78125 0.97656
vt 0.76562 0.97656
vt 0.75000 0.97656
vt 0.73438 0.97656
vt 0.71875 0.97656
vt 0.70312 0.97656
vt 0.68750 0.97656
vt 0.67188 0.97656
vt 0.65625 0.97656
vt 0.64062 0.97656
vt 0.62500 0.97656
vt 0.60938 0.97656
vt 0.59375 0.97656
vt 0.57812 0.97656
vt 0.56250 0.97656
vt 0.54688 0.97656
vt 0.53125 0.97656
vt 0.51562 0.97656
vt 0.50000 0.97656
vt 0.48438 0.97656
vt 0.46875 0.97656
vt 0.45312 0.97656
vt 0.43750 0.97656
vt 0.42188 0.97656
vt 0.40625 0.97656
vt 0.39062 0.97656
vt 0.37500 0.97656
vt 0.35938 0.97656
vt 0.34375 0.97656
vt 0.32812 0.97656
vt 0.31250 0.97656
vt 0.29688 0.97656
vt 0.28125 0.97656
vt 0.26562 0.97656
vt 0.25000 0.97656
vt 0.23438 0.97656
vt 0.21875 0.97656
vt 0.20312 0.97656
vt 0.18750 0.97656
vt 0.17188 0.97656
vt 0.15625 0.97656
vt 0.14062 0.97656
vt 0.12500 0.97656
vt 0.10938 0.97656
vt 0.09375 0.97656
vt 0.07812 0.97656
vt 0.06250 0.97656
vt 0.04688 0.97656
vt 0.03125 0.97656
vt 0.01562 0.97656
vt 0.00000 0.97656
vt 1.00000 0.97266
vt 0.98438 0.97266
vt 0.96875 0.97266
vt 0.95312 0.97266
vt 0.93750 0.97266
vt 0.92188 0.97266
vt 0.90625 0.97266
vt 0.89062 0.97266
vt 0.87500 0.97266
vt 0.85938 0.97266
vt 0.84375 0.97266
vt 0.82812 0.97266
vt 0.81250 0.97266
vt 0.79688 0.97266
vt 0.78125 0.97266
vt 0.76562 0.97266
vt 0.75000 0.97266
vt 0.73438 0.97266
vt 0.71875 0.97266
vt 0.70312 0.97266
vt 0.68750 0.97266
vt 0.67188 0.97266
vt 0.65625 0.97266
vt 0.64062 0.97266
vt 0.62500 0.97266
vt 0.60938 0.97266
vt 0.59375 0.97266
vt 0.57812 0.97266
vt 0.56250 0.97266
vt 0.54688 0.97266
vt 0.53125 0.97266
vt 0.51562 0.97266
vt 0.50000 0.97266
vt 0.48438 0.97266
vt 0.46875 0.97266
vt 0.45312 0.97266
vt 0.43750 0.97266
vt 0.42188 0.97266
vt 0.40625 0.97266
vt 0.39062 0.97266
vt 0.37500 0.97266
vt 0.35938 0.97266
vt 0.34375 0.97266
vt 0.32812 0.97266
vt 0.31250 0.97266
vt 0.29688 0.97266
vt 0.28125 0.97266
vt 0.26562 0.97266
vt 0.25000 0.97266
vt 0.23438 0.97266
vt 0.21875 0.97266
vt 0.20312 0.97266
vt 0.18750 0.97266
vt 0.17188 0.97266
vt 0.15625 0.97266
vt 0.14062 0.97266
vt 0.12500 0.97266
vt 0.10938 0.97266
vt 0.09375 0.97266
vt 0.07812 0.97266
vt 0.06250 0.97266
vt 0.04688 0.97266
vt 0.03125 0.97266
vt 0.01562 0.97266
vt 0.00000 0.97266
vt 1.00000 0.96484
vt 0.98438 0.96484
vt 0.96875 0.96484
vt 0.95312 0.96484
vt 0.93750 0.96484
vt 0.92188 0.96484
vt 0.90625 0.96484
vt 0.89062 0.96484
vt 0.87500 0.96484
vt 0.85938 0.96484
vt 0.84375 0.96484
vt 0.82812 0.96484
vt 0.81250 0.96484
vt 0.79688 0.96484
vt 0.78125 0.96484
vt 0.76562 0.96484
vt 0.75000 0.96484
vt 0.73438 0.96484
vt 0.71875 0.96484
vt 0.70312 0.96484
vt 0.68750 0.96484
vt 0.67188 0.96484
vt 0.65625 0.96484
vt 0.64062 0.96484
vt 0.62500 0.96484
vt 0.60938 0.96484
vt 0.59375 0.96484
vt 0.57812 0.96484
vt 0.56250 0.96484
vt 0.54688 0.96484
vt 0.53125 0.96484
vt 0.51562 0.96484
vt 0.50000 0.96484
vt 0.48438 0.96484
vt 0.46875 0.96484
vt 0.45312 0.96484
vt 0.43750 0.96484
vt 0.42188 0.96484
vt 0.40625 0.96484
vt 0.39062 0.96484
vt 0.37500 0.96484
vt 0.35938 0.96484
vt 0.34375 0.96484
vt 0.32812 0.96484
vt 0.31250 0.96484
vt 0.29688 0.96484
vt 0.28125 0.96484
vt 0.26562 0.96484
vt 0.25000 0.96484
vt 0.23438 0.96484
vt 0.21875 0.96484
vt 0.20312 0.96484
vt 0.18750 0.96484
vt 0.17188 0.96484
vt 0.15625 0.96484
vt 0.14062 0.96484
vt 0.12500 0.96484
vt 0.10938 0.96484
vt 0.09375 0.96484
vt 0.07812 0.96484
vt 0.06250 0.96484
vt 0.04688 0.96484
vt 0.03125 0.96484
vt 0.01562 0.96484
vt 0.00000 0.96484
vt 1.00000 0.95312
vt 0.98438 0.95312
vt 0.96875 0.95312
vt 0.95312 0.95312
vt 0.93750 0.95312
vt 0.92188 0.95312
vt 0.90625 0.95312
vt 0.89062 0.95312
vt 0.87500 0.95312
vt 0.85938 0.95312
vt 0.84375 0.95312
vt 0.82812 0.95312
vt 0.81250 0.95312
vt 0.79688 0.95312
vt 0.78125 0.95312
vt 0.76562 0.95312
vt 0.75000 0.95312
vt 0.73438 0.95312
vt 0.71875 0.95312
vt 0.70312 0.95312
vt 0.68750 0.95312
vt 0.67188 0.95312
vt 0.65625 0.95312
vt 0.64062 0.95312
vt 0.62500 0.95312
vt 0.60938 0.95312
vt 0.59375 0.95312
vt 0.57812 0.95312
vt 0.56250 0.95312
vt 0.54688 0.95312
vt 0.53125 0.95312
vt 0.51562 0.95312
vt 0.50000 0.95312
vt 0.48438 0.95312
vt 0.46875 0.95312
vt 0.45312 0.95312
vt 0.43750 0.95312
vt 0.42188 0.95312
vt 0.40625 0.95312
vt 0.39062 0.95312
vt 0.37500 0.95312
vt 0.35938 0.95312
vt 0.34375 0.95312
vt 0.32812 0.95312
vt 0.31250 0.95312
vt 0.29688 0.95312
vt 0.28125 0.95312
vt 0.26562 0.95312
vt 0.25000 0.95312
vt 0.23438 0.95312
vt 0.21875 0.95312
vt 0.20312 0.95312
vt 0.18750 0.95312
vt 0.17188 0.95312
vt 0.15625 0.95312
vt 0.14062 0.95312
vt 0.12500 0.95312
vt 0.10938 0.95312
vt 0.09375 0.95312
vt 0.07812 0.95312
vt 0.06250 0.95312
vt 0.04688 0.95312
vt 0.03125 0.95312
vt 0.01562 0.95312
vt 0.00000 0.95312
vt 1.00000 0.92188
vt 0.98438 0.92188
vt 0.96875 0.92188
vt 0.95312 0.92188
vt 0.93750 0.92188
vt 0.92188 0.92188
vt 0.90625 0.92188
vt 0.89062 0.92188
vt 0.87500 0.92188
vt 0.85938 0.92188
vt 0.84375 0.92188
vt 0.82812 0.92188
vt 0.81250 0.92188
vt 0.79688 0.92188
vt 0.78125 0.92188
vt 0.76562 0.92188
vt 0.75000 0.92188
vt 0.73438 0.92188
vt 0.71875 0.92188
vt 0.70312 0.92188
vt 0.68750 0.92188
vt 0.67188 0.92188
vt 0.65625 0.92188
vt 0.64062 0.92188
vt 0.62500 0.92188
vt 0.60938 0.92188
vt 0.59375 0.92188
vt 0.57812 0.92188
vt 0.56250 0.92188
vt 0.54688 0.92188
vt 0.53125 0.92188
vt 0.51562 0.92188
vt 0.50000 0.92188
vt 0.48438 0.92188
vt 0.46875 0.92188
vt 0.45312 0.92188
vt 0.43750 0.92188
vt 0.42188 0.92188
vt 0.40625 0.92188
vt 0.39062 0.92188
vt 0.37500 0.92188
vt 0.35938 0.92188
vt 0.34375 0.92188
vt 0.32812 0.92188
vt 0.31250 0.92188
vt 0.29688 0.92188
vt 0.28125 0.92188
vt 0.26562 0.92188
vt 0.25000 0.92188
vt 0.23438 0.92188
vt 0.21875 0.92188
vt 0.20312 0.92188
vt 0.18750 0.92188
vt 0.17188 0.92188
vt 0.15625 0.92188
vt 0.14062 0.92188
vt 0.12500 0.92188
vt 0.10938 0.92188
vt 0.09375 0.92188
vt 0.07812 0.92188
vt 0.06250 0.92188
vt 0.04688 0.92188
vt 0.03125 0.92188
vt 0.01562 0.92188
vt 0.00000 0.92188
vt 1.00000 0.84375
vt 0.98438 0.84375
vt 0.96875 0.84375
vt 0.95312 0.84375
vt 0.93750 0.84375
vt 0.92188 0.84375
vt 0.90625 0.84375
vt 0.89062 0.84375
vt 0.87500 0.84375
vt 0.85938 0.84375
vt 0.84375 0.84375
vt 0.82812 0.84375
vt 0.81250 0.84375
vt 0.79688 0.84375
vt 0.78125 0.84375
vt 0.76562 0.84375
vt 0.75000 0.84375
vt 0.73438 0.84375
vt 0.71875 0.84375
vt 0.70312 0.84375
vt 0.68750 0.84375
vt 0.67188 0.84375
vt 0.65625 0.84375
vt 0.64062 0.84375
vt 0.62500 0.84375
vt 0.60938 0.84375
vt 0.59375 0.84375
vt 0.57812 0.84375
vt 0.56250 0.84375
vt 0.54688 0.84375
vt 0.53125 0.84375
vt 0.51562 0.84375
vt 0.50000 0.84375
vt 0.48438 0.84375
vt 0.46875 0.84375
vt 0.45312 0.84375
vt 0.43750 0.84375
vt 0.42188 0.84375
vt 0.40625 0.84375
vt 0.39062 0.84375
vt 0.37500 0.84375
vt 0.35938 0.84375
vt 0.34375 0.84375
vt 0.32812 0.84375
vt 0.31250 0.84375
vt 0.29688 0.84375
vt 0.28125 0.84375
vt 0.26562 0.84375
vt 0.25000 0.84375
vt 0.23438 0.84375
vt 0.21875 0.84375
vt 0.20312 0.84375
vt 0.18750 0.84375
vt 0.17188 0.84375
vt 0.15625 0.84375
vt 0.14062 0.84375
vt 0.12500 0.84375
vt 0.10938 0.84375
vt 0.09375 0.84375
vt 0.07812 0.84375
vt 0.06250 0.84375
vt 0.04688 0.84375
vt 0.03125 0.84375
vt 0.01562 0.84375
vt 0.00000 0.84375
vt 1.00000 0.74219
vt 0.98438 0.74219
vt 0.96875 0.74219
vt 0.95312 0.74219
vt 0.93750 0.74219
vt 0.92188 0.74219
vt 0.90625 0.74219
vt 0.89062 0.74219
vt 0.87500 0.74219
vt 0.85938 0.74219
vt 0.84375 0.74219
vt 0.82812 0.74219
vt 0.81250 0.74219
vt 0.79688 0.74219
vt 0.78125 0.74219
vt 0.76562 0.74219
vt 0.75000 0.74219
vt 0.73438 0.74219
vt 0.71875 0.74219
vt 0.70312 0.74219
vt 0.68750 0.74219
vt 0.67188 0.74219
vt 0.65625 0.74219
vt 0.64062 0.74219
vt 0.62500 0.74219
vt 0.60938 0.74219
vt 0.59375 0.74219
vt 0.57812 0.74219
vt 0.56250 0.74219
vt 0.54688 0.74219
vt 0.53125 0.74219
vt 0.51562 0.74219
vt 0.50000 0.74219
vt 0.48438 0.74219
vt 0.46875 0.74219
vt 0.45312 0.74219
vt 0.43750 0.74219
vt 0.42188 0.74219
vt 0.40625 0.74219
vt 0.39062 0.74219
vt 0.37500 0.74219
vt 0.35938 0.74219
vt 0.34375 0.74219
vt 0.32812 0.74219
vt 0.31250 0.74219
vt 0.29688 0.74219
vt 0.28125 0.74219
vt 0.26562 0.74219
vt 0.25000 0.74219
vt 0.23438 0.74219
vt 0.21875 0.74219
vt 0.20312 0.74219
vt 0.18750 0.74219
vt 0.17188 0.74219
vt 0.15625 0.74219
vt 0.14062 0.74219
vt 0.12500 0.74219
vt 0.10938 0.74219
vt 0.09375 0.74219
vt 0.07812 0.74219
vt 0.06250 0.74219
vt 0.04688 0.74219
vt 0.03125 0.74219
vt 0.01562 0.74219
vt 0.00000 0.74219
vt 1.00000 0.59375
vt 0.98438 0.59375
vt 0.96875 0.59375
vt 0.95312 0.59375
vt 0.93750 0.59375
vt 0.92188 0.59375
vt 0.90625 0.59375
vt 0.89062 0.59375
vt 0.87500 0.59375
vt 0.85938 0.59375
vt 0.84375 0.59375
vt 0.82812 0.59375
vt 0.81250 0.59375
vt 0.79688 0.59375
vt 0.78125 0.59375
vt 0.76562 0.59375
vt 0.75000 0.59375
vt 0.73438 0.59375
vt 0.71875 0.59375
vt 0.70312 0.59375
vt 0.68750 0.59375
vt 0.67188 0.59375
vt 0.65625 0.59375
vt 0.64062 0.59375
vt 0.62500 0.59375
vt 0.60938 0.59375
vt 0.59375 0.59375
vt 0.57812 0.59375
vt 0.56250 0.59375
vt 0.54688 0.59375
vt 0.53125 0.59375
vt 0.51562 0.59375
vt 0.50000 0.59375
vt 0.48438 0.59375
vt 0.46875 0.59375
vt 0.45312 0.59375
vt 0.43750 0.59375
vt 0.42188 0.59375
vt 0.40625 0.59375
vt 0.39062 0.59375
vt 0.37500 0.59375
vt 0.35938 0.59375
vt 0.34375 0.59375
vt 0.32812 0.59375
vt 0.31250 0.59375
vt 0.29688 0.59375
vt 0.28125 0.59375
vt 0.26562 0.59375
vt 0.25000 0.59375
vt 0.23438 0.59375
vt 0.21875 0.59375
vt 0.20312 0.59375
vt 0.18750 0.59375
vt 0.17188 0.59375
vt 0.15625 0.59375
vt 0.14062 0.59375
vt 0.12500 0.59375
vt 0.10938 0.59375
vt 0.09375 0.59375
vt 0.07812 0.59375
vt 0.06250 0.59375
vt 0.04688 0.59375
vt 0.03125 0.59375
vt 0.01562 0.59375
vt 0.00000 0.59375
vt 1.00000 0.56250
vt 0.98438 0.56250
vt 0.96875 0.56250
vt 0.95312 0.56250
vt 0.93750 0.56250
vt 0.92188 0.56250
vt 0.90625 0.56250
vt 0.89062 0.56250
vt 0.87500 0.56250
vt 0.85938 0.56250
vt 0.84375 0.56250
vt 0.82812 0.56250
vt 0.81250 0.56250
vt 0.79688 0.56250
vt 0.78125 0.56250
vt 0.76562 0.56250
vt 0.75000 0.56250
vt 0.73438 0.56250
vt 0.71875 0.56250
vt 0.70312 0.56250
vt 0.68750 0.56250
vt 0.67188 0.56250
vt 0.65625 0.56250
vt 0.64062 0.56250
vt 0.62500 0.56250
vt 0.60938 0.56250
vt 0.59375 0.56250
vt 0.57812 0.56250
vt 0.56250 0.56250
vt 0.54688 0.56250
vt 0.53125 0.56250
vt 0.51562 0.56250
vt 0.50000 0.56250
vt 0.48438 0.56250
vt 0.46875 0.56250
vt 0.45312 0.56250
vt 0.43750 0.56250
vt 0.42188 0.56250
vt 0.40625 0.56250
vt 0.39062 0.56250
vt 0.37500 0.56250
vt 0.35938 0.56250
vt 0.34375 0.56250
vt 0.32812 0.56250
vt 0.31250 0.56250
vt 0.29688 0.56250
vt 0.28125 0.56250
vt 0.26562 0.56250
vt 0.25000 0.56250
vt 0.23438 0.56250
vt 0.21875 0.56250
vt 0.20312 0.56250
vt 0.18750 0.56250
vt 0.17188 0.56250
vt 0.15625 0.56250
vt 0.14062 0.56250
vt 0.12500 0.56250
vt 0.10938 0.56250
vt 0.09375 0.56250
vt 0.07812 0.56250
vt 0.06250 0.56250
vt 0.04688 0.56250
vt 0.03125 0.56250
vt 0.01562 0.56250
vt 0.00000 0.56250
vt 1.00000 0.54688
vt 0.98438 0.54688
vt 0.96875 0.54688
vt 0.95312 0.54688
vt 0.93750 0.54688
vt 0.92188 0.54688
vt 0.90625 0.54688
vt 0.89062 0.54688
vt 0.87500 0.54688
vt 0.85938 0.54688
vt 0.84375 0.54688
vt 0.82812 0.54688
vt 0.81250 0.54688
vt 0.79688 0.54688
vt 0.78125 0.54688
vt 0.76562 0.54688
vt 0.75000 0.54688
vt 0.73438 0.54688
vt 0.71875 0.54688
vt 0.70312 0.54688
vt 0.68750 0.54688
vt 0.67188 0.54688
vt 0.65625 0.54688
vt 0.64062 0.54688
vt 0.62500 0.54688
vt 0.60938 0.54688
vt 0.59375 0.54688
vt 0.57812 0.54688
vt 0.56250 0.54688
vt 0.54688 0.54688
vt 0.53125 0.54688
vt 0.51562 0.54688
vt 0.50000 0.54688
vt 0.48438 0.54688
vt 0.46875 0.54688
vt 0.45312 0.54688
vt 0.43750 0.54688
vt 0.42188 0.54688
vt 0.40625 0.54688
vt 0.39062 0.54688
vt 0.37500 0.54688
vt 0.35938 0.54688
vt 0.34375 0.54688
vt 0.32812 0.54688
vt 0.31250 0.54688
vt 0.29688 0.54688
vt 0.28125 0.54688
vt 0.26562 0.54688
vt 0.25000 0.54688
vt 0.23438 0.54688
vt 0.21875 0.54688
vt 0.20312 0.54688
vt 0.18750 0.54688
vt 0.17188 0.54688
vt 0.15625 0.54688
vt 0.14062 0.54688
vt 0.12500 0.54688
vt 0.10938 0.54688
vt 0.09375 0.54688
vt 0.07812 0.54688
vt 0.06250 0.54688
vt 0.04688 0.54688
vt 0.03125 0.54688
vt 0.01562 0.54688
vt 0.00000 0.54688
vt 1.00000 0.53125
vt 0.98438 0.53125
vt 0.96875 0.53125
vt 0.95312 0.53125
vt 0.93750 0.53125
vt 0.92188 0.53125
vt 0.90625 0.53125
vt 0.89062 0.53125
vt 0.87500 0.53125
vt 0.85938 0.53125
vt 0.84375 0.53125
vt 0.82812 0.53125
vt 0.81250 0.53125
vt 0.79688 0.53125
vt 0.78125 0.53125
vt 0.76562 0.53125
vt 0.75000 0.53125
vt 0.73438 0.53125
vt 0.71875 0.53125
vt 0.70312 0.53125
vt 0.68750 0.53125
vt 0.67188 0.53125
vt 0.65625 0.53125
vt 0.64062 0.53125
vt 0.62500 0.53125
vt 0.60938 0.53125
vt 0.59375 0.53125
vt 0.57812 0.53125
vt 0.56250 0.53125
vt 0.54688 0.53125
vt 0.53125 0.53125
vt 0.51562 0.53125
vt 0.50000 0.53125
vt 0.48438 0.53125
vt 0.46875 0.53125
vt 0.45312 0.53125
vt 0.43750 0.53125
vt 0.42188 0.53125
vt 0.40625 0.53125
vt 0.39062 0.53125
vt 0.37500 0.53125
vt 0.35938 0.53125
vt 0.34375 0.53125
vt 0.32812 0.53125
vt 0.31250 0.53125
vt 0.29688 0.53125
vt 0.28125 0.53125
vt 0.26562 0.53125
vt 0.25000 0.53125
vt 0.23438 0.53125
vt 0.21875 0.53125
vt 0.20312 0.53125
vt 0.18750 0.53125
vt 0.17188 0.53125
vt 0.15625 0.53125
vt 0.14062 0.53125
vt 0.12500 0.53125
vt 0.10938 0.53125
vt 0.09375 0.53125
vt 0.07812 0.53125
vt 0.06250 0.53125
vt 0.04688 0.53125
vt 0.03125 0.53125
vt 0.01562 0.53125
vt 0.00000 0.53125
vt 1.00000 0.51562
vt 0.98438 0.51562
vt 0.96875 0.51562
vt 0.95312 0.51562
vt 0.93750 0.51562
vt 0.92188 0.51562
vt 0.90625 0.51562
vt 0.89062 0.51562
vt 0.87500 0.51562
vt 0.85938 0.51562
vt 0.84375 0.51562
vt 0.82812 0.51562
vt 0.81250 0.51562
vt 0.79688 0.51562
vt 0.78125 0.51562
vt 0.76562 0.51562
vt 0.75000 0.51562
vt 0.73438 0.51562
vt 0.71875 0.51562
vt 0.70312 0.51562
vt 0.68750 0.51562
vt 0.67188 0.51562
vt 0.65625 0.51562
vt 0.64062 0.51562
vt 0.62500 0.51562
vt 0.60938 0.51562
vt 0.59375 0.51562
vt 0.57812 0.51562
vt 0.56250 0.51562
vt 0.54688 0.51562
vt 0.53125 0.51562
vt 0.51562 0.51562
vt 0.50000 0.51562
vt 0.48438 0.51562
vt 0.46875 0.51562
vt 0.45312 0.51562
vt 0.43750 0.51562
vt 0.42188 0.51562
vt 0.40625 0.51562
vt 0.39062 0.51562
vt 0.37500 0.51562
vt 0.35938 0.51562
vt 0.34375 0.51562
vt 0.32812 0.51562
vt 0.31250 0.51562
vt 0.29688 0.51562
vt 0.28125 0.51562
vt 0.26562 0.51562
vt 0.25000 0.51562
vt 0.23438 0.51562
vt 0.21875 0.51562
vt 0.20312 0.51562
vt 0.18750 0.51562
vt 0.17188 0.51562
vt 0.15625 0.51562
vt 0.14062 0.51562
vt 0.12500 0.51562
vt 0.10938 0.51562
vt 0.09375 0.51562
vt 0.07812 0.51562
vt 0.06250 0.51562
vt 0.04688 0.51562
vt 0.03125 0.51562
vt 0.01562 0.51562
vt 0.00000 0.51562
vt 1.00000 0.43750
vt 0.98438 0.43750
vt 0.96875 0.43750
vt 0.95312 0.43750
vt 0.93750 0.43750
vt 0.92188 0.43750
vt 0.90625 0.43750
vt 0.89062 0.43750
vt 0.87500 0.43750
vt 0.85938 0.43750
vt 0.84375 0.43750
vt 0.82812 0.43750
vt 0.81250 0.43750
vt 0.79688 0.43750
vt 0.78125 0.43750
vt 0.76562 0.43750
vt 0.75000 0.43750
vt 0.73438 0.43750
vt 0.71875 0.43750
vt 0.70312 0.43750
vt 0.68750 0.43750
vt 0.67188 0.43750
vt 0.65625 0.43750
vt 0.64062 0.43750
vt 0.62500 0.43750
vt 0.60938 0.43750
vt 0.59375 0.43750
vt 0.57812 0.43750
vt 0.56250 0.43750
vt 0.54688 0.43750
vt 0.53125 0.43750
vt 0.51562 0.43750
vt 0.50000 0.43750
vt 0.48438 0.43750
vt 0.46875 0.43750
vt 0.45312 0.43750
vt 0.43750 0.43750
vt 0.42188 0.43750
vt 0.40625 0.43750
vt 0.39062 0.43750
vt 0.37500 0.43750
vt 0.35938 0.43750
vt 0.34375 0.43750
vt 0.32812 0.43750
vt 0.31250 0.43750
vt 0.29688 0.43750
vt 0.28125 0.43750
vt 0.26562 0.43750
vt 0.25000 0.43750
vt 0.23438 0.43750
vt 0.21875 0.43750
vt 0.20312 0.43750
vt 0.18750 0.43750
vt 0.17188 0.43750
vt 0.15625 0.43750
vt 0.14062 0.43750
vt 0.12500 0.43750
vt 0.10938 0.43750
vt 0.09375 0.43750
vt 0.07812 0.43750
vt 0.06250 0.43750
vt 0.04688 0.43750
vt 0.03125 0.43750
vt 0.01562 0.43750
vt 0.00000 0.43750
vt 1.00000 0.34375
vt 0.98438 0.34375
vt 0.96875 0.34375
vt 0.95312 0.34375
vt 0.93750 0.34375
vt 0.92188 0.34375
vt 0.90625 0.34375
vt 0.89062 0.34375
vt 0.87500 0.34375
vt 0.85938 0.34375
vt 0.84375 0.34375
vt 0.82812 0.34375
vt 0.81250 0.34375
vt 0.79688 0.34375
vt 0.78125 0.34375
vt 0.76562 0.34375
vt 0.75000 0.34375
vt 0.73438 0.34375
vt 0.71875 0.34375
vt 0.70312 0.34375
vt 0.68750 0.34375
vt 0.67188 0.34375
vt 0.65625 0.34375
vt 0.64062 0.34375
vt 0.62500 0.34375
vt 0.60938 0.34375
vt 0.59375 0.34375
vt 0.57812 0.34375
vt 0.56250 0.34375
vt 0.54688 0.34375
vt 0.53125 0.34375
vt 0.51562 0.34375
vt 0.50000 0.34375
vt 0.48438 0.34375
vt 0.46875 0.34375
vt 0.45312 0.34375
vt 0.43750 0.34375
vt 0.42188 0.34375
vt 0.40625 0.34375
vt 0.39062 0.34375
vt 0.37500 0.34375
vt 0.35938 0.34375
vt 0.34375 0.34375
vt 0.32812 0.34375
vt 0.31250 0.34375
vt 0.29688 0.34375
vt 0.28125 0.34375
vt 0.26562 0.34375
vt 0.25000 0.34375
vt 0.23438 0.34375
vt 0.21875 0.34375
vt 0.20312 0.34375
vt 0.18750 0.34375
vt 0.17188 0.34375
vt 0.15625 0.34375
vt 0.14062 0.34375
vt 0.12500 0.34375
vt 0.10938 0.34375
vt 0.09375 0.34375
vt 0.07812 0.34375
vt 0.06250 0.34375
vt 0.04688 0.34375
vt 0.03125 0.34375
vt 0.01562 0.34375
vt 0.00000 0.34375
vt 1.00000 0.28125
vt 0.98438 0.28125
vt 0.96875 0.28125
vt 0.95312 0.28125
vt 0.93750 0.28125
vt 0.92188 0.28125
vt 0.90625 0.28125
vt 0.89062 0.28125
vt 0.87500 0.28125
vt 0.85938 0.28125
vt 0.84375 0.28125
vt 0.82812 0.28125
vt 0.81250 0.28125
vt 0.79688 0.28125
vt 0.78125 0.28125
vt 0.76562 0.28125
vt 0.75000 0.28125
vt 0.73438 0.28125
vt 0.71875 0.28125
vt 0.70312 0.28125
vt 0.68750 0.28125
vt 0.67188 0.28125
vt 0.65625 0.28125
vt 0.64062 0.28125
vt 0.62500 0.28125
vt 0.60938 0.28125
vt 0.59375 0.28125
vt 0.57812 0.28125
vt 0.56250 0.28125
vt 0.54688 0.28125
vt 0.53125 0.28125
vt 0.51562 0.28125
vt 0.50000 0.28125
vt 0.48438 0.28125
vt 0.46875 0.28125
vt 0.45312 0.28125
vt 0.43750 0.28125
vt 0.42188 0.28125
vt 0.40625 0.28125
vt 0.39062 0.28125
vt 0.37500 0.28125
vt 0.35938 0.28125
vt 0.34375 0.28125
vt 0.32812 0.28125
vt 0.31250 0.28125
vt 0.29688 0.28125
vt 0.28125 0.28125
vt 0.26562 0.28125
vt 0.25000 0.28125
vt 0.23438 0.28125
vt 0.21875 0.28125
vt 0.20312 0.28125
vt 0.18750 0.28125
vt 0.17188 0.28125
vt 0.15625 0.28125
vt 0.14062 0.28125
vt 0.12500 0.28125
vt 0.10938 0.28125
vt 0.09375 0.28125
vt 0.07812 0.28125
vt 0.06250 0.28125
vt 0.04688 0.28125
vt 0.03125 0.28125
vt 0.01562 0.28125
vt 0.00000 0.28125
vt 1.00000 0.25000
vt 0.98438 0.25000
vt 0.96875 0.25000
vt 0.95312 0.25000
vt 0.93750 0.25000
vt 0.92188 0.25000
vt 0.90625 0.25000
vt 0.89062 0.25000
vt 0.87500 0.25000
vt 0.85938 0.25000
vt 0.84375 0.25000
vt 0.82812 0.25000
vt 0.81250 0.25000
vt 0.79688 0.25000
vt 0.78125 0.25000
vt 0.76562 0.25000
vt 0.75000 0.25000
vt 0.73438 0.25000
vt 0.71875 0.25000
vt 0.70312 0.25000
vt 0.68750 0.25000
vt 0.67188 0.25000
vt 0.65625 0.25000
vt 0.64062 0.25000
vt 0.62500 0.25000
vt 0.60938 0.25000
vt 0.59375 0.25000
vt 0.57812 0.25000
vt 0.56250 0.25000
vt 0.54688 0.25000
vt 0.53125 0.25000
vt 0.51562 0.25000
vt 0.50000 0.25000
vt 0.48438 0.25000
vt 0.46875 0.25000
vt 0.45312 0.25000
vt 0.43750 0.25000
vt 0.42188 0.25000
vt 0.40625 0.25000
vt 0.39062 0.25000
vt 0.37500 0.25000
vt 0.35938 0.25000
vt 0.34375 0.25000
vt 0.32812 0.25000
vt 0.31250 0.25000
vt 0.29688 0.25000
vt 0.28125 0.25000
vt 0.26562 0.25000
vt 0.25000 0.25000
vt 0.23438 0.25000
vt 0.21875 0.25000
vt 0.20312 0.25000
vt 0.18750 0.25000
vt 0.17188 0.25000
vt 0.15625 0.25000
vt 0.14062 0.25000
vt 0.12500 0.25000
vt 0.10938 0.25000
vt 0.09375 0.25000
vt 0.07812 0.25000
vt 0.06250 0.25000
vt 0.04688 0.25000
vt 0.03125 0.25000
vt 0.01562 0.25000
vt 0.00000 0.25000
vt 1.00000 0.21875
vt 0.98438 0.21875
vt 0.96875 0.21875
vt 0.95312 0.21875
vt 0.93750 0.21875
vt 0.92188 0.21875
vt 0.90625 0.21875
vt 0.89062 0.21875
vt 0.87500 0.21875
vt 0.85938 0.21875
vt 0.84375 0.21875
vt 0.82812 0.21875
vt 0.81250 0.21875
vt 0.79688 0.21875
vt 0.78125 0.21875
vt 0.76562 0.21875
vt 0.75000 0.21875
vt 0.73438 0.21875
vt 0.71875 0.21875
vt 0.70312 0.21875
vt 0.68750 0.21875
vt 0.67188 0.21875
vt 0.65625 0.21875
vt 0.64062 0.21875
vt 0.62500 0.21875
vt 0.60938 0.21875
vt 0.59375 0.21875
vt 0.57812 0.21875
vt 0.56250 0.21875
vt 0.54688 0.21875
vt 0.53125 0.21875
vt 0.51562 0.21875
vt 0.50000 0.21875
vt 0.48438 0.21875
vt 0.46875 0.21875
vt 0.45312 0.21875
vt 0.43750 0.21875
vt 0.42188 0.21875
vt 0.40625 0.21875
vt 0.39062 0.21875
vt 0.37500 0.21875
vt 0.35938 0.21875
vt 0.34375 0.21875
vt 0.32812 0.21875
vt 0.31250 0.21875
vt 0.29688 0.21875
vt 0.28125 0.21875
vt 0.26562 0.21875
vt 0.25000 0.21875
vt 0.23438 0.21875
vt 0.21875 0.21875
vt 0.20312 0.21875
vt 0.18750 0.21875
vt 0.17188 0.21875
vt 0.15625 0.21875
vt 0.14062 0.21875
vt 0.12500 0.21875
vt 0.10938 0.21875
vt 0.09375 0.21875
vt 0.07812 0.21875
vt 0.06250 0.21875
vt 0.04688 0.21875
vt 0.03125 0.21875
vt 0.01562 0.21875
vt 0.00000 0.21875
vt 0.00000 0.21875
vt 0.05556 0.21875
vt 0.11111 0.21875
vt 0.16667 0.21875
vt 0.22222 0.21875
vt 0.27778 0.21875
vt 0.33333 0.21875
vt 0.38889 0.21875
vt 0.44444 0.21875
vt 0.50000 0.21875
vt 0.55556 0.21875
vt 0.61111 0.21875
vt 0.66667 0.21875
vt 0.72222 0.21875
vt 0.77778 0.21875
vt 0.83333 0.21875
vt 0.88889 0.21875
vt 0.94444 0.21875
vt 1.00000 0.21875
vt 0.00000 0.21200
vt 0.05556 0.21200
vt 0.11111 0.21200
vt 0.16667 0.21200
vt 0.22222 0.21200
vt 0.27778 0.21200
vt 0.33333 0.21200
vt 0.38889 0.21200
vt 0.44444 0.21200
vt 0.50000 0.21200
vt 0.55556 0.21200
vt 0.61111 0.21200
vt 0.66667 0.21200
vt 0.72222 0.21200
vt 0.77778 0.21200
vt 0.83333 0.21200
vt 0.88889 0.21200
vt 0.94444 0.21200
vt 1.00000 0.21200
vt 0.00000 0.20517
vt 0.05556 0.20517
vt 0.11111 0.20517
vt 0.16667 0.20517
vt 0.22222 0.20517
vt 0.27778 0.20517
vt 0.33333 0.20517
vt 0.38889 0.20517
vt 0.44444 0.20517
vt 0.50000 0.20517
vt 0.55556 0.20517
vt 0.61111 0.20517
vt 0.66667 0.20517
vt 0.72222 0.20517
vt 0.77778 0.20517
vt 0.83333 0.20517
vt 0.88889 0.20517
vt 0.94444 0.20517
vt 1.00000 0.20517
vt 0.00000 0.19818
vt 0.05556 0.19818
vt 0.11111 0.19818
vt 0.16667 0.19818
vt 0.22222 0.19818
vt 0.27778 0.19818
vt 0.33333 0.19818
vt 0.38889 0.19818
vt 0.44444 0.19818
vt 0.50000 0.19818
vt 0.55556 0.19818
vt 0.61111 0.19818
vt 0.66667 0.19818
vt 0.72222 0.19818
vt 0.77778 0.19818
vt 0.83333 0.19818
vt 0.88889 0.19818
vt 0.94444 0.19818
vt 1.00000 0.19818
vt 0.00000 0.19097
vt 0.05556 0.19097
vt 0.11111 0.19097
vt 0.16667 0.19097
vt 0.22222 0.19097
vt 0.27778 0.19097
vt 0.33333 0.19097
vt 0.38889 0.19097
vt 0.44444 0.19097
vt 0.50000 0.19097
vt 0.55556 0.19097
vt 0.61111 0.19097
vt 0.66667 0.19097
vt 0.72222 0.19097
vt 0.77778 0.19097
vt 0.83333 0.19097
vt 0.88889 0.19097
vt 0.94444 0.19097
vt 1.00000 0.19097
vt 0.00000 0.18349
vt 0.05556 0.18349
vt 0.11111 0.18349
vt 0.16667 0.18349
vt 0.22222 0.18349
vt 0.27778 0.18349
vt 0.33333 0.18349
vt 0.38889 0.18349
vt 0.44444 0.18349
vt 0.50000 0.18349
vt 0.55556 0.18349
vt 0.61111 0.18349
vt 0.66667 0.18349
vt 0.72222 0.18349
vt 0.77778 0.18349
vt 0.83333 0.18349
vt 0.88889 0.18349
vt 0.94444 0.18349
vt 1.00000 0.18349
vt 0.00000 0.17571
vt 0.05556 0.17571
vt 0.11111 0.17571
vt 0.16667 0.17571
vt 0.22222 0.17571
vt 0.27778 0.17571
vt 0.33333 0.17571
vt 0.38889 0.17571
vt 0.44444 0.17571
vt 0.50000 0.17571
vt 0.55556 0.17571
vt 0.61111 0.17571
vt 0.66667 0.17571
vt 0.72222 0.17571
vt 0.77778 0.17571
vt 0.83333 0.17571
vt 0.88889 0.17571
vt 0.94444 0.17571
vt 1.00000 0.17571
vt 0.00000 0.16763
vt 0.05556 0.16763
vt 0.11111 0.16763
vt 0.16667 0.16763
vt 0.22222 0.16763
vt 0.27778 0.16763
vt 0.33333 0.16763
vt 0.38889 0.16763
vt 0.44444 0.16763
vt 0.50000 0.16763
vt 0.55556 0.16763
vt 0.61111 0.16763
vt 0.66667 0.16763
vt 0.72222 0.16763
vt 0.77778 0.16763
vt 0.83333 0.16763
vt 0.88889 0.16763
vt 0.94444 0.16763
vt 1.00000 0.16763
vt 0.00000 0.15926
vt 0.05556 0.15926
vt 0.11111 0.15926
vt 0.16667 0.15926
vt 0.22222 0.15926
vt 0.27778 0.15926
vt 0.33333 0.15926
vt 0.38889 0.15926
vt 0.44444 0.15926
vt 0.50000 0.15926
vt 0.55556 0.15926
vt 0.61111 0.15926
vt 0.66667 0.15926
vt 0.72222 0.15926
vt 0.77778 0.15926
vt 0.83333 0.15926
vt 0.88889 0.15926
vt 0.94444 0.15926
vt 1.00000 0.15926
vt 0.00000 0.15060
vt 0.05556 0.15060
vt 0.11111 0.15060
vt 0.16667 0.15060
vt 0.22222 0.15060
vt 0.27778 0.15060
vt 0.33333 0.15060
vt 0.38889 0.15060
vt 0.44444 0.15060
vt 0.50000 0.15060
vt 0.55556 0.15060
vt 0.61111 0.15060
vt 0.66667 0.15060
vt 0.72222 0.15060
vt 0.77778 0.15060
vt 0.83333 0.15060
vt 0.88889 0.15060
vt 0.94444 0.15060
vt 1.00000 0.15060
vt 0.00000 0.14171
vt 0.05556 0.14171
vt 0.11111 0.14171
vt 0.16667 0.14171
vt 0.22222 0.14171
vt 0.27778 0.14171
vt 0.33333 0.14171
vt 0.38889 0.14171
vt 0.44444 0.14171
vt 0.50000 0.14171
vt 0.55556 0.14171
vt 0.61111 0.14171
vt 0.66667 0.14171
vt 0.72222 0.14171
vt 0.77778 0.14171
vt 0.83333 0.14171
vt 0.88889 0.14171
vt 0.94444 0.14171
vt 1.00000 0.14171
vt 0.00000 0.13262
vt 0.05556 0.13262
vt 0.11111 0.13262
vt 0.16667 0.13262
vt 0.22222 0.13262
vt 0.27778 0.13262
vt 0.33333 0.13262
vt 0.38889 0.13262
vt 0.44444 0.13262
vt 0.50000 0.13262
vt 0.55556 0.13262
vt 0.61111 0.13262
vt 0.66667 0.13262
vt 0.72222 0.13262
vt 0.77778 0.13262
vt 0.83333 0.13262
vt 0.88889 0.13262
vt 0.94444 0.13262
vt 1.00000 0.13262
vt 0.00000 0.12338
vt 0.05556 0.12338
vt 0.11111 0.12338
vt 0.16667 0.12338
vt 0.22222 0.12338
vt 0.27778 0.12338
vt 0.33333 0.12338
vt 0.38889 0.12338
vt 0.44444 0.12338
vt 0.50000 0.12338
vt 0.55556 0.12338
vt 0.61111 0.12338
vt 0.66667 0.12338
vt 0.72222 0.12338
vt 0.77778 0.12338
vt 0.83333 0.12338
vt 0.88889 0.12338
vt 0.94444 0.12338
vt 1.00000 0.12338
vt 0.00000 0.11405
vt 0.05556 0.11405
vt 0.11111 0.11405
vt 0.16667 0.11405
vt 0.22222 0.11405
vt 0.27778 0.11405
vt 0.33333 0.11405
vt 0.38889 0.11405
vt 0.44444 0.11405
vt 0.50000 0.11405
vt 0.55556 0.11405
vt 0.61111 0.11405
vt 0.66667 0.11405
vt 0.72222 0.11405
vt 0.77778 0.11405
vt 0.83333 0.11405
vt 0.88889 0.11405
vt 0.94444 0.11405
vt 1.00000 0.11405
vt 0.00000 0.10470
vt 0.05556 0.10470
vt 0.11111 0.10470
vt 0.16667 0.10470
vt 0.22222 0.10470
vt 0.27778 0.10470
vt 0.33333 0.10470
vt 0.38889 0.10470
vt 0.44444 0.10470
vt 0.50000 0.10470
vt 0.55556 0.10470
vt 0.61111 0.10470
vt 0.66667 0.10470
vt 0.72222 0.10470
vt 0.77778 0.10470
vt 0.83333 0.10470
vt 0.88889 0.10470
vt 0.94444 0.10470
vt 1.00000 0.10470
vt 0.00000 0.09537
vt 0.05556 0.09537
vt 0.11111 0.09537
vt 0.16667 0.09537
vt 0.22222 0.09537
vt 0.27778 0.09537
vt 0.33333 0.09537
vt 0.38889 0.09537
vt 0.44444 0.09537
vt 0.50000 0.09537
vt 0.55556 0.09537
vt 0.61111 0.09537
vt 0.66667 0.09537
vt 0.72222 0.09537
vt 0.77778 0.09537
vt 0.83333 0.09537
vt 0.88889 0.09537
vt 0.94444 0.09537
vt 1.00000 0.09537
vt 0.00000 0.08613
vt 0.05556 0.08613
vt 0.11111 0.08613
vt 0.16667 0.08613
vt 0.22222 0.08613
vt 0.27778 0.08613
vt 0.33333 0.08613
vt 0.38889 0.08613
vt 0.44444 0.08613
vt 0.50000 0.08613
vt 0.55556 0.08613
vt 0.61111 0.08613
vt 0.66667 0.08613
vt 0.72222 0.08613
vt 0.77778 0.08613
vt 0.83333 0.08613
vt 0.88889 0.08613
vt 0.94444 0.08613
vt 1.00000 0.08613
vt 0.00000 0.07704
vt 0.05556 0.07704
vt 0.11111 0.07704
vt 0.16667 0.07704
vt 0.22222 0.07704
vt 0.27778 0.07704
vt 0.33333 0.07704
vt 0.38889 0.07704
vt 0.44444 0.07704
vt 0.50000 0.07704
vt 0.55556 0.07704
vt 0.61111 0.07704
vt 0.66667 0.07704
vt 0.72222 0.07704
vt 0.77778 0.07704
vt 0.83333 0.07704
vt 0.88889 0.07704
vt 0.94444 0.07704
vt 1.00000 0.07704
vt 0.00000 0.06815
vt 0.05556 0.06815
vt 0.11111 0.06815
vt 0.16667 0.06815
vt 0.22222 0.06815
vt 0.27778 0.06815
vt 0.33333 0.06815
vt 0.38889 0.06815
vt 0.44444 0.06815
vt 0.50000 0.06815
vt 0.55556 0.06815
vt 0.61111 0.06815
vt 0.66667 0.06815
vt 0.72222 0.06815
vt 0.77778 0.06815
vt 0.83333 0.06815
vt 0.88889 0.06815
vt 0.94444 0.06815
vt 1.00000 0.06815
vt 0.00000 0.05949
vt 0.05556 0.05949
vt 0.11111 0.05949
vt 0.16667 0.05949
vt 0.22222 0.05949
vt 0.27778 0.05949
vt 0.33333 0.05949
vt 0.38889 0.05949
vt 0.44444 0.05949
vt 0.50000 0.05949
vt 0.55556 0.05949
vt 0.61111 0.05949
vt 0.66667 0.05949
vt 0.72222 0.05949
vt 0.77778 0.05949
vt 0.83333 0.05949
vt 0.88889 0.05949
vt 0.94444 0.05949
vt 1.00000 0.05949
vt 0.00000 0.05112
vt 0.05556 0.05112
vt 0.11111 0.05112
vt 0.16667 0.05112
vt 0.22222 0.05112
vt 0.27778 0.05112
vt 0.33333 0.05112
vt 0.38889 0.05112
vt 0.44444 0.05112
vt 0.50000 0.05112
vt 0.55556 0.05112
vt 0.61111 0.05112
vt 0.66667 0.05112
vt 0.72222 0.05112
vt 0.77778 0.05112
vt 0.83333 0.05112
vt 0.88889 0.05112
vt 0.94444 0.05112
vt 1.00000 0.05112
vt 0.00000 0.04304
vt 0.05556 0.04304
vt 0.11111 0.04304
vt 0.16667 0.04304
vt 0.22222 0.04304
vt 0.27778 0.04304
vt 0.33333 0.04304
vt 0.38889 0.04304
vt 0.44444 0.04304
vt 0.50000 0.04304
vt 0.55556 0.04304
vt 0.61111 0.04304
vt 0.66667 0.04304
vt 0.72222 0.04304
vt 0.77778 0.04304
vt 0.83333 0.04304
vt 0.88889 0.04304
vt 0.94444 0.04304
vt 1.00000 0.04304
vt 0.00000 0.03526
vt 0.05556 0.03526
vt 0.11111 0.03526
vt 0.16667 0.03526
vt 0.22222 0.03526
vt 0.27778 0.03526
vt 0.33333 0.03526
vt 0.38889 0.03526
vt 0.44444 0.03526
vt 0.50000 0.03526
vt 0.55556 0.03526
vt 0.61111 0.03526
vt 0.66667 0.03526
vt 0.72222 0.03526
vt 0.77778 0.03526
vt 0.83333 0.03526
vt 0.88889 0.03526
vt 0.94444 0.03526
vt 1.00000 0.03526
vt 0.00000 0.02778
vt 0.05556 0.02778
vt 0.11111 0.02778
vt 0.16667 0.02778
vt 0.22222 0.02778
vt 0.27778 0.02778
vt 0.33333 0.02778
vt 0.38889 0.02778
vt 0.44444 0.02778
vt 0.50000 0.02778
vt 0.55556 0.02778
vt 0.61111 0.02778
vt 0.66667 0.02778
vt 0.72222 0.02778
vt 0.77778 0.02778
vt 0.83333 0.02778
vt 0.88889 0.02778
vt 0.94444 0.02778
vt 1.00000 0.02778
vt 0.00000 0.02057
vt 0.05556 0.02057
vt 0.11111 0.02057
vt 0.16667 0.02057
vt 0.22222 0.02057
vt 0.27778 0.02057
vt 0.33333 0.02057
vt 0.38889 0.02057
vt 0.44444 0.02057
vt 0.50000 0.02057
vt 0.55556 0.02057
vt 0.61111 0.02057
vt 0.66667 0.02057
vt 0.72222 0.02057
vt 0.77778 0.02057
vt 0.83333 0.02057
vt 0.88889 0.02057
vt 0.94444 0.02057
vt 1.00000 0.02057
vt 0.00000 0.01358
vt 0.05556 0.01358
vt 0.11111 0.01358
vt 0.16667 0.01358
vt 0.22222 0.01358
vt 0.27778 0.01358
vt 0.33333 0.01358
vt 0.38889 0.01358
vt 0.44444 0.01358
vt 0.50000 0.01358
vt 0.55556 0.01358
vt 0.61111 0.01358
vt 0.66667 0.01358
vt 0.72222 0.01358
vt 0.77778 0.01358
vt 0.83333 0.01358
vt 0.88889 0.01358
vt 0.94444 0.01358
vt 1.00000 0.01358
vt 0.00000 0.00675
vt 0.05556 0.00675
vt 0.11111 0.00675
vt 0.16667 0.00675
vt 0.22222 0.00675
vt 0.27778 0.00675
vt 0.33333 0.00675
vt 0.38889 0.00675
vt 0.44444 0.00675
vt 0.50000 0.00675
vt 0.55556 0.00675
vt 0.61111 0.00675
vt 0.66667 0.00675
vt 0.72222 0.00675
vt 0.77778 0.00675
vt 0.83333 0.00675
vt 0.88889 0.00675
vt 0.94444 0.00675
vt 1.00000 0.00675
vt 0.00000 0.00000
vt 0.05556 0.00000
vt 0.11111 0.00000
vt 0.16667 0.00000
vt 0.22222 0.00000
vt 0.27778 0.00000
vt 0.33333 0.00000
vt 0.38889 0.00000
vt 0.44444 0.00000
vt 0.50000 0.00000
vt 0.55556 0.00000
vt 0.61111 0.00000
vt 0.66667 0.00000
vt 0.72222 0.00000
vt 0.77778 0.00000
vt 0.83333 0.00000
vt 0.88889 0.00000
vt 0.94444 0.00000
vt 1.00000 0.00000
vt 0.50000 0.21875
vt 0.50000 0.21875
vt 0.50000 0.21875
vt 0.50000 0.21875
vt 0.50000 0.21875
vt 0.50000 0.21875
vt 0.50000 0.21875
vt 0.50000 0.21875
vt 0.50000 0.21875
vt 0.50000 0.21875
vt 0.50000 0.21875
vt 0.50000 0.21875
vt 0.50000 0.21875
vt 0.50000 0.21875
vt 0.50000 0.21875
vt 0.50000 0.21875
vt 0.50000 0.21875
vt 0.50000 0.21875
vt 0.50000 0.21875
vt 0.50000 0.21875
vt 0.50000 0.00000
vt 0.50000 0.00000
vt 0.50000 0.00000
vt 0.50000 0.00000
vt 0.50000 0.00000
vt 0.50000 0.00000
vt 0.50000 0.00000
vt 0.50000 0.00000
vt 0.50000 0.00000
vt 0.50000 0.00000
vt 0.50000 0.00000
vt 0.50000 0.00000
vt 0.50000 0.00000
vt 0.50000 0.00000
vt 0.50000 0.00000
vt 0.50000 0.00000
vt 0.50000 0.00000
vt 0.50000 0.00000
vt 0.50000 0.00000
vt 0.50000 0.00000
vn 0.0000 0.0000 -1.0000
vn 0.0000 0.0000 -1.0000
vn 0.0000 0.0000 -1.0000
vn 0.0000 0.0000 -1.0000
vn 0.0000 0.0000 -1.0000
vn 0.0000 0.0000 -1.0000
vn 0.0000 0.0000 -1.0000
vn 0.0000 0.0000 -1.0000
vn 0.0000 0.0000 -1.0000
vn 0.0000 0.0000 -1.0000
vn 0.0000 0.0000 -1.0000
vn 0.0000 0.0000 -1.0000
vn 0.0000 0.0000 -1.0000
vn 0.0000 0.0000 -1.0000
vn 0.0000 0.0000 -1.0000
vn 0.0000 0.0000 -1.0000
vn 0.0000 0.0000 -1.0000
vn -0.0000 0.0000 -1.0000
vn -0.0000 0.0000 -1.0000
vn -0.0000 0.0000 -1.0000
vn -0.0000 0.0000 -1.0000
vn -0.0000 0.0000 -1.0000
vn -0.0000 0.0000 -1.0000
vn -0.0000 0.0000 -1.0000
vn -0.0000 0.0000 -1.0000
vn -0.0000 0.0000 -1.0000
vn -0.0000 0.0000 -1.0000
vn -0.0000 0.0000 -1.0000
vn -0.0000 0.0000 -1.0000
vn -0.0000 0.0000 -1.0000
vn -0.0000 0.0000 -1.0000
vn -0.0000 0.0000 -1.0000
vn -0.0000 0.0000 -1.0000
vn -0.0000 -0.0000 -1.0000
vn -0.0000 -0.0000 -1.0000
vn -0.0000 -0.0000 -1.0000
vn -0.0000 -0.0000 -1.0000
vn -0.0000 -0.0000 -1.0000
vn -0.0000 -0.0000 -1.0000
vn -0.0000 -0.0000 -1.0000
vn -0.0000 -0.0000 -1.0000
vn -0.0000 -0.0000 -1.0000
vn -0.0000 -0.0000 -1.0000
vn -0.0000 -0.0000 -1.0000
vn -0.0000 -0.0000 -1.0000
vn -0.0000 -0.0000 -1.0000
vn -0.0000 -0.0000 -1.0000
vn -0.0000 -0.0000 -1.0000
vn -0.0000 -0.0000 -1.0000
vn 0.0000 -0.0000 -1.0000
vn 0.0000 -0.0000 -1.0000
vn 0.0000 -0.0000 -1.0000
vn 0.0000 -0.0000 -1.0000
vn 0.0000 -0.0000 -1.0000
vn 0.0000 -0.0000 -1.0000
vn 0.0000 -0.0000 -1.0000
vn 0.0000 -0.0000 -1.0000
vn 0.0000 -0.0000 -1.0000
vn 0.0000 -0.0000 -1.0000
vn 0.0000 -0.0000 -1.0000
vn 0.0000 -0.0000 -1.0000
vn 0.0000 -0.0000 -1.0000
vn 0.0000 -0.0000 -1.0000
vn 0.0000 -0.0000 -1.0000
vn 0.0000 -0.0000 -1.0000
vn -0.0744 -0.0000 -0.9972
vn -0.0740 -0.0073 -0.9972
vn -0.0729 -0.0145 -0.9972
vn -0.0712 -0.0216 -0.9972
vn -0.0687 -0.0285 -0.9972
vn -0.0656 -0.0351 -0.9972
vn -0.0618 -0.0413 -0.9972
vn -0.0575 -0.0472 -0.9972
vn -0.0526 -0.0526 -0.9972
vn -0.0472 -0.0575 -0.9972
vn -0.0413 -0.0618 -0.9972
vn -0.0351 -0.0656 -0.9972
vn -0.0285 -0.0687 -0.9972
vn -0.0216 -0.0712 -0.9972
vn -0.0145 -0.0729 -0.9972
vn -0.0073 -0.0740 -0.9972
vn -0.0000 -0.0744 -0.9972
vn 0.0073 -0.0740 -0.9972
vn 0.0145 -0.0729 -0.9972
vn 0.0216 -0.0712 -0.9972
vn 0.0285 -0.0687 -0.9972
vn 0.0351 -0.0656 -0.9972
vn 0.0413 -0.0618 -0.9972
vn 0.0472 -0.0575 -0.9972
vn 0.0526 -0.0526 -0.9972
vn 0.0575 -0.0472 -0.9972
vn 0.0618 -0.0413 -0.9972
vn 0.0656 -0.0351 -0.9972
vn 0.0687 -0.0285 -0.9972
vn 0.0712 -0.0216 -0.9972
vn 0.0729 -0.0145 -0.9972
vn 0.0740 -0.0073 -0.9972
vn 0.0744 -0.0000 -0.9972
vn 0.0740 0.0073 -0.9972
vn 0.0729 0.0145 -0.9972
vn 0.0712 0.0216 -0.9972
vn 0.0687 0.0285 -0.9972
vn 0.0656 0.0351 -0.9972
vn 0.0618 0.0413 -0.9972
vn 0.0575 0.0472 -0.9972
vn 0.0526 0.0526 -0.9972
vn 0.0472 0.0575 -0.9972
vn 0.0413 0.0618 -0.9972
vn 0.0351 0.0656 -0.9972
vn 0.0285 0.0687 -0.9972
vn 0.0216 0.0712 -0.9972
vn 0.0145 0.0729 -0.9972
vn 0.0073 0.0740 -0.9972
vn 0.0000 0.0744 -0.9972
vn -0.0073 0.0740 -0.9972
vn -0.0145 0.0729 -0.9972
vn -0.0216 0.0712 -0.9972
vn -0.0285 0.0687 -0.9972
vn -0.0351 0.0656 -0.9972
vn -0.0413 0.0618 -0.9972
vn -0.0472 0.0575 -0.9972
vn -0.0526 0.0526 -0.9972
vn -0.0575 0.0472 -0.9972
vn -0.0618 0.0413 -0.9972
vn -0.0656 0.0351 -0.9972
vn -0.0687 0.0285 -0.9972
vn -0.0712 0.0216 -0.9972
vn -0.0729 0.0145 -0.9972
vn -0.0740 0.0073 -0.9972
vn -0.0744 0.0000 -0.9972
vn -0.0744 -0.0000 -0.9972
vn -0.0740 -0.0073 -0.9972
vn -0.0729 -0.0145 -0.9972
vn -0.0712 -0.0216 -0.9972
vn -0.0687 -0.0285 -0.9972
vn -0.0656 -0.0351 -0.9972
vn -0.0618 -0.0413 -0.9972
vn -0.0575 -0.0472 -0.9972
vn -0.0526 -0.0526 -0.9972
vn -0.0472 -0.0575 -0.9972
vn -0.0413 -0.0618 -0.9972
vn -0.0351 -0.0656 -0.9972
vn -0.0285 -0.0687 -0.9972
vn -0.0216 -0.0712 -0.9972
vn -0.0145 -0.0729 -0.9972
vn -0.0073 -0.0740 -0.9972
vn -0.0000 -0.0744 -0.9972
vn 0.0073 -0.0740 -0.9972
vn 0.0145 -0.0729 -0.9972
vn 0.0216 -0.0712 -0.9972
vn 0.0285 -0.0687 -0.9972
vn 0.0351 -0.0656 -0.9972
vn 0.0413 -0.0618 -0.9972
vn 0.0472 -0.0575 -0.9972
vn 0.0526 -0.0526 -0.9972
vn 0.0575 -0.0472 -0.9972
vn 0.0618 -0.0413 -0.9972
vn 0.0656 -0.0351 -0.9972
vn 0.0687 -0.0285 -0.9972
vn 0.0712 -0.0216 -0.9972
vn 0.0729 -0.0145 -0.9972
vn 0.0740 -0.0073 -0.9972
vn 0.0744 -0.0000 -0.9972
vn 0.0740 0.0073 -0.9972
vn 0.0729 0.0145 -0.9972
vn 0.0712 0.0216 -0.9972
vn 0.0687 0.0285 -0.9972
vn 0.0656 0.0351 -0.9972
vn 0.0618 0.0413 -0.9972
vn 0.0575 0.0472 -0.9972
vn 0.0526 0.0526 -0.9972
vn 0.0472 0.0575 -0.9972
vn 0.0413 0.0618 -0.9972
vn 0.0351 0.0656 -0.9972
vn 0.0285 0.0687 -0.9972
vn 0.0216 0.0712 -0.9972
vn 0.0145 0.0729 -0.9972
vn 0.0073 0.0740 -0.9972
vn 0.0000 0.0744 -0.9972
vn -0.0073 0.0740 -0.9972
vn -0.0145 0.0729 -0.9972
vn -0.0216 0.0712 -0.9972
vn -0.0285 0.0687 -0.9972
vn -0.0351 0.0656 -0.9972
vn -0.0413 0.0618 -0.9972
vn -0.0472 0.0575 -0.9972
vn -0.0526 0.0526 -0.9972
vn -0.0575 0.0472 -0.9972
vn -0.0618 0.0413 -0.9972
vn -0.0656 0.0351 -0.9972
vn -0.0687 0.0285 -0.9972
vn -0.0712 0.0216 -0.9972
vn -0.0729 0.0145 -0.9972
vn -0.0740 0.0073 -0.9972
vn -0.0744 0.0000 -0.9972
vn 0.3827 0.0000 -0.9239
vn 0.3808 0.0375 -0.9239
vn 0.3753 0.0747 -0.9239
vn 0.3662 0.1111 -0.9239
vn 0.3536 0.1464 -0.9239
vn 0.3375 0.1804 -0.9239
vn 0.3182 0.2126 -0.9239
vn 0.2958 0.2428 -0.9239
vn 0.2706 0.2706 -0.9239
vn 0.2428 0.2958 -0.9239
vn 0.2126 0.3182 -0.9239
vn 0.1804 0.3375 -0.9239
vn 0.1464 0.3536 -0.9239
vn 0.1111 0.3662 -0.9239
vn 0.0747 0.3753 -0.9239
vn 0.0375 0.3808 -0.9239
vn 0.0000 0.3827 -0.9239
vn -0.0375 0.3808 -0.9239
vn -0.0747 0.3753 -0.9239
vn -0.1111 0.3662 -0.9239
vn -0.1464 0.3536 -0.9239
vn -0.1804 0.3375 -0.9239
vn -0.2126 0.3182 -0.9239
vn -0.2428 0.2958 -0.9239
vn -0.2706 0.2706 -0.9239
vn -0.2958 0.2428 -0.9239
vn -0.3182 0.2126 -0.9239
vn -0.3375 0.1804 -0.9239
vn -0.3536 0.1464 -0.9239
vn -0.3662 0.1111 -0.9239
vn -0.3753 0.0747 -0.9239
vn -0.3808 0.0375 -0.9239
vn -0.3827 0.0000 -0.9239
vn -0.3808 -0.0375 -0.9239
vn -0.3753 -0.0747 -0.9239
vn -0.3662 -0.1111 -0.9239
vn -0.3536 -0.1464 -0.9239
vn -0.3375 -0.1804 -0.9239
vn -0.3182 -0.2126 -0.9239
vn -0.2958 -0.2428 -0.9239
vn -0.2706 -0.2706 -0.9239
vn -0.2428 -0.2958 -0.9239
vn -0.2126 -0.3182 -0.9239
vn -0.1804 -0.3375 -0.9239
vn -0.1464 -0.3536 -0.9239
vn -0.1111 -0.3662 -0.9239
vn -0.0747 -0.3753 -0.9239
vn -0.0375 -0.3808 -0.9239
vn -0.0000 -0.3827 -0.9239
vn 0.0375 -0.3808 -0.9239
vn 0.0747 -0.3753 -0.9239
vn 0.1111 -0.3662 -0.9239
vn 0.1464 -0.3536 -0.9239
vn 0.1804 -0.3375 -0.9239
vn 0.2126 -0.3182 -0.9239
vn 0.2428 -0.2958 -0.9239
vn 0.2706 -0.2706 -0.9239
vn 0.2958 -0.2428 -0.9239
vn 0.3182 -0.2126 -0.9239
vn 0.3375 -0.1804 -0.9239
vn 0.3536 -0.1464 -0.9239
vn 0.3662 -0.1111 -0.9239
vn 0.3753 -0.0747 -0.9239
vn 0.3808 -0.0375 -0.9239
vn 0.3827 -0.0000 -0.9239
vn 0.8702 0.0000 -0.4927
vn 0.8660 0.0853 -0.4927
vn 0.8535 0.1698 -0.4927
vn 0.8327 0.2526 -0.4927
vn 0.8040 0.3330 -0.4927
vn 0.7674 0.4102 -0.4927
vn 0.7235 0.4835 -0.4927
vn 0.6727 0.5520 -0.4927
vn 0.6153 0.6153 -0.4927
vn 0.5520 0.6727 -0.4927
vn 0.4835 0.7235 -0.4927
vn 0.4102 0.7674 -0.4927
vn 0.3330 0.8040 -0.4927
vn 0.2526 0.8327 -0.4927
vn 0.1698 0.8535 -0.4927
vn 0.0853 0.8660 -0.4927
vn 0.0000 0.8702 -0.4927
vn -0.0853 0.8660 -0.4927
vn -0.1698 0.8535 -0.4927
vn -0.2526 0.8327 -0.4927
vn -0.3330 0.8040 -0.4927
vn -0.4102 0.7674 -0.4927
vn -0.4835 0.7235 -0.4927
vn -0.5520 0.6727 -0.4927
vn -0.6153 0.6153 -0.4927
vn -0.6727 0.5520 -0.4927
vn -0.7235 0.4835 -0.4927
vn -0.7674 0.4102 -0.4927
vn -0.8040 0.3330 -0.4927
vn -0.8327 0.2526 -0.4927
vn -0.8535 0.1698 -0.4927
vn -0.8660 0.0853 -0.4927
vn -0.8702 0.0000 -0.4927
vn -0.8660 -0.0853 -0.4927
vn -0.8535 -0.1698 -0.4927
vn -0.8327 -0.2526 -0.4927
vn -0.8040 -0.3330 -0.4927
vn -0.7674 -0.4102 -0.4927
vn -0.7235 -0.4835 -0.4927
vn -0.6727 -0.5520 -0.4927
vn -0.6153 -0.6153 -0.4927
vn -0.5520 -0.6727 -0.4927
vn -0.4835 -0.7235 -0.4927
vn -0.4102 -0.7674 -0.4927
vn -0.3330 -0.8040 -0.4927
vn -0.2526 -0.8327 -0.4927
vn -0.1698 -0.8535 -0.4927
vn -0.0853 -0.8660 -0.4927
vn -0.0000 -0.8702 -0.4927
vn 0.0853 -0.8660 -0.4927
vn 0.1698 -0.8535 -0.4927
vn 0.2526 -0.8327 -0.4927
vn 0.3330 -0.8040 -0.4927
vn 0.4102 -0.7674 -0.4927
vn 0.4835 -0.7235 -0.4927
vn 0.5520 -0.6727 -0.4927
vn 0.6153 -0.6153 -0.4927
vn 0.6727 -0.5520 -0.4927
vn 0.7235 -0.4835 -0.4927
vn 0.7674 -0.4102 -0.4927
vn 0.8040 -0.3330 -0.4927
vn 0.8327 -0.2526 -0.4927
vn 0.8535 -0.1698 -0.4927
vn 0.8660 -0.0853 -0.4927
vn 0.8702 -0.0000 -0.4927
vn 0.9790 0.0000 -0.2036
vn 0.9743 0.0960 -0.2036
vn 0.9602 0.1910 -0.2036
vn 0.9369 0.2842 -0.2036
vn 0.9045 0.3747 -0.2036
vn 0.8634 0.4615 -0.2036
vn 0.8140 0.5439 -0.2036
vn 0.7568 0.6211 -0.2036
vn 0.6923 0.6923 -0.2036
vn 0.6211 0.7568 -0.2036
vn 0.5439 0.8140 -0.2036
vn 0.4615 0.8634 -0.2036
vn 0.3747 0.9045 -0.2036
vn 0.2842 0.9369 -0.2036
vn 0.1910 0.9602 -0.2036
vn 0.0960 0.9743 -0.2036
vn 0.0000 0.9790 -0.2036
vn -0.0960 0.9743 -0.2036
vn -0.1910 0.9602 -0.2036
vn -0.2842 0.9369 -0.2036
vn -0.3747 0.9045 -0.2036
vn -0.4615 0.8634 -0.2036
vn -0.5439 0.8140 -0.2036
vn -0.6211 0.7568 -0.2036
vn -0.6923 0.6923 -0.2036
vn -0.7568 0.6211 -0.2036
vn -0.8140 0.5439 -0.2036
vn -0.8634 0.4615 -0.2036
vn -0.9045 0.3747 -0.2036
vn -0.9369 0.2842 -0.2036
vn -0.9602 0.1910 -0.2036
vn -0.9743 0.0960 -0.2036
vn -0.9790 0.0000 -0.2036
vn -0.9743 -0.0960 -0.2036
vn -0.9602 -0.1910 -0.2036
vn -0.9369 -0.2842 -0.2036
vn -0.9045 -0.3747 -0.2036
vn -0.8634 -0.4615 -0.2036
vn -0.8140 -0.5439 -0.2036
vn -0.7568 -0.6211 -0.2036
vn -0.6923 -0.6923 -0.2036
vn -0.6211 -0.7568 -0.2036
vn -0.5439 -0.8140 -0.2036
vn -0.4615 -0.8634 -0.2036
vn -0.3747 -0.9045 -0.2036
vn -0.2842 -0.9369 -0.2036
vn -0.1910 -0.9602 -0.2036
vn -0.0960 -0.9743 -0.2036
vn -0.0000 -0.9790 -0.2036
vn 0.0960 -0.9743 -0.2036
vn 0.1910 -0.9602 -0.2036
vn 0.2842 -0.9369 -0.2036
vn 0.3747 -0.9045 -0.2036
vn 0.4615 -0.8634 -0.2036
vn 0.5439 -0.8140 -0.2036
vn 0.6211 -0.7568 -0.2036
vn 0.6923 -0.6923 -0.2036
vn 0.7568 -0.6211 -0.2036
vn 0.8140 -0.5439 -0.2036
vn 0.8634 -0.4615 -0.2036
vn 0.9045 -0.3747 -0.2036
vn 0.9369 -0.2842 -0.2036
vn 0.9602 -0.1910 -0.2036
vn 0.9743 -0.0960 -0.2036
vn 0.9790 -0.0000 -0.2036
vn 0.9942 0.0000 -0.1073
vn 0.9894 0.0975 -0.1073
vn 0.9751 0.1940 -0.1073
vn 0.9514 0.2886 -0.1073
vn 0.9185 0.3805 -0.1073
vn 0.8768 0.4687 -0.1073
vn 0.8267 0.5524 -0.1073
vn 0.7685 0.6307 -0.1073
vn 0.7030 0.7030 -0.1073
vn 0.6307 0.7685 -0.1073
vn 0.5524 0.8267 -0.1073
vn 0.4687 0.8768 -0.1073
vn 0.3805 0.9185 -0.1073
vn 0.2886 0.9514 -0.1073
vn 0.1940 0.9751 -0.1073
vn 0.0975 0.9894 -0.1073
vn 0.0000 0.9942 -0.1073
vn -0.0975 0.9894 -0.1073
vn -0.1940 0.9751 -0.1073
vn -0.2886 0.9514 -0.1073
vn -0.3805 0.9185 -0.1073
vn -0.4687 0.8768 -0.1073
vn -0.5524 0.8267 -0.1073
vn -0.6307 0.7685 -0.1073
vn -0.7030 0.7030 -0.1073
vn -0.7685 0.6307 -0.1073
vn -0.8267 0.5524 -0.1073
vn -0.8768 0.4687 -0.1073
vn -0.9185 0.3805 -0.1073
vn -0.9514 0.2886 -0.1073
vn -0.9751 0.1940 -0.1073
vn -0.9894 0.0975 -0.1073
vn -0.9942 0.0000 -0.1073
vn -0.9894 -0.0975 -0.1073
vn -0.9751 -0.1940 -0.1073
vn -0.9514 -0.2886 -0.1073
vn -0.9185 -0.3805 -0.1073
vn -0.8768 -0.4687 -0.1073
vn -0.8267 -0.5524 -0.1073
vn -0.7685 -0.6307 -0.1073
vn -0.7030 -0.7030 -0.1073
vn -0.6307 -0.7685 -0.1073
vn -0.5524 -0.8267 -0.1073
vn -0.4687 -0.8768 -0.1073
vn -0.3805 -0.9185 -0.1073
vn -0.2886 -0.9514 -0.1073
vn -0.1940 -0.9751 -0.1073
vn -0.0975 -0.9894 -0.1073
vn -0.0000 -0.9942 -0.1073
vn 0.0975 -0.9894 -0.1073
vn 0.1940 -0.9751 -0.1073
vn 0.2886 -0.9514 -0.1073
vn 0.3805 -0.9185 -0.1073
vn 0.4687 -0.8768 -0.1073
vn 0.5524 -0.8267 -0.1073
vn 0.6307 -0.7685 -0.1073
vn 0.7030 -0.7030 -0.1073
vn 0.7685 -0.6307 -0.1073
vn 0.8267 -0.5524 -0.1073
vn 0.8768 -0.4687 -0.1073
vn 0.9185 -0.3805 -0.1073
vn 0.9514 -0.2886 -0.1073
vn 0.9751 -0.1940 -0.1073
vn 0.9894 -0.0975 -0.1073
vn 0.9942 -0.0000 -0.1073
vn 0.9994 0.0000 -0.0350
vn 0.9946 0.0980 -0.0350
vn 0.9802 0.1950 -0.0350
vn 0.9564 0.2901 -0.0350
vn 0.9233 0.3824 -0.0350
vn 0.8814 0.4711 -0.0350
vn 0.8310 0.5552 -0.0350
vn 0.7725 0.6340 -0.0350
vn 0.7067 0.7067 -0.0350
vn 0.6340 0.7725 -0.0350
vn 0.5552 0.8310 -0.0350
vn 0.4711 0.8814 -0.0350
vn 0.3824 0.9233 -0.0350
vn 0.2901 0.9564 -0.0350
vn 0.1950 0.9802 -0.0350
vn 0.0980 0.9946 -0.0350
vn 0.0000 0.9994 -0.0350
vn -0.0980 0.9946 -0.0350
vn -0.1950 0.9802 -0.0350
vn -0.2901 0.9564 -0.0350
vn -0.3824 0.9233 -0.0350
vn -0.4711 0.8814 -0.0350
vn -0.5552 0.8310 -0.0350
vn -0.6340 0.7725 -0.0350
vn -0.7067 0.7067 -0.0350
vn -0.7725 0.6340 -0.0350
vn -0.8310 0.5552 -0.0350
vn -0.8814 0.4711 -0.0350
vn -0.9233 0.3824 -0.0350
vn -0.9564 0.2901 -0.0350
vn -0.9802 0.1950 -0.0350
vn -0.9946 0.0980 -0.0350
vn -0.9994 0.0000 -0.0350
vn -0.9946 -0.0980 -0.0350
vn -0.9802 -0.1950 -0.0350
vn -0.9564 -0.2901 -0.0350
vn -0.9233 -0.3824 -0.0350
vn -0.8814 -0.4711 -0.0350
vn -0.8310 -0.5552 -0.0350
vn -0.7725 -0.6340 -0.0350
vn -0.7067 -0.7067 -0.0350
vn -0.6340 -0.7725 -0.0350
vn -0.5552 -0.8310 -0.0350
vn -0.4711 -0.8814 -0.0350
vn -0.3824 -0.9233 -0.0350
vn -0.2901 -0.9564 -0.0350
vn -0.1950 -0.9802 -0.0350
vn -0.0980 -0.9946 -0.0350
vn -0.0000 -0.9994 -0.0350
vn 0.0980 -0.9946 -0.0350
vn 0.1950 -0.9802 -0.0350
vn 0.2901 -0.9564 -0.0350
vn 0.3824 -0.9233 -0.0350
vn 0.4711 -0.8814 -0.0350
vn 0.5552 -0.8310 -0.0350
vn 0.6340 -0.7725 -0.0350
vn 0.7067 -0.7067 -0.0350
vn 0.7725 -0.6340 -0.0350
vn 0.8310 -0.5552 -0.0350
vn 0.8814 -0.4711 -0.0350
vn 0.9233 -0.3824 -0.0350
vn 0.9564 -0.2901 -0.0350
vn 0.9802 -0.1950 -0.0350
vn 0.9946 -0.0980 -0.0350
vn 0.9994 -0.0000 -0.0350
vn 1.0000 0.0000 -0.0100
vn 0.9951 0.0980 -0.0100
vn 0.9807 0.1951 -0.0100
vn 0.9569 0.2903 -0.0100
vn 0.9238 0.3827 -0.0100
vn 0.8819 0.4714 -0.0100
vn 0.8314 0.5555 -0.0100
vn 0.7730 0.6344 -0.0100
vn 0.7071 0.7071 -0.0100
vn 0.6344 0.7730 -0.0100
vn 0.5555 0.8314 -0.0100
vn 0.4714 0.8819 -0.0100
vn 0.3827 0.9238 -0.0100
vn 0.2903 0.9569 -0.0100
vn 0.1951 0.9807 -0.0100
vn 0.0980 0.9951 -0.0100
vn 0.0000 1.0000 -0.0100
vn -0.0980 0.9951 -0.0100
vn -0.1951 0.9807 -0.0100
vn -0.2903 0.9569 -0.0100
vn -0.3827 0.9238 -0.0100
vn -0.4714 0.8819 -0.0100
vn -0.5555 0.8314 -0.0100
vn -0.6344 0.7730 -0.0100
vn -0.7071 0.7071 -0.0100
vn -0.7730 0.6344 -0.0100
vn -0.8314 0.5555 -0.0100
vn -0.8819 0.4714 -0.0100
vn -0.9238 0.3827 -0.0100
vn -0.9569 0.2903 -0.0100
vn -0.9807 0.1951 -0.0100
vn -0.9951 0.0980 -0.0100
vn -1.0000 0.0000 -0.0100
vn -0.9951 -0.0980 -0.0100
vn -0.9807 -0.1951 -0.0100
vn -0.9569 -0.2903 -0.0100
vn -0.9238 -0.3827 -0.0100
vn -0.8819 -0.4714 -0.0100
vn -0.8314 -0.5555 -0.0100
vn -0.7730 -0.6344 -0.0100
vn -0.7071 -0.7071 -0.0100
vn -0.6344 -0.7730 -0.0100
vn -0.5555 -0.8314 -0.0100
vn -0.4714 -0.8819 -0.0100
vn -0.3827 -0.9238 -0.0100
vn -0.2903 -0.9569 -0.0100
vn -0.1951 -0.9807 -0.0100
vn -0.0980 -0.9951 -0.0100
vn -0.0000 -1.0000 -0.0100
vn 0.0980 -0.9951 -0.0100
vn 0.1951 -0.9807 -0.0100
vn 0.2903 -0.9569 -0.0100
vn 0.3827 -0.9238 -0.0100
vn 0.4714 -0.8819 -0.0100
vn 0.5555 -0.8314 -0.0100
vn 0.6344 -0.7730 -0.0100
vn 0.7071 -0.7071 -0.0100
vn 0.7730 -0.6344 -0.0100
vn 0.8314 -0.5555 -0.0100
vn 0.8819 -0.4714 -0.0100
vn 0.9238 -0.3827 -0.0100
vn 0.9569 -0.2903 -0.0100
vn 0.9807 -0.1951 -0.0100
vn 0.9951 -0.0980 -0.0100
vn 1.0000 -0.0000 -0.0100
vn 0.9993 0.0000 0.0363
vn 0.9945 0.0980 0.0363
vn 0.9801 0.1950 0.0363
vn 0.9563 0.2901 0.0363
vn 0.9233 0.3824 0.0363
vn 0.8813 0.4711 0.0363
vn 0.8309 0.5552 0.0363
vn 0.7725 0.6340 0.0363
vn 0.7066 0.7066 0.0363
vn 0.6340 0.7725 0.0363
vn 0.5552 0.8309 0.0363
vn 0.4711 0.8813 0.0363
vn 0.3824 0.9233 0.0363
vn 0.2901 0.9563 0.0363
vn 0.1950 0.9801 0.0363
vn 0.0980 0.9945 0.0363
vn 0.0000 0.9993 0.0363
vn -0.0980 0.9945 0.0363
vn -0.1950 0.9801 0.0363
vn -0.2901 0.9563 0.0363
vn -0.3824 0.9233 0.0363
vn -0.4711 0.8813 0.0363
vn -0.5552 0.8309 0.0363
vn -0.6340 0.7725 0.0363
vn -0.7066 0.7066 0.0363
vn -0.7725 0.6340 0.0363
vn -0.8309 0.5552 0.0363
vn -0.8813 0.4711 0.0363
vn -0.9233 0.3824 0.0363
vn -0.9563 0.2901 0.0363
vn -0.9801 0.1950 0.0363
vn -0.9945 0.0980 0.0363
vn -0.9993 0.0000 0.0363
vn -0.9945 -0.0980 0.0363
vn -0.9801 -0.1950 0.0363
vn -0.9563 -0.2901 0.0363
vn -0.9233 -0.3824 0.0363
vn -0.8813 -0.4711 0.0363
vn -0.8309 -0.5552 0.0363
vn -0.7725 -0.6340 0.0363
vn -0.7066 -0.7066 0.0363
vn -0.6340 -0.7725 0.0363
vn -0.5552 -0.8309 0.0363
vn -0.4711 -0.8813 0.0363
vn -0.3824 -0.9233 0.0363
vn -0.2901 -0.9563 0.0363
vn -0.1950 -0.9801 0.0363
vn -0.0980 -0.9945 0.0363
vn -0.0000 -0.9993 0.0363
vn 0.0980 -0.9945 0.0363
vn 0.1950 -0.9801 0.0363
vn 0.2901 -0.9563 0.0363
vn 0.3824 -0.9233 0.0363
vn 0.4711 -0.8813 0.0363
vn 0.5552 -0.8309 0.0363
vn 0.6340 -0.7725 0.0363
vn 0.7066 -0.7066 0.0363
vn 0.7725 -0.6340 0.0363
vn 0.8309 -0.5552 0.0363
vn 0.8813 -0.4711 0.0363
vn 0.9233 -0.3824 0.0363
vn 0.9563 -0.2901 0.0363
vn 0.9801 -0.1950 0.0363
vn 0.9945 -0.0980 0.0363
vn 0.9993 -0.0000 0.0363
vn 0.9385 0.0000 0.3454
vn 0.9339 0.0920 0.3454
vn 0.9204 0.1831 0.3454
vn 0.8980 0.2724 0.3454
vn 0.8670 0.3591 0.3454
vn 0.8276 0.4424 0.3454
vn 0.7803 0.5214 0.3454
vn 0.7254 0.5953 0.3454
vn 0.6636 0.6636 0.3454
vn 0.5953 0.7254 0.3454
vn 0.5214 0.7803 0.3454
vn 0.4424 0.8276 0.3454
vn 0.3591 0.8670 0.3454
vn 0.2724 0.8980 0.3454
vn 0.1831 0.9204 0.3454
vn 0.0920 0.9339 0.3454
vn 0.0000 0.9385 0.3454
vn -0.0920 0.9339 0.3454
vn -0.1831 0.9204 0.3454
vn -0.2724 0.8980 0.3454
vn -0.3591 0.8670 0.3454
vn -0.4424 0.8276 0.3454
vn -0.5214 0.7803 0.3454
vn -0.5953 0.7254 0.3454
vn -0.6636 0.6636 0.3454
vn -0.7254 0.5953 0.3454
vn -0.7803 0.5214 0.3454
vn -0.8276 0.4424 0.3454
vn -0.8670 0.3591 0.3454
vn -0.8980 0.2724 0.3454
vn -0.9204 0.1831 0.3454
vn -0.9339 0.0920 0.3454
vn -0.9385 0.0000 0.3454
vn -0.9339 -0.0920 0.3454
vn -0.9204 -0.1831 0.3454
vn -0.8980 -0.2724 0.3454
vn -0.8670 -0.3591 0.3454
vn -0.8276 -0.4424 0.3454
vn -0.7803 -0.5214 0.3454
vn -0.7254 -0.5953 0.3454
vn -0.6636 -0.6636 0.3454
vn -0.5953 -0.7254 0.3454
vn -0.5214 -0.7803 0.3454
vn -0.4424 -0.8276 0.3454
vn -0.3591 -0.8670 0.3454
vn -0.2724 -0.8980 0.3454
vn -0.1831 -0.9204 0.3454
vn -0.0920 -0.9339 0.3454
vn -0.0000 -0.9385 0.3454
vn 0.0920 -0.9339 0.3454
vn 0.1831 -0.9204 0.3454
vn 0.2724 -0.8980 0.3454
vn 0.3591 -0.8670 0.3454
vn 0.4424 -0.8276 0.3454
vn 0.5214 -0.7803 0.3454
vn 0.5953 -0.7254 0.3454
vn 0.6636 -0.6636 0.3454
vn 0.7254 -0.5953 0.3454
vn 0.7803 -0.5214 0.3454
vn 0.8276 -0.4424 0.3454
vn 0.8670 -0.3591 0.3454
vn 0.8980 -0.2724 0.3454
vn 0.9204 -0.1831 0.3454
vn 0.9339 -0.0920 0.3454
vn 0.9385 -0.0000 0.3454
vn 0.2816 0.0000 0.9595
vn 0.2802 0.0276 0.9595
vn 0.2762 0.0549 0.9595
vn 0.2695 0.0817 0.9595
vn 0.2601 0.1078 0.9595
vn 0.2483 0.1327 0.9595
vn 0.2341 0.1564 0.9595
vn 0.2177 0.1786 0.9595
vn 0.1991 0.1991 0.9595
vn 0.1786 0.2177 0.9595
vn 0.1564 0.2341 0.9595
vn 0.1327 0.2483 0.9595
vn 0.1078 0.2601 0.9595
vn 0.0817 0.2695 0.9595
vn 0.0549 0.2762 0.9595
vn 0.0276 0.2802 0.9595
vn 0.0000 0.2816 0.9595
vn -0.0276 0.2802 0.9595
vn -0.0549 0.2762 0.9595
vn -0.0817 0.2695 0.9595
vn -0.1078 0.2601 0.9595
vn -0.1327 0.2483 0.9595
vn -0.1564 0.2341 0.9595
vn -0.1786 0.2177 0.9595
vn -0.1991 0.1991 0.9595
vn -0.2177 0.1786 0.9595
vn -0.2341 0.1564 0.9595
vn -0.2483 0.1327 0.9595
vn -0.2601 0.1078 0.9595
vn -0.2695 0.0817 0.9595
vn -0.2762 0.0549 0.9595
vn -0.2802 0.0276 0.9595
vn -0.2816 0.0000 0.9595
vn -0.2802 -0.0276 0.9595
vn -0.2762 -0.0549 0.9595
vn -0.2695 -0.0817 0.9595
vn -0.2601 -0.1078 0.9595
vn -0.2483 -0.1327 0.9595
vn -0.2341 -0.1564 0.9595
vn -0.2177 -0.1786 0.9595
vn -0.1991 -0.1991 0.9595
vn -0.1786 -0.2177 0.9595
vn -0.1564 -0.2341 0.9595
vn -0.1327 -0.2483 0.9595
vn -0.1078 -0.2601 0.9595
vn -0.0817 -0.2695 0.9595
vn -0.0549 -0.2762 0.9595
vn -0.0276 -0.2802 0.9595
vn -0.0000 -0.2816 0.9595
vn 0.0276 -0.2802 0.9595
vn 0.0549 -0.2762 0.9595
vn 0.0817 -0.2695 0.9595
vn 0.1078 -0.2601 0.9595
vn 0.1327 -0.2483 0.9595
vn 0.1564 -0.2341 0.9595
vn 0.1786 -0.2177 0.9595
vn 0.1991 -0.1991 0.9595
vn 0.2177 -0.1786 0.9595
vn 0.2341 -0.1564 0.9595
vn 0.2483 -0.1327 0.9595
vn 0.2601 -0.1078 0.9595
vn 0.2695 -0.0817 0.9595
vn 0.2762 -0.0549 0.9595
vn 0.2802 -0.0276 0.9595
vn 0.2816 -0.0000 0.9595
vn -0.7645 -0.0000 0.6446
vn -0.7608 -0.0749 0.6446
vn -0.7498 -0.1491 0.6446
vn -0.7316 -0.2219 0.6446
vn -0.7063 -0.2926 0.6446
vn -0.6742 -0.3604 0.6446
vn -0.6357 -0.4247 0.6446
vn -0.5910 -0.4850 0.6446
vn -0.5406 -0.5406 0.6446
vn -0.4850 -0.5910 0.6446
vn -0.4247 -0.6357 0.6446
vn -0.3604 -0.6742 0.6446
vn -0.2926 -0.7063 0.6446
vn -0.2219 -0.7316 0.6446
vn -0.1491 -0.7498 0.6446
vn -0.0749 -0.7608 0.6446
vn -0.0000 -0.7645 0.6446
vn 0.0749 -0.7608 0.6446
vn 0.1491 -0.7498 0.6446
vn 0.2219 -0.7316 0.6446
vn 0.2926 -0.7063 0.6446
vn 0.3604 -0.6742 0.6446
vn 0.4247 -0.6357 0.6446
vn 0.4850 -0.5910 0.6446
vn 0.5406 -0.5406 0.6446
vn 0.5910 -0.4850 0.6446
vn 0.6357 -0.4247 0.6446
vn 0.6742 -0.3604 0.6446
vn 0.7063 -0.2926 0.6446
vn 0.7316 -0.2219 0.6446
vn 0.7498 -0.1491 0.6446
vn 0.7608 -0.0749 0.6446
vn 0.7645 -0.0000 0.6446
vn 0.7608 0.0749 0.6446
vn 0.7498 0.1491 0.6446
vn 0.7316 0.2219 0.6446
vn 0.7063 0.2926 0.6446
vn 0.6742 0.3604 0.6446
vn 0.6357 0.4247 0.6446
vn 0.5910 0.4850 0.6446
vn 0.5406 0.5406 0.6446
vn 0.4850 0.5910 0.6446
vn 0.4247 0.6357 0.6446
vn 0.3604 0.6742 0.6446
vn 0.2926 0.7063 0.6446
vn 0.2219 0.7316 0.6446
vn 0.1491 0.7498 0.6446
vn 0.0749 0.7608 0.6446
vn 0.0000 0.7645 0.6446
vn -0.0749 0.7608 0.6446
vn -0.1491 0.7498 0.6446
vn -0.2219 0.7316 0.6446
vn -0.2926 0.7063 0.6446
vn -0.3604 0.6742 0.6446
vn -0.4247 0.6357 0.6446
vn -0.4850 0.5910 0.6446
vn -0.5406 0.5406 0.6446
vn -0.5910 0.4850 0.6446
vn -0.6357 0.4247 0.6446
vn -0.6742 0.3604 0.6446
vn -0.7063 0.2926 0.6446
vn -0.7316 0.2219 0.6446
vn -0.7498 0.1491 0.6446
vn -0.7608 0.0749 0.6446
vn -0.7645 0.0000 0.6446
vn -0.9946 -0.0000 0.1040
vn -0.9898 -0.0975 0.1040
vn -0.9755 -0.1940 0.1040
vn -0.9518 -0.2887 0.1040
vn -0.9189 -0.3806 0.1040
vn -0.8771 -0.4688 0.1040
vn -0.8270 -0.5526 0.1040
vn -0.7688 -0.6310 0.1040
vn -0.7033 -0.7033 0.1040
vn -0.6310 -0.7688 0.1040
vn -0.5526 -0.8270 0.1040
vn -0.4688 -0.8771 0.1040
vn -0.3806 -0.9189 0.1040
vn -0.2887 -0.9518 0.1040
vn -0.1940 -0.9755 0.1040
vn -0.0975 -0.9898 0.1040
vn -0.0000 -0.9946 0.1040
vn 0.0975 -0.9898 0.1040
vn 0.1940 -0.9755 0.1040
vn 0.2887 -0.9518 0.1040
vn 0.3806 -0.9189 0.1040
vn 0.4688 -0.8771 0.1040
vn 0.5526 -0.8270 0.1040
vn 0.6310 -0.7688 0.1040
vn 0.7033 -0.7033 0.1040
vn 0.7688 -0.6310 0.1040
vn 0.8270 -0.5526 0.1040
vn 0.8771 -0.4688 0.1040
vn 0.9189 -0.3806 0.1040
vn 0.9518 -0.2887 0.1040
vn 0.9755 -0.1940 0.1040
vn 0.9898 -0.0975 0.1040
vn 0.9946 -0.0000 0.1040
vn 0.9898 0.0975 0.1040
vn 0.9755 0.1940 0.1040
vn 0.9518 0.2887 0.1040
vn 0.9189 0.3806 0.1040
vn 0.8771 0.4688 0.1040
vn 0.8270 0.5526 0.1040
vn 0.7688 0.6310 0.1040
vn 0.7033 0.7033 0.1040
vn 0.6310 0.7688 0.1040
vn 0.5526 0.8270 0.1040
vn 0.4688 0.8771 0.1040
vn 0.3806 0.9189 0.1040
vn 0.2887 0.9518 0.1040
vn 0.1940 0.9755 0.1040
vn 0.0975 0.9898 0.1040
vn 0.0000 0.9946 0.1040
vn -0.0975 0.9898 0.1040
vn -0.1940 0.9755 0.1040
vn -0.2887 0.9518 0.1040
vn -0.3806 0.9189 0.1040
vn -0.4688 0.8771 0.1040
vn -0.5526 0.8270 0.1040
vn -0.6310 0.7688 0.1040
vn -0.7033 0.7033 0.1040
vn -0.7688 0.6310 0.1040
vn -0.8270 0.5526 0.1040
vn -0.8771 0.4688 0.1040
vn -0.9189 0.3806 0.1040
vn -0.9518 0.2887 0.1040
vn -0.9755 0.1940 0.1040
vn -0.9898 0.0975 0.1040
vn -0.9946 0.0000 0.1040
vn -0.9999 -0.0000 0.0155
vn -0.9951 -0.0980 0.0155
vn -0.9807 -0.1951 0.0155
vn -0.9568 -0.2902 0.0155
vn -0.9238 -0.3826 0.0155
vn -0.8818 -0.4713 0.0155
vn -0.8314 -0.5555 0.0155
vn -0.7729 -0.6343 0.0155
vn -0.7070 -0.7070 0.0155
vn -0.6343 -0.7729 0.0155
vn -0.5555 -0.8314 0.0155
vn -0.4713 -0.8818 0.0155
vn -0.3826 -0.9238 0.0155
vn -0.2902 -0.9568 0.0155
vn -0.1951 -0.9807 0.0155
vn -0.0980 -0.9951 0.0155
vn -0.0000 -0.9999 0.0155
vn 0.0980 -0.9951 0.0155
vn 0.1951 -0.9807 0.0155
vn 0.2902 -0.9568 0.0155
vn 0.3826 -0.9238 0.0155
vn 0.4713 -0.8818 0.0155
vn 0.5555 -0.8314 0.0155
vn 0.6343 -0.7729 0.0155
vn 0.7070 -0.7070 0.0155
vn 0.7729 -0.6343 0.0155
vn 0.8314 -0.5555 0.0155
vn 0.8818 -0.4713 0.0155
vn 0.9238 -0.3826 0.0155
vn 0.9568 -0.2902 0.0155
vn 0.9807 -0.1951 0.0155
vn 0.9951 -0.0980 0.0155
vn 0.9999 -0.0000 0.0155
vn 0.9951 0.0980 0.0155
vn 0.9807 0.1951 0.0155
vn 0.9568 0.2902 0.0155
vn 0.9238 0.3826 0.0155
vn 0.8818 0.4713 0.0155
vn 0.8314 0.5555 0.0155
vn 0.7729 0.6343 0.0155
vn 0.7070 0.7070 0.0155
vn 0.6343 0.7729 0.0155
vn 0.5555 0.8314 0.0155
vn 0.4713 0.8818 0.0155
vn 0.3826 0.9238 0.0155
vn 0.2902 0.9568 0.0155
vn 0.1951 0.9807 0.0155
vn 0.0980 0.9951 0.0155
vn 0.0000 0.9999 0.0155
vn -0.0980 0.9951 0.0155
vn -0.1951 0.9807 0.0155
vn -0.2902 0.9568 0.0155
vn -0.3826 0.9238 0.0155
vn -0.4713 0.8818 0.0155
vn -0.5555 0.8314 0.0155
vn -0.6343 0.7729 0.0155
vn -0.7070 0.7070 0.0155
vn -0.7729 0.6343 0.0155
vn -0.8314 0.5555 0.0155
vn -0.8818 0.4713 0.0155
vn -0.9238 0.3826 0.0155
vn -0.9568 0.2902 0.0155
vn -0.9807 0.1951 0.0155
vn -0.9951 0.0980 0.0155
vn -0.9999 0.0000 0.0155
vn -0.9945 -0.0000 0.1048
vn -0.9897 -0.0975 0.1048
vn -0.9754 -0.1940 0.1048
vn -0.9517 -0.2887 0.1048
vn -0.9188 -0.3806 0.1048
vn -0.8771 -0.4688 0.1048
vn -0.8269 -0.5525 0.1048
vn -0.7688 -0.6309 0.1048
vn -0.7032 -0.7032 0.1048
vn -0.6309 -0.7688 0.1048
vn -0.5525 -0.8269 0.1048
vn -0.4688 -0.8771 0.1048
vn -0.3806 -0.9188 0.1048
vn -0.2887 -0.9517 0.1048
vn -0.1940 -0.9754 0.1048
vn -0.0975 -0.9897 0.1048
vn -0.0000 -0.9945 0.1048
vn 0.0975 -0.9897 0.1048
vn 0.1940 -0.9754 0.1048
vn 0.2887 -0.9517 0.1048
vn 0.3806 -0.9188 0.1048
vn 0.4688 -0.8771 0.1048
vn 0.5525 -0.8269 0.1048
vn 0.6309 -0.7688 0.1048
vn 0.7032 -0.7032 0.1048
vn 0.7688 -0.6309 0.1048
vn 0.8269 -0.5525 0.1048
vn 0.8771 -0.4688 0.1048
vn 0.9188 -0.3806 0.1048
vn 0.9517 -0.2887 0.1048
vn 0.9754 -0.1940 0.1048
vn 0.9897 -0.0975 0.1048
vn 0.9945 -0.0000 0.1048
vn 0.9897 0.0975 0.1048
vn 0.9754 0.1940 0.1048
vn 0.9517 0.2887 0.1048
vn 0.9188 0.3806 0.1048
vn 0.8771 0.4688 0.1048
vn 0.8269 0.5525 0.1048
vn 0.7688 0.6309 0.1048
vn 0.7032 0.7032 0.1048
vn 0.6309 0.7688 0.1048
vn 0.5525 0.8269 0.1048
vn 0.4688 0.8771 0.1048
vn 0.3806 0.9188 0.1048
vn 0.2887 0.9517 0.1048
vn 0.1940 0.9754 0.1048
vn 0.0975 0.9897 0.1048
vn 0.0000 0.9945 0.1048
vn -0.0975 0.9897 0.1048
vn -0.1940 0.9754 0.1048
vn -0.2887 0.9517 0.1048
vn -0.3806 0.9188 0.1048
vn -0.4688 0.8771 0.1048
vn -0.5525 0.8269 0.1048
vn -0.6309 0.7688 0.1048
vn -0.7032 0.7032 0.1048
vn -0.7688 0.6309 0.1048
vn -0.8269 0.5525 0.1048
vn -0.8771 0.4688 0.1048
vn -0.9188 0.3806 0.1048
vn -0.9517 0.2887 0.1048
vn -0.9754 0.1940 0.1048
vn -0.9897 0.0975 0.1048
vn -0.9945 0.0000 0.1048
vn -0.7071 -0.0000 0.7071
vn -0.7037 -0.0693 0.7071
vn -0.6935 -0.1379 0.7071
vn -0.6767 -0.2053 0.7071
vn -0.6533 -0.2706 0.7071
vn -0.6236 -0.3333 0.7071
vn -0.5879 -0.3928 0.7071
vn -0.5466 -0.4486 0.7071
vn -0.5000 -0.5000 0.7071
vn -0.4486 -0.5466 0.7071
vn -0.3928 -0.5879 0.7071
vn -0.3333 -0.6236 0.7071
vn -0.2706 -0.6533 0.7071
vn -0.2053 -0.6767 0.7071
vn -0.1379 -0.6935 0.7071
vn -0.0693 -0.7037 0.7071
vn -0.0000 -0.7071 0.7071
vn 0.0693 -0.7037 0.7071
vn 0.1379 -0.6935 0.7071
vn 0.2053 -0.6767 0.7071
vn 0.2706 -0.6533 0.7071
vn 0.3333 -0.6236 0.7071
vn 0.3928 -0.5879 0.7071
vn 0.4486 -0.5466 0.7071
vn 0.5000 -0.5000 0.7071
vn 0.5466 -0.4486 0.7071
vn 0.5879 -0.3928 0.7071
vn 0.6236 -0.3333 0.7071
vn 0.6533 -0.2706 0.7071
vn 0.6767 -0.2053 0.7071
vn 0.6935 -0.1379 0.7071
vn 0.7037 -0.0693 0.7071
vn 0.7071 -0.0000 0.7071
vn 0.7037 0.0693 0.7071
vn 0.6935 0.1379 0.7071
vn 0.6767 0.2053 0.7071
vn 0.6533 0.2706 0.7071
vn 0.6236 0.3333 0.7071
vn 0.5879 0.3928 0.7071
vn 0.5466 0.4486 0.7071
vn 0.5000 0.5000 0.7071
vn 0.4486 0.5466 0.7071
vn 0.3928 0.5879 0.7071
vn 0.3333 0.6236 0.7071
vn 0.2706 0.6533 0.7071
vn 0.2053 0.6767 0.7071
vn 0.1379 0.6935 0.7071
vn 0.0693 0.7037 0.7071
vn 0.0000 0.7071 0.7071
vn -0.0693 0.7037 0.7071
vn -0.1379 0.6935 0.7071
vn -0.2053 0.6767 0.7071
vn -0.2706 0.6533 0.7071
vn -0.3333 0.6236 0.7071
vn -0.3928 0.5879 0.7071
vn -0.4486 0.5466 0.7071
vn -0.5000 0.5000 0.7071
vn -0.5466 0.4486 0.7071
vn -0.5879 0.3928 0.7071
vn -0.6236 0.3333 0.7071
vn -0.6533 0.2706 0.7071
vn -0.6767 0.2053 0.7071
vn -0.6935 0.1379 0.7071
vn -0.7037 0.0693 0.7071
vn -0.7071 0.0000 0.7071
vn -0.1073 -0.0000 0.9942
vn -0.1068 -0.0105 0.9942
vn -0.1052 -0.0209 0.9942
vn -0.1027 -0.0311 0.9942
vn -0.0991 -0.0411 0.9942
vn -0.0946 -0.0506 0.9942
vn -0.0892 -0.0596 0.9942
vn -0.0829 -0.0681 0.9942
vn -0.0759 -0.0759 0.9942
vn -0.0681 -0.0829 0.9942
vn -0.0596 -0.0892 0.9942
vn -0.0506 -0.0946 0.9942
vn -0.0411 -0.0991 0.9942
vn -0.0311 -0.1027 0.9942
vn -0.0209 -0.1052 0.9942
vn -0.0105 -0.1068 0.9942
vn -0.0000 -0.1073 0.9942
vn 0.0105 -0.1068 0.9942
vn 0.0209 -0.1052 0.9942
vn 0.0311 -0.1027 0.9942
vn 0.0411 -0.0991 0.9942
vn 0.0506 -0.0946 0.9942
vn 0.0596 -0.0892 0.9942
vn 0.0681 -0.0829 0.9942
vn 0.0759 -0.0759 0.9942
vn 0.0829 -0.0681 0.9942
vn 0.0892 -0.0596 0.9942
vn 0.0946 -0.0506 0.9942
vn 0.0991 -0.0411 0.9942
vn 0.1027 -0.0311 0.9942
vn 0.1052 -0.0209 0.9942
vn 0.1068 -0.0105 0.9942
vn 0.1073 -0.0000 0.9942
vn 0.1068 0.0105 0.9942
vn 0.1052 0.0209 0.9942
vn 0.1027 0.0311 0.9942
vn 0.0991 0.0411 0.9942
vn 0.0946 0.0506 0.9942
vn 0.0892 0.0596 0.9942
vn 0.0829 0.0681 0.9942
vn 0.0759 0.0759 0.9942
vn 0.0681 0.0829 0.9942
vn 0.0596 0.0892 0.9942
vn 0.0506 0.0946 0.9942
vn 0.0411 0.0991 0.9942
vn 0.0311 0.1027 0.9942
vn 0.0209 0.1052 0.9942
vn 0.0105 0.1068 0.9942
vn 0.0000 0.1073 0.9942
vn -0.0105 0.1068 0.9942
vn -0.0209 0.1052 0.9942
vn -0.0311 0.1027 0.9942
vn -0.0411 0.0991 0.9942
vn -0.0506 0.0946 0.9942
vn -0.0596 0.0892 0.9942
vn -0.0681 0.0829 0.9942
vn -0.0759 0.0759 0.9942
vn -0.0829 0.0681 0.9942
vn -0.0892 0.0596 0.9942
vn -0.0946 0.0506 0.9942
vn -0.0991 0.0411 0.9942
vn -0.1027 0.0311 0.9942
vn -0.1052 0.0209 0.9942
vn -0.1068 0.0105 0.9942
vn -0.1073 0.0000 0.9942
vn -0.0250 -0.0000 0.9997
vn -0.0249 -0.0024 0.9997
vn -0.0245 -0.0049 0.9997
vn -0.0239 -0.0073 0.9997
vn -0.0231 -0.0096 0.9997
vn -0.0220 -0.0118 0.9997
vn -0.0208 -0.0139 0.9997
vn -0.0193 -0.0159 0.9997
vn -0.0177 -0.0177 0.9997
vn -0.0159 -0.0193 0.9997
vn -0.0139 -0.0208 0.9997
vn -0.0118 -0.0220 0.9997
vn -0.0096 -0.0231 0.9997
vn -0.0073 -0.0239 0.9997
vn -0.0049 -0.0245 0.9997
vn -0.0024 -0.0249 0.9997
vn -0.0000 -0.0250 0.9997
vn 0.0024 -0.0249 0.9997
vn 0.0049 -0.0245 0.9997
vn 0.0073 -0.0239 0.9997
vn 0.0096 -0.0231 0.9997
vn 0.0118 -0.0220 0.9997
vn 0.0139 -0.0208 0.9997
vn 0.0159 -0.0193 0.9997
vn 0.0177 -0.0177 0.9997
vn 0.0193 -0.0159 0.9997
vn 0.0208 -0.0139 0.9997
vn 0.0220 -0.0118 0.9997
vn 0.0231 -0.0096 0.9997
vn 0.0239 -0.0073 0.9997
vn 0.0245 -0.0049 0.9997
vn 0.0249 -0.0024 0.9997
vn 0.0250 -0.0000 0.9997
vn 0.0249 0.0024 0.9997
vn 0.0245 0.0049 0.9997
vn 0.0239 0.0073 0.9997
vn 0.0231 0.0096 0.9997
vn 0.0220 0.0118 0.9997
vn 0.0208 0.0139 0.9997
vn 0.0193 0.0159 0.9997
vn 0.0177 0.0177 0.9997
vn 0.0159 0.0193 0.9997
vn 0.0139 0.0208 0.9997
vn 0.0118 0.0220 0.9997
vn 0.0096 0.0231 0.9997
vn 0.0073 0.0239 0.9997
vn 0.0049 0.0245 0.9997
vn 0.0024 0.0249 0.9997
vn 0.0000 0.0250 0.9997
vn -0.0024 0.0249 0.9997
vn -0.0049 0.0245 0.9997
vn -0.0073 0.0239 0.9997
vn -0.0096 0.0231 0.9997
vn -0.0118 0.0220 0.9997
vn -0.0139 0.0208 0.9997
vn -0.0159 0.0193 0.9997
vn -0.0177 0.0177 0.9997
vn -0.0193 0.0159 0.9997
vn -0.0208 0.0139 0.9997
vn -0.0220 0.0118 0.9997
vn -0.0231 0.0096 0.9997
vn -0.0239 0.0073 0.9997
vn -0.0245 0.0049 0.9997
vn -0.0249 0.0024 0.9997
vn -0.0250 0.0000 0.9997
vn 1.0000 0.0000 0.0000
vn 0.8550 -0.0418 -0.5170
vn 0.5817 -0.0656 -0.8108
vn 0.3273 -0.0762 -0.9418
vn 0.1052 -0.0802 -0.9912
vn -0.1052 -0.0802 -0.9912
vn -0.3273 -0.0762 -0.9418
vn -0.5817 -0.0656 -0.8108
vn -0.8550 -0.0418 -0.5170
vn -1.0000 -0.0000 -0.0000
vn -0.8550 0.0418 0.5170
vn -0.5817 0.0656 0.8108
vn -0.3273 0.0762 0.9418
vn -0.1052 0.0802 0.9912
vn 0.1052 0.0802 0.9912
vn 0.3273 0.0762 0.9418
vn 0.5817 0.0656 0.8108
vn 0.8550 0.0418 0.5170
vn 1.0000 0.0000 0.0000
vn 1.0000 0.0000 0.0000
vn 0.8550 -0.0831 -0.5119
vn 0.5817 -0.1303 -0.8029
vn 0.3273 -0.1514 -0.9327
vn 0.1052 -0.1594 -0.9816
vn -0.1052 -0.1594 -0.9816
vn -0.3273 -0.1514 -0.9327
vn -0.5817 -0.1303 -0.8029
vn -0.8550 -0.0831 -0.5119
vn -1.0000 -0.0000 -0.0000
vn -0.8550 0.0831 0.5119
vn -0.5817 0.1303 0.8029
vn -0.3273 0.1514 0.9327
vn -0.1052 0.1594 0.9816
vn 0.1052 0.1594 0.9816
vn 0.3273 0.1514 0.9327
vn 0.5817 0.1303 0.8029
vn 0.8550 0.0831 0.5119
vn 1.0000 0.0000 0.0000
vn 1.0000 0.0000 0.0000
vn 0.8550 -0.1622 -0.4926
vn 0.5817 -0.2543 -0.7727
vn 0.3273 -0.2954 -0.8975
vn 0.1052 -0.3109 -0.9446
vn -0.1052 -0.3109 -0.9446
vn -0.3273 -0.2954 -0.8975
vn -0.5817 -0.2543 -0.7727
vn -0.8550 -0.1622 -0.4926
vn -1.0000 -0.0000 -0.0000
vn -0.8550 0.1622 0.4926
vn -0.5817 0.2543 0.7727
vn -0.3273 0.2954 0.8975
vn -0.1052 0.3109 0.9446
vn 0.1052 0.3109 0.9446
vn 0.3273 0.2954 0.8975
vn 0.5817 0.2543 0.7727
vn 0.8550 0.1622 0.4926
vn 1.0000 0.0000 0.0000
vn 1.0000 0.0000 0.0000
vn 0.8550 -0.2340 -0.4629
vn 0.5817 -0.3670 -0.7260
vn 0.3273 -0.4263 -0.8433
vn 0.1052 -0.4486 -0.8875
vn -0.1052 -0.4486 -0.8875
vn -0.3273 -0.4263 -0.8433
vn -0.5817 -0.3670 -0.7260
vn -0.8550 -0.2340 -0.4629
vn -1.0000 -0.0000 -0.0000
vn -0.8550 0.2340 0.4629
vn -0.5817 0.3670 0.7260
vn -0.3273 0.4263 0.8433
vn -0.1052 0.4486 0.8875
vn 0.1052 0.4486 0.8875
vn 0.3273 0.4263 0.8433
vn 0.5817 0.3670 0.7260
vn 0.8550 0.2340 0.4629
vn 1.0000 0.0000 0.0000
vn 1.0000 0.0000 0.0000
vn 0.8550 -0.2967 -0.4254
vn 0.5817 -0.4654 -0.6672
vn 0.3273 -0.5406 -0.7750
vn 0.1052 -0.5689 -0.8156
vn -0.1052 -0.5689 -0.8156
vn -0.3273 -0.5406 -0.7750
vn -0.5817 -0.4654 -0.6672
vn -0.8550 -0.2967 -0.4254
vn -1.0000 -0.0000 -0.0000
vn -0.8550 0.2967 0.4254
vn -0.5817 0.4654 0.6672
vn -0.3273 0.5406 0.7750
vn -0.1052 0.5689 0.8156
vn 0.1052 0.5689 0.8156
vn 0.3273 0.5406 0.7750
vn 0.5817 0.4654 0.6672
vn 0.8550 0.2967 0.4254
vn 1.0000 0.0000 0.0000
vn 1.0000 0.0000 0.0000
vn 0.8550 -0.3498 -0.3829
vn 0.5817 -0.5486 -0.6006
vn 0.3273 -0.6373 -0.6976
vn 0.1052 -0.6707 -0.7342
vn -0.1052 -0.6707 -0.7342
vn -0.3273 -0.6373 -0.6976
vn -0.5817 -0.5486 -0.6006
vn -0.8550 -0.3498 -0.3829
vn -1.0000 -0.0000 -0.0000
vn -0.8550 0.3498 0.3829
vn -0.5817 0.5486 0.6006
vn -0.3273 0.6373 0.6976
vn -0.1052 0.6707 0.7342
vn 0.1052 0.6707 0.7342
vn 0.3273 0.6373 0.6976
vn 0.5817 0.5486 0.6006
vn 0.8550 0.3498 0.3829
vn 1.0000 0.0000 0.0000
vn 1.0000 0.0000 0.0000
vn 0.8550 -0.3936 -0.3377
vn 0.5817 -0.6173 -0.5297
vn 0.3273 -0.7171 -0.6153
vn 0.1052 -0.7547 -0.6476
vn -0.1052 -0.7547 -0.6476
vn -0.3273 -0.7171 -0.6153
vn -0.5817 -0.6173 -0.5297
vn -0.8550 -0.3936 -0.3377
vn -1.0000 -0.0000 -0.0000
vn -0.8550 0.3936 0.3377
vn -0.5817 0.6173 0.5297
vn -0.3273 0.7171 0.6153
vn -0.1052 0.7547 0.6476
vn 0.1052 0.7547 0.6476
vn 0.3273 0.7171 0.6153
vn 0.5817 0.6173 0.5297
vn 0.8550 0.3936 0.3377
vn 1.0000 0.0000 0.0000
vn 1.0000 0.0000 0.0000
vn 0.8550 -0.4290 -0.2914
vn 0.5817 -0.6729 -0.4571
vn 0.3273 -0.7816 -0.5310
vn 0.1052 -0.8226 -0.5588
vn -0.1052 -0.8226 -0.5588
vn -0.3273 -0.7816 -0.5310
vn -0.5817 -0.6729 -0.4571
vn -0.8550 -0.4290 -0.2914
vn -1.0000 -0.0000 -0.0000
vn -0.8550 0.4290 0.2914
vn -0.5817 0.6729 0.4571
vn -0.3273 0.7816 0.5310
vn -0.1052 0.8226 0.5588
vn 0.1052 0.8226 0.5588
vn 0.3273 0.7816 0.5310
vn 0.5817 0.6729 0.4571
vn 0.8550 0.4290 0.2914
vn 1.0000 0.0000 0.0000
vn 1.0000 0.0000 0.0000
vn 0.8550 -0.4571 -0.2450
vn 0.5817 -0.7169 -0.3843
vn 0.3273 -0.8328 -0.4464
vn 0.1052 -0.8765 -0.4698
vn -0.1052 -0.8765 -0.4698
vn -0.3273 -0.8328 -0.4464
vn -0.5817 -0.7169 -0.3843
vn -0.8550 -0.4571 -0.2450
vn -1.0000 -0.0000 -0.0000
vn -0.8550 0.4571 0.2450
vn -0.5817 0.7169 0.3843
vn -0.3273 0.8328 0.4464
vn -0.1052 0.8765 0.4698
vn 0.1052 0.8765 0.4698
vn 0.3273 0.8328 0.4464
vn 0.5817 0.7169 0.3843
vn 0.8550 0.4571 0.2450
vn 1.0000 0.0000 0.0000
vn 1.0000 0.0000 0.0000
vn 0.8550 -0.4789 -0.1991
vn 0.5817 -0.7511 -0.3122
vn 0.3273 -0.8725 -0.3627
vn 0.1052 -0.9183 -0.3817
vn -0.1052 -0.9183 -0.3817
vn -0.3273 -0.8725 -0.3627
vn -0.5817 -0.7511 -0.3122
vn -0.8550 -0.4789 -0.1991
vn -1.0000 -0.0000 -0.0000
vn -0.8550 0.4789 0.1991
vn -0.5817 0.7511 0.3122
vn -0.3273 0.8725 0.3627
vn -0.1052 0.9183 0.3817
vn 0.1052 0.9183 0.3817
vn 0.3273 0.8725 0.3627
vn 0.5817 0.7511 0.3122
vn 0.8550 0.4789 0.1991
vn 1.0000 0.0000 0.0000
vn 1.0000 0.0000 0.0000
vn 0.8550 -0.4953 -0.1538
vn 0.5817 -0.7768 -0.2413
vn 0.3273 -0.9024 -0.2803
vn 0.1052 -0.9497 -0.2950
vn -0.1052 -0.9497 -0.2950
vn -0.3273 -0.9024 -0.2803
vn -0.5817 -0.7768 -0.2413
vn -0.8550 -0.4953 -0.1538
vn -1.0000 -0.0000 -0.0000
vn -0.8550 0.4953 0.1538
vn -0.5817 0.7768 0.2413
vn -0.3273 0.9024 0.2803
vn -0.1052 0.9497 0.2950
vn 0.1052 0.9497 0.2950
vn 0.3273 0.9024 0.2803
vn 0.5817 0.7768 0.2413
vn 0.8550 0.4953 0.1538
vn 1.0000 0.0000 0.0000
vn 1.0000 0.0000 0.0000
vn 0.8550 -0.5070 -0.1093
vn 0.5817 -0.7952 -0.1714
vn 0.3273 -0.9237 -0.1991
vn 0.1052 -0.9721 -0.2095
vn -0.1052 -0.9721 -0.2095
vn -0.3273 -0.9237 -0.1991
vn -0.5817 -0.7952 -0.1714
vn -0.8550 -0.5070 -0.1093
vn -1.0000 -0.0000 -0.0000
vn -0.8550 0.5070 0.1093
vn -0.5817 0.7952 0.1714
vn -0.3273 0.9237 0.1991
vn -0.1052 0.9721 0.2095
vn 0.1052 0.9721 0.2095
vn 0.3273 0.9237 0.1991
vn 0.5817 0.7952 0.1714
vn 0.8550 0.5070 0.1093
vn 1.0000 0.0000 0.0000
vn 1.0000 0.0000 0.0000
vn 0.8550 -0.5145 -0.0653
vn 0.5817 -0.8070 -0.1024
vn 0.3273 -0.9374 -0.1190
vn 0.1052 -0.9865 -0.1252
vn -0.1052 -0.9865 -0.1252
vn -0.3273 -0.9374 -0.1190
vn -0.5817 -0.8070 -0.1024
vn -0.8550 -0.5145 -0.0653
vn -1.0000 -0.0000 -0.0000
vn -0.8550 0.5145 0.0653
vn -0.5817 0.8070 0.1024
vn -0.3273 0.9374 0.1190
vn -0.1052 0.9865 0.1252
vn 0.1052 0.9865 0.1252
vn 0.3273 0.9374 0.1190
vn 0.5817 0.8070 0.1024
vn 0.8550 0.5145 0.0653
vn 1.0000 0.0000 0.0000
vn 1.0000 0.0000 0.0000
vn 0.8550 -0.5182 -0.0217
vn 0.5817 -0.8127 -0.0341
vn 0.3273 -0.9441 -0.0396
vn 0.1052 -0.9936 -0.0417
vn -0.1052 -0.9936 -0.0417
vn -0.3273 -0.9441 -0.0396
vn -0.5817 -0.8127 -0.0341
vn -0.8550 -0.5182 -0.0217
vn -1.0000 -0.0000 -0.0000
vn -0.8550 0.5182 0.0217
vn -0.5817 0.8127 0.0341
vn -0.3273 0.9441 0.0396
vn -0.1052 0.9936 0.0417
vn 0.1052 0.9936 0.0417
vn 0.3273 0.9441 0.0396
vn 0.5817 0.8127 0.0341
vn 0.8550 0.5182 0.0217
vn 1.0000 0.0000 0.0000
vn 1.0000 0.0000 0.0000
vn 0.8550 -0.5182 0.0217
vn 0.5817 -0.8127 0.0341
vn 0.3273 -0.9441 0.0396
vn 0.1052 -0.9936 0.0417
vn -0.1052 -0.9936 0.0417
vn -0.3273 -0.9441 0.0396
vn -0.5817 -0.8127 0.0341
vn -0.8550 -0.5182 0.0217
vn -1.0000 -0.0000 0.0000
vn -0.8550 0.5182 -0.0217
vn -0.5817 0.8127 -0.0341
vn -0.3273 0.9441 -0.0396
vn -0.1052 0.9936 -0.0417
vn 0.1052 0.9936 -0.0417
vn 0.3273 0.9441 -0.0396
vn 0.5817 0.8127 -0.0341
vn 0.8550 0.5182 -0.0217
vn 1.0000 0.0000 -0.0000
vn 1.0000 0.0000 0.0000
vn 0.8550 -0.5145 0.0653
vn 0.5817 -0.8070 0.1024
vn 0.3273 -0.9374 0.1190
vn 0.1052 -0.9865 0.1252
vn -0.1052 -0.9865 0.1252
vn -0.3273 -0.9374 0.1190
vn -0.5817 -0.8070 0.1024
vn -0.8550 -0.5145 0.0653
vn -1.0000 -0.0000 0.0000
vn -0.8550 0.5145 -0.0653
vn -0.5817 0.8070 -0.1024
vn -0.3273 0.9374 -0.1190
vn -0.1052 0.9865 -0.1252
vn 0.1052 0.9865 -0.1252
vn 0.3273 0.9374 -0.1190
vn 0.5817 0.8070 -0.1024
vn 0.8550 0.5145 -0.0653
vn 1.0000 0.0000 -0.0000
vn 1.0000 0.0000 0.0000
vn 0.8550 -0.5070 0.1093
vn 0.5817 -0.7952 0.1714
vn 0.3273 -0.9237 0.1991
vn 0.1052 -0.9721 0.2095
vn -0.1052 -0.9721 0.2095
vn -0.3273 -0.9237 0.1991
vn -0.5817 -0.7952 0.1714
vn -0.8550 -0.5070 0.1093
vn -1.0000 -0.0000 0.0000
vn -0.8550 0.5070 -0.1093
vn -0.5817 0.7952 -0.1714
vn -0.3273 0.9237 -0.1991
vn -0.1052 0.9721 -0.2095
vn 0.1052 0.9721 -0.2095
vn 0.3273 0.9237 -0.1991
vn 0.5817 0.7952 -0.1714
vn 0.8550 0.5070 -0.1093
vn 1.0000 0.0000 -0.0000
vn 1.0000 0.0000 0.0000
vn 0.8550 -0.4953 0.1538
vn 0.5817 -0.7768 0.2413
vn 0.3273 -0.9024 0.2803
vn 0.1052 -0.9497 0.2950
vn -0.1052 -0.9497 0.2950
vn -0.3273 -0.9024 0.2803
vn -0.5817 -0.7768 0.2413
vn -0.8550 -0.4953 0.1538
vn -1.0000 -0.0000 0.0000
vn -0.8550 0.4953 -0.1538
vn -0.5817 0.7768 -0.2413
vn -0.3273 0.9024 -0.2803
vn -0.1052 0.9497 -0.2950
vn 0.1052 0.9497 -0.2950
vn 0.3273 0.9024 -0.2803
vn 0.5817 0.7768 -0.2413
vn 0.8550 0.4953 -0.1538
vn 1.0000 0.0000 -0.0000
vn 1.0000 0.0000 0.0000
vn 0.8550 -0.4789 0.1991
vn 0.5817 -0.7511 0.3122
vn 0.3273 -0.8725 0.3627
vn 0.1052 -0.9183 0.3817
vn -0.1052 -0.9183 0.3817
vn -0.3273 -0.8725 0.3627
vn -0.5817 -0.7511 0.3122
vn -0.8550 -0.4789 0.1991
vn -1.0000 -0.0000 0.0000
vn -0.8550 0.4789 -0.1991
vn -0.5817 0.7511 -0.3122
vn -0.3273 0.8725 -0.3627
vn -0.1052 0.9183 -0.3817
vn 0.1052 0.9183 -0.3817
vn 0.3273 0.8725 -0.3627
vn 0.5817 0.7511 -0.3122
vn 0.8550 0.4789 -0.1991
vn 1.0000 0.0000 -0.0000
vn 1.0000 0.0000 0.0000
vn 0.8550 -0.4571 0.2450
vn 0.5817 -0.7169 0.3843
vn 0.3273 -0.8328 0.4464
vn 0.1052 -0.8765 0.4698
vn -0.1052 -0.8765 0.4698
vn -0.3273 -0.8328 0.4464
vn -0.5817 -0.7169 0.3843
vn -0.8550 -0.4571 0.2450
vn -1.0000 -0.0000 0.0000
vn -0.8550 0.4571 -0.2450
vn -0.5817 0.7169 -0.3843
vn -0.3273 0.8328 -0.4464
vn -0.1052 0.8765 -0.4698
vn 0.1052 0.8765 -0.4698
vn 0.3273 0.8328 -0.4464
vn 0.5817 0.7169 -0.3843
vn 0.8550 0.4571 -0.2450
vn 1.0000 0.0000 -0.0000
vn 1.0000 0.0000 0.0000
vn 0.8550 -0.4290 0.2914
vn 0.5817 -0.6729 0.4571
vn 0.3273 -0.7816 0.5310
vn 0.1052 -0.8226 0.5588
vn -0.1052 -0.8226 0.5588
vn -0.3273 -0.7816 0.5310
vn -0.5817 -0.6729 0.4571
vn -0.8550 -0.4290 0.2914
vn -1.0000 -0.0000 0.0000
vn -0.8550 0.4290 -0.2914
vn -0.5817 0.6729 -0.4571
vn -0.3273 0.7816 -0.5310
vn -0.1052 0.8226 -0.5588
vn 0.1052 0.8226 -0.5588
vn 0.3273 0.7816 -0.5310
vn 0.5817 0.6729 -0.4571
vn 0.8550 0.4290 -0.2914
vn 1.0000 0.0000 -0.0000
vn 1.0000 0.0000 0.0000
vn 0.8550 -0.3936 0.3377
vn 0.5817 -0.6173 0.5297
vn 0.3273 -0.7171 0.6153
vn 0.1052 -0.7547 0.6476
vn -0.1052 -0.7547 0.6476
vn -0.3273 -0.7171 0.6153
vn -0.5817 -0.6173 0.5297
vn -0.8550 -0.3936 0.3377
vn -1.0000 -0.0000 0.0000
vn -0.8550 0.3936 -0.3377
vn -0.5817 0.6173 -0.5297
vn -0.3273 0.7171 -0.6153
vn -0.1052 0.7547 -0.6476
vn 0.1052 0.7547 -0.6476
vn 0.3273 0.7171 -0.6153
vn 0.5817 0.6173 -0.5297
vn 0.8550 0.3936 -0.3377
vn 1.0000 0.0000 -0.0000
vn 1.0000 0.0000 0.0000
vn 0.8550 -0.3498 0.3829
vn 0.5817 -0.5486 0.6006
vn 0.3273 -0.6373 0.6976
vn 0.1052 -0.6707 0.7342
vn -0.1052 -0.6707 0.7342
vn -0.3273 -0.6373 0.6976
vn -0.5817 -0.5486 0.6006
vn -0.8550 -0.3498 0.3829
vn -1.0000 -0.0000 0.0000
vn -0.8550 0.3498 -0.3829
vn -0.5817 0.5486 -0.6006
vn -0.3273 0.6373 -0.6976
vn -0.1052 0.6707 -0.7342
vn 0.1052 0.6707 -0.7342
vn 0.3273 0.6373 -0.6976
vn 0.5817 0.5486 -0.6006
vn 0.8550 0.3498 -0.3829
vn 1.0000 0.0000 -0.0000
vn 1.0000 0.0000 0.0000
vn 0.8550 -0.2967 0.4254
vn 0.5817 -0.4654 0.6672
vn 0.3273 -0.5406 0.7750
vn 0.1052 -0.5689 0.8156
vn -0.1052 -0.5689 0.8156
vn -0.3273 -0.5406 0.7750
vn -0.5817 -0.4654 0.6672
vn -0.8550 -0.2967 0.4254
vn -1.0000 -0.0000 0.0000
vn -0.8550 0.2967 -0.4254
vn -0.5817 0.4654 -0.6672
vn -0.3273 0.5406 -0.7750
vn -0.1052 0.5689 -0.8156
vn 0.1052 0.5689 -0.8156
vn 0.3273 0.5406 -0.7750
vn 0.5817 0.4654 -0.6672
vn 0.8550 0.2967 -0.4254
vn 1.0000 0.0000 -0.0000
vn 1.0000 0.0000 0.0000
vn 0.8550 -0.2340 0.4629
vn 0.5817 -0.3670 0.7260
vn 0.3273 -0.4263 0.8433
vn 0.1052 -0.4486 0.8875
vn -0.1052 -0.4486 0.8875
vn -0.3273 -0.4263 0.8433
vn -0.5817 -0.3670 0.7260
vn -0.8550 -0.2340 0.4629
vn -1.0000 -0.0000 0.0000
vn -0.8550 0.2340 -0.4629
vn -0.5817 0.3670 -0.7260
vn -0.3273 0.4263 -0.8433
vn -0.1052 0.4486 -0.8875
vn 0.1052 0.4486 -0.8875
vn 0.3273 0.4263 -0.8433
vn 0.5817 0.3670 -0.7260
vn 0.8550 0.2340 -0.4629
vn 1.0000 0.0000 -0.0000
vn 1.0000 0.0000 0.0000
vn 0.8550 -0.1622 0.4926
vn 0.5817 -0.2543 0.7727
vn 0.3273 -0.2954 0.8975
vn 0.1052 -0.3109 0.9446
vn -0.1052 -0.3109 0.9446
vn -0.3273 -0.2954 0.8975
vn -0.5817 -0.2543 0.7727
vn -0.8550 -0.1622 0.4926
vn -1.0000 -0.0000 0.0000
vn -0.8550 0.1622 -0.4926
vn -0.5817 0.2543 -0.7727
vn -0.3273 0.2954 -0.8975
vn -0.1052 0.3109 -0.9446
vn 0.1052 0.3109 -0.9446
vn 0.3273 0.2954 -0.8975
vn 0.5817 0.2543 -0.7727
vn 0.8550 0.1622 -0.4926
vn 1.0000 0.0000 -0.0000
vn 1.0000 0.0000 0.0000
vn 0.8550 -0.0831 0.5119
vn 0.5817 -0.1303 0.8029
vn 0.3273 -0.1514 0.9327
vn 0.1052 -0.1594 0.9816
vn -0.1052 -0.1594 0.9816
vn -0.3273 -0.1514 0.9327
vn -0.5817 -0.1303 0.8029
vn -0.8550 -0.0831 0.5119
vn -1.0000 -0.0000 0.0000
vn -0.8550 0.0831 -0.5119
vn -0.5817 0.1303 -0.8029
vn -0.3273 0.1514 -0.9327
vn -0.1052 0.1594 -0.9816
vn 0.1052 0.1594 -0.9816
vn 0.3273 0.1514 -0.9327
vn 0.5817 0.1303 -0.8029
vn 0.8550 0.0831 -0.5119
vn 1.0000 0.0000 -0.0000
vn 1.0000 0.0000 0.0000
vn 0.8550 -0.0418 0.5170
vn 0.5817 -0.0656 0.8108
vn 0.3273 -0.0762 0.9418
vn 0.1052 -0.0802 0.9912
vn -0.1052 -0.0802 0.9912
vn -0.3273 -0.0762 0.9418
vn -0.5817 -0.0656 0.8108
vn -0.8550 -0.0418 0.5170
vn -1.0000 -0.0000 0.0000
vn -0.8550 0.0418 -0.5170
vn -0.5817 0.0656 -0.8108
vn -0.3273 0.0762 -0.9418
vn -0.1052 0.0802 -0.9912
vn 0.1052 0.0802 -0.9912
vn 0.3273 0.0762 -0.9418
vn 0.5817 0.0656 -0.8108
vn 0.8550 0.0418 -0.5170
vn 1.0000 0.0000 -0.0000
vn -0.0000 -0.9967 0.0806
vn -0.0000 -0.9967 0.0806
vn -0.0000 -0.9967 0.0806
vn -0.0000 -0.9967 0.0806
vn -0.0000 -0.9967 0.0806
vn -0.0000 -0.9967 0.0806
vn -0.0000 -0.9967 0.0806
vn -0.0000 -0.9967 0.0806
vn -0.0000 -0.9967 0.0806
vn -0.0000 -0.9967 0.0806
vn -0.0000 -0.9967 0.0806
vn -0.0000 -0.9967 0.0806
vn -0.0000 -0.9967 0.0806
vn -0.0000 -0.9967 0.0806
vn -0.0000 -0.9967 0.0806
vn -0.0000 -0.9967 0.0806
vn -0.0000 -0.9967 0.0806
vn -0.0000 -0.9967 0.0806
vn -0.0000 -0.9967 0.0806
vn -0.0000 -0.9967 0.0806
vn 0.0000 -0.9967 -0.0806
vn 0.0000 -0.9967 -0.0806
vn 0.0000 -0.9967 -0.0806
vn 0.0000 -0.9967 -0.0806
vn 0.0000 -0.9967 -0.0806
vn 0.0000 -0.9967 -0.0806
vn 0.0000 -0.9967 -0.0806
vn 0.0000 -0.9967 -0.0806
vn 0.0000 -0.9967 -0.0806
vn 0.0000 -0.9967 -0.0806
vn 0.0000 -0.9967 -0.0806
vn 0.0000 -0.9967 -0.0806
vn 0.0000 -0.9967 -0.0806
vn 0.0000 -0.9967 -0.0806
vn 0.0000 -0.9967 -0.0806
vn 0.0000 -0.9967 -0.0806
vn 0.0000 -0.9967 -0.0806
vn 0.0000 -0.9967 -0.0806
vn 0.0000 -0.9967 -0.0806
vn 0.0000 -0.9967 -0.0806
f 1/1/1 2/2/2 67/67/67
f 2/2/2 3/3/3 68/68/68
f 3/3/3 4/4/4 69/69/69
f 4/4/4 5/5/5 70/70/70
f 5/5/5 6/6/6 71/71/71
f 6/6/6 7/7/7 72/72/72
f 7/7/7 8/8/8 73/73/73
f 8/8/8 9/9/9 74/74/74
f 9/9/9 10/10/10 75/75/75
f 10/10/10 11/11/11 76/76/76
f 11/11/11 12/12/12 77/77/77
f 12/12/12 13/13/13 78/78/78
f 13/13/13 14/14/14 79/79/79
f 14/14/14 15/15/15 80/80/80
f 15/15/15 16/16/16 81/81/81
f 16/16/16 17/17/17 82/82/82
f 17/17/17 18/18/18 83/83/83
f 18/18/18 19/19/19 84/84/84
f 19/19/19 20/20/20 85/85/85
f 20/20/20 21/21/21 86/86/86
f 21/21/21 22/22/22 87/87/87
f 22/22/22 23/23/23 88/88/88
f 23/23/23 24/24/24 89/89/89
f 24/24/24 25/25/25 90/90/90
f 25/25/25 26/26/26 91/91/91
f 26/26/26 27/27/27 92/92/92
f 27/27/27 28/28/28 93/93/93
f 28/28/28 29/29/29 94/94/94
f 29/29/29 30/30/30 95/95/95
f 30/30/30 31/31/31 96/96/96
f 31/31/31 32/32/32 97/97/97
f 32/32/32 33/33/33 98/98/98
f 33/33/33 34/34/34 99/99/99
f 34/34/34 35/35/35 100/100/100
f 35/35/35 36/36/36 101/101/101
f 36/36/36 37/37/37 102/102/102
f 37/37/37 38/38/38 103/103/103
f 38/38/38 39/39/39 104/104/104
f 39/39/39 40/40/40 105/105/105
f 40/40/40 41/41/41 106/106/106
f 41/41/41 42/42/42 107/107/107
f 42/42/42 43/43/43 108/108/108
f 43/43/43 44/44/44 109/109/109
f 44/44/44 45/45/45 110/110/110
f 45/45/45 46/46/46 111/111/111
f 46/46/46 47/47/47 112/112/112
f 47/47/47 48/48/48 113/113/113
f 48/48/48 49/49/49 114/114/114
f 49/49/49 50/50/50 115/115/115
f 50/50/50 51/51/51 116/116/116
f 51/51/51 52/52/52 117/117/117
f 52/52/52 53/53/53 118/118/118
f 53/53/53 54/54/54 119/119/119
f 54/54/54 55/55/55 120/120/120
f 55/55/55 56/56/56 121/121/121
f 56/56/56 57/57/57 122/122/122
f 57/57/57 58/58/58 123/123/123
f 58/58/58 59/59/59 124/124/124
f 59/59/59 60/60/60 125/125/125
f 60/60/60 61/61/61 126/126/126
f 61/61/61 62/62/62 127/127/127
f 62/62/62 63/63/63 128/128/128
f 63/63/63 64/64/64 129/129/129
f 64/64/64 65/65/65 130/130/130
f 66/66/66 67/67/67 132/132/132
f 67/67/67 68/68/68 133/133/133
f 68/68/68 69/69/69 134/134/134
f 69/69/69 70/70/70 135/135/135
f 70/70/70 71/71/71 136/136/136
f 71/71/71 72/72/72 137/137/137
f 72/72/72 73/73/73 138/138/138
f 73/73/73 74/74/74 139/139/139
f 74/74/74 75/75/75 140/140/140
f 75/75/75 76/76/76 141/141/141
f 76/76/76 77/77/77 142/142/142
f 77/77/77 78/78/78 143/143/143
f 78/78/78 79/79/79 144/144/144
f 79/79/79 80/80/80 145/145/145
f 80/80/80 81/81/81 146/146/146
f 81/81/81 82/82/82 147/147/147
f 82/82/82 83/83/83 148/148/148
f 83/83/83 84/84/84 149/149/149
f 84/84/84 85/85/85 150/150/150
f 85/85/85 86/86/86 151/151/151
f 86/86/86 87/87/87 152/152/152
f 87/87/87 88/88/88 153/153/153
f 88/88/88 89/89/89 154/154/154
f 89/89/89 90/90/90 155/155/155
f 90/90/90 91/91/91 156/156/156
f 91/91/91 92/92/92 157/157/157
f 92/92/92 93/93/93 158/158/158
f 93/93/93 94/94/94 159/159/159
f 94/94/94 95/95/95 160/160/160
f 95/95/95 96/96/96 161/161/161
f 96/96/96 97/97/97 162/162/162
f 97/97/97 98/98/98 163/163/163
f 98/98/98 99/99/99 164/164/164
f 99/99/99 100/100/100 165/165/165
f 100/100/100 101/101/101 166/166/166
f 101/101/101 102/102/102 167/167/167
f 102/102/102 103/103/103 168/168/168
f 103/103/103 104/104/104 169/169/169
f 104/104/104 105/105/105 170/170/170
f 105/105/105 106/106/106 171/171/171
f 106/106/106 107/107/107 172/172/172
f 107/107/107 108/108/108 173/173/173
f 108/108/108 109/109/109 174/174/174
f 109/109/109 110/110/110 175/175/175
f 110/110/110 111/111/111 176/176/176
f 111/111/111 112/112/112 177/177/177
f 112/112/112 113/113/113 178/178/178
f 113/113/113 114/114/114 179/179/179
f 114/114/114 115/115/115 180/180/180
f 115/115/115 116/116/116 181/181/181
f 116/116/116 117/117/117 182/182/182
f 117/117/117 118/118/118 183/183/183
f 118/118/118 119/119/119 184/184/184
f 119/119/119 120/120/120 185/185/185
f 120/120/120 121/121/121 186/186/186
f 121/121/121 122/122/122 187/187/187
f 122/122/122 123/123/123 188/188/188
f 123/123/123 124/124/124 189/189/189
f 124/124/124 125/125/125 190/190/190
f 125/125/125 126/126/126 191/191/191
f 126/126/126 127/127/127 192/192/192
f 127/127/127 128/128/128 193/193/193
f 128/128/128 129/129/129 194/194/194
f 129/129/129 130/130/130 195/195/195
f 131/131/131 132/132/132 197/197/197
f 132/132/132 133/133/133 198/198/198
f 133/133/133 134/134/134 199/199/199
f 134/134/134 135/135/135 200/200/200
f 135/135/135 136/136/136 201/201/201
f 136/136/136 137/137/137 202/202/202
f 137/137/137 138/138/138 203/203/203
f 138/138/138 139/139/139 204/204/204
f 139/139/139 140/140/140 205/205/205
f 140/140/140 141/141/141 206/206/206
f 141/141/141 142/142/142 207/207/207
f 142/142/142 143/143/143 208/208/208
f 143/143/143 144/144/144 209/209/209
f 144/144/144 145/145/145 210/210/210
f 145/145/145 146/146/146 211/211/211
f 146/146/146 147/147/147 212/212/212
f 147/147/147 148/148/148 213/213/213
f 148/148/148 149/149/149 214/214/214
f 149/149/149 150/150/150 215/215/215
f 150/150/150 151/151/151 216/216/216
f 151/151/151 152/152/152 217/217/217
f 152/152/152 153/153/153 218/218/218
f 153/153/153 154/154/154 219/219/219
f 154/154/154 155/155/155 220/220/220
f 155/155/155 156/156/156 221/221/221
f 156/156/156 157/157/157 222/222/222
f 157/157/157 158/158/158 223/223/223
f 158/158/158 159/159/159 224/224/224
f 159/159/159 160/160/160 225/225/225
f 160/160/160 161/161/161 226/226/226
f 161/161/161 162/162/162 227/227/227
f 162/162/162 163/163/163 228/228/228
f 163/163/163 164/164/164 229/229/229
f 164/164/164 165/165/165 230/230/230
f 165/165/165 166/166/166 231/231/231
f 166/166/166 167/167/167 232/232/232
f 167/167/167 168/168/168 233/233/233
f 168/168/168 169/169/169 234/234/234
f 169/169/169 170/170/170 235/235/235
f 170/170/170 171/171/171 236/236/236
f 171/171/171 172/172/172 237/237/237
f 172/172/172 173/173/173 238/238/238
f 173/173/173 174/174/174 239/239/239
f 174/174/174 175/175/175 240/240/240
f 175/175/175 176/176/176 241/241/241
f 176/176/176 177/177/177 242/242/242
f 177/177/177 178/178/178 243/243/243
f 178/178/178 179/179/179 244/244/244
f 179/179/179 180/180/180 245/245/245
f 180/180/180 181/181/181 246/246/246
f 181/181/181 182/182/182 247/247/247
f 182/182/182 183/183/183 248/248/248
f 183/183/183 184/184/184 249/249/249
f 184/184/184 185/185/185 250/250/250
f 185/185/185 186/186/186 251/251/251
f 186/186/186 187/187/187 252/252/252
f 187/187/187 188/188/188 253/253/253
f 188/188/188 189/189/189 254/254/254
f 189/189/189 190/190/190 255/255/255
f 190/190/190 191/191/191 256/256/256
f 191/191/191 192/192/192 257/257/257
f 192/192/192 193/193/193 258/258/258
f 193/193/193 194/194/194 259/259/259
f 194/194/194 195/195/195 260/260/260
f 196/196/196 197/197/197 262/262/262
f 197/197/197 198/198/198 263/263/263
f 198/198/198 199/199/199 264/264/264
f 199/199/199 200/200/200 265/265/265
f 200/200/200 201/201/201 266/266/266
f 201/201/201 202/202/202 267/267/267
f 202/202/202 203/203/203 268/268/268
f 203/203/203 204/204/204 269/269/269
f 204/204/204 205/205/205 270/270/270
f 205/205/205 206/206/206 271/271/271
f 206/206/206 207/207/207 272/272/272
f 207/207/207 208/208/208 273/273/273
f 208/208/208 209/209/209 274/274/274
f 209/209/209 210/210/210 275/275/275
f 210/210/210 211/211/211 276/276/276
f 211/211/211 212/212/212 277/277/277
f 212/212/212 213/213/213 278/278/278
f 213/213/213 214/214/214 279/279/279
f 214/214/214 215/215/215 280/280/280
f 215/215/215 216/216/216 281/281/281
f 216/216/216 217/217/217 282/282/282
f 217/217/217 218/218/218 283/283/283
f 218/218/218 219/219/219 284/284/284
f 219/219/219 220/220/220 285/285/285
f 220/220/220 221/221/221 286/286/286
f 221/221/221 222/222/222 287/287/287
f 222/222/222 223/223/223 288/288/288
f 223/223/223 224/224/224 289/289/289
f 224/224/224 225/225/225 290/290/290
f 225/225/225 226/226/226 291/291/291
f 226/226/226 227/227/227 292/292/292
f 227/227/227 228/228/228 293/293/293
f 228/228/228 229/229/229 294/294/294
f 229/229/229 230/230/230 295/295/295
f 230/230/230 231/231/231 296/296/296
f 231/231/231 232/232/232 297/297/297
f 232/232/232 233/233/233 298/298/298
f 233/233/233 234/234/234 299/299/299
f 234/234/234 235/235/235 300/300/300
f 235/235/235 236/236/236 301/301/301
f 236/236/236 237/237/237 302/302/302
f 237/237/237 238/238/238 303/303/303
f 238/238/238 239/239/239 304/304/304
f 239/239/239 240/240/240 305/305/305
f 240/240/240 241/241/241 306/306/306
f 241/241/241 242/242/242 307/307/307
f 242/242/242 243/243/243 308/308/308
f 243/243/243 244/244/244 309/309/309
f 244/244/244 245/245/245 310/310/310
f 245/245/245 246/246/246 311/311/311
f 246/246/246 247/247/247 312/312/312
f 247/247/247 248/248/248 313/313/313
f 248/248/248 249/249/249 314/314/314
f 249/249/249 250/250/250 315/315/315
f 250/250/250 251/251/251 316/316/316
f 251/251/251 252/252/252 317/317/317
f 252/252/252 253/253/253 318/318/318
f 253/253/253 254/254/254 319/319/319
f 254/254/254 255/255/255 320/320/320
f 255/255/255 256/256/256 321/321/321
f 256/256/256 257/257/257 322/322/322
f 257/257/257 258/258/258 323/323/323
f 258/258/258 259/259/259 324/324/324
f 259/259/259 260/260/260 325/325/325
f 261/261/261 262/262/262 327/327/327
f 262/262/262 263/263/263 328/328/328
f 263/263/263 264/264/264 329/329/329
f 264/264/264 265/265/265 330/330/330
f 265/265/265 266/266/266 331/331/331
f 266/266/266 267/267/267 332/332/332
f 267/267/267 268/268/268 333/333/333
f 268/268/268 269/269/269 334/334/334
f 269/269/269 270/270/270 335/335/335
f 270/270/270 271/271/271 336/336/336
f 271/271/271 272/272/272 337/337/337
f 272/272/272 273/273/273 338/338/338
f 273/273/273 274/274/274 339/339/339
f 274/274/274 275/275/275 340/340/340
f 275/275/275 276/276/276 341/341/341
f 276/276/276 277/277/277 342/342/342
f 277/277/277 278/278/278 343/343/343
f 278/278/278 279/279/279 344/344/344
f 279/279/279 280/280/280 345/345/345
f 280/280/280 281/281/281 346/346/346
f 281/281/281 282/282/282 347/347/347
f 282/282/282 283/283/283 348/348/348
f 283/283/283 284/284/284 349/349/349
f 284/284/284 285/285/285 350/350/350
f 285/285/285 286/286/286 351/351/351
f 286/286/286 287/287/287 352/352/352
f 287/287/287 288/288/288 353/353/353
f 288/288/288 289/289/289 354/354/354
f 289/289/289 290/290/290 355/355/355
f 290/290/290 291/291/291 356/356/356
f 291/291/291 292/292/292 357/357/357
f 292/292/292 293/293/293 358/358/358
f 293/293/293 294/294/294 359/359/359
f 294/294/294 295/295/295 360/360/360
f 295/295/295 296/296/296 361/361/361
f 296/296/296 297/297/297 362/362/362
f 297/297/297 298/298/298 363/363/363
f 298/298/298 299/299/299 364/364/364
f 299/299/299 300/300/300 365/365/365
f 300/300/300 301/301/301 366/366/366
f 301/301/301 302/302/302 367/367/367
f 302/302/302 303/303/303 368/368/368
f 303/303/303 304/304/304 369/369/369
f 304/304/304 305/305/305 370/370/370
f 305/305/305 306/306/306 371/371/371
f 306/306/306 307/307/307 372/372/372
f 307/307/307 308/308/308 373/373/373
f 308/308/308 309/309/309 374/374/374
f 309/309/309 310/310/310 375/375/375
f 310/310/310 311/311/311 376/376/376
f 311/311/311 312/312/312 377/377/377
f 312/312/312 313/313/313 378/378/378
f 313/313/313 314/314/314 379/379/379
f 314/314/314 315/315/315 380/380/380
f 315/315/315 316/316/316 381/381/381
f 316/316/316 317/317/317 382/382/382
f 317/317/317 318/318/318 383/383/383
f 318/318/318 319/319/319 384/384/384
f 319/319/319 320/320/320 385/385/385
f 320/320/320 321/321/321 386/386/386
f 321/321/321 322/322/322 387/387/387
f 322/322/322 323/323/323 388/388/388
f 323/323/323 324/324/324 389/389/389
f 324/324/324 325/325/325 390/390/390
f 326/326/326 327/327/327 392/392/392
f 327/327/327 328/328/328 393/393/393
f 328/328/328 329/329/329 394/394/394
f 329/329/329 330/330/330 395/395/395
f 330/330/330 331/331/331 396/396/396
f 331/331/331 332/332/332 397/397/397
f 332/332/332 333/333/333 398/398/398
f 333/333/333 334/334/334 399/399/399
f 334/334/334 335/335/335 400/400/400
f 335/335/335 336/336/336 401/401/401
f 336/336/336 337/337/337 402/402/402
f 337/337/337 338/338/338 403/403/403
f 338/338/338 339/339/339 404/404/404
f 339/339/339 340/340/340 405/405/405
f 340/340/340 341/341/341 406/406/406
f 341/341/341 342/342/342 407/407/407
f 342/342/342 343/343/343 408/408/408
f 343/343/343 344/344/344 409/409/409
f 344/344/344 345/345/345 410/410/410
f 345/345/345 346/346/346 411/411/411
f 346/346/346 347/347/347 412/412/412
f 347/347/347 348/348/348 413/413/413
f 348/348/348 349/349/349 414/414/414
f 349/349/349 350/350/350 415/415/415
f 350/350/350 351/351/351 416/416/416
f 351/351/351 352/352/352 417/417/417
f 352/352/352 353/353/353 418/418/418
f 353/353/353 354/354/354 419/419/419
f 354/354/354 355/355/355 420/420/420
f 355/355/355 356/356/356 421/421/421
f 356/356/356 357/357/357 422/422/422
f 357/357/357 358/358/358 423/423/423
f 358/358/358 359/359/359 424/424/424
f 359/359/359 360/360/360 425/425/425
f 360/360/360 361/361/361 426/426/426
f 361/361/361 362/362/362 427/427/427
f 362/362/362 363/363/363 428/428/428
f 363/363/363 364/364/364 429/429/429
f 364/364/364 365/365/365 430/430/430
f 365/365/365 366/366/366 431/431/431
f 366/366/366 367/367/367 432/432/432
f 367/367/367 368/368/368 433/433/433
f 368/368/368 369/369/369 434/434/434
f 369/369/369 370/370/370 435/435/435
f 370/370/370 371/371/371 436/436/436
f 371/371/371 372/372/372 437/437/437
f 372/372/372 373/373/373 438/438/438
f 373/373/373 374/374/374 439/439/439
f 374/374/374 375/375/375 440/440/440
f 375/375/375 376/376/376 441/441/441
f 376/376/376 377/377/377 442/442/442
f 377/377/377 378/378/378 443/443/443
f 378/378/378 379/379/379 444/444/444
f 379/379/379 380/380/380 445/445/445
f 380/380/380 381/381/381 446/446/446
f 381/381/381 382/382/382 447/447/447
f 382/382/382 383/383/383 448/448/448
f 383/383/383 384/384/384 449/449/449
f 384/384/384 385/385/385 450/450/450
f 385/385/385 386/386/386 451/451/451
f 386/386/386 387/387/387 452/452/452
f 387/387/387 388/388/388 453/453/453
f 388/388/388 389/389/389 454/454/454
f 389/389/389 390/390/390 455/455/455
f 391/391/391 392/392/392 457/457/457
f 392/392/392 393/393/393 458/458/458
f 393/393/393 394/394/394 459/459/459
f 394/394/394 395/395/395 460/460/460
f 395/395/395 396/396/396 461/461/461
f 396/396/396 397/397/397 462/462/462
f 397/397/397 398/398/398 463/463/463
f 398/398/398 399/399/399 464/464/464
f 399/399/399 400/400/400 465/465/465
f 400/400/400 401/401/401 466/466/466
f 401/401/401 402/402/402 467/467/467
f 402/402/402 403/403/403 468/468/468
f 403/403/403 404/404/404 469/469/469
f 404/404/404 405/405/405 470/470/470
f 405/405/405 406/406/406 471/471/471
f 406/406/406 407/407/407 472/472/472
f 407/407/407 408/408/408 473/473/473
f 408/408/408 409/409/409 474/474/474
f 409/409/409 410/410/410 475/475/475
f 410/410/410 411/411/411 476/476/476
f 411/411/411 412/412/412 477/477/477
f 412/412/412 413/413/413 478/478/478
f 413/413/413 414/414/414 479/479/479
f 414/414/414 415/415/415 480/480/480
f 415/415/415 416/416/416 481/481/481
f 416/416/416 417/417/417 482/482/482
f 417/417/417 418/418/418 483/483/483
f 418/418/418 419/419/419 484/484/484
f 419/419/419 420/420/420 485/485/485
f 420/420/420 421/421/421 486/486/486
f 421/421/421 422/422/422 487/487/487
f 422/422/422 423/423/423 488/488/488
f 423/423/423 424/424/424 489/489/489
f 424/424/424 425/425/425 490/490/490
f 425/425/425 426/426/426 491/491/491
f 426/426/426 427/427/427 492/492/492
f 427/427/427 428/428/428 493/493/493
f 428/428/428 429/429/429 494/494/494
f 429/429/429 430/430/430 495/495/495
f 430/430/430 431/431/431 496/496/496
f 431/431/431 432/432/432 497/497/497
f 432/432/432 433/433/433 498/498/498
f 433/433/433 434/434/434 499/499/499
f 434/434/434 435/435/435 500/500/500
f 435/435/435 436/436/436 501/501/501
f 436/436/436 437/437/437 502/502/502
f 437/437/437 438/438/438 503/503/503
f 438/438/438 439/439/439 504/504/504
f 439/439/439 440/440/440 505/505/505
f 440/440/440 441/441/441 506/506/506
f 441/441/441 442/442/442 507/507/507
f 442/442/442 443/443/443 508/508/508
f 443/443/443 444/444/444 509/509/509
f 444/444/444 445/445/445 510/510/510
f 445/445/445 446/446/446 511/511/511
f 446/446/446 447/447/447 512/512/512
f 447/447/447 448/448/448 513/513/513
f 448/448/448 449/449/449 514/514/514
f 449/449/449 450/450/450 515/515/515
f 450/450/450 451/451/451 516/516/516
f 451/451/451 452/452/452 517/517/517
f 452/452/452 453/453/453 518/518/518
f 453/453/453 454/454/454 519/519/519
f 454/454/454 455/455/455 520/520/520
f 456/456/456 457/457/457 522/522/522
f 457/457/457 458/458/458 523/523/523
f 458/458/458 459/459/459 524/524/524
f 459/459/459 460/460/460 525/525/525
f 460/460/460 461/461/461 526/526/526
f 461/461/461 462/462/462 527/527/527
f 462/462/462 463/463/463 528/528/528
f 463/463/463 464/464/464 529/529/529
f 464/464/464 465/465/465 530/530/530
f 465/465/465 466/466/466 531/531/531
f 466/466/466 467/467/467 532/532/532
f 467/467/467 468/468/468 533/533/533
f 468/468/468 469/469/469 534/534/534
f 469/469/469 470/470/470 535/535/535
f 470/470/470 471/471/471 536/536/536
f 471/471/471 472/472/472 537/537/537
f 472/472/472 473/473/473 538/538/538
f 473/473/473 474/474/474 539/539/539
f 474/474/474 475/475/475 540/540/540
f 475/475/475 476/476/476 541/541/541
f 476/476/476 477/477/477 542/542/542
f 477/477/477 478/478/478 543/543/543
f 478/478/478 479/479/479 544/544/544
f 479/479/479 480/480/480 545/545/545
f 480/480/480 481/481/481 546/546/546
f 481/481/481 482/482/482 547/547/547
f 482/482/482 483/483/483 548/548/548
f 483/483/483 484/484/484 549/549/549
f 484/484/484 485/485/485 550/550/550
f 485/485/485 486/486/486 551/551/551
f 486/486/486 487/487/487 552/552/552
f 487/487/487 488/488/488 553/553/553
f 488/488/488 489/489/489 554/554/554
f 489/489/489 490/490/490 555/555/555
f 490/490/490 491/491/491 556/556/556
f 491/491/491 492/492/492 557/557/557
f 492/492/492 493/493/493 558/558/558
f 493/493/493 494/494/494 559/559/559
f 494/494/494 495/495/495 560/560/560
f 495/495/495 496/496/496 561/561/561
f 496/496/496 497/497/497 562/562/562
f 497/497/497 498/498/498 563/563/563
f 498/498/498 499/499/499 564/564/564
f 499/499/499 500/500/500 565/565/565
f 500/500/500 501/501/501 566/566/566
f 501/501/501 502/502/502 567/567/567
f 502/502/502 503/503/503 568/568/568
f 503/503/503 504/504/504 569/569/569
f 504/504/504 505/505/505 570/570/570
f 505/505/505 506/506/506 571/571/571
f 506/506/506 507/507/507 572/572/572
f 507/507/507 508/508/508 573/573/573
f 508/508/508 509/509/509 574/574/574
f 509/509/509 510/510/510 575/575/575
f 510/510/510 511/511/511 576/576/576
f 511/511/511 512/512/512 577/577/577
f 512/512/512 513/513/513 578/578/578
f 513/513/513 514/514/514 579/579/579
f 514/514/514 515/515/515 580/580/580
f 515/515/515 516/516/516 581/581/581
f 516/516/516 517/517/517 582/582/582
f 517/517/517 518/518/518 583/583/583
f 518/518/518 519/519/519 584/584/584
f 519/519/519 520/520/520 585/585/585
f 521/521/521 522/522/522 587/587/587
f 522/522/522 523/523/523 588/588/588
f 523/523/523 524/524/524 589/589/589
f 524/524/524 525/525/525 590/590/590
f 525/525/525 526/526/526 591/591/591
f 526/526/526 527/527/527 592/592/592
f 527/527/527 528/528/528 593/593/593
f 528/528/528 529/529/529 594/594/594
f 529/529/529 530/530/530 595/595/595
f 530/530/530 531/531/531 596/596/596
f 531/531/531 532/532/532 597/597/597
f 532/532/532 533/533/533 598/598/598
f 533/533/533 534/534/534 599/599/599
f 534/534/534 535/535/535 600/600/600
f 535/535/535 536/536/536 601/601/601
f 536/536/536 537/537/537 602/602/602
f 537/537/537 538/538/538 603/603/603
f 538/538/538 539/539/539 604/604/604
f 539/539/539 540/540/540 605/605/605
f 540/540/540 541/541/541 606/606/606
f 541/541/541 542/542/542 607/607/607
f 542/542/542 543/543/543 608/608/608
f 543/543/543 544/544/544 609/609/609
f 544/544/544 545/545/545 610/610/610
f 545/545/545 546/546/546 611/611/611
f 546/546/546 547/547/547 612/612/612
f 547/547/547 548/548/548 613/613/613
f 548/548/548 549/549/549 614/614/614
f 549/549/549 550/550/550 615/615/615
f 550/550/550 551/551/551 616/616/616
f 551/551/551 552/552/552 617/617/617
f 552/552/552 553/553/553 618/618/618
f 553/553/553 554/554/554 619/619/619
f 554/554/554 555/555/555 620/620/620
f 555/555/555 556/556/556 621/621/621
f 556/556/556 557/557/557 622/622/622
f 557/557/557 558/558/558 623/623/623
f 558/558/558 559/559/559 624/624/624
f 559/559/559 560/560/560 625/625/625
f 560/560/560 561/561/561 626/626/626
f 561/561/561 562/562/562 627/627/627
f 562/562/562 563/563/563 628/628/628
f 563/563/563 564/564/564 629/629/629
f 564/564/564 565/565/565 630/630/630
f 565/565/565 566/566/566 631/631/631
f 566/566/566 567/567/567 632/632/632
f 567/567/567 568/568/568 633/633/633
f 568/568/568 569/569/569 634/634/634
f 569/569/569 570/570/570 635/635/635
f 570/570/570 571/571/571 636/636/636
f 571/571/571 572/572/572 637/637/637
f 572/572/572 573/573/573 638/638/638
f 573/573/573 574/574/574 639/639/639
f 574/574/574 575/575/575 640/640/640
f 575/575/575 576/576/576 641/641/641
f 576/576/576 577/577/577 642/642/642
f 577/577/577 578/578/578 643/643/643
f 578/578/578 579/579/579 644/644/644
f 579/579/579 580/580/580 645/645/645
f 580/580/580 581/581/581 646/646/646
f 581/581/581 582/582/582 647/647/647
f 582/582/582 583/583/583 648/648/648
f 583/583/583 584/584/584 649/649/649
f 584/584/584 585/585/585 650/650/650
f 586/586/586 587/587/587 652/652/652
f 587/587/587 588/588/588 653/653/653
f 588/588/588 589/589/589 654/654/654
f 589/589/589 590/590/590 655/655/655
f 590/590/590 591/591/591 656/656/656
f 591/591/591 592/592/592 657/657/657
f 592/592/592 593/593/593 658/658/658
f 593/593/593 594/594/594 659/659/659
f 594/594/594 595/595/595 660/660/660
f 595/595/595 596/596/596 661/661/661
f 596/596/596 597/597/597 662/662/662
f 597/597/597 598/598/598 663/663/663
f 598/598/598 599/599/599 664/664/664
f 599/599/599 600/600/600 665/665/665
f 600/600/600 601/601/601 666/666/666
f 601/601/601 602/602/602 667/667/667
f 602/602/602 603/603/603 668/668/668
f 603/603/603 604/604/604 669/669/669
f 604/604/604 605/605/605 670/670/670
f 605/605/605 606/606/606 671/671/671
f 606/606/606 607/607/607 672/672/672
f 607/607/607 608/608/608 673/673/673
f 608/608/608 609/609/609 674/674/674
f 609/609/609 610/610/610 675/675/675
f 610/610/610 611/611/611 676/676/676
f 611/611/611 612/612/612 677/677/677
f 612/612/612 613/613/613 678/678/678
f 613/613/613 614/614/614 679/679/679
f 614/614/614 615/615/615 680/680/680
f 615/615/615 616/616/616 681/681/681
f 616/616/616 617/617/617 682/682/682
f 617/617/617 618/618/618 683/683/683
f 618/618/618 619/619/619 684/684/684
f 619/619/619 620/620/620 685/685/685
f 620/620/620 621/621/621 686/686/686
f 621/621/621 622/622/622 687/687/687
f 622/622/622 623/623/623 688/688/688
f 623/623/623 624/624/624 689/689/689
f 624/624/624 625/625/625 690/690/690
f 625/625/625 626/626/626 691/691/691
f 626/626/626 627/627/627 692/692/692
f 627/627/627 628/628/628 693/693/693
f 628/628/628 629/629/629 694/694/694
f 629/629/629 630/630/630 695/695/695
f 630/630/630 631/631/631 696/696/696
f 631/631/631 632/632/632 697/697/697
f 632/632/632 633/633/633 698/698/698
f 633/633/633 634/634/634 699/699/699
f 634/634/634 635/635/635 700/700/700
f 635/635/635 636/636/636 701/701/701
f 636/636/636 637/637/637 702/702/702
f 637/637/637 638/638/638 703/703/703
f 638/638/638 639/639/639 704/704/704
f 639/639/639 640/640/640 705/705/705
f 640/640/640 641/641/641 706/706/706
f 641/641/641 642/642/642 707/707/707
f 642/642/642 643/643/643 708/708/708
f 643/643/643 644/644/644 709/709/709
f 644/644/644 645/645/645 710/710/710
f 645/645/645 646/646/646 711/711/711
f 646/646/646 647/647/647 712/712/712
f 647/647/647 648/648/648 713/713/713
f 648/648/648 649/649/649 714/714/714
f 649/649/649 650/650/650 715/715/715
f 651/651/651 652/652/652 717/717/717
f 652/652/652 653/653/653 718/718/718
f 653/653/653 654/654/654 719/719/719
f 654/654/654 655/655/655 720/720/720
f 655/655/655 656/656/656 721/721/721
f 656/656/656 657/657/657 722/722/722
f 657/657/657 658/658/658 723/723/723
f 658/658/658 659/659/659 724/724/724
f 659/659/659 660/660/660 725/725/725
f 660/660/660 661/661/661 726/726/726
f 661/661/661 662/662/662 727/727/727
f 662/662/662 663/663/663 728/728/728
f 663/663/663 664/664/664 729/729/729
f 664/664/664 665/665/665 730/730/730
f 665/665/665 666/666/666 731/731/731
f 666/666/666 667/667/667 732/732/732
f 667/667/667 668/668/668 733/733/733
f 668/668/668 669/669/669 734/734/734
f 669/669/669 670/670/670 735/735/735
f 670/670/670 671/671/671 736/736/736
f 671/671/671 672/672/672 737/737/737
f 672/672/672 673/673/673 738/738/738
f 673/673/673 674/674/674 739/739/739
f 674/674/674 675/675/675 740/740/740
f 675/675/675 676/676/676 741/741/741
f 676/676/676 677/677/677 742/742/742
f 677/677/677 678/678/678 743/743/743
f 678/678/678 679/679/679 744/744/744
f 679/679/679 680/680/680 745/745/745
f 680/680/680 681/681/681 746/746/746
f 681/681/681 682/682/682 747/747/747
f 682/682/682 683/683/683 748/748/748
f 683/683/683 684/684/684 749/749/749
f 684/684/684 685/685/685 750/750/750
f 685/685/685 686/686/686 751/751/751
f 686/686/686 687/687/687 752/752/752
f 687/687/687 688/688/688 753/753/753
f 688/688/688 689/689/689 754/754/754
f 689/689/689 690/690/690 755/755/755
f 690/690/690 691/691/691 756/756/756
f 691/691/691 692/692/692 757/757/757
f 692/692/692 693/693/693 758/758/758
f 693/693/693 694/694/694 759/759/759
f 694/694/694 695/695/695 760/760/760
f 695/695/695 696/696/696 761/761/761
f 696/696/696 697/697/697 762/762/762
f 697/697/697 698/698/698 763/763/763
f 698/698/698 699/699/699 764/764/764
f 699/699/699 700/700/700 765/765/765
f 700/700/700 701/701/701 766/766/766
f 701/701/701 702/702/702 767/767/767
f 702/702/702 703/703/703 768/768/768
f 703/703/703 704/704/704 769/769/769
f 704/704/704 705/705/705 770/770/770
f 705/705/705 706/706/706 771/771/771
f 706/706/706 707/707/707 772/772/772
f 707/707/707 708/708/708 773/773/773
f 708/708/708 709/709/709 774/774/774
f 709/709/709 710/710/710 775/775/775
f 710/710/710 711/711/711 776/776/776
f 711/711/711 712/712/712 777/777/777
f 712/712/712 713/713/713 778/778/778
f 713/713/713 714/714/714 779/779/779
f 714/714/714 715/715/715 780/780/780
f 716/716/716 717/717/717 782/782/782
f 717/717/717 718/718/718 783/783/783
f 718/718/718 719/719/719 784/784/784
f 719/719/719 720/720/720 785/785/785
f 720/720/720 721/721/721 786/786/786
f 721/721/721 722/722/722 787/787/787
f 722/722/722 723/723/723 788/788/788
f 723/723/723 724/724/724 789/789/789
f 724/724/724 725/725/725 790/790/790
f 725/725/725 726/726/726 791/791/791
f 726/726/726 727/727/727 792/792/792
f 727/727/727 728/728/728 793/793/793
f 728/728/728 729/729/729 794/794/794
f 729/729/729 730/730/730 795/795/795
f 730/730/730 731/731/731 796/796/796
f 731/731/731 732/732/732 797/797/797
f 732/732/732 733/733/733 798/798/798
f 733/733/733 734/734/734 799/799/799
f 734/734/734 735/735/735 800/800/800
f 735/735/735 736/736/736 801/801/801
f 736/736/736 737/737/737 802/802/802
f 737/737/737 738/738/738 803/803/803
f 738/738/738 739/739/739 804/804/804
f 739/739/739 740/740/740 805/805/805
f 740/740/740 741/741/741 806/806/806
f 741/741/741 742/742/742 807/807/807
f 742/742/742 743/743/743 808/808/808
f 743/743/743 744/744/744 809/809/809
f 744/744/744 745/745/745 810/810/810
f 745/745/745 746/746/746 811/811/811
f 746/746/746 747/747/747 812/812/812
f 747/747/747 748/748/748 813/813/813
f 748/748/748 749/749/749 814/814/814
f 749/749/749 750/750/750 815/815/815
f 750/750/750 751/751/751 816/816/816
f 751/751/751 752/752/752 817/817/817
f 752/752/752 753/753/753 818/818/818
f 753/753/753 754/754/754 819/819/819
f 754/754/754 755/755/755 820/820/820
f 755/755/755 756/756/756 821/821/821
f 756/756/756 757/757/757 822/822/822
f 757/757/757 758/758/758 823/823/823
f 758/758/758 759/759/759 824/824/824
f 759/759/759 760/760/760 825/825/825
f 760/760/760 761/761/761 826/826/826
f 761/761/761 762/762/762 827/827/827
f 762/762/762 763/763/763 828/828/828
f 763/763/763 764/764/764 829/829/829
f 764/764/764 765/765/765 830/830/830
f 765/765/765 766/766/766 831/831/831
f 766/766/766 767/767/767 832/832/832
f 767/767/767 768/768/768 833/833/833
f 768/768/768 769/769/769 834/834/834
f 769/769/769 770/770/770 835/835/835
f 770/770/770 771/771/771 836/836/836
f 771/771/771 772/772/772 837/837/837
f 772/772/772 773/773/773 838/838/838
f 773/773/773 774/774/774 839/839/839
f 774/774/774 775/775/775 840/840/840
f 775/775/775 776/776/776 841/841/841
f 776/776/776 777/777/777 842/842/842
f 777/777/777 778/778/778 843/843/843
f 778/778/778 779/779/779 844/844/844
f 779/779/779 780/780/780 845/845/845
f 781/781/781 782/782/782 847/847/847
f 782/782/782 783/783/783 848/848/848
f 783/783/783 784/784/784 849/849/849
f 784/784/784 785/785/785 850/850/850
f 785/785/785 786/786/786 851/851/851
f 786/786/786 787/787/787 852/852/852
f 787/787/787 788/788/788 853/853/853
f 788/788/788 789/789/789 854/854/854
f 789/789/789 790/790/790 855/855/855
f 790/790/790 791/791/791 856/856/856
f 791/791/791 792/792/792 857/857/857
f 792/792/792 793/793/793 858/858/858
f 793/793/793 794/794/794 859/859/859
f 794/794/794 795/795/795 860/860/860
f 795/795/795 796/796/796 861/861/861
f 796/796/796 797/797/797 862/862/862
f 797/797/797 798/798/798 863/863/863
f 798/798/798 799/799/799 864/864/864
f 799/799/799 800/800/800 865/865/865
f 800/800/800 801/801/801 866/866/866
f 801/801/801 802/802/802 867/867/867
f 802/802/802 803/803/803 868/868/868
f 803/803/803 804/804/804 869/869/869
f 804/804/804 805/805/805 870/870/870
f 805/805/805 806/806/806 871/871/871
f 806/806/806 807/807/807 872/872/872
f 807/807/807 808/808/808 873/873/873
f 808/808/808 809/809/809 874/874/874
f 809/809/809 810/810/810 875/875/875
f 810/810/810 811/811/811 876/876/876
f 811/811/811 812/812/812 877/877/877
f 812/812/812 813/813/813 878/878/878
f 813/813/813 814/814/814 879/879/879
f 814/814/814 815/815/815 880/880/880
f 815/815/815 816/816/816 881/881/881
f 816/816/816 817/817/817 882/882/882
f 817/817/817 818/818/818 883/883/883
f 818/818/818 819/819/819 884/884/884
f 819/819/819 820/820/820 885/885/885
f 820/820/820 821/821/821 886/886/886
f 821/821/821 822/822/822 887/887/887
f 822/822/822 823/823/823 888/888/888
f 823/823/823 824/824/824 889/889/889
f 824/824/824 825/825/825 890/890/890
f 825/825/825 826/826/826 891/891/891
f 826/826/826 827/827/827 892/892/892
f 827/827/827 828/828/828 893/893/893
f 828/828/828 829/829/829 894/894/894
f 829/829/829 830/830/830 895/895/895
f 830/830/830 831/831/831 896/896/896
f 831/831/831 832/832/832 897/897/897
f 832/832/832 833/833/833 898/898/898
f 833/833/833 834/834/834 899/899/899
f 834/834/834 835/835/835 900/900/900
f 835/835/835 836/836/836 901/901/901
f 836/836/836 837/837/837 902/902/902
f 837/837/837 838/838/838 903/903/903
f 838/838/838 839/839/839 904/904/904
f 839/839/839 840/840/840 905/905/905
f 840/840/840 841/841/841 906/906/906
f 841/841/841 842/842/842 907/907/907
f 842/842/842 843/843/843 908/908/908
f 843/843/843 844/844/844 909/909/909
f 844/844/844 845/845/845 910/910/910
f 846/846/846 847/847/847 912/912/912
f 847/847/847 848/848/848 913/913/913
f 848/848/848 849/849/849 914/914/914
f 849/849/849 850/850/850 915/915/915
f 850/850/850 851/851/851 916/916/916
f 851/851/851 852/852/852 917/917/917
f 852/852/852 853/853/853 918/918/918
f 853/853/853 854/854/854 919/919/919
f 854/854/854 855/855/855 920/920/920
f 855/855/855 856/856/856 921/921/921
f 856/856/856 857/857/857 922/922/922
f 857/857/857 858/858/858 923/923/923
f 858/858/858 859/859/859 924/924/924
f 859/859/859 860/860/860 925/925/925
f 860/860/860 861/861/861 926/926/926
f 861/861/861 862/862/862 927/927/927
f 862/862/862 863/863/863 928/928/928
f 863/863/863 864/864/864 929/929/929
f 864/864/864 865/865/865 930/930/930
f 865/865/865 866/866/866 931/931/931
f 866/866/866 867/867/867 932/932/932
f 867/867/867 868/868/868 933/933/933
f 868/868/868 869/869/869 934/934/934
f 869/869/869 870/870/870 935/935/935
f 870/870/870 871/871/871 936/936/936
f 871/871/871 872/872/872 937/937/937
f 872/872/872 873/873/873 938/938/938
f 873/873/873 874/874/874 939/939/939
f 874/874/874 875/875/875 940/940/940
f 875/875/875 876/876/876 941/941/941
f 876/876/876 877/877/877 942/942/942
f 877/877/877 878/878/878 943/943/943
f 878/878/878 879/879/879 944/944/944
f 879/879/879 880/880/880 945/945/945
f 880/880/880 881/881/881 946/946/946
f 881/881/881 882/882/882 947/947/947
f 882/882/882 883/883/883 948/948/948
f 883/883/883 884/884/884 949/949/949
f 884/884/884 885/885/885 950/950/950
f 885/885/885 886/886/886 951/951/951
f 886/886/886 887/887/887 952/952/952
f 887/887/887 888/888/888 953/953/953
f 888/888/888 889/889/889 954/954/954
f 889/889/889 890/890/890 955/955/955
f 890/890/890 891/891/891 956/956/956
f 891/891/891 892/892/892 957/957/957
f 892/892/892 893/893/893 958/958/958
f 893/893/893 894/894/894 959/959/959
f 894/894/894 895/895/895 960/960/960
f 895/895/895 896/896/896 961/961/961
f 896/896/896 897/897/897 962/962/962
f 897/897/897 898/898/898 963/963/963
f 898/898/898 899/899/899 964/964/964
f 899/899/899 900/900/900 965/965/965
f 900/900/900 901/901/901 966/966/966
f 901/901/901 902/902/902 967/967/967
f 902/902/902 903/903/903 968/968/968
f 903/903/903 904/904/904 969/969/969
f 904/904/904 905/905/905 970/970/970
f 905/905/905 906/906/906 971/971/971
f 906/906/906 907/907/907 972/972/972
f 907/907/907 908/908/908 973/973/973
f 908/908/908 909/909/909 974/974/974
f 909/909/909 910/910/910 975/975/975
f 911/911/911 912/912/912 977/977/977
f 912/912/912 913/913/913 978/978/978
f 913/913/913 914/914/914 979/979/979
f 914/914/914 915/915/915 980/980/980
f 915/915/915 916/916/916 981/981/981
f 916/916/916 917/917/917 982/982/982
f 917/917/917 918/918/918 983/983/983
f 918/918/918 919/919/919 984/984/984
f 919/919/919 920/920/920 985/985/985
f 920/920/920 921/921/921 986/986/986
f 921/921/921 922/922/922 987/987/987
f 922/922/922 923/923/923 988/988/988
f 923/923/923 924/924/924 989/989/989
f 924/924/924 925/925/925 990/990/990
f 925/925/925 926/926/926 991/991/991
f 926/926/926 927/927/927 992/992/992
f 927/927/927 928/928/928 993/993/993
f 928/928/928 929/929/929 994/994/994
f 929/929/929 930/930/930 995/995/995
f 930/930/930 931/931/931 996/996/996
f 931/931/931 932/932/932 997/997/997
f 932/932/932 933/933/933 998/998/998
f 933/933/933 934/934/934 999/999/999
f 934/934/934 935/935/935 1000/1000/1000
f 935/935/935 936/936/936 1001/1001/1001
f 936/936/936 937/937/937 1002/1002/1002
f 937/937/937 938/938/938 1003/1003/1003
f 938/938/938 939/939/939 1004/1004/1004
f 939/939/939 940/940/940 1005/1005/1005
f 940/940/940 941/941/941 1006/1006/1006
f 941/941/941 942/942/942 1007/1007/1007
f 942/942/942 943/943/943 1008/1008/1008
f 943/943/943 944/944/944 1009/1009/1009
f 944/944/944 945/945/945 1010/1010/1010
f 945/945/945 946/946/946 1011/1011/1011
f 946/946/946 947/947/947 1012/1012/1012
f 947/947/947 948/948/948 1013/1013/1013
f 948/948/948 949/949/949 1014/1014/1014
f 949/949/949 950/950/950 1015/1015/1015
f 950/950/950 951/951/951 1016/1016/1016
f 951/951/951 952/952/952 1017/1017/1017
f 952/952/952 953/953/953 1018/1018/1018
f 953/953/953 954/954/954 1019/1019/1019
f 954/954/954 955/955/955 1020/1020/1020
f 955/955/955 956/956/956 1021/1021/1021
f 956/956/956 957/957/957 1022/1022/1022
f 957/957/957 958/958/958 1023/1023/1023
f 958/958/958 959/959/959 1024/1024/1024
f 959/959/959 960/960/960 1025/1025/1025
f 960/960/960 961/961/961 1026/1026/1026
f 961/961/961 962/962/962 1027/1027/1027
f 962/962/962 963/963/963 1028/1028/1028
f 963/963/963 964/964/964 1029/1029/1029
f 964/964/964 965/965/965 1030/1030/1030
f 965/965/965 966/966/966 1031/1031/1031
f 966/966/966 967/967/967 1032/1032/1032
f 967/967/967 968/968/968 1033/1033/1033
f 968/968/968 969/969/969 1034/1034/1034
f 969/969/969 970/970/970 1035/1035/1035
f 970/970/970 971/971/971 1036/1036/1036
f 971/971/971 972/972/972 1037/1037/1037
f 972/972/972 973/973/973 1038/1038/1038
f 973/973/973 974/974/974 1039/1039/1039
f 974/974/974 975/975/975 1040/1040/1040
f 976/976/976 977/977/977 1042/1042/1042
f 977/977/977 978/978/978 1043/1043/1043
f 978/978/978 979/979/979 1044/1044/1044
f 979/979/979 980/980/980 1045/1045/1045
f 980/980/980 981/981/981 1046/1046/1046
f 981/981/981 982/982/982 1047/1047/1047
f 982/982/982 983/983/983 1048/1048/1048
f 983/983/983 984/984/984 1049/1049/1049
f 984/984/984 985/985/985 1050/1050/1050
f 985/985/985 986/986/986 1051/1051/1051
f 986/986/986 987/987/987 1052/1052/1052
f 987/987/987 988/988/988 1053/1053/1053
f 988/988/988 989/989/989 1054/1054/1054
f 989/989/989 990/990/990 1055/1055/1055
f 990/990/990 991/991/991 1056/1056/1056
f 991/991/991 992/992/992 1057/1057/1057
f 992/992/992 993/993/993 1058/1058/1058
f 993/993/993 994/994/994 1059/1059/1059
f 994/994/994 995/995/995 1060/1060/1060
f 995/995/995 996/996/996 1061/1061/1061
f 996/996/996 997/997/997 1062/1062/1062
f 997/997/997 998/998/998 1063/1063/1063
f 998/998/998 999/999/999 1064/1064/1064
f 999/999/999 1000/1000/1000 1065/1065/1065
f 1000/1000/1000 1001/1001/1001 1066/1066/1066
f 1001/1001/1001 1002/1002/1002 1067/1067/1067
f 1002/1002/1002 1003/1003/1003 1068/1068/1068
f 1003/1003/1003 1004/1004/1004 1069/1069/1069
f 1004/1004/1004 1005/1005/1005 1070/1070/1070
f 1005/1005/1005 1006/1006/1006 1071/1071/1071
f 1006/1006/1006 1007/1007/1007 1072/1072/1072
f 1007/1007/1007 1008/1008/1008 1073/1073/1073
f 1008/1008/1008 1009/1009/1009 1074/1074/1074
f 1009/1009/1009 1010/1010/1010 1075/1075/1075
f 1010/1010/1010 1011/1011/1011 1076/1076/1076
f 1011/1011/1011 1012/1012/1012 1077/1077/1077
f 1012/1012/1012 1013/1013/1013 1078/1078/1078
f 1013/1013/1013 1014/1014/1014 1079/1079/1079
f 1014/1014/1014 1015/1015/1015 1080/1080/1080
f 1015/1015/1015 1016/1016/1016 1081/1081/1081
f 1016/1016/1016 1017/1017/1017 1082/1082/1082
f 1017/1017/1017 1018/1018/1018 1083/1083/1083
f 1018/1018/1018 1019/1019/1019 1084/1084/1084
f 1019/1019/1019 1020/1020/1020 1085/1085/1085
f 1020/1020/1020 1021/1021/1021 1086/1086/1086
f 1021/1021/1021 1022/1022/1022 1087/1087/1087
f 1022/1022/1022 1023/1023/1023 1088/1088/1088
f 1023/1023/1023 1024/1024/1024 1089/1089/1089
f 1024/1024/1024 1025/1025/1025 1090/1090/1090
f 1025/1025/1025 1026/1026/1026 1091/1091/1091
f 1026/1026/1026 1027/1027/1027 1092/1092/1092
f 1027/1027/1027 1028/1028/1028 1093/1093/1093
f 1028/1028/1028 1029/1029/1029 1094/1094/1094
f 1029/1029/1029 1030/1030/1030 1095/1095/1095
f 1030/1030/1030 1031/1031/1031 1096/1096/1096
f 1031/1031/1031 1032/1032/1032 1097/1097/1097
f 1032/1032/1032 1033/1033/1033 1098/1098/1098
f 1033/1033/1033 1034/1034/1034 1099/1099/1099
f 1034/1034/1034 1035/1035/1035 1100/1100/1100
f 1035/1035/1035 1036/1036/1036 1101/1101/1101
f 1036/1036/1036 1037/1037/1037 1102/1102/1102
f 1037/1037/1037 1038/1038/1038 1103/1103/1103
f 1038/1038/1038 1039/1039/1039 1104/1104/1104
f 1039/1039/1039 1040/1040/1040 1105/1105/1105
f 1041/1041/1041 1042/1042/1042 1107/1107/1107
f 1042/1042/1042 1043/1043/1043 1108/1108/1108
f 1043/1043/1043 1044/1044/1044 1109/1109/1109
f 1044/1044/1044 1045/1045/1045 1110/1110/1110
f 1045/1045/1045 1046/1046/1046 1111/1111/1111
f 1046/1046/1046 1047/1047/1047 1112/1112/1112
f 1047/1047/1047 1048/1048/1048 1113/1113/1113
f 1048/1048/1048 1049/1049/1049 1114/1114/1114
f 1049/1049/1049 1050/1050/1050 1115/1115/1115
f 1050/1050/1050 1051/1051/1051 1116/1116/1116
f 1051/1051/1051 1052/1052/1052 1117/1117/1117
f 1052/1052/1052 1053/1053/1053 1118/1118/1118
f 1053/1053/1053 1054/1054/1054 1119/1119/1119
f 1054/1054/1054 1055/1055/1055 1120/1120/1120
f 1055/1055/1055 1056/1056/1056 1121/1121/1121
f 1056/1056/1056 1057/1057/1057 1122/1122/1122
f 1057/1057/1057 1058/1058/1058 1123/1123/1123
f 1058/1058/1058 1059/1059/1059 1124/1124/1124
f 1059/1059/1059 1060/1060/1060 1125/1125/1125
f 1060/1060/1060 1061/1061/1061 1126/1126/1126
f 1061/1061/1061 1062/1062/1062 1127/1127/1127
f 1062/1062/1062 1063/1063/1063 1128/1128/1128
f 1063/1063/1063 1064/1064/1064 1129/1129/1129
f 1064/1064/1064 1065/1065/1065 1130/1130/1130
f 1065/1065/1065 1066/1066/1066 1131/1131/1131
f 1066/1066/1066 1067/1067/1067 1132/1132/1132
f 1067/1067/1067 1068/1068/1068 1133/1133/1133
f 1068/1068/1068 1069/1069/1069 1134/1134/1134
f 1069/1069/1069 1070/1070/1070 1135/1135/1135
f 1070/1070/1070 1071/1071/1071 1136/1136/1136
f 1071/1071/1071 1072/1072/1072 1137/1137/1137
f 1072/1072/1072 1073/1073/1073 1138/1138/1138
f 1073/1073/1073 1074/1074/1074 1139/1139/1139
f 1074/1074/1074 1075/1075/1075 1140/1140/1140
f 1075/1075/1075 1076/1076/1076 1141/1141/1141
f 1076/1076/1076 1077/1077/1077 1142/1142/1142
f 1077/1077/1077 1078/1078/1078 1143/1143/1143
f 1078/1078/1078 1079/1079/1079 1144/1144/1144
f 1079/1079/1079 1080/1080/1080 1145/1145/1145
f 1080/1080/1080 1081/1081/1081 1146/1146/1146
f 1081/1081/1081 1082/1082/1082 1147/1147/1147
f 1082/1082/1082 1083/1083/1083 1148/1148/1148
f 1083/1083/1083 1084/1084/1084 1149/1149/1149
f 1084/1084/1084 1085/1085/1085 1150/1150/1150
f 1085/1085/1085 1086/1086/1086 1151/1151/1151
f 1086/1086/1086 1087/1087/1087 1152/1152/1152
f 1087/1087/1087 1088/1088/1088 1153/1153/1153
f 1088/1088/1088 1089/1089/1089 1154/1154/1154
f 1089/1089/1089 1090/1090/1090 1155/1155/1155
f 1090/1090/1090 1091/1091/1091 1156/1156/1156
f 1091/1091/1091 1092/1092/1092 1157/1157/1157
f 1092/1092/1092 1093/1093/1093 1158/1158/1158
f 1093/1093/1093 1094/1094/1094 1159/1159/1159
f 1094/1094/1094 1095/1095/1095 1160/1160/1160
f 1095/1095/1095 1096/1096/1096 1161/1161/1161
f 1096/1096/1096 1097/1097/1097 1162/1162/1162
f 1097/1097/1097 1098/1098/1098 1163/1163/1163
f 1098/1098/1098 1099/1099/1099 1164/1164/1164
f 1099/1099/1099 1100/1100/1100 1165/1165/1165
f 1100/1100/1100 1101/1101/1101 1166/1166/1166
f 1101/1101/1101 1102/1102/1102 1167/1167/1167
f 1102/1102/1102 1103/1103/1103 1168/1168/1168
f 1103/1103/1103 1104/1104/1104 1169/1169/1169
f 1104/1104/1104 1105/1105/1105 1170/1170/1170
f 1106/1106/1106 1107/1107/1107 1172/1172/1172
f 1107/1107/1107 1108/1108/1108 1173/1173/1173
f 1108/1108/1108 1109/1109/1109 1174/1174/1174
f 1109/1109/1109 1110/1110/1110 1175/1175/1175
f 1110/1110/1110 1111/1111/1111 1176/1176/1176
f 1111/1111/1111 1112/1112/1112 1177/1177/1177
f 1112/1112/1112 1113/1113/1113 1178/1178/1178
f 1113/1113/1113 1114/1114/1114 1179/1179/1179
f 1114/1114/1114 1115/1115/1115 1180/1180/1180
f 1115/1115/1115 1116/1116/1116 1181/1181/1181
f 1116/1116/1116 1117/1117/1117 1182/1182/1182
f 1117/1117/1117 1118/1118/1118 1183/1183/1183
f 1118/1118/1118 1119/1119/1119 1184/1184/1184
f 1119/1119/1119 1120/1120/1120 1185/1185/1185
f 1120/1120/1120 1121/1121/1121 1186/1186/1186
f 1121/1121/1121 1122/1122/1122 1187/1187/1187
f 1122/1122/1122 1123/1123/1123 1188/1188/1188
f 1123/1123/1123 1124/1124/1124 1189/1189/1189
f 1124/1124/1124 1125/1125/1125 1190/1190/1190
f 1125/1125/1125 1126/1126/1126 1191/1191/1191
f 1126/1126/1126 1127/1127/1127 1192/1192/1192
f 1127/1127/1127 1128/1128/1128 1193/1193/1193
f 1128/1128/1128 1129/1129/1129 1194/1194/1194
f 1129/1129/1129 1130/1130/1130 1195/1195/1195
f 1130/1130/1130 1131/1131/1131 1196/1196/1196
f 1131/1131/1131 1132/1132/1132 1197/1197/1197
f 1132/1132/1132 1133/1133/1133 1198/1198/1198
f 1133/1133/1133 1134/1134/1134 1199/1199/1199
f 1134/1134/1134 1135/1135/1135 1200/1200/1200
f 1135/1135/1135 1136/1136/1136 1201/1201/1201
f 1136/1136/1136 1137/1137/1137 1202/1202/1202
f 1137/1137/1137 1138/1138/1138 1203/1203/1203
f 1138/1138/1138 1139/1139/1139 1204/1204/1204
f 1139/1139/1139 1140/1140/1140 1205/1205/1205
f 1140/1140/1140 1141/1141/1141 1206/1206/1206
f 1141/1141/1141 1142/1142/1142 1207/1207/1207
f 1142/1142/1142 1143/1143/1143 1208/1208/1208
f 1143/1143/1143 1144/1144/1144 1209/1209/1209
f 1144/1144/1144 1145/1145/1145 1210/1210/1210
f 1145/1145/1145 1146/1146/1146 1211/1211/1211
f 1146/1146/1146 1147/1147/1147 1212/1212/1212
f 1147/1147/1147 1148/1148/1148 1213/1213/1213
f 1148/1148/1148 1149/1149/1149 1214/1214/1214
f 1149/1149/1149 1150/1150/1150 1215/1215/1215
f 1150/1150/1150 1151/1151/1151 1216/1216/1216
f 1151/1151/1151 1152/1152/1152 1217/1217/1217
f 1152/1152/1152 1153/1153/1153 1218/1218/1218
f 1153/1153/1153 1154/1154/1154 1219/1219/1219
f 1154/1154/1154 1155/1155/1155 1220/1220/1220
f 1155/1155/1155 1156/1156/1156 1221/1221/1221
f 1156/1156/1156 1157/1157/1157 1222/1222/1222
f 1157/1157/1157 1158/1158/1158 1223/1223/1223
f 1158/1158/1158 1159/1159/1159 1224/1224/1224
f 1159/1159/1159 1160/1160/1160 1225/1225/1225
f 1160/1160/1160 1161/1161/1161 1226/1226/1226
f 1161/1161/1161 1162/1162/1162 1227/1227/1227
f 1162/1162/1162 1163/1163/1163 1228/1228/1228
f 1163/1163/1163 1164/1164/1164 1229/1229/1229
f 1164/1164/1164 1165/1165/1165 1230/1230/1230
f 1165/1165/1165 1166/1166/1166 1231/1231/1231
f 1166/1166/1166 1167/1167/1167 1232/1232/1232
f 1167/1167/1167 1168/1168/1168 1233/1233/1233
f 1168/1168/1168 1169/1169/1169 1234/1234/1234
f 1169/1169/1169 1170/1170/1170 1235/1235/1235
f 1/1/1 67/67/67 66/66/66
f 2/2/2 68/68/68 67/67/67
f 3/3/3 69/69/69 68/68/68
f 4/4/4 70/70/70 69/69/69
f 5/5/5 71/71/71 70/70/70
f 6/6/6 72/72/72 71/71/71
f 7/7/7 73/73/73 72/72/72
f 8/8/8 74/74/74 73/73/73
f 9/9/9 75/75/75 74/74/74
f 10/10/10 76/76/76 75/75/75
f 11/11/11 77/77/77 76/76/76
f 12/12/12 78/78/78 77/77/77
f 13/13/13 79/79/79 78/78/78
f 14/14/14 80/80/80 79/79/79
f 15/15/15 81/81/81 80/80/80
f 16/16/16 82/82/82 81/81/81
f 17/17/17 83/83/83 82/82/82
f 18/18/18 84/84/84 83/83/83
f 19/19/19 85/85/85 84/84/84
f 20/20/20 86/86/86 85/85/85
f 21/21/21 87/87/87 86/86/86
f 22/22/22 88/88/88 87/87/87
f 23/23/23 89/89/89 88/88/88
f 24/24/24 90/90/90 89/89/89
f 25/25/25 91/91/91 90/90/90
f 26/26/26 92/92/92 91/91/91
f 27/27/27 93/93/93 92/92/92
f 28/28/28 94/94/94 93/93/93
f 29/29/29 95/95/95 94/94/94
f 30/30/30 96/96/96 95/95/95
f 31/31/31 97/97/97 96/96/96
f 32/32/32 98/98/98 97/97/97
f 33/33/33 99/99/99 98/98/98
f 34/34/34 100/100/100 99/99/99
f 35/35/35 101/101/101 100/100/100
f 36/36/36 102/102/102 101/101/101
f 37/37/37 103/103/103 102/102/102
f 38/38/38 104/104/104 103/103/103
f 39/39/39 105/105/105 104/104/104
f 40/40/40 106/106/106 105/105/105
f 41/41/41 107/107/107 106/106/106
f 42/42/42 108/108/108 107/107/107
f 43/43/43 109/109/109 108/108/108
f 44/44/44 110/110/110 109/109/109
f 45/45/45 111/111/111 110/110/110
f 46/46/46 112/112/112 111/111/111
f 47/47/47 113/113/113 112/112/112
f 48/48/48 114/114/114 113/113/113
f 49/49/49 115/115/115 114/114/114
f 50/50/50 116/116/116 115/115/115
f 51/51/51 117/117/117 116/116/116
f 52/52/52 118/118/118 117/117/117
f 53/53/53 119/119/119 118/118/118
f 54/54/54 120/120/120 119/119/119
f 55/55/55 121/121/121 120/120/120
f 56/56/56 122/122/122 121/121/121
f 57/57/57 123/123/123 122/122/122
f 58/58/58 124/124/124 123/123/123
f 59/59/59 125/125/125 124/124/124
f 60/60/60 126/126/126 125/125/125
f 61/61/61 127/127/127 126/126/126
f 62/62/62 128/128/128 127/127/127
f 63/63/63 129/129/129 128/128/128
f 64/64/64 130/130/130 129/129/129
f 66/66/66 132/132/132 131/131/131
f 67/67/67 133/133/133 132/132/132
f 68/68/68 134/134/134 133/133/133
f 69/69/69 135/135/135 134/134/134
f 70/70/70 136/136/136 135/135/135
f 71/71/71 137/137/137 136/136/136
f 72/72/72 138/138/138 137/137/137
f 73/73/73 139/139/139 138/138/138
f 74/74/74 140/140/140 139/139/139
f 75/75/75 141/141/141 140/140/140
f 76/76/76 142/142/142 141/141/141
f 77/77/77 143/143/143 142/142/142
f 78/78/78 144/144/144 143/143/143
f 79/79/79 145/145/145 144/144/144
f 80/80/80 146/146/146 145/145/145
f 81/81/81 147/147/147 146/146/146
f 82/82/82 148/148/148 147/147/147
f 83/83/83 149/149/149 148/148/148
f 84/84/84 150/150/150 149/149/149
f 85/85/85 151/151/151 150/150/150
f 86/86/86 152/152/152 151/151/151
f 87/87/87 153/153/153 152/152/152
f 88/88/88 154/154/154 153/153/153
f 89/89/89 155/155/155 154/154/154
f 90/90/90 156/156/156 155/155/155
f 91/91/91 157/157/157 156/156/156
f 92/92/92 158/158/158 157/157/157
f 93/93/93 159/159/159 158/158/158
f 94/94/94 160/160/160 159/159/159
f 95/95/95 161/161/161 160/160/160
f 96/96/96 162/162/162 161/161/161
f 97/97/97 163/163/163 162/162/162
f 98/98/98 164/164/164 163/163/163
f 99/99/99 165/165/165 164/164/164
f 100/100/100 166/166/166 165/165/165
f 101/101/101 167/167/167 166/166/166
f 102/102/102 168/168/168 167/167/167
f 103/103/103 169/169/169 168/168/168
f 104/104/104 170/170/170 169/169/169
f 105/105/105 171/171/171 170/170/170
f 106/106/106 172/172/172 171/171/171
f 107/107/107 173/173/173 172/172/172
f 108/108/108 174/174/174 173/173/173
f 109/109/109 175/175/175 174/174/174
f 110/110/110 176/176/176 175/175/175
f 111/111/111 177/177/177 176/176/176
f 112/112/112 178/178/178 177/177/177
f 113/113/113 179/179/179 178/178/178
f 114/114/114 180/180/180 179/179/179
f 115/115/115 181/181/181 180/180/180
f 116/116/116 182/182/182 181/181/181
f 117/117/117 183/183/183 182/182/182
f 118/118/118 184/184/184 183/183/183
f 119/119/119 185/185/185 184/184/184
f 120/120/120 186/186/186 185/185/185
f 121/121/121 187/187/187 186/186/186
f 122/122/122 188/188/188 187/187/187
f 123/123/123 189/189/189 188/188/188
f 124/124/124 190/190/190 189/189/189
f 125/125/125 191/191/191 190/190/190
f 126/126/126 192/192/192 191/191/191
f 127/127/127 193/193/193 192/192/192
f 128/128/128 194/194/194 193/193/193
f 129/129/129 195/195/195 194/194/194
f 131/131/131 197/197/197 196/196/196
f 132/132/132 198/198/198 197/197/197
f 133/133/133 199/199/199 198/198/198
f 134/134/134 200/200/200 199/199/199
f 135/135/135 201/201/201 200/200/200
f 136/136/136 202/202/202 201/201/201
f 137/137/137 203/203/203 202/202/202
f 138/138/138 204/204/204 203/203/203
f 139/139/139 205/205/205 204/204/204
f 140/140/140 206/206/206 205/205/205
f 141/141/141 207/207/207 206/206/206
f 142/142/142 208/208/208 207/207/207
f 143/143/143 209/209/209 208/208/208
f 144/144/144 210/210/210 209/209/209
f 145/145/145 211/211/211 210/210/210
f 146/146/146 212/212/212 211/211/211
f 147/147/147 213/213/213 212/212/212
f 148/148/148 214/214/214 213/213/213
f 149/149/149 215/215/215 214/214/214
f 150/150/150 216/216/216 215/215/215
f 151/151/151 217/217/217 216/216/216
f 152/152/152 218/218/218 217/217/217
f 153/153/153 219/219/219 218/218/218
f 154/154/154 220/220/220 219/219/219
f 155/155/155 221/221/221 220/220/220
f 156/156/156 222/222/222 221/221/221
f 157/157/157 223/223/223 222/222/222
f 158/158/158 224/224/224 223/223/223
f 159/159/159 225/225/225 224/224/224
f 160/160/160 226/226/226 225/225/225
f 161/161/161 227/227/227 226/226/226
f 162/162/162 228/228/228 227/227/227
f 163/163/163 229/229/229 228/228/228
f 164/164/164 230/230/230 229/229/229
f 165/165/165 231/231/231 230/230/230
f 166/166/166 232/232/232 231/231/231
f 167/167/167 233/233/233 232/232/232
f 168/168/168 234/234/234 233/233/233
f 169/169/169 235/235/235 234/234/234
f 170/170/170 236/236/236 235/235/235
f 171/171/171 237/237/237 236/236/236
f 172/172/172 238/238/238 237/237/237
f 173/173/173 239/239/239 238/238/238
f 174/174/174 240/240/240 239/239/239
f 175/175/175 241/241/241 240/240/240
f 176/176/176 242/242/242 241/241/241
f 177/177/177 243/243/243 242/242/242
f 178/178/178 244/244/244 243/243/243
f 179/179/179 245/245/245 244/244/244
f 180/180/180 246/246/246 245/245/245
f 181/181/181 247/247/247 246/246/246
f 182/182/182 248/248/248 247/247/247
f 183/183/183 249/249/249 248/248/248
f 184/184/184 250/250/250 249/249/249
f 185/185/185 251/251/251 250/250/250
f 186/186/186 252/252/252 251/251/251
f 187/187/187 253/253/253 252/252/252
f 188/188/188 254/254/254 253/253/253
f 189/189/189 255/255/255 254/254/254
f 190/190/190 256/256/256 255/255/255
f 191/191/191 257/257/257 256/256/256
f 192/192/192 258/258/258 257/257/257
f 193/193/193 259/259/259 258/258/258
f 194/194/194 260/260/260 259/259/259
f 196/196/196 262/262/262 261/261/261
f 197/197/197 263/263/263 262/262/262
f 198/198/198 264/264/264 263/263/263
f 199/199/199 265/265/265 264/264/264
f 200/200/200 266/266/266 265/265/265
f 201/201/201 267/267/267 266/266/266
f 202/202/202 268/268/268 267/267/267
f 203/203/203 269/269/269 268/268/268
f 204/204/204 270/270/270 269/269/269
f 205/205/205 271/271/271 270/270/270
f 206/206/206 272/272/272 271/271/271
f 207/207/207 273/273/273 272/272/272
f 208/208/208 274/274/274 273/273/273
f 209/209/209 275/275/275 274/274/274
f 210/210/210 276/276/276 275/275/275
f 211/211/211 277/277/277 276/276/276
f 212/212/212 278/278/278 277/277/277
f 213/213/213 279/279/279 278/278/278
f 214/214/214 280/280/280 279/279/279
f 215/215/215 281/281/281 280/280/280
f 216/216/216 282/282/282 281/281/281
f 217/217/217 283/283/283 282/282/282
f 218/218/218 284/284/284 283/283/283
f 219/219/219 285/285/285 284/284/284
f 220/220/220 286/286/286 285/285/285
f 221/221/221 287/287/287 286/286/286
f 222/222/222 288/288/288 287/287/287
f 223/223/223 289/289/289 288/288/288
f 224/224/224 290/290/290 289/289/289
f 225/225/225 291/291/291 290/290/290
f 226/226/226 292/292/292 291/291/291
f 227/227/227 293/293/293 292/292/292
f 228/228/228 294/294/294 293/293/293
f 229/229/229 295/295/295 294/294/294
f 230/230/230 296/296/296 295/295/295
f 231/231/231 297/297/297 296/296/296
f 232/232/232 298/298/298 297/297/297
f 233/233/233 299/299/299 298/298/298
f 234/234/234 300/300/300 299/299/299
f 235/235/235 301/301/301 300/300/300
f 236/236/236 302/302/302 301/301/301
f 237/237/237 303/303/303 302/302/302
f 238/238/238 304/304/304 303/303/303
f 239/239/239 305/305/305 304/304/304
f 240/240/240 306/306/306 305/305/305
f 241/241/241 307/307/307 306/306/306
f 242/242/242 308/308/308 307/307/307
f 243/243/243 309/309/309 308/308/308
f 244/244/244 310/310/310 309/309/309
f 245/245/245 311/311/311 310/310/310
f 246/246/246 312/312/312 311/311/311
f 247/247/247 313/313/313 312/312/312
f 248/248/248 314/314/314 313/313/313
f 249/249/249 315/315/315 314/314/314
f 250/250/250 316/316/316 315/315/315
f 251/251/251 317/317/317 316/316/316
f 252/252/252 318/318/318 317/317/317
f 253/253/253 319/319/319 318/318/318
f 254/254/254 320/320/320 319/319/319
f 255/255/255 321/321/321 320/320/320
f 256/256/256 322/322/322 321/321/321
f 257/257/257 323/323/323 322/322/322
f 258/258/258 324/324/324 323/323/323
f 259/259/259 325/325/325 324/324/324
f 261/261/261 327/327/327 326/326/326
f 262/262/262 328/328/328 327/327/327
f 263/263/263 329/329/329 328/328/328
f 264/264/264 330/330/330 329/329/329
f 265/265/265 331/331/331 330/330/330
f 266/266/266 332/332/332 331/331/331
f 267/267/267 333/333/333 332/332/332
f 268/268/268 334/334/334 333/333/333
f 269/269/269 335/335/335 334/334/334
f 270/270/270 336/336/336 335/335/335
f 271/271/271 337/337/337 336/336/336
f 272/272/272 338/338/338 337/337/337
f 273/273/273 339/339/339 338/338/338
f 274/274/274 340/340/340 339/339/339
f 275/275/275 341/341/341 340/340/340
f 276/276/276 342/342/342 341/341/341
f 277/277/277 343/343/343 342/342/342
f 278/278/278 344/344/344 343/343/343
f 279/279/279 345/345/345 344/344/344
f 280/280/280 346/346/346 345/345/345
f 281/281/281 347/347/347 346/346/346
f 282/282/282 348/348/348 347/347/347
f 283/283/283 349/349/349 348/348/348
f 284/284/284 350/350/350 349/349/349
f 285/285/285 351/351/351 350/350/350
f 286/286/286 352/352/352 351/351/351
f 287/287/287 353/353/353 352/352/352
f 288/288/288 354/354/354 353/353/353
f 289/289/289 355/355/355 354/354/354
f 290/290/290 356/356/356 355/355/355
f 291/291/291 357/357/357 356/356/356
f 292/292/292 358/358/358 357/357/357
f 293/293/293 359/359/359 358/358/358
f 294/294/294 360/360/360 359/359/359
f 295/295/295 361/361/361 360/360/360
f 296/296/296 362/362/362 361/361/361
f 297/297/297 363/363/363 362/362/362
f 298/298/298 364/364/364 363/363/363
f 299/299/299 365/365/365 364/364/364
f 300/300/300 366/366/366 365/365/365
f 301/301/301 367/367/367 366/366/366
f 302/302/302 368/368/368 367/367/367
f 303/303/303 369/369/369 368/368/368
f 304/304/304 370/370/370 369/369/369
f 305/305/305 371/371/371 370/370/370
f 306/306/306 372/372/372 371/371/371
f 307/307/307 373/373/373 372/372/372
f 308/308/308 374/374/374 373/373/373
f 309/309/309 375/375/375 374/374/374
f 310/310/310 376/376/376 375/375/375
f 311/311/311 377/377/377 376/376/376
f 312/312/312 378/378/378 377/377/377
f 313/313/313 379/379/379 378/378/378
f 314/314/314 380/380/380 379/379/379
f 315/315/315 381/381/381 380/380/380
f 316/316/316 382/382/382 381/381/381
f 317/317/317 383/383/383 382/382/382
f 318/318/318 384/384/384 383/383/383
f 319/319/319 385/385/385 384/384/384
f 320/320/320 386/386/386 385/385/385
f 321/321/321 387/387/387 386/386/386
f 322/322/322 388/388/388 387/387/387
f 323/323/323 389/389/389 388/388/388
f 324/324/324 390/390/390 389/389/389
f 326/326/326 392/392/392 391/391/391
f 327/327/327 393/393/393 392/392/392
f 328/328/328 394/394/394 393/393/393
f 329/329/329 395/395/395 394/394/394
f 330/330/330 396/396/396 395/395/395
f 331/331/331 397/397/397 396/396/396
f 332/332/332 398/398/398 397/397/397
f 333/333/333 399/399/399 398/398/398
f 334/334/334 400/400/400 399/399/399
f 335/335/335 401/401/401 400/400/400
f 336/336/336 402/402/402 401/401/401
f 337/337/337 403/403/403 402/402/402
f 338/338/338 404/404/404 403/403/403
f 339/339/339 405/405/405 404/404/404
f 340/340/340 406/406/406 405/405/405
f 341/341/341 407/407/407 406/406/406
f 342/342/342 408/408/408 407/407/407
f 343/343/343 409/409/409 408/408/408
f 344/344/344 410/410/410 409/409/409
f 345/345/345 411/411/411 410/410/410
f 346/346/346 412/412/412 411/411/411
f 347/347/347 413/413/413 412/412/412
f 348/348/348 414/414/414 413/413/413
f 349/349/349 415/415/415 414/414/414
f 350/350/350 416/416/416 415/415/415
f 351/351/351 417/417/417 416/416/416
f 352/352/352 418/418/418 417/417/417
f 353/353/353 419/419/419 418/418/418
f 354/354/354 420/420/420 419/419/419
f 355/355/355 421/421/421 420/420/420
f 356/356/356 422/422/422 421/421/421
f 357/357/357 423/423/423 422/422/422
f 358/358/358 424/424/424 423/423/423
f 359/359/359 425/425/425 424/424/424
f 360/360/360 426/426/426 425/425/425
f 361/361/361 427/427/427 426/426/426
f 362/362/362 428/428/428 427/427/427
f 363/363/363 429/429/429 428/428/428
f 364/364/364 430/430/430 429/429/429
f 365/365/365 431/431/431 430/430/430
f 366/366/366 432/432/432 431/431/431
f 367/367/367 433/433/433 432/432/432
f 368/368/368 434/434/434 433/433/433
f 369/369/369 435/435/435 434/434/434
f 370/370/370 436/436/436 435/435/435
f 371/371/371 437/437/437 436/436/436
f 372/372/372 438/438/438 437/437/437
f 373/373/373 439/439/439 438/438/438
f 374/374/374 440/440/440 439/439/439
f 375/375/375 441/441/441 440/440/440
f 376/376/376 442/442/442 441/441/441
f 377/377/377 443/443/443 442/442/442
f 378/378/378 444/444/444 443/443/443
f 379/379/379 445/445/445 444/444/444
f 380/380/380 446/446/446 445/445/445
f 381/381/381 447/447/447 446/446/446
f 382/382/382 448/448/448 447/447/447
f 383/383/383 449/449/449 448/448/448
f 384/384/384 450/450/450 449/449/449
f 385/385/385 451/451/451 450/450/450
f 386/386/386 452/452/452 451/451/451
f 387/387/387 453/453/453 452/452/452
f 388/388/388 454/454/454 453/453/453
f 389/389/389 455/455/455 454/454/454
f 391/391/391 457/457/457 456/456/456
f 392/392/392 458/458/458 457/457/457
f 393/393/393 459/459/459 458/458/458
f 394/394/394 460/460/460 459/459/459
f 395/395/395 461/461/461 460/460/460
f 396/396/396 462/462/462 461/461/461
f 397/397/397 463/463/463 462/462/462
f 398/398/398 464/464/464 463/463/463
f 399/399/399 465/465/465 464/464/464
f 400/400/400 466/466/466 465/465/465
f 401/401/401 467/467/467 466/466/466
f 402/402/402 468/468/468 467/467/467
f 403/403/403 469/469/469 468/468/468
f 404/404/404 470/470/470 469/469/469
f 405/405/405 471/471/471 470/470/470
f 406/406/406 472/472/472 471/471/471
f 407/407/407 473/473/473 472/472/472
f 408/408/408 474/474/474 473/473/473
f 409/409/409 475/475/475 474/474/474
f 410/410/410 476/476/476 475/475/475
f 411/411/411 477/477/477 476/476/476
f 412/412/412 478/478/478 477/477/477
f 413/413/413 479/479/479 478/478/478
f 414/414/414 480/480/480 479/479/479
f 415/415/415 481/481/481 480/480/480
f 416/416/416 482/482/482 481/481/481
f 417/417/417 483/483/483 482/482/482
f 418/418/418 484/484/484 483/483/483
f 419/419/419 485/485/485 484/484/484
f 420/420/420 486/486/486 485/485/485
f 421/421/421 487/487/487 486/486/486
f 422/422/422 488/488/488 487/487/487
f 423/423/423 489/489/489 488/488/488
f 424/424/424 490/490/490 489/489/489
f 425/425/425 491/491/491 490/490/490
f 426/426/426 492/492/492 491/491/491
f 427/427/427 493/493/493 492/492/492
f 428/428/428 494/494/494 493/493/493
f 429/429/429 495/495/495 494/494/494
f 430/430/430 496/496/496 495/495/495
f 431/431/431 497/497/497 496/496/496
f 432/432/432 498/498/498 497/497/497
f 433/433/433 499/499/499 498/498/498
f 434/434/434 500/500/500 499/499/499
f 435/435/435 501/501/501 500/500/500
f 436/436/436 502/502/502 501/501/501
f 437/437/437 503/503/503 502/502/502
f 438/438/438 504/504/504 503/503/503
f 439/439/439 505/505/505 504/504/504
f 440/440/440 506/506/506 505/505/505
f 441/441/441 507/507/507 506/506/506
f 442/442/442 508/508/508 507/507/507
f 443/443/443 509/509/509 508/508/508
f 444/444/444 510/510/510 509/509/509
f 445/445/445 511/511/511 510/510/510
f 446/446/446 512/512/512 511/511/511
f 447/447/447 513/513/513 512/512/512
f 448/448/448 514/514/514 513/513/513
f 449/449/449 515/515/515 514/514/514
f 450/450/450 516/516/516 515/515/515
f 451/451/451 517/517/517 516/516/516
f 452/452/452 518/518/518 517/517/517
f 453/453/453 519/519/519 518/518/518
f 454/454/454 520/520/520 519/519/519
f 456/456/456 522/522/522 521/521/521
f 457/457/457 523/523/523 522/522/522
f 458/458/458 524/524/524 523/523/523
f 459/459/459 525/525/525 524/524/524
f 460/460/460 526/526/526 525/525/525
f 461/461/461 527/527/527 526/526/526
f 462/462/462 528/528/528 527/527/527
f 463/463/463 529/529/529 528/528/528
f 464/464/464 530/530/530 529/529/529
f 465/465/465 531/531/531 530/530/530
f 466/466/466 532/532/532 531/531/531
f 467/467/467 533/533/533 532/532/532
f 468/468/468 534/534/534 533/533/533
f 469/469/469 535/535/535 534/534/534
f 470/470/470 536/536/536 535/535/535
f 471/471/471 537/537/537 536/536/536
f 472/472/472 538/538/538 537/537/537
f 473/473/473 539/539/539 538/538/538
f 474/474/474 540/540/540 539/539/539
f 475/475/475 541/541/541 540/540/540
f 476/476/476 542/542/542 541/541/541
f 477/477/477 543/543/543 542/542/542
f 478/478/478 544/544/544 543/543/543
f 479/479/479 545/545/545 544/544/544
f 480/480/480 546/546/546 545/545/545
f 481/481/481 547/547/547 546/546/546
f 482/482/482 548/548/548 547/547/547
f 483/483/483 549/549/549 548/548/548
f 484/484/484 550/550/550 549/549/549
f 485/485/485 551/551/551 550/550/550
f 486/486/486 552/552/552 551/551/551
f 487/487/487 553/553/553 552/552/552
f 488/488/488 554/554/554 553/553/553
f 489/489/489 555/555/555 554/554/554
f 490/490/490 556/556/556 555/555/555
f 491/491/491 557/557/557 556/556/556
f 492/492/492 558/558/558 557/557/557
f 493/493/493 559/559/559 558/558/558
f 494/494/494 560/560/560 559/559/559
f 495/495/495 561/561/561 560/560/560
f 496/496/496 562/562/562 561/561/561
f 497/497/497 563/563/563 562/562/562
f 498/498/498 564/564/564 563/563/563
f 499/499/499 565/565/565 564/564/564
f 500/500/500 566/566/566 565/565/565
f 501/501/501 567/567/567 566/566/566
f 502/502/502 568/568/568 567/567/567
f 503/503/503 569/569/569 568/568/568
f 504/504/504 570/570/570 569/569/569
f 505/505/505 571/571/571 570/570/570
f 506/506/506 572/572/572 571/571/571
f 507/507/507 573/573/573 572/572/572
f 508/508/508 574/574/574 573/573/573
f 509/509/509 575/575/575 574/574/574
f 510/510/510 576/576/576 575/575/575
f 511/511/511 577/577/577 576/576/576
f 512/512/512 578/578/578 577/577/577
f 513/513/513 579/579/579 578/578/578
f 514/514/514 580/580/580 579/579/579
f 515/515/515 581/581/581 580/580/580
f 516/516/516 582/582/582 581/581/581
f 517/517/517 583/583/583 582/582/582
f 518/518/518 584/584/584 583/583/583
f 519/519/519 585/585/585 584/584/584
f 521/521/521 587/587/587 586/586/586
f 522/522/522 588/588/588 587/587/587
f 523/523/523 589/589/589 588/588/588
f 524/524/524 590/590/590 589/589/589
f 525/525/525 591/591/591 590/590/590
f 526/526/526 592/592/592 591/591/591
f 527/527/527 593/593/593 592/592/592
f 528/528/528 594/594/594 593/593/593
f 529/529/529 595/595/595 594/594/594
f 530/530/530 596/596/596 595/595/595
f 531/531/531 597/597/597 596/596/596
f 532/532/532 598/598/598 597/597/597
f 533/533/533 599/599/599 598/598/598
f 534/534/534 600/600/600 599/599/599
f 535/535/535 601/601/601 600/600/600
f 536/536/536 602/602/602 601/601/601
f 537/537/537 603/603/603 602/602/602
f 538/538/538 604/604/604 603/603/603
f 539/539/539 605/605/605 604/604/604
f 540/540/540 606/606/606 605/605/605
f 541/541/541 607/607/607 606/606/606
f 542/542/542 608/608/608 607/607/607
f 543/543/543 609/609/609 608/608/608
f 544/544/544 610/610/610 609/609/609
f 545/545/545 611/611/611 610/610/610
f 546/546/546 612/612/612 611/611/611
f 547/547/547 613/613/613 612/612/612
f 548/548/548 614/614/614 613/613/613
f 549/549/549 615/615/615 614/614/614
f 550/550/550 616/616/616 615/615/615
f 551/551/551 617/617/617 616/616/616
f 552/552/552 618/618/618 617/617/617
f 553/553/553 619/619/619 618/618/618
f 554/554/554 620/620/620 619/619/619
f 555/555/555 621/621/621 620/620/620
f 556/556/556 622/622/622 621/621/621
f 557/557/557 623/623/623 622/622/622
f 558/558/558 624/624/624 623/623/623
f 559/559/559 625/625/625 624/624/624
f 560/560/560 626/626/626 625/625/625
f 561/561/561 627/627/627 626/626/626
f 562/562/562 628/628/628 627/627/627
f 563/563/563 629/629/629 628/628/628
f 564/564/564 630/630/630 629/629/629
f 565/565/565 631/631/631 630/630/630
f 566/566/566 632/632/632 631/631/631
f 567/567/567 633/633/633 632/632/632
f 568/568/568 634/634/634 633/633/633
f 569/569/569 635/635/635 634/634/634
f 570/570/570 636/636/636 635/635/635
f 571/571/571 637/637/637 636/636/636
f 572/572/572 638/638/638 637/637/637
f 573/573/573 639/639/639 638/638/638
f 574/574/574 640/640/640 639/639/639
f 575/575/575 641/641/641 640/640/640
f 576/576/576 642/642/642 641/641/641
f 577/577/577 643/643/643 642/642/642
f 578/578/578 644/644/644 643/643/643
f 579/579/579 645/645/645 644/644/644
f 580/580/580 646/646/646 645/645/645
f 581/581/581 647/647/647 646/646/646
f 582/582/582 648/648/648 647/647/647
f 583/583/583 649/649/649 648/648/648
f 584/584/584 650/650/650 649/649/649
f 586/586/586 652/652/652 651/651/651
f 587/587/587 653/653/653 652/652/652
f 588/588/588 654/654/654 653/653/653
f 589/589/589 655/655/655 654/654/654
f 590/590/590 656/656/656 655/655/655
f 591/591/591 657/657/657 656/656/656
f 592/592/592 658/658/658 657/657/657
f 593/593/593 659/659/659 658/658/658
f 594/594/594 660/660/660 659/659/659
f 595/595/595 661/661/661 660/660/660
f 596/596/596 662/662/662 661/661/661
f 597/597/597 663/663/663 662/662/662
f 598/598/598 664/664/664 663/663/663
f 599/599/599 665/665/665 664/664/664
f 600/600/600 666/666/666 665/665/665
f 601/601/601 667/667/667 666/666/666
f 602/602/602 668/668/668 667/667/667
f 603/603/603 669/669/669 668/668/668
f 604/604/604 670/670/670 669/669/669
f 605/605/605 671/671/671 670/670/670
f 606/606/606 672/672/672 671/671/671
f 607/607/607 673/673/673 672/672/672
f 608/608/608 674/674/674 673/673/673
f 609/609/609 675/675/675 674/674/674
f 610/610/610 676/676/676 675/675/675
f 611/611/611 677/677/677 676/676/676
f 612/612/612 678/678/678 677/677/677
f 613/613/613 679/679/679 678/678/678
f 614/614/614 680/680/680 679/679/679
f 615/615/615 681/681/681 680/680/680
f 616/616/616 682/682/682 681/681/681
f 617/617/617 683/683/683 682/682/682
f 618/618/618 684/684/684 683/683/683
f 619/619/619 685/685/685 684/684/684
f 620/620/620 686/686/686 685/685/685
f 621/621/621 687/687/687 686/686/686
f 622/622/622 688/688/688 687/687/687
f 623/623/623 689/689/689 688/688/688
f 624/624/624 690/690/690 689/689/689
f 625/625/625 691/691/691 690/690/690
f 626/626/626 692/692/692 691/691/691
f 627/627/627 693/693/693 692/692/692
f 628/628/628 694/694/694 693/693/693
f 629/629/629 695/695/695 694/694/694
f 630/630/630 696/696/696 695/695/695
f 631/631/631 697/697/697 696/696/696
f 632/632/632 698/698/698 697/697/697
f 633/633/633 699/699/699 698/698/698
f 634/634/634 700/700/700 699/699/699
f 635/635/635 701/701/701 700/700/700
f 636/636/636 702/702/702 701/701/701
f 637/637/637 703/703/703 702/702/702
f 638/638/638 704/704/704 703/703/703
f 639/639/639 705/705/705 704/704/704
f 640/640/640 706/706/706 705/705/705
f 641/641/641 707/707/707 706/706/706
f 642/642/642 708/708/708 707/707/707
f 643/643/643 709/709/709 708/708/708
f 644/644/644 710/710/710 709/709/709
f 645/645/645 711/711/711 710/710/710
f 646/646/646 712/712/712 711/711/711
f 647/647/647 713/713/713 712/712/712
f 648/648/648 714/714/714 713/713/713
f 649/649/649 715/715/715 714/714/714
f 651/651/651 717/717/717 716/716/716
f 652/652/652 718/718/718 717/717/717
f 653/653/653 719/719/719 718/718/718
f 654/654/654 720/720/720 719/719/719
f 655/655/655 721/721/721 720/720/720
f 656/656/656 722/722/722 721/721/721
f 657/657/657 723/723/723 722/722/722
f 658/658/658 724/724/724 723/723/723
f 659/659/659 725/725/725 724/724/724
f 660/660/660 726/726/726 725/725/725
f 661/661/661 727/727/727 726/726/726
f 662/662/662 728/728/728 727/727/727
f 663/663/663 729/729/729 728/728/728
f 664/664/664 730/730/730 729/729/729
f 665/665/665 731/731/731 730/730/730
f 666/666/666 732/732/732 731/731/731
f 667/667/667 733/733/733 732/732/732
f 668/668/668 734/734/734 733/733/733
f 669/669/669 735/735/735 734/734/734
f 670/670/670 736/736/736 735/735/735
f 671/671/671 737/737/737 736/736/736
f 672/672/672 738/738/738 737/737/737
f 673/673/673 739/739/739 738/738/738
f 674/674/674 740/740/740 739/739/739
f 675/675/675 741/741/741 740/740/740
f 676/676/676 742/742/742 741/741/741
f 677/677/677 743/743/743 742/742/742
f 678/678/678 744/744/744 743/743/743
f 679/679/679 745/745/745 744/744/744
f 680/680/680 746/746/746 745/745/745
f 681/681/681 747/747/747 746/746/746
f 682/682/682 748/748/748 747/747/747
f 683/683/683 749/749/749 748/748/748
f 684/684/684 750/750/750 749/749/749
f 685/685/685 751/751/751 750/750/750
f 686/686/686 752/752/752 751/751/751
f 687/687/687 753/753/753 752/752/752
f 688/688/688 754/754/754 753/753/753
f 689/689/689 755/755/755 754/754/754
f 690/690/690 756/756/756 755/755/755
f 691/691/691 757/757/757 756/756/756
f 692/692/692 758/758/758 757/757/757
f 693/693/693 759/759/759 758/758/758
f 694/694/694 760/760/760 759/759/759
f 695/695/695 761/761/761 760/760/760
f 696/696/696 762/762/762 761/761/761
f 697/697/697 763/763/763 762/762/762
f 698/698/698 764/764/764 763/763/763
f 699/699/699 765/765/765 764/764/764
f 700/700/700 766/766/766 765/765/765
f 701/701/701 767/767/767 766/766/766
f 702/702/702 768/768/768 767/767/767
f 703/703/703 769/769/769 768/768/768
f 704/704/704 770/770/770 769/769/769
f 705/705/705 771/771/771 770/770/770
f 706/706/706 772/772/772 771/771/771
f 707/707/707 773/773/773 772/772/772
f 708/708/708 774/774/774 773/773/773
f 709/709/709 775/775/775 774/774/774
f 710/710/710 776/776/776 775/775/775
f 711/711/711 777/777/777 776/776/776
f 712/712/712 778/778/778 777/777/777
f 713/713/713 779/779/779 778/778/778
f 714/714/714 780/780/780 779/779/779
f 716/716/716 782/782/782 781/781/781
f 717/717/717 783/783/783 782/782/782
f 718/718/718 784/784/784 783/783/783
f 719/719/719 785/785/785 784/784/784
f 720/720/720 786/786/786 785/785/785
f 721/721/721 787/787/787 786/786/786
f 722/722/722 788/788/788 787/787/787
f 723/723/723 789/789/789 788/788/788
f 724/724/724 790/790/790 789/789/789
f 725/725/725 791/791/791 790/790/790
f 726/726/726 792/792/792 791/791/791
f 727/727/727 793/793/793 792/792/792
f 728/728/728 794/794/794 793/793/793
f 729/729/729 795/795/795 794/794/794
f 730/730/730 796/796/796 795/795/795
f 731/731/731 797/797/797 796/796/796
f 732/732/732 798/798/798 797/797/797
f 733/733/733 799/799/799 798/798/798
f 734/734/734 800/800/800 799/799/799
f 735/735/735 801/801/801 800/800/800
f 736/736/736 802/802/802 801/801/801
f 737/737/737 803/803/803 802/802/802
f 738/738/738 804/804/804 803/803/803
f 739/739/739 805/805/805 804/804/804
f 740/740/740 806/806/806 805/805/805
f 741/741/741 807/807/807 806/806/806
f 742/742/742 808/808/808 807/807/807
f 743/743/743 809/809/809 808/808/808
f 744/744/744 810/810/810 809/809/809
f 745/745/745 811/811/811 810/810/810
f 746/746/746 812/812/812 811/811/811
f 747/747/747 813/813/813 812/812/812
f 748/748/748 814/814/814 813/813/813
f 749/749/749 815/815/815 814/814/814
f 750/750/750 816/816/816 815/815/815
f 751/751/751 817/817/817 816/816/816
f 752/752/752 818/818/818 817/817/817
f 753/753/753 819/819/819 818/818/818
f 754/754/754 820/820/820 819/819/819
f 755/755/755 821/821/821 820/820/820
f 756/756/756 822/822/822 821/821/821
f 757/757/757 823/823/823 822/822/822
f 758/758/758 824/824/824 823/823/823
f 759/759/759 825/825/825 824/824/824
f 760/760/760 826/826/826 825/825/825
f 761/761/761 827/827/827 826/826/826
f 762/762/762 828/828/828 827/827/827
f 763/763/763 829/829/829 828/828/828
f 764/764/764 830/830/830 829/829/829
f 765/765/765 831/831/831 830/830/830
f 766/766/766 832/832/832 831/831/831
f 767/767/767 833/833/833 832/832/832
f 768/768/768 834/834/834 833/833/833
f 769/769/769 835/835/835 834/834/834
f 770/770/770 836/836/836 835/835/835
f 771/771/771 837/837/837 836/836/836
f 772/772/772 838/838/838 837/837/837
f 773/773/773 839/839/839 838/838/838
f 774/774/774 840/840/840 839/839/839
f 775/775/775 841/841/841 840/840/840
f 776/776/776 842/842/842 841/841/841
f 777/777/777 843/843/843 842/842/842
f 778/778/778 844/844/844 843/843/843
f 779/779/779 845/845/845 844/844/844
f 781/781/781 847/847/847 846/846/846
f 782/782/782 848/848/848 847/847/847
f 783/783/783 849/849/849 848/848/848
f 784/784/784 850/850/850 849/849/849
f 785/785/785 851/851/851 850/850/850
f 786/786/786 852/852/852 851/851/851
f 787/787/787 853/853/853 852/852/852
f 788/788/788 854/854/854 853/853/853
f 789/789/789 855/855/855 854/854/854
f 790/790/790 856/856/856 855/855/855
f 791/791/791 857/857/857 856/856/856
f 792/792/792 858/858/858 857/857/857
f 793/793/793 859/859/859 858/858/858
f 794/794/794 860/860/860 859/859/859
f 795/795/795 861/861/861 860/860/860
f 796/796/796 862/862/862 861/861/861
f 797/797/797 863/863/863 862/862/862
f 798/798/798 864/864/864 863/863/863
f 799/799/799 865/865/865 864/864/864
f 800/800/800 866/866/866 865/865/865
f 801/801/801 867/867/867 866/866/866
f 802/802/802 868/868/868 867/867/867
f 803/803/803 869/869/869 868/868/868
f 804/804/804 870/870/870 869/869/869
f 805/805/805 871/871/871 870/870/870
f 806/806/806 872/872/872 871/871/871
f 807/807/807 873/873/873 872/872/872
f 808/808/808 874/874/874 873/873/873
f 809/809/809 875/875/875 874/874/874
f 810/810/810 876/876/876 875/875/875
f 811/811/811 877/877/877 876/876/876
f 812/812/812 878/878/878 877/877/877
f 813/813/813 879/879/879 878/878/878
f 814/814/814 880/880/880 879/879/879
f 815/815/815 881/881/881 880/880/880
f 816/816/816 882/882/882 881/881/881
f 817/817/817 883/883/883 882/882/882
f 818/818/818 884/884/884 883/883/883
f 819/819/819 885/885/885 884/884/884
f 820/820/820 886/886/886 885/885/885
f 821/821/821 887/887/887 886/886/886
f 822/822/822 888/888/888 887/887/887
f 823/823/823 889/889/889 888/888/888
f 824/824/824 890/890/890 889/889/889
f 825/825/825 891/891/891 890/890/890
f 826/826/826 892/892/892 891/891/891
f 827/827/827 893/893/893 892/892/892
f 828/828/828 894/894/894 893/893/893
f 829/829/829 895/895/895 894/894/894
f 830/830/830 896/896/896 895/895/895
f 831/831/831 897/897/897 896/896/896
f 832/832/832 898/898/898 897/897/897
f 833/833/833 899/899/899 898/898/898
f 834/834/834 900/900/900 899/899/899
f 835/835/835 901/901/901 900/900/900
f 836/836/836 902/902/902 901/901/901
f 837/837/837 903/903/903 902/902/902
f 838/838/838 904/904/904 903/903/903
f 839/839/839 905/905/905 904/904/904
f 840/840/840 906/906/906 905/905/905
f 841/841/841 907/907/907 906/906/906
f 842/842/842 908/908/908 907/907/907
f 843/843/843 909/909/909 908/908/908
f 844/844/844 910/910/910 909/909/909
f 846/846/846 912/912/912 911/911/911
f 847/847/847 913/913/913 912/912/912
f 848/848/848 914/914/914 913/913/913
f 849/849/849 915/915/915 914/914/914
f 850/850/850 916/916/916 915/915/915
f 851/851/851 917/917/917 916/916/916
f 852/852/852 918/918/918 917/917/917
f 853/853/853 919/919/919 918/918/918
f 854/854/854 920/920/920 919/919/919
f 855/855/855 921/921/921 920/920/920
f 856/856/856 922/922/922 921/921/921
f 857/857/857 923/923/923 922/922/922
f 858/858/858 924/924/924 923/923/923
f 859/859/859 925/925/925 924/924/924
f 860/860/860 926/926/926 925/925/925
f 861/861/861 927/927/927 926/926/926
f 862/862/862 928/928/928 927/927/927
f 863/863/863 929/929/929 928/928/928
f 864/864/864 930/930/930 929/929/929
f 865/865/865 931/931/931 930/930/930
f 866/866/866 932/932/932 931/931/931
f 867/867/867 933/933/933 932/932/932
f 868/868/868 934/934/934 933/933/933
f 869/869/869 935/935/935 934/934/934
f 870/870/870 936/936/936 935/935/935
f 871/871/871 937/937/937 936/936/936
f 872/872/872 938/938/938 937/937/937
f 873/873/873 939/939/939 938/938/938
f 874/874/874 940/940/940 939/939/939
f 875/875/875 941/941/941 940/940/940
f 876/876/876 942/942/942 941/941/941
f 877/877/877 943/943/943 942/942/942
f 878/878/878 944/944/944 943/943/943
f 879/879/879 945/945/945 944/944/944
f 880/880/880 946/946/946 945/945/945
f 881/881/881 947/947/947 946/946/946
f 882/882/882 948/948/948 947/947/947
f 883/883/883 949/949/949 948/948/948
f 884/884/884 950/950/950 949/949/949
f 885/885/885 951/951/951 950/950/950
f 886/886/886 952/952/952 951/951/951
f 887/887/887 953/953/953 952/952/952
f 888/888/888 954/954/954 953/953/953
f 889/889/889 955/955/955 954/954/954
f 890/890/890 956/956/956 955/955/955
f 891/891/891 957/957/957 956/956/956
f 892/892/892 958/958/958 957/957/957
f 893/893/893 959/959/959 958/958/958
f 894/894/894 960/960/960 959/959/959
f 895/895/895 961/961/961 960/960/960
f 896/896/896 962/962/962 961/961/961
f 897/897/897 963/963/963 962/962/962
f 898/898/898 964/964/964 963/963/963
f 899/899/899 965/965/965 964/964/964
f 900/900/900 966/966/966 965/965/965
f 901/901/901 967/967/967 966/966/966
f 902/902/902 968/968/968 967/967/967
f 903/903/903 969/969/969 968/968/968
f 904/904/904 970/970/970 969/969/969
f 905/905/905 971/971/971 970/970/970
f 906/906/906 972/972/972 971/971/971
f 907/907/907 973/973/973 972/972/972
f 908/908/908 974/974/974 973/973/973
f 909/909/909 975/975/975 974/974/974
f 911/911/911 977/977/977 976/976/976
f 912/912/912 978/978/978 977/977/977
f 913/913/913 979/979/979 978/978/978
f 914/914/914 980/980/980 979/979/979
f 915/915/915 981/981/981 980/980/980
f 916/916/916 982/982/982 981/981/981
f 917/917/917 983/983/983 982/982/982
f 918/918/918 984/984/984 983/983/983
f 919/919/919 985/985/985 984/984/984
f 920/920/920 986/986/986 985/985/985
f 921/921/921 987/987/987 986/986/986
f 922/922/922 988/988/988 987/987/987
f 923/923/923 989/989/989 988/988/988
f 924/924/924 990/990/990 989/989/989
f 925/925/925 991/991/991 990/990/990
f 926/926/926 992/992/992 991/991/991
f 927/927/927 993/993/993 992/992/992
f 928/928/928 994/994/994 993/993/993
f 929/929/929 995/995/995 994/994/994
f 930/930/930 996/996/996 995/995/995
f 931/931/931 997/997/997 996/996/996
f 932/932/932 998/998/998 997/997/997
f 933/933/933 999/999/999 998/998/998
f 934/934/934 1000/1000/1000 999/999/999
f 935/935/935 1001/1001/1001 1000/1000/1000
f 936/936/936 1002/1002/1002 1001/1001/1001
f 937/937/937 1003/1003/1003 1002/1002/1002
f 938/938/938 1004/1004/1004 1003/1003/1003
f 939/939/939 1005/1005/1005 1004/1004/1004
f 940/940/940 1006/1006/1006 1005/1005/1005
f 941/941/941 1007/1007/1007 1006/1006/1006
f 942/942/942 1008/1008/1008 1007/1007/1007
f 943/943/943 1009/1009/1009 1008/1008/1008
f 944/944/944 1010/1010/1010 1009/1009/1009
f 945/945/945 1011/1011/1011 1010/1010/1010
f 946/946/946 1012/1012/1012 1011/1011/1011
f 947/947/947 1013/1013/1013 1012/1012/1012
f 948/948/948 1014/1014/1014 1013/1013/1013
f 949/949/949 1015/1015/1015 1014/1014/1014
f 950/950/950 1016/1016/1016 1015/1015/1015
f 951/951/951 1017/1017/1017 1016/1016/1016
f 952/952/952 1018/1018/1018 1017/1017/1017
f 953/953/953 1019/1019/1019 1018/1018/1018
f 954/954/954 1020/1020/1020 1019/1019/1019
f 955/955/955 1021/1021/1021 1020/1020/1020
f 956/956/956 1022/1022/1022 1021/1021/1021
f 957/957/957 1023/1023/1023 1022/1022/1022
f 958/958/958 1024/1024/1024 1023/1023/1023
f 959/959/959 1025/1025/1025 1024/1024/1024
f 960/960/960 1026/1026/1026 1025/1025/1025
f 961/961/961 1027/1027/1027 1026/1026/1026
f 962/962/962 1028/1028/1028 1027/1027/1027
f 963/963/963 1029/1029/1029 1028/1028/1028
f 964/964/964 1030/1030/1030 1029/1029/1029
f 965/965/965 1031/1031/1031 1030/1030/1030
f 966/966/966 1032/1032/1032 1031/1031/1031
f 967/967/967 1033/1033/1033 1032/1032/1032
f 968/968/968 1034/1034/1034 1033/1033/1033
f 969/969/969 1035/1035/1035 1034/1034/1034
f 970/970/970 1036/1036/1036 1035/1035/1035
f 971/971/971 1037/1037/1037 1036/1036/1036
f 972/972/972 1038/1038/1038 1037/1037/1037
f 973/973/973 1039/1039/1039 1038/1038/1038
f 974/974/974 1040/1040/1040 1039/1039/1039
f 976/976/976 1042/1042/1042 1041/1041/1041
f 977/977/977 1043/1043/1043 1042/1042/1042
f 978/978/978 1044/1044/1044 1043/1043/1043
f 979/979/979 1045/1045/1045 1044/1044/1044
f 980/980/980 1046/1046/1046 1045/1045/1045
f 981/981/981 1047/1047/1047 1046/1046/1046
f 982/982/982 1048/1048/1048 1047/1047/1047
f 983/983/983 1049/1049/1049 1048/1048/1048
f 984/984/984 1050/1050/1050 1049/1049/1049
f 985/985/985 1051/1051/1051 1050/1050/1050
f 986/986/986 1052/1052/1052 1051/1051/1051
f 987/987/987 1053/1053/1053 1052/1052/1052
f 988/988/988 1054/1054/1054 1053/1053/1053
f 989/989/989 1055/1055/1055 1054/1054/1054
f 990/990/990 1056/1056/1056 1055/1055/1055
f 991/991/991 1057/1057/1057 1056/1056/1056
f 992/992/992 1058/1058/1058 1057/1057/1057
f 993/993/993 1059/1059/1059 1058/1058/1058
f 994/994/994 1060/1060/1060 1059/1059/1059
f 995/995/995 1061/1061/1061 1060/1060/1060
f 996/996/996 1062/1062/1062 1061/1061/1061
f 997/997/997 1063/1063/1063 1062/1062/1062
f 998/998/998 1064/1064/1064 1063/1063/1063
f 999/999/999 1065/1065/1065 1064/1064/1064
f 1000/1000/1000 1066/1066/1066 1065/1065/1065
f 1001/1001/1001 1067/1067/1067 1066/1066/1066
f 1002/1002/1002 1068/1068/1068 1067/1067/1067
f 1003/1003/1003 1069/1069/1069 1068/1068/1068
f 1004/1004/1004 1070/1070/1070 1069/1069/1069
f 1005/1005/1005 1071/1071/1071 1070/1070/1070
f 1006/1006/1006 1072/1072/1072 1071/1071/1071
f 1007/1007/1007 1073/1073/1073 1072/1072/1072
f 1008/1008/1008 1074/1074/1074 1073/1073/1073
f 1009/1009/1009 1075/1075/1075 1074/1074/1074
f 1010/1010/1010 1076/1076/1076 1075/1075/1075
f 1011/1011/1011 1077/1077/1077 1076/1076/1076
f 1012/1012/1012 1078/1078/1078 1077/1077/1077
f 1013/1013/1013 1079/1079/1079 1078/1078/1078
f 1014/1014/1014 1080/1080/1080 1079/1079/1079
f 1015/1015/1015 1081/1081/1081 1080/1080/1080
f 1016/1016/1016 1082/1082/1082 1081/1081/1081
f 1017/1017/1017 1083/1083/1083 1082/1082/1082
f 1018/1018/1018 1084/1084/1084 1083/1083/1083
f 1019/1019/1019 1085/1085/1085 1084/1084/1084
f 1020/1020/1020 1086/1086/1086 1085/1085/1085
f 1021/1021/1021 1087/1087/1087 1086/1086/1086
f 1022/1022/1022 1088/1088/1088 1087/1087/1087
f 1023/1023/1023 1089/1089/1089 1088/1088/1088
f 1024/1024/1024 1090/1090/1090 1089/1089/1089
f 1025/1025/1025 1091/1091/1091 1090/1090/1090
f 1026/1026/1026 1092/1092/1092 1091/1091/1091
f 1027/1027/1027 1093/1093/1093 1092/1092/1092
f 1028/1028/1028 1094/1094/1094 1093/1093/1093
f 1029/1029/1029 1095/1095/1095 1094/1094/1094
f 1030/1030/1030 1096/1096/1096 1095/1095/1095
f 1031/1031/1031 1097/1097/1097 1096/1096/1096
f 1032/1032/1032 1098/1098/1098 1097/1097/1097
f 1033/1033/1033 1099/1099/1099 1098/1098/1098
f 1034/1034/1034 1100/1100/1100 1099/1099/1099
f 1035/1035/1035 1101/1101/1101 1100/1100/1100
f 1036/1036/1036 1102/1102/1102 1101/1101/1101
f 1037/1037/1037 1103/1103/1103 1102/1102/1102
f 1038/1038/1038 1104/1104/1104 1103/1103/1103
f 1039/1039/1039 1105/1105/1105 1104/1104/1104
f 1041/1041/1041 1107/1107/1107 1106/1106/1106
f 1042/1042/1042 1108/1108/1108 1107/1107/1107
f 1043/1043/1043 1109/1109/1109 1108/1108/1108
f 1044/1044/1044 1110/1110/1110 1109/1109/1109
f 1045/1045/1045 1111/1111/1111 1110/1110/1110
f 1046/1046/1046 1112/1112/1112 1111/1111/1111
f 1047/1047/1047 1113/1113/1113 1112/1112/1112
f 1048/1048/1048 1114/1114/1114 1113/1113/1113
f 1049/1049/1049 1115/1115/1115 1114/1114/1114
f 1050/1050/1050 1116/1116/1116 1115/1115/1115
f 1051/1051/1051 1117/1117/1117 1116/1116/1116
f 1052/1052/1052 1118/1118/1118 1117/1117/1117
f 1053/1053/1053 1119/1119/1119 1118/1118/1118
f 1054/1054/1054 1120/1120/1120 1119/1119/1119
f 1055/1055/1055 1121/1121/1121 1120/1120/1120
f 1056/1056/1056 1122/1122/1122 1121/1121/1121
f 1057/1057/1057 1123/1123/1123 1122/1122/1122
f 1058/1058/1058 1124/1124/1124 1123/1123/1123
f 1059/1059/1059 1125/1125/1125 1124/1124/1124
f 1060/1060/1060 1126/1126/1126 1125/1125/1125
f 1061/1061/1061 1127/1127/1127 1126/1126/1126
f 1062/1062/1062 1128/1128/1128 1127/1127/1127
f 1063/1063/1063 1129/1129/1129 1128/1128/1128
f 1064/1064/1064 1130/1130/1130 1129/1129/1129
f 1065/1065/1065 1131/1131/1131 1130/1130/1130
f 1066/1066/1066 1132/1132/1132 1131/1131/1131
f 1067/1067/1067 1133/1133/1133 1132/1132/1132
f 1068/1068/1068 1134/1134/1134 1133/1133/1133
f 1069/1069/1069 1135/1135/1135 1134/1134/1134
f 1070/1070/1070 1136/1136/1136 1135/1135/1135
f 1071/1071/1071 1137/1137/1137 1136/1136/1136
f 1072/1072/1072 1138/1138/1138 1137/1137/1137
f 1073/1073/1073 1139/1139/1139 1138/1138/1138
f 1074/1074/1074 1140/1140/1140 1139/1139/1139
f 1075/1075/1075 1141/1141/1141 1140/1140/1140
f 1076/1076/1076 1142/1142/1142 1141/1141/1141
f 1077/1077/1077 1143/1143/1143 1142/1142/1142
f 1078/1078/1078 1144/1144/1144 1143/1143/1143
f 1079/1079/1079 1145/1145/1145 1144/1144/1144
f 1080/1080/1080 1146/1146/1146 1145/1145/1145
f 1081/1081/1081 1147/1147/1147 1146/1146/1146
f 1082/1082/1082 1148/1148/1148 1147/1147/1147
f 1083/1083/1083 1149/1149/1149 1148/1148/1148
f 1084/1084/1084 1150/1150/1150 1149/1149/1149
f 1085/1085/1085 1151/1151/1151 1150/1150/1150
f 1086/1086/1086 1152/1152/1152 1151/1151/1151
f 1087/1087/1087 1153/1153/1153 1152/1152/1152
f 1088/1088/1088 1154/1154/1154 1153/1153/1153
f 1089/1089/1089 1155/1155/1155 1154/1154/1154
f 1090/1090/1090 1156/1156/1156 1155/1155/1155
f 1091/1091/1091 1157/1157/1157 1156/1156/1156
f 1092/1092/1092 1158/1158/1158 1157/1157/1157
f 1093/1093/1093 1159/1159/1159 1158/1158/1158
f 1094/1094/1094 1160/1160/1160 1159/1159/1159
f 1095/1095/1095 1161/1161/1161 1160/1160/1160
f 1096/1096/1096 1162/1162/1162 1161/1161/1161
f 1097/1097/1097 1163/1163/1163 1162/1162/1162
f 1098/1098/1098 1164/1164/1164 1163/1163/1163
f 1099/1099/1099 1165/1165/1165 1164/1164/1164
f 1100/1100/1100 1166/1166/1166 1165/1165/1165
f 1101/1101/1101 1167/1167/1167 1166/1166/1166
f 1102/1102/1102 1168/1168/1168 1167/1167/1167
f 1103/1103/1103 1169/1169/1169 1168/1168/1168
f 1104/1104/1104 1170/1170/1170 1169/1169/1169
f 1106/1106/1106 1172/1172/1172 1171/1171/1171
f 1107/1107/1107 1173/1173/1173 1172/1172/1172
f 1108/1108/1108 1174/1174/1174 1173/1173/1173
f 1109/1109/1109 1175/1175/1175 1174/1174/1174
f 1110/1110/1110 1176/1176/1176 1175/1175/1175
f 1111/1111/1111 1177/1177/1177 1176/1176/1176
f 1112/1112/1112 1178/1178/1178 1177/1177/1177
f 1113/1113/1113 1179/1179/1179 1178/1178/1178
f 1114/1114/1114 1180/1180/1180 1179/1179/1179
f 1115/1115/1115 1181/1181/1181 1180/1180/1180
f 1116/1116/1116 1182/1182/1182 1181/1181/1181
f 1117/1117/1117 1183/1183/1183 1182/1182/1182
f 1118/1118/1118 1184/1184/1184 1183/1183/1183
f 1119/1119/1119 1185/1185/1185 1184/1184/1184
f 1120/1120/1120 1186/1186/1186 1185/1185/1185
f 1121/1121/1121 1187/1187/1187 1186/1186/1186
f 1122/1122/1122 1188/1188/1188 1187/1187/1187
f 1123/1123/1123 1189/1189/1189 1188/1188/1188
f 1124/1124/1124 1190/1190/1190 1189/1189/1189
f 1125/1125/1125 1191/1191/1191 1190/1190/1190
f 1126/1126/1126 1192/1192/1192 1191/1191/1191
f 1127/1127/1127 1193/1193/1193 1192/1192/1192
f 1128/1128/1128 1194/1194/1194 1193/1193/1193
f 1129/1129/1129 1195/1195/1195 1194/1194/1194
f 1130/1130/1130 1196/1196/1196 1195/1195/1195
f 1131/1131/1131 1197/1197/1197 1196/1196/1196
f 1132/1132/1132 1198/1198/1198 1197/1197/1197
f 1133/1133/1133 1199/1199/1199 1198/1198/1198
f 1134/1134/1134 1200/1200/1200 1199/1199/1199
f 1135/1135/1135 1201/1201/1201 1200/1200/1200
f 1136/1136/1136 1202/1202/1202 1201/1201/1201
f 1137/1137/1137 1203/1203/1203 1202/1202/1202
f 1138/1138/1138 1204/1204/1204 1203/1203/1203
f 1139/1139/1139 1205/1205/1205 1204/1204/1204
f 1140/1140/1140 1206/1206/1206 1205/1205/1205
f 1141/1141/1141 1207/1207/1207 1206/1206/1206
f 1142/1142/1142 1208/1208/1208 1207/1207/1207
f 1143/1143/1143 1209/1209/1209 1208/1208/1208
f 1144/1144/1144 1210/1210/1210 1209/1209/1209
f 1145/1145/1145 1211/1211/1211 1210/1210/1210
f 1146/1146/1146 1212/1212/1212 1211/1211/1211
f 1147/1147/1147 1213/1213/1213 1212/1212/1212
f 1148/1148/1148 1214/1214/1214 1213/1213/1213
f 1149/1149/1149 1215/1215/1215 1214/1214/1214
f 1150/1150/1150 1216/1216/1216 1215/1215/1215
f 1151/1151/1151 1217/1217/1217 1216/1216/1216
f 1152/1152/1152 1218/1218/1218 1217/1217/1217
f 1153/1153/1153 1219/1219/1219 1218/1218/1218
f 1154/1154/1154 1220/1220/1220 1219/1219/1219
f 1155/1155/1155 1221/1221/1221 1220/1220/1220
f 1156/1156/1156 1222/1222/1222 1221/1221/1221
f 1157/1157/1157 1223/1223/1223 1222/1222/1222
f 1158/1158/1158 1224/1224/1224 1223/1223/1223
f 1159/1159/1159 1225/1225/1225 1224/1224/1224
f 1160/1160/1160 1226/1226/1226 1225/1225/1225
f 1161/1161/1161 1227/1227/1227 1226/1226/1226
f 1162/1162/1162 1228/1228/1228 1227/1227/1227
f 1163/1163/1163 1229/1229/1229 1228/1228/1228
f 1164/1164/1164 1230/1230/1230 1229/1229/1229
f 1165/1165/1165 1231/1231/1231 1230/1230/1230
f 1166/1166/1166 1232/1232/1232 1231/1231/1231
f 1167/1167/1167 1233/1233/1233 1232/1232/1232
f 1168/1168/1168 1234/1234/1234 1233/1233/1233
f 1169/1169/1169 1235/1235/1235 1234/1234/1234
f 1236/1236/1236 1237/1237/1237 1256/1256/1256
f 1237/1237/1237 1238/1238/1238 1257/1257/1257
f 1238/1238/1238 1239/1239/1239 1258/1258/1258
f 1239/1239/1239 1240/1240/1240 1259/1259/1259
f 1240/1240/1240 1241/1241/1241 1260/1260/1260
f 1241/1241/1241 1242/1242/1242 1261/1261/1261
f 1242/1242/1242 1243/1243/1243 1262/1262/1262
f 1243/1243/1243 1244/1244/1244 1263/1263/1263
f 1244/1244/1244 1245/1245/1245 1264/1264/1264
f 1245/1245/1245 1246/1246/1246 1265/1265/1265
f 1246/1246/1246 1247/1247/1247 1266/1266/1266
f 1247/1247/1247 1248/1248/1248 1267/1267/1267
f 1248/1248/1248 1249/1249/1249 1268/1268/1268
f 1249/1249/1249 1250/1250/1250 1269/1269/1269
f 1250/1250/1250 1251/1251/1251 1270/1270/1270
f 1251/1251/1251 1252/1252/1252 1271/1271/1271
f 1252/1252/1252 1253/1253/1253 1272/1272/1272
f 1253/1253/1253 1254/1254/1254 1273/1273/1273
f 1255/1255/1255 1256/1256/1256 1275/1275/1275
f 1256/1256/1256 1257/1257/1257 1276/1276/1276
f 1257/1257/1257 1258/1258/1258 1277/1277/1277
f 1258/1258/1258 1259/1259/1259 1278/1278/1278
f 1259/1259/1259 1260/1260/1260 1279/1279/1279
f 1260/1260/1260 1261/1261/1261 1280/1280/1280
f 1261/1261/1261 1262/1262/1262 1281/1281/1281
f 1262/1262/1262 1263/1263/1263 1282/1282/1282
f 1263/1263/1263 1264/1264/1264 1283/1283/1283
f 1264/1264/1264 1265/1265/1265 1284/1284/1284
f 1265/1265/1265 1266/1266/1266 1285/1285/1285
f 1266/1266/1266 1267/1267/1267 1286/1286/1286
f 1267/1267/1267 1268/1268/1268 1287/1287/1287
f 1268/1268/1268 1269/1269/1269 1288/1288/1288
f 1269/1269/1269 1270/1270/1270 1289/1289/1289
f 1270/1270/1270 1271/1271/1271 1290/1290/1290
f 1271/1271/1271 1272/1272/1272 1291/1291/1291
f 1272/1272/1272 1273/1273/1273 1292/1292/1292
f 1274/1274/1274 1275/1275/1275 1294/1294/1294
f 1275/1275/1275 1276/1276/1276 1295/1295/1295
f 1276/1276/1276 1277/1277/1277 1296/1296/1296
f 1277/1277/1277 1278/1278/1278 1297/1297/1297
f 1278/1278/1278 1279/1279/1279 1298/1298/1298
f 1279/1279/1279 1280/1280/1280 1299/1299/1299
f 1280/1280/1280 1281/1281/1281 1300/1300/1300
f 1281/1281/1281 1282/1282/1282 1301/1301/1301
f 1282/1282/1282 1283/1283/1283 1302/1302/1302
f 1283/1283/1283 1284/1284/1284 1303/1303/1303
f 1284/1284/1284 1285/1285/1285 1304/1304/1304
f 1285/1285/1285 1286/1286/1286 1305/1305/1305
f 1286/1286/1286 1287/1287/1287 1306/1306/1306
f 1287/1287/1287 1288/1288/1288 1307/1307/1307
f 1288/1288/1288 1289/1289/1289 1308/1308/1308
f 1289/1289/1289 1290/1290/1290 1309/1309/1309
f 1290/1290/1290 1291/1291/1291 1310/1310/1310
f 1291/1291/1291 1292/1292/1292 1311/1311/1311
f 1293/1293/1293 1294/1294/1294 1313/1313/1313
f 1294/1294/1294 1295/1295/1295 1314/1314/1314
f 1295/1295/1295 1296/1296/1296 1315/1315/1315
f 1296/1296/1296 1297/1297/1297 1316/1316/1316
f 1297/1297/1297 1298/1298/1298 1317/1317/1317
f 1298/1298/1298 1299/1299/1299 1318/1318/1318
f 1299/1299/1299 1300/1300/1300 1319/1319/1319
f 1300/1300/1300 1301/1301/1301 1320/1320/1320
f 1301/1301/1301 1302/1302/1302 1321/1321/1321
f 1302/1302/1302 1303/1303/1303 1322/1322/1322
f 1303/1303/1303 1304/1304/1304 1323/1323/1323
f 1304/1304/1304 1305/1305/1305 1324/1324/1324
f 1305/1305/1305 1306/1306/1306 1325/1325/1325
f 1306/1306/1306 1307/1307/1307 1326/1326/1326
f 1307/1307/1307 1308/1308/1308 1327/1327/1327
f 1308/1308/1308 1309/1309/1309 1328/1328/1328
f 1309/1309/1309 1310/1310/1310 1329/1329/1329
f 1310/1310/1310 1311/1311/1311 1330/1330/1330
f 1312/1312/1312 1313/1313/1313 1332/1332/1332
f 1313/1313/1313 1314/1314/1314 1333/1333/1333
f 1314/1314/1314 1315/1315/1315 1334/1334/1334
f 1315/1315/1315 1316/1316/1316 1335/1335/1335
f 1316/1316/1316 1317/1317/1317 1336/1336/1336
f 1317/1317/1317 1318/1318/1318 1337/1337/1337
f 1318/1318/1318 1319/1319/1319 1338/1338/1338
f 1319/1319/1319 1320/1320/1320 1339/1339/1339
f 1320/1320/1320 1321/1321/1321 1340/1340/1340
f 1321/1321/1321 1322/1322/1322 1341/1341/1341
f 1322/1322/1322 1323/1323/1323 1342/1342/1342
f 1323/1323/1323 1324/1324/1324 1343/1343/1343
f 1324/1324/1324 1325/1325/1325 1344/1344/1344
f 1325/1325/1325 1326/1326/1326 1345/1345/1345
f 1326/1326/1326 1327/1327/1327 1346/1346/1346
f 1327/1327/1327 1328/1328/1328 1347/1347/1347
f 1328/1328/1328 1329/1329/1329 1348/1348/1348
f 1329/1329/1329 1330/1330/1330 1349/1349/1349
f 1331/1331/1331 1332/1332/1332 1351/1351/1351
f 1332/1332/1332 1333/1333/1333 1352/1352/1352
f 1333/1333/1333 1334/1334/1334 1353/1353/1353
f 1334/1334/1334 1335/1335/1335 1354/1354/1354
f 1335/1335/1335 1336/1336/1336 1355/1355/1355
f 1336/1336/1336 1337/1337/1337 1356/1356/1356
f 1337/1337/1337 1338/1338/1338 1357/1357/1357
f 1338/1338/1338 1339/1339/1339 1358/1358/1358
f 1339/1339/1339 1340/1340/1340 1359/1359/1359
f 1340/1340/1340 1341/1341/1341 1360/1360/1360
f 1341/1341/1341 1342/1342/1342 1361/1361/1361
f 1342/1342/1342 1343/1343/1343 1362/1362/1362
f 1343/1343/1343 1344/1344/1344 1363/1363/1363
f 1344/1344/1344 1345/1345/1345 1364/1364/1364
f 1345/1345/1345 1346/1346/1346 1365/1365/1365
f 1346/1346/1346 1347/1347/1347 1366/1366/1366
f 1347/1347/1347 1348/1348/1348 1367/1367/1367
f 1348/1348/1348 1349/1349/1349 1368/1368/1368
f 1350/1350/1350 1351/1351/1351 1370/1370/1370
f 1351/1351/1351 1352/1352/1352 1371/1371/1371
f 1352/1352/1352 1353/1353/1353 1372/1372/1372
f 1353/1353/1353 1354/1354/1354 1373/1373/1373
f 1354/1354/1354 1355/1355/1355 1374/1374/1374
f 1355/1355/1355 1356/1356/1356 1375/1375/1375
f 1356/1356/1356 1357/1357/1357 1376/1376/1376
f 1357/1357/1357 1358/1358/1358 1377/1377/1377
f 1358/1358/1358 1359/1359/1359 1378/1378/1378
f 1359/1359/1359 1360/1360/1360 1379/1379/1379
f 1360/1360/1360 1361/1361/1361 1380/1380/1380
f 1361/1361/1361 1362/1362/1362 1381/1381/1381
f 1362/1362/1362 1363/1363/1363 1382/1382/1382
f 1363/1363/1363 1364/1364/1364 1383/1383/1383
f 1364/1364/1364 1365/1365/1365 1384/1384/1384
f 1365/1365/1365 1366/1366/1366 1385/1385/1385
f 1366/1366/1366 1367/1367/1367 1386/1386/1386
f 1367/1367/1367 1368/1368/1368 1387/1387/1387
f 1369/1369/1369 1370/1370/1370 1389/1389/1389
f 1370/1370/1370 1371/1371/1371 1390/1390/1390
f 1371/1371/1371 1372/1372/1372 1391/1391/1391
f 1372/1372/1372 1373/1373/1373 1392/1392/1392
f 1373/1373/1373 1374/1374/1374 1393/1393/1393
f 1374/1374/1374 1375/1375/1375 1394/1394/1394
f 1375/1375/1375 1376/1376/1376 1395/1395/1395
f 1376/1376/1376 1377/1377/1377 1396/1396/1396
f 1377/1377/1377 1378/1378/1378 1397/1397/1397
f 1378/1378/1378 1379/1379/1379 1398/1398/1398
f 1379/1379/1379 1380/1380/1380 1399/1399/1399
f 1380/1380/1380 1381/1381/1381 1400/1400/1400
f 1381/1381/1381 1382/1382/1382 1401/1401/1401
f 1382/1382/1382 1383/1383/1383 1402/1402/1402
f 1383/1383/1383 1384/1384/1384 1403/1403/1403
f 1384/1384/1384 1385/1385/1385 1404/1404/1404
f 1385/1385/1385 1386/1386/1386 1405/1405/1405
f 1386/1386/1386 1387/1387/1387 1406/1406/1406
f 1388/1388/1388 1389/1389/1389 1408/1408/1408
f 1389/1389/1389 1390/1390/1390 1409/1409/1409
f 1390/1390/1390 1391/1391/1391 1410/1410/1410
f 1391/1391/1391 1392/1392/1392 1411/1411/1411
f 1392/1392/1392 1393/1393/1393 1412/1412/1412
f 1393/1393/1393 1394/1394/1394 1413/1413/1413
f 1394/1394/1394 1395/1395/1395 1414/1414/1414
f 1395/1395/1395 1396/1396/1396 1415/1415/1415
f 1396/1396/1396 1397/1397/1397 1416/1416/1416
f 1397/1397/1397 1398/1398/1398 1417/1417/1417
f 1398/1398/1398 1399/1399/1399 1418/1418/1418
f 1399/1399/1399 1400/1400/1400 1419/1419/1419
f 1400/1400/1400 1401/1401/1401 1420/1420/1420
f 1401/1401/1401 1402/1402/1402 1421/1421/1421
f 1402/1402/1402 1403/1403/1403 1422/1422/1422
f 1403/1403/1403 1404/1404/1404 1423/1423/1423
f 1404/1404/1404 1405/1405/1405 1424/1424/1424
f 1405/1405/1405 1406/1406/1406 1425/1425/1425
f 1407/1407/1407 1408/1408/1408 1427/1427/1427
f 1408/1408/1408 1409/1409/1409 1428/1428/1428
f 1409/1409/1409 1410/1410/1410 1429/1429/1429
f 1410/1410/1410 1411/1411/1411 1430/1430/1430
f 1411/1411/1411 1412/1412/1412 1431/1431/1431
f 1412/1412/1412 1413/1413/1413 1432/1432/1432
f 1413/1413/1413 1414/1414/1414 1433/1433/1433
f 1414/1414/1414 1415/1415/1415 1434/1434/1434
f 1415/1415/1415 1416/1416/1416 1435/1435/1435
f 1416/1416/1416 1417/1417/1417 1436/1436/1436
f 1417/1417/1417 1418/1418/1418 1437/1437/1437
f 1418/1418/1418 1419/1419/1419 1438/1438/1438
f 1419/1419/1419 1420/1420/1420 1439/1439/1439
f 1420/1420/1420 1421/1421/1421 1440/1440/1440
f 1421/1421/1421 1422/1422/1422 1441/1441/1441
f 1422/1422/1422 1423/1423/1423 1442/1442/1442
f 1423/1423/1423 1424/1424/1424 1443/1443/1443
f 1424/1424/1424 1425/1425/1425 1444/1444/1444
f 1426/1426/1426 1427/1427/1427 1446/1446/1446
f 1427/1427/1427 1428/1428/1428 1447/1447/1447
f 1428/1428/1428 1429/1429/1429 1448/1448/1448
f 1429/1429/1429 1430/1430/1430 1449/1449/1449
f 1430/1430/1430 1431/1431/1431 1450/1450/1450
f 1431/1431/1431 1432/1432/1432 1451/1451/1451
f 1432/1432/1432 1433/1433/1433 1452/1452/1452
f 1433/1433/1433 1434/1434/1434 1453/1453/1453
f 1434/1434/1434 1435/1435/1435 1454/1454/1454
f 1435/1435/1435 1436/1436/1436 1455/1455/1455
f 1436/1436/1436 1437/1437/1437 1456/1456/1456
f 1437/1437/1437 1438/1438/1438 1457/1457/1457
f 1438/1438/1438 1439/1439/1439 1458/1458/1458
f 1439/1439/1439 1440/1440/1440 1459/1459/1459
f 1440/1440/1440 1441/1441/1441 1460/1460/1460
f 1441/1441/1441 1442/1442/1442 1461/1461/1461
f 1442/1442/1442 1443/1443/1443 1462/1462/1462
f 1443/1443/1443 1444/1444/1444 1463/1463/1463
f 1445/1445/1445 1446/1446/1446 1465/1465/1465
f 1446/1446/1446 1447/1447/1447 1466/1466/1466
f 1447/1447/1447 1448/1448/1448 1467/1467/1467
f 1448/1448/1448 1449/1449/1449 1468/1468/1468
f 1449/1449/1449 1450/1450/1450 1469/1469/1469
f 1450/1450/1450 1451/1451/1451 1470/1470/1470
f 1451/1451/1451 1452/1452/1452 1471/1471/1471
f 1452/1452/1452 1453/1453/1453 1472/1472/1472
f 1453/1453/1453 1454/1454/1454 1473/1473/1473
f 1454/1454/1454 1455/1455/1455 1474/1474/1474
f 1455/1455/1455 1456/1456/1456 1475/1475/1475
f 1456/1456/1456 1457/1457/1457 1476/1476/1476
f 1457/1457/1457 1458/1458/1458 1477/1477/1477
f 1458/1458/1458 1459/1459/1459 1478/1478/1478
f 1459/1459/1459 1460/1460/1460 1479/1479/1479
f 1460/1460/1460 1461/1461/1461 1480/1480/1480
f 1461/1461/1461 1462/1462/1462 1481/1481/1481
f 1462/1462/1462 1463/1463/1463 1482/1482/1482
f 1464/1464/1464 1465/1465/1465 1484/1484/1484
f 1465/1465/1465 1466/1466/1466 1485/1485/1485
f 1466/1466/1466 1467/1467/1467 1486/1486/1486
f 1467/1467/1467 1468/1468/1468 1487/1487/1487
f 1468/1468/1468 1469/1469/1469 1488/1488/1488
f 1469/1469/1469 1470/1470/1470 1489/1489/1489
f 1470/1470/1470 1471/1471/1471 1490/1490/1490
f 1471/1471/1471 1472/1472/1472 1491/1491/1491
f 1472/1472/1472 1473/1473/1473 1492/1492/1492
f 1473/1473/1473 1474/1474/1474 1493/1493/1493
f 1474/1474/1474 1475/1475/1475 1494/1494/1494
f 1475/1475/1475 1476/1476/1476 1495/1495/1495
f 1476/1476/1476 1477/1477/1477 1496/1496/1496
f 1477/1477/1477 1478/1478/1478 1497/1497/1497
f 1478/1478/1478 1479/1479/1479 1498/1498/1498
f 1479/1479/1479 1480/1480/1480 1499/1499/1499
f 1480/1480/1480 1481/1481/1481 1500/1500/1500
f 1481/1481/1481 1482/1482/1482 1501/1501/1501
f 1483/1483/1483 1484/1484/1484 1503/1503/1503
f 1484/1484/1484 1485/1485/1485 1504/1504/1504
f 1485/1485/1485 1486/1486/1486 1505/1505/1505
f 1486/1486/1486 1487/1487/1487 1506/1506/1506
f 1487/1487/1487 1488/1488/1488 1507/1507/1507
f 1488/1488/1488 1489/1489/1489 1508/1508/1508
f 1489/1489/1489 1490/1490/1490 1509/1509/1509
f 1490/1490/1490 1491/1491/1491 1510/1510/1510
f 1491/1491/1491 1492/1492/1492 1511/1511/1511
f 1492/1492/1492 1493/1493/1493 1512/1512/1512
f 1493/1493/1493 1494/1494/1494 1513/1513/1513
f 1494/1494/1494 1495/1495/1495 1514/1514/1514
f 1495/1495/1495 1496/1496/1496 1515/1515/1515
f 1496/1496/1496 1497/1497/1497 1516/1516/1516
f 1497/1497/1497 1498/1498/1498 1517/1517/1517
f 1498/1498/1498 1499/1499/1499 1518/1518/1518
f 1499/1499/1499 1500/1500/1500 1519/1519/1519
f 1500/1500/1500 1501/1501/1501 1520/1520/1520
f 1502/1502/1502 1503/1503/1503 1522/1522/1522
f 1503/1503/1503 1504/1504/1504 1523/1523/1523
f 1504/1504/1504 1505/1505/1505 1524/1524/1524
f 1505/1505/1505 1506/1506/1506 1525/1525/1525
f 1506/1506/1506 1507/1507/1507 1526/1526/1526
f 1507/1507/1507 1508/1508/1508 1527/1527/1527
f 1508/1508/1508 1509/1509/1509 1528/1528/1528
f 1509/1509/1509 1510/1510/1510 1529/1529/1529
f 1510/1510/1510 1511/1511/1511 1530/1530/1530
f 1511/1511/1511 1512/1512/1512 1531/1531/1531
f 1512/1512/1512 1513/1513/1513 1532/1532/1532
f 1513/1513/1513 1514/1514/1514 1533/1533/1533
f 1514/1514/1514 1515/1515/1515 1534/1534/1534
f 1515/1515/1515 1516/1516/1516 1535/1535/1535
f 1516/1516/1516 1517/1517/1517 1536/1536/1536
f 1517/1517/1517 1518/1518/1518 1537/1537/1537
f 1518/1518/1518 1519/1519/1519 1538/1538/1538
f 1519/1519/1519 1520/1520/1520 1539/1539/1539
f 1521/1521/1521 1522/1522/1522 1541/1541/1541
f 1522/1522/1522 1523/1523/1523 1542/1542/1542
f 1523/1523/1523 1524/1524/1524 1543/1543/1543
f 1524/1524/1524 1525/1525/1525 1544/1544/1544
f 1525/1525/1525 1526/1526/1526 1545/1545/1545
f 1526/1526/1526 1527/1527/1527 1546/1546/1546
f 1527/1527/1527 1528/1528/1528 1547/1547/1547
f 1528/1528/1528 1529/1529/1529 1548/1548/1548
f 1529/1529/1529 1530/1530/1530 1549/1549/1549
f 1530/1530/1530 1531/1531/1531 1550/1550/1550
f 1531/1531/1531 1532/1532/1532 1551/1551/1551
f 1532/1532/1532 1533/1533/1533 1552/1552/1552
f 1533/1533/1533 1534/1534/1534 1553/1553/1553
f 1534/1534/1534 1535/1535/1535 1554/1554/1554
f 1535/1535/1535 1536/1536/1536 1555/1555/1555
f 1536/1536/1536 1537/1537/1537 1556/1556/1556
f 1537/1537/1537 1538/1538/1538 1557/1557/1557
f 1538/1538/1538 1539/1539/1539 1558/1558/1558
f 1540/1540/1540 1541/1541/1541 1560/1560/1560
f 1541/1541/1541 1542/1542/1542 1561/1561/1561
f 1542/1542/1542 1543/1543/1543 1562/1562/1562
f 1543/1543/1543 1544/1544/1544 1563/1563/1563
f 1544/1544/1544 1545/1545/1545 1564/1564/1564
f 1545/1545/1545 1546/1546/1546 1565/1565/1565
f 1546/1546/1546 1547/1547/1547 1566/1566/1566
f 1547/1547/1547 1548/1548/1548 1567/1567/1567
f 1548/1548/1548 1549/1549/1549 1568/1568/1568
f 1549/1549/1549 1550/1550/1550 1569/1569/1569
f 1550/1550/1550 1551/1551/1551 1570/1570/1570
f 1551/1551/1551 1552/1552/1552 1571/1571/1571
f 1552/1552/1552 1553/1553/1553 1572/1572/1572
f 1553/1553/1553 1554/1554/1554 1573/1573/1573
f 1554/1554/1554 1555/1555/1555 1574/1574/1574
f 1555/1555/1555 1556/1556/1556 1575/1575/1575
f 1556/1556/1556 1557/1557/1557 1576/1576/1576
f 1557/1557/1557 1558/1558/1558 1577/1577/1577
f 1559/1559/1559 1560/1560/1560 1579/1579/1579
f 1560/1560/1560 1561/1561/1561 1580/1580/1580
f 1561/1561/1561 1562/1562/1562 1581/1581/1581
f 1562/1562/1562 1563/1563/1563 1582/1582/1582
f 1563/1563/1563 1564/1564/1564 1583/1583/1583
f 1564/1564/1564 1565/1565/1565 1584/1584/1584
f 1565/1565/1565 1566/1566/1566 1585/1585/1585
f 1566/1566/1566 1567/1567/1567 1586/1586/1586
f 1567/1567/1567 1568/1568/1568 1587/1587/1587
f 1568/1568/1568 1569/1569/1569 1588/1588/1588
f 1569/1569/1569 1570/1570/1570 1589/1589/1589
f 1570/1570/1570 1571/1571/1571 1590/1590/1590
f 1571/1571/1571 1572/1572/1572 1591/1591/1591
f 1572/1572/1572 1573/1573/1573 1592/1592/1592
f 1573/1573/1573 1574/1574/1574 1593/1593/1593
f 1574/1574/1574 1575/1575/1575 1594/1594/1594
f 1575/1575/1575 1576/1576/1576 1595/1595/1595
f 1576/1576/1576 1577/1577/1577 1596/1596/1596
f 1578/1578/1578 1579/1579/1579 1598/1598/1598
f 1579/1579/1579 1580/1580/1580 1599/1599/1599
f 1580/1580/1580 1581/1581/1581 1600/1600/1600
f 1581/1581/1581 1582/1582/1582 1601/1601/1601
f 1582/1582/1582 1583/1583/1583 1602/1602/1602
f 1583/1583/1583 1584/1584/1584 1603/1603/1603
f 1584/1584/1584 1585/1585/1585 1604/1604/1604
f 1585/1585/1585 1586/1586/1586 1605/1605/1605
f 1586/1586/1586 1587/1587/1587 1606/1606/1606
f 1587/1587/1587 1588/1588/1588 1607/1607/1607
f 1588/1588/1588 1589/1589/1589 1608/1608/1608
f 1589/1589/1589 1590/1590/1590 1609/1609/1609
f 1590/1590/1590 1591/1591/1591 1610/1610/1610
f 1591/1591/1591 1592/1592/1592 1611/1611/1611
f 1592/1592/1592 1593/1593/1593 1612/1612/1612
f 1593/1593/1593 1594/1594/1594 1613/1613/1613
f 1594/1594/1594 1595/1595/1595 1614/1614/1614
f 1595/1595/1595 1596/1596/1596 1615/1615/1615
f 1597/1597/1597 1598/1598/1598 1617/1617/1617
f 1598/1598/1598 1599/1599/1599 1618/1618/1618
f 1599/1599/1599 1600/1600/1600 1619/1619/1619
f 1600/1600/1600 1601/1601/1601 1620/1620/1620
f 1601/1601/1601 1602/1602/1602 1621/1621/1621
f 1602/1602/1602 1603/1603/1603 1622/1622/1622
f 1603/1603/1603 1604/1604/1604 1623/1623/1623
f 1604/1604/1604 1605/1605/1605 1624/1624/1624
f 1605/1605/1605 1606/1606/1606 1625/1625/1625
f 1606/1606/1606 1607/1607/1607 1626/1626/1626
f 1607/1607/1607 1608/1608/1608 1627/1627/1627
f 1608/1608/1608 1609/1609/1609 1628/1628/1628
f 1609/1609/1609 1610/1610/1610 1629/1629/1629
f 1610/1610/1610 1611/1611/1611 1630/1630/1630
f 1611/1611/1611 1612/1612/1612 1631/1631/1631
f 1612/1612/1612 1613/1613/1613 1632/1632/1632
f 1613/1613/1613 1614/1614/1614 1633/1633/1633
f 1614/1614/1614 1615/1615/1615 1634/1634/1634
f 1616/1616/1616 1617/1617/1617 1636/1636/1636
f 1617/1617/1617 1618/1618/1618 1637/1637/1637
f 1618/1618/1618 1619/1619/1619 1638/1638/1638
f 1619/1619/1619 1620/1620/1620 1639/1639/1639
f 1620/1620/1620 1621/1621/1621 1640/1640/1640
f 1621/1621/1621 1622/1622/1622 1641/1641/1641
f 1622/1622/1622 1623/1623/1623 1642/1642/1642
f 1623/1623/1623 1624/1624/1624 1643/1643/1643
f 1624/1624/1624 1625/1625/1625 1644/1644/1644
f 1625/1625/1625 1626/1626/1626 1645/1645/1645
f 1626/1626/1626 1627/1627/1627 1646/1646/1646
f 1627/1627/1627 1628/1628/1628 1647/1647/1647
f 1628/1628/1628 1629/1629/1629 1648/1648/1648
f 1629/1629/1629 1630/1630/1630 1649/1649/1649
f 1630/1630/1630 1631/1631/1631 1650/1650/1650
f 1631/1631/1631 1632/1632/1632 1651/1651/1651
f 1632/1632/1632 1633/1633/1633 1652/1652/1652
f 1633/1633/1633 1634/1634/1634 1653/1653/1653
f 1635/1635/1635 1636/1636/1636 1655/1655/1655
f 1636/1636/1636 1637/1637/1637 1656/1656/1656
f 1637/1637/1637 1638/1638/1638 1657/1657/1657
f 1638/1638/1638 1639/1639/1639 1658/1658/1658
f 1639/1639/1639 1640/1640/1640 1659/1659/1659
f 1640/1640/1640 1641/1641/1641 1660/1660/1660
f 1641/1641/1641 1642/1642/1642 1661/1661/1661
f 1642/1642/1642 1643/1643/1643 1662/1662/1662
f 1643/1643/1643 1644/1644/1644 1663/1663/1663
f 1644/1644/1644 1645/1645/1645 1664/1664/1664
f 1645/1645/1645 1646/1646/1646 1665/1665/1665
f 1646/1646/1646 1647/1647/1647 1666/1666/1666
f 1647/1647/1647 1648/1648/1648 1667/1667/1667
f 1648/1648/1648 1649/1649/1649 1668/1668/1668
f 1649/1649/1649 1650/1650/1650 1669/1669/1669
f 1650/1650/1650 1651/1651/1651 1670/1670/1670
f 1651/1651/1651 1652/1652/1652 1671/1671/1671
f 1652/1652/1652 1653/1653/1653 1672/1672/1672
f 1654/1654/1654 1655/1655/1655 1674/1674/1674
f 1655/1655/1655 1656/1656/1656 1675/1675/1675
f 1656/1656/1656 1657/1657/1657 1676/1676/1676
f 1657/1657/1657 1658/1658/1658 1677/1677/1677
f 1658/1658/1658 1659/1659/1659 1678/1678/1678
f 1659/1659/1659 1660/1660/1660 1679/1679/1679
f 1660/1660/1660 1661/1661/1661 1680/1680/1680
f 1661/1661/1661 1662/1662/1662 1681/1681/1681
f 1662/1662/1662 1663/1663/1663 1682/1682/1682
f 1663/1663/1663 1664/1664/1664 1683/1683/1683
f 1664/1664/1664 1665/1665/1665 1684/1684/1684
f 1665/1665/1665 1666/1666/1666 1685/1685/1685
f 1666/1666/1666 1667/1667/1667 1686/1686/1686
f 1667/1667/1667 1668/1668/1668 1687/1687/1687
f 1668/1668/1668 1669/1669/1669 1688/1688/1688
f 1669/1669/1669 1670/1670/1670 1689/1689/1689
f 1670/1670/1670 1671/1671/1671 1690/1690/1690
f 1671/1671/1671 1672/1672/1672 1691/1691/1691
f 1673/1673/1673 1674/1674/1674 1693/1693/1693
f 1674/1674/1674 1675/1675/1675 1694/1694/1694
f 1675/1675/1675 1676/1676/1676 1695/1695/1695
f 1676/1676/1676 1677/1677/1677 1696/1696/1696
f 1677/1677/1677 1678/1678/1678 1697/1697/1697
f 1678/1678/1678 1679/1679/1679 1698/1698/1698
f 1679/1679/1679 1680/1680/1680 1699/1699/1699
f 1680/1680/1680 1681/1681/1681 1700/1700/1700
f 1681/1681/1681 1682/1682/1682 1701/1701/1701
f 1682/1682/1682 1683/1683/1683 1702/1702/1702
f 1683/1683/1683 1684/1684/1684 1703/1703/1703
f 1684/1684/1684 1685/1685/1685 1704/1704/1704
f 1685/1685/1685 1686/1686/1686 1705/1705/1705
f 1686/1686/1686 1687/1687/1687 1706/1706/1706
f 1687/1687/1687 1688/1688/1688 1707/1707/1707
f 1688/1688/1688 1689/1689/1689 1708/1708/1708
f 1689/1689/1689 1690/1690/1690 1709/1709/1709
f 1690/1690/1690 1691/1691/1691 1710/1710/1710
f 1692/1692/1692 1693/1693/1693 1712/1712/1712
f 1693/1693/1693 1694/1694/1694 1713/1713/1713
f 1694/1694/1694 1695/1695/1695 1714/1714/1714
f 1695/1695/1695 1696/1696/1696 1715/1715/1715
f 1696/1696/1696 1697/1697/1697 1716/1716/1716
f 1697/1697/1697 1698/1698/1698 1717/1717/1717
f 1698/1698/1698 1699/1699/1699 1718/1718/1718
f 1699/1699/1699 1700/1700/1700 1719/1719/1719
f 1700/1700/1700 1701/1701/1701 1720/1720/1720
f 1701/1701/1701 1702/1702/1702 1721/1721/1721
f 1702/1702/1702 1703/1703/1703 1722/1722/1722
f 1703/1703/1703 1704/1704/1704 1723/1723/1723
f 1704/1704/1704 1705/1705/1705 1724/1724/1724
f 1705/1705/1705 1706/1706/1706 1725/1725/1725
f 1706/1706/1706 1707/1707/1707 1726/1726/1726
f 1707/1707/1707 1708/1708/1708 1727/1727/1727
f 1708/1708/1708 1709/1709/1709 1728/1728/1728
f 1709/1709/1709 1710/1710/1710 1729/1729/1729
f 1711/1711/1711 1712/1712/1712 1731/1731/1731
f 1712/1712/1712 1713/1713/1713 1732/1732/1732
f 1713/1713/1713 1714/1714/1714 1733/1733/1733
f 1714/1714/1714 1715/1715/1715 1734/1734/1734
f 1715/1715/1715 1716/1716/1716 1735/1735/1735
f 1716/1716/1716 1717/1717/1717 1736/1736/1736
f 1717/1717/1717 1718/1718/1718 1737/1737/1737
f 1718/1718/1718 1719/1719/1719 1738/1738/1738
f 1719/1719/1719 1720/1720/1720 1739/1739/1739
f 1720/1720/1720 1721/1721/1721 1740/1740/1740
f 1721/1721/1721 1722/1722/1722 1741/1741/1741
f 1722/1722/1722 1723/1723/1723 1742/1742/1742
f 1723/1723/1723 1724/1724/1724 1743/1743/1743
f 1724/1724/1724 1725/1725/1725 1744/1744/1744
f 1725/1725/1725 1726/1726/1726 1745/1745/1745
f 1726/1726/1726 1727/1727/1727 1746/1746/1746
f 1727/1727/1727 1728/1728/1728 1747/1747/1747
f 1728/1728/1728 1729/1729/1729 1748/1748/1748
f 1730/1730/1730 1731/1731/1731 1750/1750/1750
f 1731/1731/1731 1732/1732/1732 1751/1751/1751
f 1732/1732/1732 1733/1733/1733 1752/1752/1752
f 1733/1733/1733 1734/1734/1734 1753/1753/1753
f 1734/1734/1734 1735/1735/1735 1754/1754/1754
f 1735/1735/1735 1736/1736/1736 1755/1755/1755
f 1736/1736/1736 1737/1737/1737 1756/1756/1756
f 1737/1737/1737 1738/1738/1738 1757/1757/1757
f 1738/1738/1738 1739/1739/1739 1758/1758/1758
f 1739/1739/1739 1740/1740/1740 1759/1759/1759
f 1740/1740/1740 1741/1741/1741 1760/1760/1760
f 1741/1741/1741 1742/1742/1742 1761/1761/1761
f 1742/1742/1742 1743/1743/1743 1762/1762/1762
f 1743/1743/1743 1744/1744/1744 1763/1763/1763
f 1744/1744/1744 1745/1745/1745 1764/1764/1764
f 1745/1745/1745 1746/1746/1746 1765/1765/1765
f 1746/1746/1746 1747/1747/1747 1766/1766/1766
f 1747/1747/1747 1748/1748/1748 1767/1767/1767
f 1236/1236/1236 1256/1256/1256 1255/1255/1255
f 1237/1237/1237 1257/1257/1257 1256/1256/1256
f 1238/1238/1238 1258/1258/1258 1257/1257/1257
f 1239/1239/1239 1259/1259/1259 1258/1258/1258
f 1240/1240/1240 1260/1260/1260 1259/1259/1259
f 1241/1241/1241 1261/1261/1261 1260/1260/1260
f 1242/1242/1242 1262/1262/1262 1261/1261/1261
f 1243/1243/1243 1263/1263/1263 1262/1262/1262
f 1244/1244/1244 1264/1264/1264 1263/1263/1263
f 1245/1245/1245 1265/1265/1265 1264/1264/1264
f 1246/1246/1246 1266/1266/1266 1265/1265/1265
f 1247/1247/1247 1267/1267/1267 1266/1266/1266
f 1248/1248/1248 1268/1268/1268 1267/1267/1267
f 1249/1249/1249 1269/1269/1269 1268/1268/1268
f 1250/1250/1250 1270/1270/1270 1269/1269/1269
f 1251/1251/1251 1271/1271/1271 1270/1270/1270
f 1252/1252/1252 1272/1272/1272 1271/1271/1271
f 1253/1253/1253 1273/1273/1273 1272/1272/1272
f 1255/1255/1255 1275/1275/1275 1274/1274/1274
f 1256/1256/1256 1276/1276/1276 1275/1275/1275
f 1257/1257/1257 1277/1277/1277 1276/1276/1276
f 1258/1258/1258 1278/1278/1278 1277/1277/1277
f 1259/1259/1259 1279/1279/1279 1278/1278/1278
f 1260/1260/1260 1280/1280/1280 1279/1279/1279
f 1261/1261/1261 1281/1281/1281 1280/1280/1280
f 1262/1262/1262 1282/1282/1282 1281/1281/1281
f 1263/1263/1263 1283/1283/1283 1282/1282/1282
f 1264/1264/1264 1284/1284/1284 1283/1283/1283
f 1265/1265/1265 1285/1285/1285 1284/1284/1284
f 1266/1266/1266 1286/1286/1286 1285/1285/1285
f 1267/1267/1267 1287/1287/1287 1286/1286/1286
f 1268/1268/1268 1288/1288/1288 1287/1287/1287
f 1269/1269/1269 1289/1289/1289 1288/1288/1288
f 1270/1270/1270 1290/1290/1290 1289/1289/1289
f 1271/1271/1271 1291/1291/1291 1290/1290/1290
f 1272/1272/1272 1292/1292/1292 1291/1291/1291
f 1274/1274/1274 1294/1294/1294 1293/1293/1293
f 1275/1275/1275 1295/1295/1295 1294/1294/1294
f 1276/1276/1276 1296/1296/1296 1295/1295/1295
f 1277/1277/1277 1297/1297/1297 1296/1296/1296
f 1278/1278/1278 1298/1298/1298 1297/1297/1297
f 1279/1279/1279 1299/1299/1299 1298/1298/1298
f 1280/1280/1280 1300/1300/1300 1299/1299/1299
f 1281/1281/1281 1301/1301/1301 1300/1300/1300
f 1282/1282/1282 1302/1302/1302 1301/1301/1301
f 1283/1283/1283 1303/1303/1303 1302/1302/1302
f 1284/1284/1284 1304/1304/1304 1303/1303/1303
f 1285/1285/1285 1305/1305/1305 1304/1304/1304
f 1286/1286/1286 1306/1306/1306 1305/1305/1305
f 1287/1287/1287 1307/1307/1307 1306/1306/1306
f 1288/1288/1288 1308/1308/1308 1307/1307/1307
f 1289/1289/1289 1309/1309/1309 1308/1308/1308
f 1290/1290/1290 1310/1310/1310 1309/1309/1309
f 1291/1291/1291 1311/1311/1311 1310/1310/1310
f 1293/1293/1293 1313/1313/1313 1312/1312/1312
f 1294/1294/1294 1314/1314/1314 1313/1313/1313
f 1295/1295/1295 1315/1315/1315 1314/1314/1314
f 1296/1296/1296 1316/1316/1316 1315/1315/1315
f 1297/1297/1297 1317/1317/1317 1316/1316/1316
f 1298/1298/1298 1318/1318/1318 1317/1317/1317
f 1299/1299/1299 1319/1319/1319 1318/1318/1318
f 1300/1300/1300 1320/1320/1320 1319/1319/1319
f 1301/1301/1301 1321/1321/1321 1320/1320/1320
f 1302/1302/1302 1322/1322/1322 1321/1321/1321
f 1303/1303/1303 1323/1323/1323 1322/1322/1322
f 1304/1304/1304 1324/1324/1324 1323/1323/1323
f 1305/1305/1305 1325/1325/1325 1324/1324/1324
f 1306/1306/1306 1326/1326/1326 1325/1325/1325
f 1307/1307/1307 1327/1327/1327 1326/1326/1326
f 1308/1308/1308 1328/1328/1328 1327/1327/1327
f 1309/1309/1309 1329/1329/1329 1328/1328/1328
f 1310/1310/1310 1330/1330/1330 1329/1329/1329
f 1312/1312/1312 1332/1332/1332 1331/1331/1331
f 1313/1313/1313 1333/1333/1333 1332/1332/1332
f 1314/1314/1314 1334/1334/1334 1333/1333/1333
f 1315/1315/1315 1335/1335/1335 1334/1334/1334
f 1316/1316/1316 1336/1336/1336 1335/1335/1335
f 1317/1317/1317 1337/1337/1337 1336/1336/1336
f 1318/1318/1318 1338/1338/1338 1337/1337/1337
f 1319/1319/1319 1339/1339/1339 1338/1338/1338
f 1320/1320/1320 1340/1340/1340 1339/1339/1339
f 1321/1321/1321 1341/1341/1341 1340/1340/1340
f 1322/1322/1322 1342/1342/1342 1341/1341/1341
f 1323/1323/1323 1343/1343/1343 1342/1342/1342
f 1324/1324/1324 1344/1344/1344 1343/1343/1343
f 1325/1325/1325 1345/1345/1345 1344/1344/1344
f 1326/1326/1326 1346/1346/1346 1345/1345/1345
f 1327/1327/1327 1347/1347/1347 1346/1346/1346
f 1328/1328/1328 1348/1348/1348 1347/1347/1347
f 1329/1329/1329 1349/1349/1349 1348/1348/1348
f 1331/1331/1331 1351/1351/1351 1350/1350/1350
f 1332/1332/1332 1352/1352/1352 1351/1351/1351
f 1333/1333/1333 1353/1353/1353 1352/1352/1352
f 1334/1334/1334 1354/1354/1354 1353/1353/1353
f 1335/1335/1335 1355/1355/1355 1354/1354/1354
f 1336/1336/1336 1356/1356/1356 1355/1355/1355
f 1337/1337/1337 1357/1357/1357 1356/1356/1356
f 1338/1338/1338 1358/1358/1358 1357/1357/1357
f 1339/1339/1339 1359/1359/1359 1358/1358/1358
f 1340/1340/1340 1360/1360/1360 1359/1359/1359
f 1341/1341/1341 1361/1361/1361 1360/1360/1360
f 1342/1342/1342 1362/1362/1362 1361/1361/1361
f 1343/1343/1343 1363/1363/1363 1362/1362/1362
f 1344/1344/1344 1364/1364/1364 1363/1363/1363
f 1345/1345/1345 1365/1365/1365 1364/1364/1364
f 1346/1346/1346 1366/1366/1366 1365/1365/1365
f 1347/1347/1347 1367/1367/1367 1366/1366/1366
f 1348/1348/1348 1368/1368/1368 1367/1367/1367
f 1350/1350/1350 1370/1370/1370 1369/1369/1369
f 1351/1351/1351 1371/1371/1371 1370/1370/1370
f 1352/1352/1352 1372/1372/1372 1371/1371/1371
f 1353/1353/1353 1373/1373/1373 1372/1372/1372
f 1354/1354/1354 1374/1374/1374 1373/1373/1373
f 1355/1355/1355 1375/1375/1375 1374/1374/1374
f 1356/1356/1356 1376/1376/1376 1375/1375/1375
f 1357/1357/1357 1377/1377/1377 1376/1376/1376
f 1358/1358/1358 1378/1378/1378 1377/1377/1377
f 1359/1359/1359 1379/1379/1379 1378/1378/1378
f 1360/1360/1360 1380/1380/1380 1379/1379/1379
f 1361/1361/1361 1381/1381/1381 1380/1380/1380
f 1362/1362/1362 1382/1382/1382 1381/1381/1381
f 1363/1363/1363 1383/1383/1383 1382/1382/1382
f 1364/1364/1364 1384/1384/1384 1383/1383/1383
f 1365/1365/1365 1385/1385/1385 1384/1384/1384
f 1366/1366/1366 1386/1386/1386 1385/1385/1385
f 1367/1367/1367 1387/1387/1387 1386/1386/1386
f 1369/1369/1369 1389/1389/1389 1388/1388/1388
f 1370/1370/1370 1390/1390/1390 1389/1389/1389
f 1371/1371/1371 1391/1391/1391 1390/1390/1390
f 1372/1372/1372 1392/1392/1392 1391/1391/1391
f 1373/1373/1373 1393/1393/1393 1392/1392/1392
f 1374/1374/1374 1394/1394/1394 1393/1393/1393
f 1375/1375/1375 1395/1395/1395 1394/1394/1394
f 1376/1376/1376 1396/1396/1396 1395/1395/1395
f 1377/1377/1377 1397/1397/1397 1396/1396/1396
f 1378/1378/1378 1398/1398/1398 1397/1397/1397
f 1379/1379/1379 1399/1399/1399 1398/1398/1398
f 1380/1380/1380 1400/1400/1400 1399/1399/1399
f 1381/1381/1381 1401/1401/1401 1400/1400/1400
f 1382/1382/1382 1402/1402/1402 1401/1401/1401
f 1383/1383/1383 1403/1403/1403 1402/1402/1402
f 1384/1384/1384 1404/1404/1404 1403/1403/1403
f 1385/1385/1385 1405/1405/1405 1404/1404/1404
f 1386/1386/1386 1406/1406/1406 1405/1405/1405
f 1388/1388/1388 1408/1408/1408 1407/1407/1407
f 1389/1389/1389 1409/1409/1409 1408/1408/1408
f 1390/1390/1390 1410/1410/1410 1409/1409/1409
f 1391/1391/1391 1411/1411/1411 1410/1410/1410
f 1392/1392/1392 1412/1412/1412 1411/1411/1411
f 1393/1393/1393 1413/1413/1413 1412/1412/1412
f 1394/1394/1394 1414/1414/1414 1413/1413/1413
f 1395/1395/1395 1415/1415/1415 1414/1414/1414
f 1396/1396/1396 1416/1416/1416 1415/1415/1415
f 1397/1397/1397 1417/1417/1417 1416/1416/1416
f 1398/1398/1398 1418/1418/1418 1417/1417/1417
f 1399/1399/1399 1419/1419/1419 1418/1418/1418
f 1400/1400/1400 1420/1420/1420 1419/1419/1419
f 1401/1401/1401 1421/1421/1421 1420/1420/1420
f 1402/1402/1402 1422/1422/1422 1421/1421/1421
f 1403/1403/1403 1423/1423/1423 1422/1422/1422
f 1404/1404/1404 1424/1424/1424 1423/1423/1423
f 1405/1405/1405 1425/1425/1425 1424/1424/1424
f 1407/1407/1407 1427/1427/1427 1426/1426/1426
f 1408/1408/1408 1428/1428/1428 1427/1427/1427
f 1409/1409/1409 1429/1429/1429 1428/1428/1428
f 1410/1410/1410 1430/1430/1430 1429/1429/1429
f 1411/1411/1411 1431/1431/1431 1430/1430/1430
f 1412/1412/1412 1432/1432/1432 1431/1431/1431
f 1413/1413/1413 1433/1433/1433 1432/1432/1432
f 1414/1414/1414 1434/1434/1434 1433/1433/1433
f 1415/1415/1415 1435/1435/1435 1434/1434/1434
f 1416/1416/1416 1436/1436/1436 1435/1435/1435
f 1417/1417/1417 1437/1437/1437 1436/1436/1436
f 1418/1418/1418 1438/1438/1438 1437/1437/1437
f 1419/1419/1419 1439/1439/1439 1438/1438/1438
f 1420/1420/1420 1440/1440/1440 1439/1439/1439
f 1421/1421/1421 1441/1441/1441 1440/1440/1440
f 1422/1422/1422 1442/1442/1442 1441/1441/1441
f 1423/1423/1423 1443/1443/1443 1442/1442/1442
f 1424/1424/1424 1444/1444/1444 1443/1443/1443
f 1426/1426/1426 1446/1446/1446 1445/1445/1445
f 1427/1427/1427 1447/1447/1447 1446/1446/1446
f 1428/1428/1428 1448/1448/1448 1447/1447/1447
f 1429/1429/1429 1449/1449/1449 1448/1448/1448
f 1430/1430/1430 1450/1450/1450 1449/1449/1449
f 1431/1431/1431 1451/1451/1451 1450/1450/1450
f 1432/1432/1432 1452/1452/1452 1451/1451/1451
f 1433/1433/1433 1453/1453/1453 1452/1452/1452
f 1434/1434/1434 1454/1454/1454 1453/1453/1453
f 1435/1435/1435 1455/1455/1455 1454/1454/1454
f 1436/1436/1436 1456/1456/1456 1455/1455/1455
f 1437/1437/1437 1457/1457/1457 1456/1456/1456
f 1438/1438/1438 1458/1458/1458 1457/1457/1457
f 1439/1439/1439 1459/1459/1459 1458/1458/1458
f 1440/1440/1440 1460/1460/1460 1459/1459/1459
f 1441/1441/1441 1461/1461/1461 1460/1460/1460
f 1442/1442/1442 1462/1462/1462 1461/1461/1461
f 1443/1443/1443 1463/1463/1463 1462/1462/1462
f 1445/1445/1445 1465/1465/1465 1464/1464/1464
f 1446/1446/1446 1466/1466/1466 1465/1465/1465
f 1447/1447/1447 1467/1467/1467 1466/1466/1466
f 1448/1448/1448 1468/1468/1468 1467/1467/1467
f 1449/1449/1449 1469/1469/1469 1468/1468/1468
f 1450/1450/1450 1470/1470/1470 1469/1469/1469
f 1451/1451/1451 1471/1471/1471 1470/1470/1470
f 1452/1452/1452 1472/1472/1472 1471/1471/1471
f 1453/1453/1453 1473/1473/1473 1472/1472/1472
f 1454/1454/1454 1474/1474/1474 1473/1473/1473
f 1455/1455/1455 1475/1475/1475 1474/1474/1474
f 1456/1456/1456 1476/1476/1476 1475/1475/1475
f 1457/1457/1457 1477/1477/1477 1476/1476/1476
f 1458/1458/1458 1478/1478/1478 1477/1477/1477
f 1459/1459/1459 1479/1479/1479 1478/1478/1478
f 1460/1460/1460 1480/1480/1480 1479/1479/1479
f 1461/1461/1461 1481/1481/1481 1480/1480/1480
f 1462/1462/1462 1482/1482/1482 1481/1481/1481
f 1464/1464/1464 1484/1484/1484 1483/1483/1483
f 1465/1465/1465 1485/1485/1485 1484/1484/1484
f 1466/1466/1466 1486/1486/1486 1485/1485/1485
f 1467/1467/1467 1487/1487/1487 1486/1486/1486
f 1468/1468/1468 1488/1488/1488 1487/1487/1487
f 1469/1469/1469 1489/1489/1489 1488/1488/1488
f 1470/1470/1470 1490/1490/1490 1489/1489/1489
f 1471/1471/1471 1491/1491/1491 1490/1490/1490
f 1472/1472/1472 1492/1492/1492 1491/1491/1491
f 1473/1473/1473 1493/1493/1493 1492/1492/1492
f 1474/1474/1474 1494/1494/1494 1493/1493/1493
f 1475/1475/1475 1495/1495/1495 1494/1494/1494
f 1476/1476/1476 1496/1496/1496 1495/1495/1495
f 1477/1477/1477 1497/1497/1497 1496/1496/1496
f 1478/1478/1478 1498/1498/1498 1497/1497/1497
f 1479/1479/1479 1499/1499/1499 1498/1498/1498
f 1480/1480/1480 1500/1500/1500 1499/1499/1499
f 1481/1481/1481 1501/1501/1501 1500/1500/1500
f 1483/1483/1483 1503/1503/1503 1502/1502/1502
f 1484/1484/1484 1504/1504/1504 1503/1503/1503
f 1485/1485/1485 1505/1505/1505 1504/1504/1504
f 1486/1486/1486 1506/1506/1506 1505/1505/1505
f 1487/1487/1487 1507/1507/1507 1506/1506/1506
f 1488/1488/1488 1508/1508/1508 1507/1507/1507
f 1489/1489/1489 1509/1509/1509 1508/1508/1508
f 1490/1490/1490 1510/1510/1510 1509/1509/1509
f 1491/1491/1491 1511/1511/1511 1510/1510/1510
f 1492/1492/1492 1512/1512/1512 1511/1511/1511
f 1493/1493/1493 1513/1513/1513 1512/1512/1512
f 1494/1494/1494 1514/1514/1514 1513/1513/1513
f 1495/1495/1495 1515/1515/1515 1514/1514/1514
f 1496/1496/1496 1516/1516/1516 1515/1515/1515
f 1497/1497/1497 1517/1517/1517 1516/1516/1516
f 1498/1498/1498 1518/1518/1518 1517/1517/1517
f 1499/1499/1499 1519/1519/1519 1518/1518/1518
f 1500/1500/1500 1520/1520/1520 1519/1519/1519
f 1502/1502/1502 1522/1522/1522 1521/1521/1521
f 1503/1503/1503 1523/1523/1523 1522/1522/1522
f 1504/1504/1504 1524/1524/1524 1523/1523/1523
f 1505/1505/1505 1525/1525/1525 1524/1524/1524
f 1506/1506/1506 1526/1526/1526 1525/1525/1525
f 1507/1507/1507 1527/1527/1527 1526/1526/1526
f 1508/1508/1508 1528/1528/1528 1527/1527/1527
f 1509/1509/1509 1529/1529/1529 1528/1528/1528
f 1510/1510/1510 1530/1530/1530 1529/1529/1529
f 1511/1511/1511 1531/1531/1531 1530/1530/1530
f 1512/1512/1512 1532/1532/1532 1531/1531/1531
f 1513/1513/1513 1533/1533/1533 1532/1532/1532
f 1514/1514/1514 1534/1534/1534 1533/1533/1533
f 1515/1515/1515 1535/1535/1535 1534/1534/1534
f 1516/1516/1516 1536/1536/1536 1535/1535/1535
f 1517/1517/1517 1537/1537/1537 1536/1536/1536
f 1518/1518/1518 1538/1538/1538 1537/1537/1537
f 1519/1519/1519 1539/1539/1539 1538/1538/1538
f 1521/1521/1521 1541/1541/1541 1540/1540/1540
f 1522/1522/1522 1542/1542/1542 1541/1541/1541
f 1523/1523/1523 1543/1543/1543 1542/1542/1542
f 1524/1524/1524 1544/1544/1544 1543/1543/1543
f 1525/1525/1525 1545/1545/1545 1544/1544/1544
f 1526/1526/1526 1546/1546/1546 1545/1545/1545
f 1527/1527/1527 1547/1547/1547 1546/1546/1546
f 1528/1528/1528 1548/1548/1548 1547/1547/1547
f 1529/1529/1529 1549/1549/1549 1548/1548/1548
f 1530/1530/1530 1550/1550/1550 1549/1549/1549
f 1531/1531/1531 1551/1551/1551 1550/1550/1550
f 1532/1532/1532 1552/1552/1552 1551/1551/1551
f 1533/1533/1533 1553/1553/1553 1552/1552/1552
f 1534/1534/1534 1554/1554/1554 1553/1553/1553
f 1535/1535/1535 1555/1555/1555 1554/1554/1554
f 1536/1536/1536 1556/1556/1556 1555/1555/1555
f 1537/1537/1537 1557/1557/1557 1556/1556/1556
f 1538/1538/1538 1558/1558/1558 1557/1557/1557
f 1540/1540/1540 1560/1560/1560 1559/1559/1559
f 1541/1541/1541 1561/1561/1561 1560/1560/1560
f 1542/1542/1542 1562/1562/1562 1561/1561/1561
f 1543/1543/1543 1563/1563/1563 1562/1562/1562
f 1544/1544/1544 1564/1564/1564 1563/1563/1563
f 1545/1545/1545 1565/1565/1565 1564/1564/1564
f 1546/1546/1546 1566/1566/1566 1565/1565/1565
f 1547/1547/1547 1567/1567/1567 1566/1566/1566
f 1548/1548/1548 1568/1568/1568 1567/1567/1567
f 1549/1549/1549 1569/1569/1569 1568/1568/1568
f 1550/1550/1550 1570/1570/1570 1569/1569/1569
f 1551/1551/1551 1571/1571/1571 1570/1570/1570
f 1552/1552/1552 1572/1572/1572 1571/1571/1571
f 1553/1553/1553 1573/1573/1573 1572/1572/1572
f 1554/1554/1554 1574/1574/1574 1573/1573/1573
f 1555/1555/1555 1575/1575/1575 1574/1574/1574
f 1556/1556/1556 1576/1576/1576 1575/1575/1575
f 1557/1557/1557 1577/1577/1577 1576/1576/1576
f 1559/1559/1559 1579/1579/1579 1578/1578/1578
f 1560/1560/1560 1580/1580/1580 1579/1579/1579
f 1561/1561/1561 1581/1581/1581 1580/1580/1580
f 1562/1562/1562 1582/1582/1582 1581/1581/1581
f 1563/1563/1563 1583/1583/1583 1582/1582/1582
f 1564/1564/1564 1584/1584/1584 1583/1583/1583
f 1565/1565/1565 1585/1585/1585 1584/1584/1584
f 1566/1566/1566 1586/1586/1586 1585/1585/1585
f 1567/1567/1567 1587/1587/1587 1586/1586/1586
f 1568/1568/1568 1588/1588/1588 1587/1587/1587
f 1569/1569/1569 1589/1589/1589 1588/1588/1588
f 1570/1570/1570 1590/1590/1590 1589/1589/1589
f 1571/1571/1571 1591/1591/1591 1590/1590/1590
f 1572/1572/1572 1592/1592/1592 1591/1591/1591
f 1573/1573/1573 1593/1593/1593 1592/1592/1592
f 1574/1574/1574 1594/1594/1594 1593/1593/1593
f 1575/1575/1575 1595/1595/1595 1594/1594/1594
f 1576/1576/1576 1596/1596/1596 1595/1595/1595
f 1578/1578/1578 1598/1598/1598 1597/1597/1597
f 1579/1579/1579 1599/1599/1599 1598/1598/1598
f 1580/1580/1580 1600/1600/1600 1599/1599/1599
f 1581/1581/1581 1601/1601/1601 1600/1600/1600
f 1582/1582/1582 1602/1602/1602 1601/1601/1601
f 1583/1583/1583 1603/1603/1603 1602/1602/1602
f 1584/1584/1584 1604/1604/1604 1603/1603/1603
f 1585/1585/1585 1605/1605/1605 1604/1604/1604
f 1586/1586/1586 1606/1606/1606 1605/1605/1605
f 1587/1587/1587 1607/1607/1607 1606/1606/1606
f 1588/1588/1588 1608/1608/1608 1607/1607/1607
f 1589/1589/1589 1609/1609/1609 1608/1608/1608
f 1590/1590/1590 1610/1610/1610 1609/1609/1609
f 1591/1591/1591 1611/1611/1611 1610/1610/1610
f 1592/1592/1592 1612/1612/1612 1611/1611/1611
f 1593/1593/1593 1613/1613/1613 1612/1612/1612
f 1594/1594/1594 1614/1614/1614 1613/1613/1613
f 1595/1595/1595 1615/1615/1615 1614/1614/1614
f 1597/1597/1597 1617/1617/1617 1616/1616/1616
f 1598/1598/1598 1618/1618/1618 1617/1617/1617
f 1599/1599/1599 1619/1619/1619 1618/1618/1618
f 1600/1600/1600 1620/1620/1620 1619/1619/1619
f 1601/1601/1601 1621/1621/1621 1620/1620/1620
f 1602/1602/1602 1622/1622/1622 1621/1621/1621
f 1603/1603/1603 1623/1623/1623 1622/1622/1622
f 1604/1604/1604 1624/1624/1624 1623/1623/1623
f 1605/1605/1605 1625/1625/1625 1624/1624/1624
f 1606/1606/1606 1626/1626/1626 1625/1625/1625
f 1607/1607/1607 1627/1627/1627 1626/1626/1626
f 1608/1608/1608 1628/1628/1628 1627/1627/1627
f 1609/1609/1609 1629/1629/1629 1628/1628/1628
f 1610/1610/1610 1630/1630/1630 1629/1629/1629
f 1611/1611/1611 1631/1631/1631 1630/1630/1630
f 1612/1612/1612 1632/1632/1632 1631/1631/1631
f 1613/1613/1613 1633/1633/1633 1632/1632/1632
f 1614/1614/1614 1634/1634/1634 1633/1633/1633
f 1616/1616/1616 1636/1636/1636 1635/1635/1635
f 1617/1617/1617 1637/1637/1637 1636/1636/1636
f 1618/1618/1618 1638/1638/1638 1637/1637/1637
f 1619/1619/1619 1639/1639/1639 1638/1638/1638
f 1620/1620/1620 1640/1640/1640 1639/1639/1639
f 1621/1621/1621 1641/1641/1641 1640/1640/1640
f 1622/1622/1622 1642/1642/1642 1641/1641/1641
f 1623/1623/1623 1643/1643/1643 1642/1642/1642
f 1624/1624/1624 1644/1644/1644 1643/1643/1643
f 1625/1625/1625 1645/1645/1645 1644/1644/1644
f 1626/1626/1626 1646/1646/1646 1645/1645/1645
f 1627/1627/1627 1647/1647/1647 1646/1646/1646
f 1628/1628/1628 1648/1648/1648 1647/1647/1647
f 1629/1629/1629 1649/1649/1649 1648/1648/1648
f 1630/1630/1630 1650/1650/1650 1649/1649/1649
f 1631/1631/1631 1651/1651/1651 1650/1650/1650
f 1632/1632/1632 1652/1652/1652 1651/1651/1651
f 1633/1633/1633 1653/1653/1653 1652/1652/1652
f 1635/1635/1635 1655/1655/1655 1654/1654/1654
f 1636/1636/1636 1656/1656/1656 1655/1655/1655
f 1637/1637/1637 1657/1657/1657 1656/1656/1656
f 1638/1638/1638 1658/1658/1658 1657/1657/1657
f 1639/1639/1639 1659/1659/1659 1658/1658/1658
f 1640/1640/1640 1660/1660/1660 1659/1659/1659
f 1641/1641/1641 1661/1661/1661 1660/1660/1660
f 1642/1642/1642 1662/1662/1662 1661/1661/1661
f 1643/1643/1643 1663/1663/1663 1662/1662/1662
f 1644/1644/1644 1664/1664/1664 1663/1663/1663
f 1645/1645/1645 1665/1665/1665 1664/1664/1664
f 1646/1646/1646 1666/1666/1666 1665/1665/1665
f 1647/1647/1647 1667/1667/1667 1666/1666/1666
f 1648/1648/1648 1668/1668/1668 1667/1667/1667
f 1649/1649/1649 1669/1669/1669 1668/1668/1668
f 1650/1650/1650 1670/1670/1670 1669/1669/1669
f 1651/1651/1651 1671/1671/1671 1670/1670/1670
f 1652/1652/1652 1672/1672/1672 1671/1671/1671
f 1654/1654/1654 1674/1674/1674 1673/1673/1673
f 1655/1655/1655 1675/1675/1675 1674/1674/1674
f 1656/1656/1656 1676/1676/1676 1675/1675/1675
f 1657/1657/1657 1677/1677/1677 1676/1676/1676
f 1658/1658/1658 1678/1678/1678 1677/1677/1677
f 1659/1659/1659 1679/1679/1679 1678/1678/1678
f 1660/1660/1660 1680/1680/1680 1679/1679/1679
f 1661/1661/1661 1681/1681/1681 1680/1680/1680
f 1662/1662/1662 1682/1682/1682 1681/1681/1681
f 1663/1663/1663 1683/1683/1683 1682/1682/1682
f 1664/1664/1664 1684/1684/1684 1683/1683/1683
f 1665/1665/1665 1685/1685/1685 1684/1684/1684
f 1666/1666/1666 1686/1686/1686 1685/1685/1685
f 1667/1667/1667 1687/1687/1687 1686/1686/1686
f 1668/1668/1668 1688/1688/1688 1687/1687/1687
f 1669/1669/1669 1689/1689/1689 1688/1688/1688
f 1670/1670/1670 1690/1690/1690 1689/1689/1689
f 1671/1671/1671 1691/1691/1691 1690/1690/1690
f 1673/1673/1673 1693/1693/1693 1692/1692/1692
f 1674/1674/1674 1694/1694/1694 1693/1693/1693
f 1675/1675/1675 1695/1695/1695 1694/1694/1694
f 1676/1676/1676 1696/1696/1696 1695/1695/1695
f 1677/1677/1677 1697/1697/1697 1696/1696/1696
f 1678/1678/1678 1698/1698/1698 1697/1697/1697
f 1679/1679/1679 1699/1699/1699 1698/1698/1698
f 1680/1680/1680 1700/1700/1700 1699/1699/1699
f 1681/1681/1681 1701/1701/1701 1700/1700/1700
f 1682/1682/1682 1702/1702/1702 1701/1701/1701
f 1683/1683/1683 1703/1703/1703 1702/1702/1702
f 1684/1684/1684 1704/1704/1704 1703/1703/1703
f 1685/1685/1685 1705/1705/1705 1704/1704/1704
f 1686/1686/1686 1706/1706/1706 1705/1705/1705
f 1687/1687/1687 1707/1707/1707 1706/1706/1706
f 1688/1688/1688 1708/1708/1708 1707/1707/1707
f 1689/1689/1689 1709/1709/1709 1708/1708/1708
f 1690/1690/1690 1710/1710/1710 1709/1709/1709
f 1692/1692/1692 1712/1712/1712 1711/1711/1711
f 1693/1693/1693 1713/1713/1713 1712/1712/1712
f 1694/1694/1694 1714/1714/1714 1713/1713/1713
f 1695/1695/1695 1715/1715/1715 1714/1714/1714
f 1696/1696/1696 1716/1716/1716 1715/1715/1715
f 1697/1697/1697 1717/1717/1717 1716/1716/1716
f 1698/1698/1698 1718/1718/1718 1717/1717/1717
f 1699/1699/1699 1719/1719/1719 1718/1718/1718
f 1700/1700/1700 1720/1720/1720 1719/1719/1719
f 1701/1701/1701 1721/1721/1721 1720/1720/1720
f 1702/1702/1702 1722/1722/1722 1721/1721/1721
f 1703/1703/1703 1723/1723/1723 1722/1722/1722
f 1704/1704/1704 1724/1724/1724 1723/1723/1723
f 1705/1705/1705 1725/1725/1725 1724/1724/1724
f 1706/1706/1706 1726/1726/1726 1725/1725/1725
f 1707/1707/1707 1727/1727/1727 1726/1726/1726
f 1708/1708/1708 1728/1728/1728 1727/1727/1727
f 1709/1709/1709 1729/1729/1729 1728/1728/1728
f 1711/1711/1711 1731/1731/1731 1730/1730/1730
f 1712/1712/1712 1732/1732/1732 1731/1731/1731
f 1713/1713/1713 1733/1733/1733 1732/1732/1732
f 1714/1714/1714 1734/1734/1734 1733/1733/1733
f 1715/1715/1715 1735/1735/1735 1734/1734/1734
f 1716/1716/1716 1736/1736/1736 1735/1735/1735
f 1717/1717/1717 1737/1737/1737 1736/1736/1736
f 1718/1718/1718 1738/1738/1738 1737/1737/1737
f 1719/1719/1719 1739/1739/1739 1738/1738/1738
f 1720/1720/1720 1740/1740/1740 1739/1739/1739
f 1721/1721/1721 1741/1741/1741 1740/1740/1740
f 1722/1722/1722 1742/1742/1742 1741/1741/1741
f 1723/1723/1723 1743/1743/1743 1742/1742/1742
f 1724/1724/1724 1744/1744/1744 1743/1743/1743
f 1725/1725/1725 1745/1745/1745 1744/1744/1744
f 1726/1726/1726 1746/1746/1746 1745/1745/1745
f 1727/1727/1727 1747/1747/1747 1746/1746/1746
f 1728/1728/1728 1748/1748/1748 1747/1747/1747
f 1730/1730/1730 1750/1750/1750 1749/1749/1749
f 1731/1731/1731 1751/1751/1751 1750/1750/1750
f 1732/1732/1732 1752/1752/1752 1751/1751/1751
f 1733/1733/1733 1753/1753/1753 1752/1752/1752
f 1734/1734/1734 1754/1754/1754 1753/1753/1753
f 1735/1735/1735 1755/1755/1755 1754/1754/1754
f 1736/1736/1736 1756/1756/1756 1755/1755/1755
f 1737/1737/1737 1757/1757/1757 1756/1756/1756
f 1738/1738/1738 1758/1758/1758 1757/1757/1757
f 1739/1739/1739 1759/1759/1759 1758/1758/1758
f 1740/1740/1740 1760/1760/1760 1759/1759/1759
f 1741/1741/1741 1761/1761/1761 1760/1760/1760
f 1742/1742/1742 1762/1762/1762 1761/1761/1761
f 1743/1743/1743 1763/1763/1763 1762/1762/1762
f 1744/1744/1744 1764/1764/1764 1763/1763/1763
f 1745/1745/1745 1765/1765/1765 1764/1764/1764
f 1746/1746/1746 1766/1766/1766 1765/1765/1765
f 1747/1747/1747 1767/1767/1767 1766/1766/1766
f 1768/1768/1768 1770/1770/1770 1769/1769/1769
f 1768/1768/1768 1771/1771/1771 1770/1770/1770
f 1768/1768/1768 1772/1772/1772 1771/1771/1771
f 1768/1768/1768 1773/1773/1773 1772/1772/1772
f 1768/1768/1768 1774/1774/1774 1773/1773/1773
f 1768/1768/1768 1775/1775/1775 1774/1774/1774
f 1768/1768/1768 1776/1776/1776 1775/1775/1775
f 1768/1768/1768 1777/1777/1777 1776/1776/1776
f 1768/1768/1768 1778/1778/1778 1777/1777/1777
f 1768/1768/1768 1779/1779/1779 1778/1778/1778
f 1768/1768/1768 1780/1780/1780 1779/1779/1779
f 1768/1768/1768 1781/1781/1781 1780/1780/1780
f 1768/1768/1768 1782/1782/1782 1781/1781/1781
f 1768/1768/1768 1783/1783/1783 1782/1782/1782
f 1768/1768/1768 1784/1784/1784 1783/1783/1783
f 1768/1768/1768 1785/1785/1785 1784/1784/1784
f 1768/1768/1768 1786/1786/1786 1785/1785/1785
f 1768/1768/1768 1787/1787/1787 1786/1786/1786
f 1788/1788/1788 1789/1789/1789 1790/1790/1790
f 1788/1788/1788 1790/1790/1790 1791/1791/1791
f 1788/1788/1788 1791/1791/1791 1792/1792/1792
f 1788/1788/1788 1792/1792/1792 1793/1793/1793
f 1788/1788/1788 1793/1793/1793 1794/1794/1794
f 1788/1788/1788 1794/1794/1794 1795/1795/1795
f 1788/1788/1788 1795/1795/1795 1796/1796/1796
f 1788/1788/1788 1796/1796/1796 1797/1797/1797
f 1788/1788/1788 1797/1797/1797 1798/1798/1798
f 1788/1788/1788 1798/1798/1798 1799/1799/1799
f 1788/1788/1788 1799/1799/1799 1800/1800/1800
f 1788/1788/1788 1800/1800/1800 1801/1801/1801
f 1788/1788/1788 1801/1801/1801 1802/1802/1802
f 1788/1788/1788 1802/1802/1802 1803/1803/1803
f 1788/1788/1788 1803/1803/1803 1804/1804/1804
f 1788/1788/1788 1804/1804/1804 1805/1805/1805
f 1788/1788/1788 1805/1805/1805 1806/1806/1806
f 1788/1788/1788 1806/1806/1806 1807/1807/1807
