# procedural mesh, generated by comp_vision_sim/tools/make_assets.py
v -0.072000 -0.050000 0.000000
v -0.072000 -0.050000 0.000000
v -0.072000 -0.050000 0.000000
v -0.072000 -0.050000 0.000000
v -0.072000 -0.050000 0.000000
v -0.072000 -0.050000 0.000000
v -0.072000 -0.050000 0.000000
v -0.072000 -0.050000 0.000000
v -0.072000 -0.050000 0.000000
v -0.072000 -0.050000 0.000000
v -0.072000 -0.050000 0.000000
v -0.072000 -0.050000 0.000000
v -0.072000 -0.050000 0.000000
v -0.072000 -0.050000 0.000000
v -0.072000 -0.050000 0.000000
v -0.072000 -0.050000 0.000000
v -0.072000 -0.050000 0.000000
v -0.072000 -0.050000 0.000000
v -0.072000 -0.050000 0.000000
v -0.072000 -0.050000 0.000000
v -0.072000 -0.050000 0.000000
v -0.072000 -0.050000 0.000000
v -0.072000 -0.050000 0.000000
v -0.072000 -0.050000 0.000000
v -0.072000 -0.050000 0.000000
v -0.072000 -0.050000 0.000000
v -0.072000 -0.050000 0.000000
v -0.072000 -0.050000 0.000000
v -0.072000 -0.050000 0.000000
v -0.072000 -0.050000 0.000000
v -0.072000 -0.050000 0.000000
v -0.072000 -0.050000 0.000000
v -0.072000 -0.050000 0.000000
v -0.090316 -0.050000 0.000371
v -0.090104 -0.067558 0.000371
v -0.089467 -0.076305 0.000371
v -0.088396 -0.082898 0.000371
v -0.086878 -0.088021 0.000371
v -0.084873 -0.091902 0.000371
v -0.082293 -0.094637 0.000371
v -0.078870 -0.096267 0.000371
v -0.072000 -0.096809 0.000371
v -0.065130 -0.096267 0.000371
v -0.061707 -0.094637 0.000371
v -0.059127 -0.091902 0.000371
v -0.057122 -0.088021 0.000371
v -0.055604 -0.082898 0.000371
v -0.054533 -0.076305 0.000371
v -0.053896 -0.067558 0.000371
v -0.053684 -0.050000 0.000371
v -0.053896 -0.032442 0.000371
v -0.054533 -0.023695 0.000371
v -0.055604 -0.017102 0.000371
v -0.057122 -0.011979 0.000371
v -0.059127 -0.008098 0.000371
v -0.061707 -0.005363 0.000371
v -0.065130 -0.003733 0.000371
v -0.072000 -0.003191 0.000371
v -0.078870 -0.003733 0.000371
v -0.082293 -0.005363 0.000371
v -0.084873 -0.008098 0.000371
v -0.086878 -0.011979 0.000371
v -0.088396 -0.017102 0.000371
v -0.089467 -0.023695 0.000371
v -0.090104 -0.032442 0.000371
v -0.090316 -0.050000 0.000371
v -0.098532 -0.050000 0.001491
v -0.098225 -0.075433 0.001491
v -0.097301 -0.088103 0.001491
v -0.095751 -0.097654 0.001491
v -0.093551 -0.105075 0.001491
v -0.090647 -0.110697 0.001491
v -0.086910 -0.114659 0.001491
v -0.081952 -0.117020 0.001491
v -0.072000 -0.117805 0.001491
v -0.062048 -0.117020 0.001491
v -0.057090 -0.114659 0.001491
v -0.053353 -0.110697 0.001491
v -0.050449 -0.105075 0.001491
v -0.048249 -0.097654 0.001491
v -0.046699 -0.088103 0.001491
v -0.045775 -0.075433 0.001491
v -0.045468 -0.050000 0.001491
v -0.045775 -0.024567 0.001491
v -0.046699 -0.011897 0.001491
v -0.048249 -0.002346 0.001491
v -0.050449 0.005075 0.001491
v -0.053353 0.010697 0.001491
v -0.057090 0.014659 0.001491
v -0.062048 0.017020 0.001491
v -0.072000 0.017805 0.001491
v -0.081952 0.017020 0.001491
v -0.086910 0.014659 0.001491
v -0.090647 0.010697 0.001491
v -0.093551 0.005075 0.001491
v -0.095751 -0.002346 0.001491
v -0.097301 -0.011897 0.001491
v -0.098225 -0.024567 0.001491
v -0.098532 -0.050000 0.001491
v -0.104570 -0.050000 0.003378
v -0.104193 -0.081221 0.003378
v -0.103059 -0.096774 0.003378
v -0.101156 -0.108499 0.003378
v -0.098455 -0.117608 0.003378
v -0.094891 -0.124510 0.003378
v -0.090303 -0.129373 0.003378
v -0.084217 -0.132271 0.003378
v -0.072000 -0.133235 0.003378
v -0.059783 -0.132271 0.003378
v -0.053697 -0.129373 0.003378
v -0.049109 -0.124510 0.003378
v -0.045545 -0.117608 0.003378
v -0.042844 -0.108499 0.003378
v -0.040941 -0.096774 0.003378
v -0.039807 -0.081221 0.003378
v -0.039430 -0.050000 0.003378
v -0.039807 -0.018779 0.003378
v -0.040941 -0.003226 0.003378
v -0.042844 0.008499 0.003378
v -0.045545 0.017608 0.003378
v -0.049109 0.024510 0.003378
v -0.053697 0.029373 0.003378
v -0.059783 0.032271 0.003378
v -0.072000 0.033235 0.003378
v -0.084217 0.032271 0.003378
v -0.090303 0.029373 0.003378
v -0.094891 0.024510 0.003378
v -0.098455 0.017608 0.003378
v -0.101156 0.008499 0.003378
v -0.103059 -0.003226 0.003378
v -0.104193 -0.018779 0.003378
v -0.104570 -0.050000 0.003378
v -0.109190 -0.050000 0.006074
v -0.108760 -0.085650 0.006074
v -0.107465 -0.103409 0.006074
v -0.105292 -0.116797 0.006074
v -0.102208 -0.127198 0.006074
v -0.098138 -0.135079 0.006074
v -0.092899 -0.140632 0.006074
v -0.085950 -0.143942 0.006074
v -0.072000 -0.145042 0.006074
v -0.058050 -0.143942 0.006074
v -0.051101 -0.140632 0.006074
v -0.045862 -0.135079 0.006074
v -0.041792 -0.127198 0.006074
v -0.038708 -0.116797 0.006074
v -0.036535 -0.103409 0.006074
v -0.035240 -0.085650 0.006074
v -0.034810 -0.050000 0.006074
v -0.035240 -0.014350 0.006074
v -0.036535 0.003409 0.006074
v -0.038708 0.016797 0.006074
v -0.041792 0.027198 0.006074
v -0.045862 0.035079 0.006074
v -0.051101 0.040632 0.006074
v -0.058050 0.043942 0.006074
v -0.072000 0.045042 0.006074
v -0.085950 0.043942 0.006074
v -0.092899 0.040632 0.006074
v -0.098138 0.035079 0.006074
v -0.102208 0.027198 0.006074
v -0.105292 0.016797 0.006074
v -0.107465 0.003409 0.006074
v -0.108760 -0.014350 0.006074
v -0.109190 -0.050000 0.006074
v -0.112656 -0.050000 0.009668
v -0.112186 -0.088972 0.009668
v -0.110770 -0.108387 0.009668
v -0.108395 -0.123023 0.009668
v -0.105023 -0.134393 0.009668
v -0.100574 -0.143008 0.009668
v -0.094847 -0.149079 0.009668
v -0.087250 -0.152697 0.009668
v -0.072000 -0.153899 0.009668
v -0.056750 -0.152697 0.009668
v -0.049153 -0.149079 0.009668
v -0.043426 -0.143008 0.009668
v -0.038977 -0.134393 0.009668
v -0.035605 -0.123023 0.009668
v -0.033230 -0.108387 0.009668
v -0.031814 -0.088972 0.009668
v -0.031344 -0.050000 0.009668
v -0.031814 -0.011028 0.009668
v -0.033230 0.008387 0.009668
v -0.035605 0.023023 0.009668
v -0.038977 0.034393 0.009668
v -0.043426 0.043008 0.009668
v -0.049153 0.049079 0.009668
v -0.056750 0.052697 0.009668
v -0.072000 0.053899 0.009668
v -0.087250 0.052697 0.009668
v -0.094847 0.049079 0.009668
v -0.100574 0.043008 0.009668
v -0.105023 0.034393 0.009668
v -0.108395 0.023023 0.009668
v -0.110770 0.008387 0.009668
v -0.112186 -0.011028 0.009668
v -0.112656 -0.050000 0.009668
v -0.115083 -0.050000 0.014364
v -0.114584 -0.091298 0.014364
v -0.113084 -0.111871 0.014364
v -0.110566 -0.127380 0.014364
v -0.106994 -0.139429 0.014364
v -0.102279 -0.148559 0.014364
v -0.096211 -0.154992 0.014364
v -0.088160 -0.158825 0.014364
v -0.072000 -0.160100 0.014364
v -0.055840 -0.158825 0.014364
v -0.047789 -0.154992 0.014364
v -0.041721 -0.148559 0.014364
v -0.037006 -0.139429 0.014364
v -0.033434 -0.127380 0.014364
v -0.030916 -0.111871 0.014364
v -0.029416 -0.091298 0.014364
v -0.028917 -0.050000 0.014364
v -0.029416 -0.008702 0.014364
v -0.030916 0.011871 0.014364
v -0.033434 0.027380 0.014364
v -0.037006 0.039429 0.014364
v -0.041721 0.048559 0.014364
v -0.047789 0.054992 0.014364
v -0.055840 0.058825 0.014364
v -0.072000 0.060100 0.014364
v -0.088160 0.058825 0.014364
v -0.096211 0.054992 0.014364
v -0.102279 0.048559 0.014364
v -0.106994 0.039429 0.014364
v -0.110566 0.027380 0.014364
v -0.113084 0.011871 0.014364
v -0.114584 -0.008702 0.014364
v -0.115083 -0.050000 0.014364
v -0.116522 -0.050000 0.020754
v -0.116007 -0.092678 0.020754
v -0.114457 -0.113939 0.020754
v -0.111855 -0.129966 0.020754
v -0.108163 -0.142418 0.020754
v -0.103291 -0.151852 0.020754
v -0.097020 -0.158501 0.020754
v -0.088700 -0.162463 0.020754
v -0.072000 -0.163779 0.020754
v -0.055300 -0.162463 0.020754
v -0.046980 -0.158501 0.020754
v -0.040709 -0.151852 0.020754
v -0.035837 -0.142418 0.020754
v -0.032145 -0.129966 0.020754
v -0.029543 -0.113939 0.020754
v -0.027993 -0.092678 0.020754
v -0.027478 -0.050000 0.020754
v -0.027993 -0.007322 0.020754
v -0.029543 0.013939 0.020754
v -0.032145 0.029966 0.020754
v -0.035837 0.042418 0.020754
v -0.040709 0.051852 0.020754
v -0.046980 0.058501 0.020754
v -0.055300 0.062463 0.020754
v -0.072000 0.063779 0.020754
v -0.088700 0.062463 0.020754
v -0.097020 0.058501 0.020754
v -0.103291 0.051852 0.020754
v -0.108163 0.042418 0.020754
v -0.111855 0.029966 0.020754
v -0.114457 0.013939 0.020754
v -0.116007 -0.007322 0.020754
v -0.116522 -0.050000 0.020754
v -0.117000 -0.050000 0.035000
v -0.116479 -0.093136 0.035000
v -0.114912 -0.114625 0.035000
v -0.112283 -0.130824 0.035000
v -0.108551 -0.143409 0.035000
v -0.103627 -0.152945 0.035000
v -0.097288 -0.159665 0.035000
v -0.088879 -0.163669 0.035000
v -0.072000 -0.165000 0.035000
v -0.055121 -0.163669 0.035000
v -0.046712 -0.159665 0.035000
v -0.040373 -0.152945 0.035000
v -0.035449 -0.143409 0.035000
v -0.031717 -0.130824 0.035000
v -0.029088 -0.114625 0.035000
v -0.027521 -0.093136 0.035000
v -0.027000 -0.050000 0.035000
v -0.027521 -0.006864 0.035000
v -0.029088 0.014625 0.035000
v -0.031717 0.030824 0.035000
v -0.035449 0.043409 0.035000
v -0.040373 0.052945 0.035000
v -0.046712 0.059665 0.035000
v -0.055121 0.063669 0.035000
v -0.072000 0.065000 0.035000
v -0.088879 0.063669 0.035000
v -0.097288 0.059665 0.035000
v -0.103627 0.052945 0.035000
v -0.108551 0.043409 0.035000
v -0.112283 0.030824 0.035000
v -0.114912 0.014625 0.035000
v -0.116479 -0.006864 0.035000
v -0.117000 -0.050000 0.035000
v -0.116522 -0.050000 0.049246
v -0.116007 -0.092678 0.049246
v -0.114457 -0.113939 0.049246
v -0.111855 -0.129966 0.049246
v -0.108163 -0.142418 0.049246
v -0.103291 -0.151852 0.049246
v -0.097020 -0.158501 0.049246
v -0.088700 -0.162463 0.049246
v -0.072000 -0.163779 0.049246
v -0.055300 -0.162463 0.049246
v -0.046980 -0.158501 0.049246
v -0.040709 -0.151852 0.049246
v -0.035837 -0.142418 0.049246
v -0.032145 -0.129966 0.049246
v -0.029543 -0.113939 0.049246
v -0.027993 -0.092678 0.049246
v -0.027478 -0.050000 0.049246
v -0.027993 -0.007322 0.049246
v -0.029543 0.013939 0.049246
v -0.032145 0.029966 0.049246
v -0.035837 0.042418 0.049246
v -0.040709 0.051852 0.049246
v -0.046980 0.058501 0.049246
v -0.055300 0.062463 0.049246
v -0.072000 0.063779 0.049246
v -0.088700 0.062463 0.049246
v -0.097020 0.058501 0.049246
v -0.103291 0.051852 0.049246
v -0.108163 0.042418 0.049246
v -0.111855 0.029966 0.049246
v -0.114457 0.013939 0.049246
v -0.116007 -0.007322 0.049246
v -0.116522 -0.050000 0.049246
v -0.115083 -0.050000 0.055636
v -0.114584 -0.091298 0.055636
v -0.113084 -0.111871 0.055636
v -0.110566 -0.127380 0.055636
v -0.106994 -0.139429 0.055636
v -0.102279 -0.148559 0.055636
v -0.096211 -0.154992 0.055636
v -0.088160 -0.158825 0.055636
v -0.072000 -0.160100 0.055636
v -0.055840 -0.158825 0.055636
v -0.047789 -0.154992 0.055636
v -0.041721 -0.148559 0.055636
v -0.037006 -0.139429 0.055636
v -0.033434 -0.127380 0.055636
v -0.030916 -0.111871 0.055636
v -0.029416 -0.091298 0.055636
v -0.028917 -0.050000 0.055636
v -0.029416 -0.008702 0.055636
v -0.030916 0.011871 0.055636
v -0.033434 0.027380 0.055636
v -0.037006 0.039429 0.055636
v -0.041721 0.048559 0.055636
v -0.047789 0.054992 0.055636
v -0.055840 0.058825 0.055636
v -0.072000 0.060100 0.055636
v -0.088160 0.058825 0.055636
v -0.096211 0.054992 0.055636
v -0.102279 0.048559 0.055636
v -0.106994 0.039429 0.055636
v -0.110566 0.027380 0.055636
v -0.113084 0.011871 0.055636
v -0.114584 -0.008702 0.055636
v -0.115083 -0.050000 0.055636
v -0.112656 -0.050000 0.060332
v -0.112186 -0.088972 0.060332
v -0.110770 -0.108387 0.060332
v -0.108395 -0.123023 0.060332
v -0.105023 -0.134393 0.060332
v -0.100574 -0.143008 0.060332
v -0.094847 -0.149079 0.060332
v -0.087250 -0.152697 0.060332
v -0.072000 -0.153899 0.060332
v -0.056750 -0.152697 0.060332
v -0.049153 -0.149079 0.060332
v -0.043426 -0.143008 0.060332
v -0.038977 -0.134393 0.060332
v -0.035605 -0.123023 0.060332
v -0.033230 -0.108387 0.060332
v -0.031814 -0.088972 0.060332
v -0.031344 -0.050000 0.060332
v -0.031814 -0.011028 0.060332
v -0.033230 0.008387 0.060332
v -0.035605 0.023023 0.060332
v -0.038977 0.034393 0.060332
v -0.043426 0.043008 0.060332
v -0.049153 0.049079 0.060332
v -0.056750 0.052697 0.060332
v -0.072000 0.053899 0.060332
v -0.087250 0.052697 0.060332
v -0.094847 0.049079 0.060332
v -0.100574 0.043008 0.060332
v -0.105023 0.034393 0.060332
v -0.108395 0.023023 0.060332
v -0.110770 0.008387 0.060332
v -0.112186 -0.011028 0.060332
v -0.112656 -0.050000 0.060332
v -0.109190 -0.050000 0.063926
v -0.108760 -0.085650 0.063926
v -0.107465 -0.103409 0.063926
v -0.105292 -0.116797 0.063926
v -0.102208 -0.127198 0.063926
v -0.098138 -0.135079 0.063926
v -0.092899 -0.140632 0.063926
v -0.085950 -0.143942 0.063926
v -0.072000 -0.145042 0.063926
v -0.058050 -0.143942 0.063926
v -0.051101 -0.140632 0.063926
v -0.045862 -0.135079 0.063926
v -0.041792 -0.127198 0.063926
v -0.038708 -0.116797 0.063926
v -0.036535 -0.103409 0.063926
v -0.035240 -0.085650 0.063926
v -0.034810 -0.050000 0.063926
v -0.035240 -0.014350 0.063926
v -0.036535 0.003409 0.063926
v -0.038708 0.016797 0.063926
v -0.041792 0.027198 0.063926
v -0.045862 0.035079 0.063926
v -0.051101 0.040632 0.063926
v -0.058050 0.043942 0.063926
v -0.072000 0.045042 0.063926
v -0.085950 0.043942 0.063926
v -0.092899 0.040632 0.063926
v -0.098138 0.035079 0.063926
v -0.102208 0.027198 0.063926
v -0.105292 0.016797 0.063926
v -0.107465 0.003409 0.063926
v -0.108760 -0.014350 0.063926
v -0.109190 -0.050000 0.063926
v -0.104570 -0.050000 0.066622
v -0.104193 -0.081221 0.066622
v -0.103059 -0.096774 0.066622
v -0.101156 -0.108499 0.066622
v -0.098455 -0.117608 0.066622
v -0.094891 -0.124510 0.066622
v -0.090303 -0.129373 0.066622
v -0.084217 -0.132271 0.066622
v -0.072000 -0.133235 0.066622
v -0.059783 -0.132271 0.066622
v -0.053697 -0.129373 0.066622
v -0.049109 -0.124510 0.066622
v -0.045545 -0.117608 0.066622
v -0.042844 -0.108499 0.066622
v -0.040941 -0.096774 0.066622
v -0.039807 -0.081221 0.066622
v -0.039430 -0.050000 0.066622
v -0.039807 -0.018779 0.066622
v -0.040941 -0.003226 0.066622
v -0.042844 0.008499 0.066622
v -0.045545 0.017608 0.066622
v -0.049109 0.024510 0.066622
v -0.053697 0.029373 0.066622
v -0.059783 0.032271 0.066622
v -0.072000 0.033235 0.066622
v -0.084217 0.032271 0.066622
v -0.090303 0.029373 0.066622
v -0.094891 0.024510 0.066622
v -0.098455 0.017608 0.066622
v -0.101156 0.008499 0.066622
v -0.103059 -0.003226 0.066622
v -0.104193 -0.018779 0.066622
v -0.104570 -0.050000 0.066622
v -0.098532 -0.050000 0.068509
v -0.098225 -0.075433 0.068509
v -0.097301 -0.088103 0.068509
v -0.095751 -0.097654 0.068509
v -0.093551 -0.105075 0.068509
v -0.090647 -0.110697 0.068509
v -0.086910 -0.114659 0.068509
v -0.081952 -0.117020 0.068509
v -0.072000 -0.117805 0.068509
v -0.062048 -0.117020 0.068509
v -0.057090 -0.114659 0.068509
v -0.053353 -0.110697 0.068509
v -0.050449 -0.105075 0.068509
v -0.048249 -0.097654 0.068509
v -0.046699 -0.088103 0.068509
v -0.045775 -0.075433 0.068509
v -0.045468 -0.050000 0.068509
v -0.045775 -0.024567 0.068509
v -0.046699 -0.011897 0.068509
v -0.048249 -0.002346 0.068509
v -0.050449 0.005075 0.068509
v -0.053353 0.010697 0.068509
v -0.057090 0.014659 0.068509
v -0.062048 0.017020 0.068509
v -0.072000 0.017805 0.068509
v -0.081952 0.017020 0.068509
v -0.086910 0.014659 0.068509
v -0.090647 0.010697 0.068509
v -0.093551 0.005075 0.068509
v -0.095751 -0.002346 0.068509
v -0.097301 -0.011897 0.068509
v -0.098225 -0.024567 0.068509
v -0.098532 -0.050000 0.068509
v -0.090316 -0.050000 0.069629
v -0.090104 -0.067558 0.069629
v -0.089467 -0.076305 0.069629
v -0.088396 -0.082898 0.069629
v -0.086878 -0.088021 0.069629
v -0.084873 -0.091902 0.069629
v -0.082293 -0.094637 0.069629
v -0.078870 -0.096267 0.069629
v -0.072000 -0.096809 0.069629
v -0.065130 -0.096267 0.069629
v -0.061707 -0.094637 0.069629
v -0.059127 -0.091902 0.069629
v -0.057122 -0.088021 0.069629
v -0.055604 -0.082898 0.069629
v -0.054533 -0.076305 0.069629
v -0.053896 -0.067558 0.069629
v -0.053684 -0.050000 0.069629
v -0.053896 -0.032442 0.069629
v -0.054533 -0.023695 0.069629
v -0.055604 -0.017102 0.069629
v -0.057122 -0.011979 0.069629
v -0.059127 -0.008098 0.069629
v -0.061707 -0.005363 0.069629
v -0.065130 -0.003733 0.069629
v -0.072000 -0.003191 0.069629
v -0.078870 -0.003733 0.069629
v -0.082293 -0.005363 0.069629
v -0.084873 -0.008098 0.069629
v -0.086878 -0.011979 0.069629
v -0.088396 -0.017102 0.069629
v -0.089467 -0.023695 0.069629
v -0.090104 -0.032442 0.069629
v -0.090316 -0.050000 0.069629
v -0.072000 -0.050000 0.070000
v -0.072000 -0.050000 0.070000
v -0.072000 -0.050000 0.070000
v -0.072000 -0.050000 0.070000
v -0.072000 -0.050000 0.070000
v -0.072000 -0.050000 0.070000
v -0.072000 -0.050000 0.070000
v -0.072000 -0.050000 0.070000
v -0.072000 -0.050000 0.070000
v -0.072000 -0.050000 0.070000
v -0.072000 -0.050000 0.070000
v -0.072000 -0.050000 0.070000
v -0.072000 -0.050000 0.070000
v -0.072000 -0.050000 0.070000
v -0.072000 -0.050000 0.070000
v -0.072000 -0.050000 0.070000
v -0.072000 -0.050000 0.070000
v -0.072000 -0.050000 0.070000
v -0.072000 -0.050000 0.070000
v -0.072000 -0.050000 0.070000
v -0.072000 -0.050000 0.070000
v -0.072000 -0.050000 0.070000
v -0.072000 -0.050000 0.070000
v -0.072000 -0.050000 0.070000
v -0.072000 -0.050000 0.070000
v -0.072000 -0.050000 0.070000
v -0.072000 -0.050000 0.070000
v -0.072000 -0.050000 0.070000
v -0.072000 -0.050000 0.070000
v -0.072000 -0.050000 0.070000
v -0.072000 -0.050000 0.070000
v -0.072000 -0.050000 0.070000
v -0.072000 -0.050000 0.070000
v -0.010001 0.000007 0.900350
v -0.012386 -0.018107 0.900700
v -0.019379 -0.034987 0.901003
v -0.030503 -0.049483 0.901237
v -0.045000 -0.060606 0.901387
v -0.061883 -0.067599 0.901443
v -0.080000 -0.069986 0.901400
v -0.098117 -0.067603 0.901261
v -0.115000 -0.060613 0.901037
v -0.129497 -0.049493 0.900742
v -0.140621 -0.034999 0.900397
v -0.147614 -0.018120 0.900024
v -0.149999 -0.000007 0.899650
v -0.147614 0.018107 0.899300
v -0.140621 0.034987 0.898997
v -0.129497 0.049483 0.898763
v -0.115000 0.060606 0.898613
v -0.098117 0.067599 0.898557
v -0.080000 0.069986 0.898600
v -0.061883 0.067603 0.898739
v -0.045000 0.060613 0.898963
v -0.030503 0.049493 0.899258
v -0.019379 0.034999 0.899603
v -0.012386 0.018120 0.899976
v -0.010001 0.000007 0.900350
v -0.017001 -0.003994 0.700295
v -0.019114 -0.020037 0.700667
v -0.025308 -0.034986 0.700993
v -0.035161 -0.047824 0.701252
v -0.048001 -0.057675 0.701426
v -0.062955 -0.063869 0.701502
v -0.079001 -0.065982 0.701476
v -0.095048 -0.063872 0.701349
v -0.110001 -0.057681 0.701131
v -0.122841 -0.047832 0.700835
v -0.132694 -0.034996 0.700482
v -0.138887 -0.020048 0.700097
v -0.140999 -0.004006 0.699705
v -0.138886 0.012037 0.699333
v -0.132692 0.026986 0.699007
v -0.122839 0.039824 0.698748
v -0.109999 0.049675 0.698574
v -0.095045 0.055869 0.698498
v -0.078999 0.057982 0.698524
v -0.062952 0.055872 0.698651
v -0.047999 0.049681 0.698869
v -0.035159 0.039832 0.699165
v -0.025306 0.026996 0.699518
v -0.019113 0.012048 0.699903
v -0.017001 -0.003994 0.700295
v -0.026002 -0.009995 0.480495
v -0.027773 -0.023454 0.480478
v -0.032966 -0.035996 0.480429
v -0.041229 -0.046766 0.480350
v -0.051997 -0.055031 0.480248
v -0.064537 -0.060227 0.480128
v -0.077995 -0.062000 0.480000
v -0.091453 -0.060229 0.479872
v -0.103995 -0.055036 0.479752
v -0.114764 -0.046773 0.479650
v -0.123029 -0.036004 0.479571
v -0.128225 -0.023463 0.479522
v -0.129998 -0.010005 0.479505
v -0.128227 0.003454 0.479522
v -0.123034 0.015996 0.479571
v -0.114771 0.026766 0.479650
v -0.104003 0.035031 0.479752
v -0.091463 0.040227 0.479872
v -0.078005 0.042000 0.480000
v -0.064547 0.040229 0.480128
v -0.052005 0.035036 0.480248
v -0.041236 0.026773 0.480350
v -0.032971 0.016004 0.480429
v -0.027775 0.003463 0.480478
v -0.026002 -0.009995 0.480495
v -0.029005 -0.004001 0.280673
v -0.030568 -0.015903 0.280360
v -0.035160 -0.026994 0.280022
v -0.042466 -0.036518 0.279683
v -0.051989 -0.043826 0.279365
v -0.063081 -0.048420 0.279091
v -0.074985 -0.049986 0.278879
v -0.086890 -0.048419 0.278743
v -0.097985 -0.043825 0.278692
v -0.107513 -0.036516 0.278731
v -0.114825 -0.026992 0.278856
v -0.119424 -0.015901 0.279060
v -0.120995 -0.003999 0.279327
v -0.119432 0.007903 0.279640
v -0.114840 0.018994 0.279978
v -0.107534 0.028518 0.280317
v -0.098011 0.035826 0.280635
v -0.086919 0.040420 0.280909
v -0.075015 0.041986 0.281121
v -0.063110 0.040419 0.281257
v -0.052015 0.035825 0.281308
v -0.042487 0.028516 0.281269
v -0.035175 0.018992 0.281144
v -0.030576 0.007901 0.280940
v -0.029005 -0.004001 0.280673
v -0.032004 -0.000001 0.070571
v -0.033364 -0.010352 0.070355
v -0.037358 -0.019997 0.070114
v -0.043712 -0.028280 0.069865
v -0.051993 -0.034635 0.069626
v -0.061639 -0.038630 0.069412
v -0.071990 -0.039993 0.069238
v -0.082342 -0.038630 0.069116
v -0.091989 -0.034634 0.069055
v -0.100274 -0.028278 0.069057
v -0.106633 -0.019996 0.069124
v -0.110631 -0.010350 0.069251
v -0.111996 0.000001 0.069429
v -0.110636 0.010352 0.069645
v -0.106642 0.019997 0.069886
v -0.100288 0.028280 0.070135
v -0.092007 0.034635 0.070374
v -0.082361 0.038630 0.070588
v -0.072010 0.039993 0.070762
v -0.061658 0.038630 0.070884
v -0.052011 0.034634 0.070945
v -0.043726 0.028278 0.070943
v -0.037367 0.019996 0.070876
v -0.033369 0.010350 0.070749
v -0.032004 -0.000001 0.070571
v -0.080000 0.000000 0.900000
v -0.010001 0.000007 0.900350
v -0.012386 -0.018107 0.900700
v -0.019379 -0.034987 0.901003
v -0.030503 -0.049483 0.901237
v -0.045000 -0.060606 0.901387
v -0.061883 -0.067599 0.901443
v -0.080000 -0.069986 0.901400
v -0.098117 -0.067603 0.901261
v -0.115000 -0.060613 0.901037
v -0.129497 -0.049493 0.900742
v -0.140621 -0.034999 0.900397
v -0.147614 -0.018120 0.900024
v -0.149999 -0.000007 0.899650
v -0.147614 0.018107 0.899300
v -0.140621 0.034987 0.898997
v -0.129497 0.049483 0.898763
v -0.115000 0.060606 0.898613
v -0.098117 0.067599 0.898557
v -0.080000 0.069986 0.898600
v -0.061883 0.067603 0.898739
v -0.045000 0.060613 0.898963
v -0.030503 0.049493 0.899258
v -0.019379 0.034999 0.899603
v -0.012386 0.018120 0.899976
v -0.010001 0.000007 0.900350
v -0.072000 0.000000 0.070000
v -0.032004 -0.000001 0.070571
v -0.033364 -0.010352 0.070355
v -0.037358 -0.019997 0.070114
v -0.043712 -0.028280 0.069865
v -0.051993 -0.034635 0.069626
v -0.061639 -0.038630 0.069412
v -0.071990 -0.039993 0.069238
v -0.082342 -0.038630 0.069116
v -0.091989 -0.034634 0.069055
v -0.100274 -0.028278 0.069057
v -0.106633 -0.019996 0.069124
v -0.110631 -0.010350 0.069251
v -0.111996 0.000001 0.069429
v -0.110636 0.010352 0.069645
v -0.106642 0.019997 0.069886
v -0.100288 0.028280 0.070135
v -0.092007 0.034635 0.070374
v -0.082361 0.038630 0.070588
v -0.072010 0.039993 0.070762
v -0.061658 0.038630 0.070884
v -0.052011 0.034634 0.070945
v -0.043726 0.028278 0.070943
v -0.037367 0.019996 0.070876
v -0.033369 0.010350 0.070749
v -0.032004 -0.000001 0.070571
v 0.072000 -0.050000 0.000000
v 0.072000 -0.050000 0.000000
v 0.072000 -0.050000 0.000000
v 0.072000 -0.050000 0.000000
v 0.072000 -0.050000 0.000000
v 0.072000 -0.050000 0.000000
v 0.072000 -0.050000 0.000000
v 0.072000 -0.050000 0.000000
v 0.072000 -0.050000 0.000000
v 0.072000 -0.050000 0.000000
v 0.072000 -0.050000 0.000000
v 0.072000 -0.050000 0.000000
v 0.072000 -0.050000 0.000000
v 0.072000 -0.050000 0.000000
v 0.072000 -0.050000 0.000000
v 0.072000 -0.050000 0.000000
v 0.072000 -0.050000 0.000000
v 0.072000 -0.050000 0.000000
v 0.072000 -0.050000 0.000000
v 0.072000 -0.050000 0.000000
v 0.072000 -0.050000 0.000000
v 0.072000 -0.050000 0.000000
v 0.072000 -0.050000 0.000000
v 0.072000 -0.050000 0.000000
v 0.072000 -0.050000 0.000000
v 0.072000 -0.050000 0.000000
v 0.072000 -0.050000 0.000000
v 0.072000 -0.050000 0.000000
v 0.072000 -0.050000 0.000000
v 0.072000 -0.050000 0.000000
v 0.072000 -0.050000 0.000000
v 0.072000 -0.050000 0.000000
v 0.072000 -0.050000 0.000000
v 0.053684 -0.050000 0.000371
v 0.053896 -0.067558 0.000371
v 0.054533 -0.076305 0.000371
v 0.055604 -0.082898 0.000371
v 0.057122 -0.088021 0.000371
v 0.059127 -0.091902 0.000371
v 0.061707 -0.094637 0.000371
v 0.065130 -0.096267 0.000371
v 0.072000 -0.096809 0.000371
v 0.078870 -0.096267 0.000371
v 0.082293 -0.094637 0.000371
v 0.084873 -0.091902 0.000371
v 0.086878 -0.088021 0.000371
v 0.088396 -0.082898 0.000371
v 0.089467 -0.076305 0.000371
v 0.090104 -0.067558 0.000371
v 0.090316 -0.050000 0.000371
v 0.090104 -0.032442 0.000371
v 0.089467 -0.023695 0.000371
v 0.088396 -0.017102 0.000371
v 0.086878 -0.011979 0.000371
v 0.084873 -0.008098 0.000371
v 0.082293 -0.005363 0.000371
v 0.078870 -0.003733 0.000371
v 0.072000 -0.003191 0.000371
v 0.065130 -0.003733 0.000371
v 0.061707 -0.005363 0.000371
v 0.059127 -0.008098 0.000371
v 0.057122 -0.011979 0.000371
v 0.055604 -0.017102 0.000371
v 0.054533 -0.023695 0.000371
v 0.053896 -0.032442 0.000371
v 0.053684 -0.050000 0.000371
v 0.045468 -0.050000 0.001491
v 0.045775 -0.075433 0.001491
v 0.046699 -0.088103 0.001491
v 0.048249 -0.097654 0.001491
v 0.050449 -0.105075 0.001491
v 0.053353 -0.110697 0.001491
v 0.057090 -0.114659 0.001491
v 0.062048 -0.117020 0.001491
v 0.072000 -0.117805 0.001491
v 0.081952 -0.117020 0.001491
v 0.086910 -0.114659 0.001491
v 0.090647 -0.110697 0.001491
v 0.093551 -0.105075 0.001491
v 0.095751 -0.097654 0.001491
v 0.097301 -0.088103 0.001491
v 0.098225 -0.075433 0.001491
v 0.098532 -0.050000 0.001491
v 0.098225 -0.024567 0.001491
v 0.097301 -0.011897 0.001491
v 0.095751 -0.002346 0.001491
v 0.093551 0.005075 0.001491
v 0.090647 0.010697 0.001491
v 0.086910 0.014659 0.001491
v 0.081952 0.017020 0.001491
v 0.072000 0.017805 0.001491
v 0.062048 0.017020 0.001491
v 0.057090 0.014659 0.001491
v 0.053353 0.010697 0.001491
v 0.050449 0.005075 0.001491
v 0.048249 -0.002346 0.001491
v 0.046699 -0.011897 0.001491
v 0.045775 -0.024567 0.001491
v 0.045468 -0.050000 0.001491
v 0.039430 -0.050000 0.003378
v 0.039807 -0.081221 0.003378
v 0.040941 -0.096774 0.003378
v 0.042844 -0.108499 0.003378
v 0.045545 -0.117608 0.003378
v 0.049109 -0.124510 0.003378
v 0.053697 -0.129373 0.003378
v 0.059783 -0.132271 0.003378
v 0.072000 -0.133235 0.003378
v 0.084217 -0.132271 0.003378
v 0.090303 -0.129373 0.003378
v 0.094891 -0.124510 0.003378
v 0.098455 -0.117608 0.003378
v 0.101156 -0.108499 0.003378
v 0.103059 -0.096774 0.003378
v 0.104193 -0.081221 0.003378
v 0.104570 -0.050000 0.003378
v 0.104193 -0.018779 0.003378
v 0.103059 -0.003226 0.003378
v 0.101156 0.008499 0.003378
v 0.098455 0.017608 0.003378
v 0.094891 0.024510 0.003378
v 0.090303 0.029373 0.003378
v 0.084217 0.032271 0.003378
v 0.072000 0.033235 0.003378
v 0.059783 0.032271 0.003378
v 0.053697 0.029373 0.003378
v 0.049109 0.024510 0.003378
v 0.045545 0.017608 0.003378
v 0.042844 0.008499 0.003378
v 0.040941 -0.003226 0.003378
v 0.039807 -0.018779 0.003378
v 0.039430 -0.050000 0.003378
v 0.034810 -0.050000 0.006074
v 0.035240 -0.085650 0.006074
v 0.036535 -0.103409 0.006074
v 0.038708 -0.116797 0.006074
v 0.041792 -0.127198 0.006074
v 0.045862 -0.135079 0.006074
v 0.051101 -0.140632 0.006074
v 0.058050 -0.143942 0.006074
v 0.072000 -0.145042 0.006074
v 0.085950 -0.143942 0.006074
v 0.092899 -0.140632 0.006074
v 0.098138 -0.135079 0.006074
v 0.102208 -0.127198 0.006074
v 0.105292 -0.116797 0.006074
v 0.107465 -0.103409 0.006074
v 0.108760 -0.085650 0.006074
v 0.109190 -0.050000 0.006074
v 0.108760 -0.014350 0.006074
v 0.107465 0.003409 0.006074
v 0.105292 0.016797 0.006074
v 0.102208 0.027198 0.006074
v 0.098138 0.035079 0.006074
v 0.092899 0.040632 0.006074
v 0.085950 0.043942 0.006074
v 0.072000 0.045042 0.006074
v 0.058050 0.043942 0.006074
v 0.051101 0.040632 0.006074
v 0.045862 0.035079 0.006074
v 0.041792 0.027198 0.006074
v 0.038708 0.016797 0.006074
v 0.036535 0.003409 0.006074
v 0.035240 -0.014350 0.006074
v 0.034810 -0.050000 0.006074
v 0.031344 -0.050000 0.009668
v 0.031814 -0.088972 0.009668
v 0.033230 -0.108387 0.009668
v 0.035605 -0.123023 0.009668
v 0.038977 -0.134393 0.009668
v 0.043426 -0.143008 0.009668
v 0.049153 -0.149079 0.009668
v 0.056750 -0.152697 0.009668
v 0.072000 -0.153899 0.009668
v 0.087250 -0.152697 0.009668
v 0.094847 -0.149079 0.009668
v 0.100574 -0.143008 0.009668
v 0.105023 -0.134393 0.009668
v 0.108395 -0.123023 0.009668
v 0.110770 -0.108387 0.009668
v 0.112186 -0.088972 0.009668
v 0.112656 -0.050000 0.009668
v 0.112186 -0.011028 0.009668
v 0.110770 0.008387 0.009668
v 0.108395 0.023023 0.009668
v 0.105023 0.034393 0.009668
v 0.100574 0.043008 0.009668
v 0.094847 0.049079 0.009668
v 0.087250 0.052697 0.009668
v 0.072000 0.053899 0.009668
v 0.056750 0.052697 0.009668
v 0.049153 0.049079 0.009668
v 0.043426 0.043008 0.009668
v 0.038977 0.034393 0.009668
v 0.035605 0.023023 0.009668
v 0.033230 0.008387 0.009668
v 0.031814 -0.011028 0.009668
v 0.031344 -0.050000 0.009668
v 0.028917 -0.050000 0.014364
v 0.029416 -0.091298 0.014364
v 0.030916 -0.111871 0.014364
v 0.033434 -0.127380 0.014364
v 0.037006 -0.139429 0.014364
v 0.041721 -0.148559 0.014364
v 0.047789 -0.154992 0.014364
v 0.055840 -0.158825 0.014364
v 0.072000 -0.160100 0.014364
v 0.088160 -0.158825 0.014364
v 0.096211 -0.154992 0.014364
v 0.102279 -0.148559 0.014364
v 0.106994 -0.139429 0.014364
v 0.110566 -0.127380 0.014364
v 0.113084 -0.111871 0.014364
v 0.114584 -0.091298 0.014364
v 0.115083 -0.050000 0.014364
v 0.114584 -0.008702 0.014364
v 0.113084 0.011871 0.014364
v 0.110566 0.027380 0.014364
v 0.106994 0.039429 0.014364
v 0.102279 0.048559 0.014364
v 0.096211 0.054992 0.014364
v 0.088160 0.058825 0.014364
v 0.072000 0.060100 0.014364
v 0.055840 0.058825 0.014364
v 0.047789 0.054992 0.014364
v 0.041721 0.048559 0.014364
v 0.037006 0.039429 0.014364
v 0.033434 0.027380 0.014364
v 0.030916 0.011871 0.014364
v 0.029416 -0.008702 0.014364
v 0.028917 -0.050000 0.014364
v 0.027478 -0.050000 0.020754
v 0.027993 -0.092678 0.020754
v 0.029543 -0.113939 0.020754
v 0.032145 -0.129966 0.020754
v 0.035837 -0.142418 0.020754
v 0.040709 -0.151852 0.020754
v 0.046980 -0.158501 0.020754
v 0.055300 -0.162463 0.020754
v 0.072000 -0.163779 0.020754
v 0.088700 -0.162463 0.020754
v 0.097020 -0.158501 0.020754
v 0.103291 -0.151852 0.020754
v 0.108163 -0.142418 0.020754
v 0.111855 -0.129966 0.020754
v 0.114457 -0.113939 0.020754
v 0.116007 -0.092678 0.020754
v 0.116522 -0.050000 0.020754
v 0.116007 -0.007322 0.020754
v 0.114457 0.013939 0.020754
v 0.111855 0.029966 0.020754
v 0.108163 0.042418 0.020754
v 0.103291 0.051852 0.020754
v 0.097020 0.058501 0.020754
v 0.088700 0.062463 0.020754
v 0.072000 0.063779 0.020754
v 0.055300 0.062463 0.020754
v 0.046980 0.058501 0.020754
v 0.040709 0.051852 0.020754
v 0.035837 0.042418 0.020754
v 0.032145 0.029966 0.020754
v 0.029543 0.013939 0.020754
v 0.027993 -0.007322 0.020754
v 0.027478 -0.050000 0.020754
v 0.027000 -0.050000 0.035000
v 0.027521 -0.093136 0.035000
v 0.029088 -0.114625 0.035000
v 0.031717 -0.130824 0.035000
v 0.035449 -0.143409 0.035000
v 0.040373 -0.152945 0.035000
v 0.046712 -0.159665 0.035000
v 0.055121 -0.163669 0.035000
v 0.072000 -0.165000 0.035000
v 0.088879 -0.163669 0.035000
v 0.097288 -0.159665 0.035000
v 0.103627 -0.152945 0.035000
v 0.108551 -0.143409 0.035000
v 0.112283 -0.130824 0.035000
v 0.114912 -0.114625 0.035000
v 0.116479 -0.093136 0.035000
v 0.117000 -0.050000 0.035000
v 0.116479 -0.006864 0.035000
v 0.114912 0.014625 0.035000
v 0.112283 0.030824 0.035000
v 0.108551 0.043409 0.035000
v 0.103627 0.052945 0.035000
v 0.097288 0.059665 0.035000
v 0.088879 0.063669 0.035000
v 0.072000 0.065000 0.035000
v 0.055121 0.063669 0.035000
v 0.046712 0.059665 0.035000
v 0.040373 0.052945 0.035000
v 0.035449 0.043409 0.035000
v 0.031717 0.030824 0.035000
v 0.029088 0.014625 0.035000
v 0.027521 -0.006864 0.035000
v 0.027000 -0.050000 0.035000
v 0.027478 -0.050000 0.049246
v 0.027993 -0.092678 0.049246
v 0.029543 -0.113939 0.049246
v 0.032145 -0.129966 0.049246
v 0.035837 -0.142418 0.049246
v 0.040709 -0.151852 0.049246
v 0.046980 -0.158501 0.049246
v 0.055300 -0.162463 0.049246
v 0.072000 -0.163779 0.049246
v 0.088700 -0.162463 0.049246
v 0.097020 -0.158501 0.049246
v 0.103291 -0.151852 0.049246
v 0.108163 -0.142418 0.049246
v 0.111855 -0.129966 0.049246
v 0.114457 -0.113939 0.049246
v 0.116007 -0.092678 0.049246
v 0.116522 -0.050000 0.049246
v 0.116007 -0.007322 0.049246
v 0.114457 0.013939 0.049246
v 0.111855 0.029966 0.049246
v 0.108163 0.042418 0.049246
v 0.103291 0.051852 0.049246
v 0.097020 0.058501 0.049246
v 0.088700 0.062463 0.049246
v 0.072000 0.063779 0.049246
v 0.055300 0.062463 0.049246
v 0.046980 0.058501 0.049246
v 0.040709 0.051852 0.049246
v 0.035837 0.042418 0.049246
v 0.032145 0.029966 0.049246
v 0.029543 0.013939 0.049246
v 0.027993 -0.007322 0.049246
v 0.027478 -0.050000 0.049246
v 0.028917 -0.050000 0.055636
v 0.029416 -0.091298 0.055636
v 0.030916 -0.111871 0.055636
v 0.033434 -0.127380 0.055636
v 0.037006 -0.139429 0.055636
v 0.041721 -0.148559 0.055636
v 0.047789 -0.154992 0.055636
v 0.055840 -0.158825 0.055636
v 0.072000 -0.160100 0.055636
v 0.088160 -0.158825 0.055636
v 0.096211 -0.154992 0.055636
v 0.102279 -0.148559 0.055636
v 0.106994 -0.139429 0.055636
v 0.110566 -0.127380 0.055636
v 0.113084 -0.111871 0.055636
v 0.114584 -0.091298 0.055636
v 0.115083 -0.050000 0.055636
v 0.114584 -0.008702 0.055636
v 0.113084 0.011871 0.055636
v 0.110566 0.027380 0.055636
v 0.106994 0.039429 0.055636
v 0.102279 0.048559 0.055636
v 0.096211 0.054992 0.055636
v 0.088160 0.058825 0.055636
v 0.072000 0.060100 0.055636
v 0.055840 0.058825 0.055636
v 0.047789 0.054992 0.055636
v 0.041721 0.048559 0.055636
v 0.037006 0.039429 0.055636
v 0.033434 0.027380 0.055636
v 0.030916 0.011871 0.055636
v 0.029416 -0.008702 0.055636
v 0.028917 -0.050000 0.055636
v 0.031344 -0.050000 0.060332
v 0.031814 -0.088972 0.060332
v 0.033230 -0.108387 0.060332
v 0.035605 -0.123023 0.060332
v 0.038977 -0.134393 0.060332
v 0.043426 -0.143008 0.060332
v 0.049153 -0.149079 0.060332
v 0.056750 -0.152697 0.060332
v 0.072000 -0.153899 0.060332
v 0.087250 -0.152697 0.060332
v 0.094847 -0.149079 0.060332
v 0.100574 -0.143008 0.060332
v 0.105023 -0.134393 0.060332
v 0.108395 -0.123023 0.060332
v 0.110770 -0.108387 0.060332
v 0.112186 -0.088972 0.060332
v 0.112656 -0.050000 0.060332
v 0.112186 -0.011028 0.060332
v 0.110770 0.008387 0.060332
v 0.108395 0.023023 0.060332
v 0.105023 0.034393 0.060332
v 0.100574 0.043008 0.060332
v 0.094847 0.049079 0.060332
v 0.087250 0.052697 0.060332
v 0.072000 0.053899 0.060332
v 0.056750 0.052697 0.060332
v 0.049153 0.049079 0.060332
v 0.043426 0.043008 0.060332
v 0.038977 0.034393 0.060332
v 0.035605 0.023023 0.060332
v 0.033230 0.008387 0.060332
v 0.031814 -0.011028 0.060332
v 0.031344 -0.050000 0.060332
v 0.034810 -0.050000 0.063926
v 0.035240 -0.085650 0.063926
v 0.036535 -0.103409 0.063926
v 0.038708 -0.116797 0.063926
v 0.041792 -0.127198 0.063926
v 0.045862 -0.135079 0.063926
v 0.051101 -0.140632 0.063926
v 0.058050 -0.143942 0.063926
v 0.072000 -0.145042 0.063926
v 0.085950 -0.143942 0.063926
v 0.092899 -0.140632 0.063926
v 0.098138 -0.135079 0.063926
v 0.102208 -0.127198 0.063926
v 0.105292 -0.116797 0.063926
v 0.107465 -0.103409 0.063926
v 0.108760 -0.085650 0.063926
v 0.109190 -0.050000 0.063926
v 0.108760 -0.014350 0.063926
v 0.107465 0.003409 0.063926
v 0.105292 0.016797 0.063926
v 0.102208 0.027198 0.063926
v 0.098138 0.035079 0.063926
v 0.092899 0.040632 0.063926
v 0.085950 0.043942 0.063926
v 0.072000 0.045042 0.063926
v 0.058050 0.043942 0.063926
v 0.051101 0.040632 0.063926
v 0.045862 0.035079 0.063926
v 0.041792 0.027198 0.063926
v 0.038708 0.016797 0.063926
v 0.036535 0.003409 0.063926
v 0.035240 -0.014350 0.063926
v 0.034810 -0.050000 0.063926
v 0.039430 -0.050000 0.066622
v 0.039807 -0.081221 0.066622
v 0.040941 -0.096774 0.066622
v 0.042844 -0.108499 0.066622
v 0.045545 -0.117608 0.066622
v 0.049109 -0.124510 0.066622
v 0.053697 -0.129373 0.066622
v 0.059783 -0.132271 0.066622
v 0.072000 -0.133235 0.066622
v 0.084217 -0.132271 0.066622
v 0.090303 -0.129373 0.066622
v 0.094891 -0.124510 0.066622
v 0.098455 -0.117608 0.066622
v 0.101156 -0.108499 0.066622
v 0.103059 -0.096774 0.066622
v 0.104193 -0.081221 0.066622
v 0.104570 -0.050000 0.066622
v 0.104193 -0.018779 0.066622
v 0.103059 -0.003226 0.066622
v 0.101156 0.008499 0.066622
v 0.098455 0.017608 0.066622
v 0.094891 0.024510 0.066622
v 0.090303 0.029373 0.066622
v 0.084217 0.032271 0.066622
v 0.072000 0.033235 0.066622
v 0.059783 0.032271 0.066622
v 0.053697 0.029373 0.066622
v 0.049109 0.024510 0.066622
v 0.045545 0.017608 0.066622
v 0.042844 0.008499 0.066622
v 0.040941 -0.003226 0.066622
v 0.039807 -0.018779 0.066622
v 0.039430 -0.050000 0.066622
v 0.045468 -0.050000 0.068509
v 0.045775 -0.075433 0.068509
v 0.046699 -0.088103 0.068509
v 0.048249 -0.097654 0.068509
v 0.050449 -0.105075 0.068509
v 0.053353 -0.110697 0.068509
v 0.057090 -0.114659 0.068509
v 0.062048 -0.117020 0.068509
v 0.072000 -0.117805 0.068509
v 0.081952 -0.117020 0.068509
v 0.086910 -0.114659 0.068509
v 0.090647 -0.110697 0.068509
v 0.093551 -0.105075 0.068509
v 0.095751 -0.097654 0.068509
v 0.097301 -0.088103 0.068509
v 0.098225 -0.075433 0.068509
v 0.098532 -0.050000 0.068509
v 0.098225 -0.024567 0.068509
v 0.097301 -0.011897 0.068509
v 0.095751 -0.002346 0.068509
v 0.093551 0.005075 0.068509
v 0.090647 0.010697 0.068509
v 0.086910 0.014659 0.068509
v 0.081952 0.017020 0.068509
v 0.072000 0.017805 0.068509
v 0.062048 0.017020 0.068509
v 0.057090 0.014659 0.068509
v 0.053353 0.010697 0.068509
v 0.050449 0.005075 0.068509
v 0.048249 -0.002346 0.068509
v 0.046699 -0.011897 0.068509
v 0.045775 -0.024567 0.068509
v 0.045468 -0.050000 0.068509
v 0.053684 -0.050000 0.069629
v 0.053896 -0.067558 0.069629
v 0.054533 -0.076305 0.069629
v 0.055604 -0.082898 0.069629
v 0.057122 -0.088021 0.069629
v 0.059127 -0.091902 0.069629
v 0.061707 -0.094637 0.069629
v 0.065130 -0.096267 0.069629
v 0.072000 -0.096809 0.069629
v 0.078870 -0.096267 0.069629
v 0.082293 -0.094637 0.069629
v 0.084873 -0.091902 0.069629
v 0.086878 -0.088021 0.069629
v 0.088396 -0.082898 0.069629
v 0.089467 -0.076305 0.069629
v 0.090104 -0.067558 0.069629
v 0.090316 -0.050000 0.069629
v 0.090104 -0.032442 0.069629
v 0.089467 -0.023695 0.069629
v 0.088396 -0.017102 0.069629
v 0.086878 -0.011979 0.069629
v 0.084873 -0.008098 0.069629
v 0.082293 -0.005363 0.069629
v 0.078870 -0.003733 0.069629
v 0.072000 -0.003191 0.069629
v 0.065130 -0.003733 0.069629
v 0.061707 -0.005363 0.069629
v 0.059127 -0.008098 0.069629
v 0.057122 -0.011979 0.069629
v 0.055604 -0.017102 0.069629
v 0.054533 -0.023695 0.069629
v 0.053896 -0.032442 0.069629
v 0.053684 -0.050000 0.069629
v 0.072000 -0.050000 0.070000
v 0.072000 -0.050000 0.070000
v 0.072000 -0.050000 0.070000
v 0.072000 -0.050000 0.070000
v 0.072000 -0.050000 0.070000
v 0.072000 -0.050000 0.070000
v 0.072000 -0.050000 0.070000
v 0.072000 -0.050000 0.070000
v 0.072000 -0.050000 0.070000
v 0.072000 -0.050000 0.070000
v 0.072000 -0.050000 0.070000
v 0.072000 -0.050000 0.070000
v 0.072000 -0.050000 0.070000
v 0.072000 -0.050000 0.070000
v 0.072000 -0.050000 0.070000
v 0.072000 -0.050000 0.070000
v 0.072000 -0.050000 0.070000
v 0.072000 -0.050000 0.070000
v 0.072000 -0.050000 0.070000
v 0.072000 -0.050000 0.070000
v 0.072000 -0.050000 0.070000
v 0.072000 -0.050000 0.070000
v 0.072000 -0.050000 0.070000
v 0.072000 -0.050000 0.070000
v 0.072000 -0.050000 0.070000
v 0.072000 -0.050000 0.070000
v 0.072000 -0.050000 0.070000
v 0.072000 -0.050000 0.070000
v 0.072000 -0.050000 0.070000
v 0.072000 -0.050000 0.070000
v 0.072000 -0.050000 0.070000
v 0.072000 -0.050000 0.070000
v 0.072000 -0.050000 0.070000
v 0.149999 -0.000007 0.899650
v 0.147614 -0.018120 0.900024
v 0.140621 -0.034999 0.900397
v 0.129497 -0.049493 0.900742
v 0.115000 -0.060613 0.901037
v 0.098117 -0.067603 0.901261
v 0.080000 -0.069986 0.901400
v 0.061883 -0.067599 0.901443
v 0.045000 -0.060606 0.901387
v 0.030503 -0.049483 0.901237
v 0.019379 -0.034987 0.901003
v 0.012386 -0.018107 0.900700
v 0.010001 0.000007 0.900350
v 0.012386 0.018120 0.899976
v 0.019379 0.034999 0.899603
v 0.030503 0.049493 0.899258
v 0.045000 0.060613 0.898963
v 0.061883 0.067603 0.898739
v 0.080000 0.069986 0.898600
v 0.098117 0.067599 0.898557
v 0.115000 0.060606 0.898613
v 0.129497 0.049483 0.898763
v 0.140621 0.034987 0.898997
v 0.147614 0.018107 0.899300
v 0.149999 -0.000007 0.899650
v 0.140999 -0.004006 0.699705
v 0.138887 -0.020048 0.700097
v 0.132694 -0.034996 0.700482
v 0.122841 -0.047832 0.700835
v 0.110001 -0.057681 0.701131
v 0.095048 -0.063872 0.701349
v 0.079001 -0.065982 0.701476
v 0.062955 -0.063869 0.701502
v 0.048001 -0.057675 0.701426
v 0.035161 -0.047824 0.701252
v 0.025308 -0.034986 0.700993
v 0.019114 -0.020037 0.700667
v 0.017001 -0.003994 0.700295
v 0.019113 0.012048 0.699903
v 0.025306 0.026996 0.699518
v 0.035159 0.039832 0.699165
v 0.047999 0.049681 0.698869
v 0.062952 0.055872 0.698651
v 0.078999 0.057982 0.698524
v 0.095045 0.055869 0.698498
v 0.109999 0.049675 0.698574
v 0.122839 0.039824 0.698748
v 0.132692 0.026986 0.699007
v 0.138886 0.012037 0.699333
v 0.140999 -0.004006 0.699705
v 0.129998 -0.010005 0.479505
v 0.128225 -0.023463 0.479522
v 0.123029 -0.036004 0.479571
v 0.114764 -0.046773 0.479650
v 0.103995 -0.055036 0.479752
v 0.091453 -0.060229 0.479872
v 0.077995 -0.062000 0.480000
v 0.064537 -0.060227 0.480128
v 0.051997 -0.055031 0.480248
v 0.041229 -0.046766 0.480350
v 0.032966 -0.035996 0.480429
v 0.027773 -0.023454 0.480478
v 0.026002 -0.009995 0.480495
v 0.027775 0.003463 0.480478
v 0.032971 0.016004 0.480429
v 0.041236 0.026773 0.480350
v 0.052005 0.035036 0.480248
v 0.064547 0.040229 0.480128
v 0.078005 0.042000 0.480000
v 0.091463 0.040227 0.479872
v 0.104003 0.035031 0.479752
v 0.114771 0.026766 0.479650
v 0.123034 0.015996 0.479571
v 0.128227 0.003454 0.479522
v 0.129998 -0.010005 0.479505
v 0.120995 -0.003999 0.279327
v 0.119424 -0.015901 0.279060
v 0.114825 -0.026992 0.278856
v 0.107513 -0.036516 0.278731
v 0.097985 -0.043825 0.278692
v 0.086890 -0.048419 0.278743
v 0.074985 -0.049986 0.278879
v 0.063081 -0.048420 0.279091
v 0.051989 -0.043826 0.279365
v 0.042466 -0.036518 0.279683
v 0.035160 -0.026994 0.280022
v 0.030568 -0.015903 0.280360
v 0.029005 -0.004001 0.280673
v 0.030576 0.007901 0.280940
v 0.035175 0.018992 0.281144
v 0.042487 0.028516 0.281269
v 0.052015 0.035825 0.281308
v 0.063110 0.040419 0.281257
v 0.075015 0.041986 0.281121
v 0.086919 0.040420 0.280909
v 0.098011 0.035826 0.280635
v 0.107534 0.028518 0.280317
v 0.114840 0.018994 0.279978
v 0.119432 0.007903 0.279640
v 0.120995 -0.003999 0.279327
v 0.111996 0.000001 0.069429
v 0.110631 -0.010350 0.069251
v 0.106633 -0.019996 0.069124
v 0.100274 -0.028278 0.069057
v 0.091989 -0.034634 0.069055
v 0.082342 -0.038630 0.069116
v 0.071990 -0.039993 0.069238
v 0.061639 -0.038630 0.069412
v 0.051993 -0.034635 0.069626
v 0.043712 -0.028280 0.069865
v 0.037358 -0.019997 0.070114
v 0.033364 -0.010352 0.070355
v 0.032004 -0.000001 0.070571
v 0.033369 0.010350 0.070749
v 0.037367 0.019996 0.070876
v 0.043726 0.028278 0.070943
v 0.052011 0.034634 0.070945
v 0.061658 0.038630 0.070884
v 0.072010 0.039993 0.070762
v 0.082361 0.038630 0.070588
v 0.092007 0.034635 0.070374
v 0.100288 0.028280 0.070135
v 0.106642 0.019997 0.069886
v 0.110636 0.010352 0.069645
v 0.111996 0.000001 0.069429
v 0.080000 0.000000 0.900000
v 0.149999 -0.000007 0.899650
v 0.147614 -0.018120 0.900024
v 0.140621 -0.034999 0.900397
v 0.129497 -0.049493 0.900742
v 0.115000 -0.060613 0.901037
v 0.098117 -0.067603 0.901261
v 0.080000 -0.069986 0.901400
v 0.061883 -0.067599 0.901443
v 0.045000 -0.060606 0.901387
v 0.030503 -0.049483 0.901237
v 0.019379 -0.034987 0.901003
v 0.012386 -0.018107 0.900700
v 0.010001 0.000007 0.900350
v 0.012386 0.018120 0.899976
v 0.019379 0.034999 0.899603
v 0.030503 0.049493 0.899258
v 0.045000 0.060613 0.898963
v 0.061883 0.067603 0.898739
v 0.080000 0.069986 0.898600
v 0.098117 0.067599 0.898557
v 0.115000 0.060606 0.898613
v 0.129497 0.049483 0.898763
v 0.140621 0.034987 0.898997
v 0.147614 0.018107 0.899300
v 0.149999 -0.000007 0.899650
v 0.072000 0.000000 0.070000
v 0.111996 0.000001 0.069429
v 0.110631 -0.010350 0.069251
v 0.106633 -0.019996 0.069124
v 0.100274 -0.028278 0.069057
v 0.091989 -0.034634 0.069055
v 0.082342 -0.038630 0.069116
v 0.071990 -0.039993 0.069238
v 0.061639 -0.038630 0.069412
v 0.051993 -0.034635 0.069626
v 0.043712 -0.028280 0.069865
v 0.037358 -0.019997 0.070114
v 0.033364 -0.010352 0.070355
v 0.032004 -0.000001 0.070571
v 0.033369 0.010350 0.070749
v 0.037367 0.019996 0.070876
v 0.043726 0.028278 0.070943
v 0.052011 0.034634 0.070945
v 0.061658 0.038630 0.070884
v 0.072010 0.039993 0.070762
v 0.082361 0.038630 0.070588
v 0.092007 0.034635 0.070374
v 0.100288 0.028280 0.070135
v 0.106642 0.019997 0.069886
v 0.110636 0.010352 0.069645
v 0.111996 0.000001 0.069429
v -0.000000 -0.000000 0.830000
v -0.000000 -0.000000 0.830000
v -0.000000 -0.000000 0.830000
v -0.000000 -0.000000 0.830000
v -0.000000 -0.000000 0.830000
v -0.000000 -0.000000 0.830000
v -0.000000 -0.000000 0.830000
v -0.000000 -0.000000 0.830000
v -0.000000 -0.000000 0.830000
v -0.000000 -0.000000 0.830000
v 0.000000 -0.000000 0.830000
v 0.000000 -0.000000 0.830000
v 0.000000 -0.000000 0.830000
v 0.000000 -0.000000 0.830000
v 0.000000 -0.000000 0.830000
v 0.000000 -0.000000 0.830000
v 0.000000 -0.000000 0.830000
v 0.000000 -0.000000 0.830000
v 0.000000 -0.000000 0.830000
v 0.000000 -0.000000 0.830000
v 0.000000 0.000000 0.830000
v 0.000000 0.000000 0.830000
v 0.000000 0.000000 0.830000
v 0.000000 0.000000 0.830000
v 0.000000 0.000000 0.830000
v 0.000000 0.000000 0.830000
v 0.000000 0.000000 0.830000
v 0.000000 0.000000 0.830000
v 0.000000 0.000000 0.830000
v 0.000000 0.000000 0.830000
v 0.000000 0.000000 0.830000
v -0.000000 0.000000 0.830000
v -0.000000 0.000000 0.830000
v -0.000000 0.000000 0.830000
v -0.000000 0.000000 0.830000
v -0.000000 0.000000 0.830000
v -0.000000 0.000000 0.830000
v -0.000000 0.000000 0.830000
v -0.000000 0.000000 0.830000
v -0.000000 0.000000 0.830000
v -0.000000 0.000000 0.830000
v -0.058140 -0.000000 0.831157
v -0.057638 -0.009725 0.831157
v -0.056133 -0.015662 0.831157
v -0.053628 -0.020502 0.831157
v -0.050124 -0.024565 0.831157
v -0.045616 -0.027958 0.831157
v -0.040080 -0.030721 0.831157
v -0.033451 -0.032869 0.831157
v -0.025554 -0.034404 0.831157
v -0.015867 -0.035326 0.831157
v 0.000000 -0.035634 0.831157
v 0.015867 -0.035326 0.831157
v 0.025554 -0.034404 0.831157
v 0.033451 -0.032869 0.831157
v 0.040080 -0.030721 0.831157
v 0.045616 -0.027958 0.831157
v 0.050124 -0.024565 0.831157
v 0.053628 -0.020502 0.831157
v 0.056133 -0.015662 0.831157
v 0.057638 -0.009725 0.831157
v 0.058140 0.000000 0.831157
v 0.057638 0.009725 0.831157
v 0.056133 0.015662 0.831157
v 0.053628 0.020502 0.831157
v 0.050124 0.024565 0.831157
v 0.045616 0.027958 0.831157
v 0.040080 0.030721 0.831157
v 0.033451 0.032869 0.831157
v 0.025554 0.034404 0.831157
v 0.015867 0.035326 0.831157
v 0.000000 0.035634 0.831157
v -0.015867 0.035326 0.831157
v -0.025554 0.034404 0.831157
v -0.033451 0.032869 0.831157
v -0.040080 0.030721 0.831157
v -0.045616 0.027958 0.831157
v -0.050124 0.024565 0.831157
v -0.053628 0.020502 0.831157
v -0.056133 0.015662 0.831157
v -0.057638 0.009725 0.831157
v -0.058140 0.000000 0.831157
v -0.087103 -0.000000 0.834639
v -0.086351 -0.014570 0.834639
v -0.084097 -0.023465 0.834639
v -0.080344 -0.030716 0.834639
v -0.075094 -0.036803 0.834639
v -0.068340 -0.041886 0.834639
v -0.060047 -0.046025 0.834639
v -0.050115 -0.049243 0.834639
v -0.038285 -0.051543 0.834639
v -0.023772 -0.052925 0.834639
v 0.000000 -0.053386 0.834639
v 0.023772 -0.052925 0.834639
v 0.038285 -0.051543 0.834639
v 0.050115 -0.049243 0.834639
v 0.060047 -0.046025 0.834639
v 0.068340 -0.041886 0.834639
v 0.075094 -0.036803 0.834639
v 0.080344 -0.030716 0.834639
v 0.084097 -0.023465 0.834639
v 0.086351 -0.014570 0.834639
v 0.087103 0.000000 0.834639
v 0.086351 0.014570 0.834639
v 0.084097 0.023465 0.834639
v 0.080344 0.030716 0.834639
v 0.075094 0.036803 0.834639
v 0.068340 0.041886 0.834639
v 0.060047 0.046025 0.834639
v 0.050115 0.049243 0.834639
v 0.038285 0.051543 0.834639
v 0.023772 0.052925 0.834639
v 0.000000 0.053386 0.834639
v -0.023772 0.052925 0.834639
v -0.038285 0.051543 0.834639
v -0.050115 0.049243 0.834639
v -0.060047 0.046025 0.834639
v -0.068340 0.041886 0.834639
v -0.075094 0.036803 0.834639
v -0.080344 0.030716 0.834639
v -0.084097 0.023465 0.834639
v -0.086351 0.014570 0.834639
v -0.087103 0.000000 0.834639
v -0.108937 -0.000000 0.840483
v -0.107996 -0.018222 0.840483
v -0.105177 -0.029346 0.840483
v -0.100483 -0.038415 0.840483
v -0.093917 -0.046028 0.840483
v -0.085470 -0.052385 0.840483
v -0.075098 -0.057562 0.840483
v -0.062677 -0.061586 0.840483
v -0.047881 -0.064463 0.840483
v -0.029731 -0.066191 0.840483
v 0.000000 -0.066768 0.840483
v 0.029731 -0.066191 0.840483
v 0.047881 -0.064463 0.840483
v 0.062677 -0.061586 0.840483
v 0.075098 -0.057562 0.840483
v 0.085470 -0.052385 0.840483
v 0.093917 -0.046028 0.840483
v 0.100483 -0.038415 0.840483
v 0.105177 -0.029346 0.840483
v 0.107996 -0.018222 0.840483
v 0.108937 0.000000 0.840483
v 0.107996 0.018222 0.840483
v 0.105177 0.029346 0.840483
v 0.100483 0.038415 0.840483
v 0.093917 0.046028 0.840483
v 0.085470 0.052385 0.840483
v 0.075098 0.057562 0.840483
v 0.062677 0.061586 0.840483
v 0.047881 0.064463 0.840483
v 0.029731 0.066191 0.840483
v 0.000000 0.066768 0.840483
v -0.029731 0.066191 0.840483
v -0.047881 0.064463 0.840483
v -0.062677 0.061586 0.840483
v -0.075098 0.057562 0.840483
v -0.085470 0.052385 0.840483
v -0.093917 0.046028 0.840483
v -0.100483 0.038415 0.840483
v -0.105177 0.029346 0.840483
v -0.107996 0.018222 0.840483
v -0.108937 0.000000 0.840483
v -0.125899 -0.000000 0.848775
v -0.124812 -0.021059 0.848775
v -0.121553 -0.033916 0.848775
v -0.116129 -0.044396 0.848775
v -0.108541 -0.053195 0.848775
v -0.098778 -0.060542 0.848775
v -0.086791 -0.066525 0.848775
v -0.072436 -0.071176 0.848775
v -0.055336 -0.074500 0.848775
v -0.034360 -0.076498 0.848775
v 0.000000 -0.077164 0.848775
v 0.034360 -0.076498 0.848775
v 0.055336 -0.074500 0.848775
v 0.072436 -0.071176 0.848775
v 0.086791 -0.066525 0.848775
v 0.098778 -0.060542 0.848775
v 0.108541 -0.053195 0.848775
v 0.116129 -0.044396 0.848775
v 0.121553 -0.033916 0.848775
v 0.124812 -0.021059 0.848775
v 0.125899 0.000000 0.848775
v 0.124812 0.021059 0.848775
v 0.121553 0.033916 0.848775
v 0.116129 0.044396 0.848775
v 0.108541 0.053195 0.848775
v 0.098778 0.060542 0.848775
v 0.086791 0.066525 0.848775
v 0.072436 0.071176 0.848775
v 0.055336 0.074500 0.848775
v 0.034360 0.076498 0.848775
v 0.000000 0.077164 0.848775
v -0.034360 0.076498 0.848775
v -0.055336 0.074500 0.848775
v -0.072436 0.071176 0.848775
v -0.086791 0.066525 0.848775
v -0.098778 0.060542 0.848775
v -0.108541 0.053195 0.848775
v -0.116129 0.044396 0.848775
v -0.121553 0.033916 0.848775
v -0.124812 0.021059 0.848775
v -0.125899 0.000000 0.848775
v -0.138752 -0.000000 0.859718
v -0.137554 -0.023209 0.859718
v -0.133963 -0.037378 0.859718
v -0.127984 -0.048929 0.859718
v -0.119622 -0.058625 0.859718
v -0.108863 -0.066722 0.859718
v -0.095652 -0.073317 0.859718
v -0.079831 -0.078442 0.859718
v -0.060986 -0.082106 0.859718
v -0.037868 -0.084307 0.859718
v 0.000000 -0.085042 0.859718
v 0.037868 -0.084307 0.859718
v 0.060986 -0.082106 0.859718
v 0.079831 -0.078442 0.859718
v 0.095652 -0.073317 0.859718
v 0.108863 -0.066722 0.859718
v 0.119622 -0.058625 0.859718
v 0.127984 -0.048929 0.859718
v 0.133963 -0.037378 0.859718
v 0.137554 -0.023209 0.859718
v 0.138752 0.000000 0.859718
v 0.137554 0.023209 0.859718
v 0.133963 0.037378 0.859718
v 0.127984 0.048929 0.859718
v 0.119622 0.058625 0.859718
v 0.108863 0.066722 0.859718
v 0.095652 0.073317 0.859718
v 0.079831 0.078442 0.859718
v 0.060986 0.082106 0.859718
v 0.037868 0.084307 0.859718
v 0.000000 0.085042 0.859718
v -0.037868 0.084307 0.859718
v -0.060986 0.082106 0.859718
v -0.079831 0.078442 0.859718
v -0.095652 0.073317 0.859718
v -0.108863 0.066722 0.859718
v -0.119622 0.058625 0.859718
v -0.127984 0.048929 0.859718
v -0.133963 0.037378 0.859718
v -0.137554 0.023209 0.859718
v -0.138752 0.000000 0.859718
v -0.147809 -0.000000 0.873804
v -0.146533 -0.024724 0.873804
v -0.142707 -0.039818 0.873804
v -0.136338 -0.052123 0.873804
v -0.127430 -0.062452 0.873804
v -0.115969 -0.071078 0.873804
v -0.101895 -0.078102 0.873804
v -0.085042 -0.083562 0.873804
v -0.064966 -0.087466 0.873804
v -0.040340 -0.089810 0.873804
v 0.000000 -0.090593 0.873804
v 0.040340 -0.089810 0.873804
v 0.064966 -0.087466 0.873804
v 0.085042 -0.083562 0.873804
v 0.101895 -0.078102 0.873804
v 0.115969 -0.071078 0.873804
v 0.127430 -0.062452 0.873804
v 0.136338 -0.052123 0.873804
v 0.142707 -0.039818 0.873804
v 0.146533 -0.024724 0.873804
v 0.147809 0.000000 0.873804
v 0.146533 0.024724 0.873804
v 0.142707 0.039818 0.873804
v 0.136338 0.052123 0.873804
v 0.127430 0.062452 0.873804
v 0.115969 0.071078 0.873804
v 0.101895 0.078102 0.873804
v 0.085042 0.083562 0.873804
v 0.064966 0.087466 0.873804
v 0.040340 0.089810 0.873804
v 0.000000 0.090593 0.873804
v -0.040340 0.089810 0.873804
v -0.064966 0.087466 0.873804
v -0.085042 0.083562 0.873804
v -0.101895 0.078102 0.873804
v -0.115969 0.071078 0.873804
v -0.127430 0.062452 0.873804
v -0.136338 0.052123 0.873804
v -0.142707 0.039818 0.873804
v -0.146533 0.024724 0.873804
v -0.147809 0.000000 0.873804
v -0.153206 -0.000000 0.892490
v -0.151883 -0.025627 0.892490
v -0.147918 -0.041272 0.892490
v -0.141316 -0.054026 0.892490
v -0.132083 -0.064732 0.892490
v -0.120203 -0.073673 0.892490
v -0.105616 -0.080954 0.892490
v -0.088147 -0.086613 0.892490
v -0.067339 -0.090659 0.892490
v -0.041813 -0.093090 0.892490
v 0.000000 -0.093901 0.892490
v 0.041813 -0.093090 0.892490
v 0.067339 -0.090659 0.892490
v 0.088147 -0.086613 0.892490
v 0.105616 -0.080954 0.892490
v 0.120203 -0.073673 0.892490
v 0.132083 -0.064732 0.892490
v 0.141316 -0.054026 0.892490
v 0.147918 -0.041272 0.892490
v 0.151883 -0.025627 0.892490
v 0.153206 0.000000 0.892490
v 0.151883 0.025627 0.892490
v 0.147918 0.041272 0.892490
v 0.141316 0.054026 0.892490
v 0.132083 0.064732 0.892490
v 0.120203 0.073673 0.892490
v 0.105616 0.080954 0.892490
v 0.088147 0.086613 0.892490
v 0.067339 0.090659 0.892490
v 0.041813 0.093090 0.892490
v 0.000000 0.093901 0.892490
v -0.041813 0.093090 0.892490
v -0.067339 0.090659 0.892490
v -0.088147 0.086613 0.892490
v -0.105616 0.080954 0.892490
v -0.120203 0.073673 0.892490
v -0.132083 0.064732 0.892490
v -0.141316 0.054026 0.892490
v -0.147918 0.041272 0.892490
v -0.151883 0.025627 0.892490
v -0.153206 0.000000 0.892490
v -0.155000 -0.000000 0.930000
v -0.153662 -0.025927 0.930000
v -0.149650 -0.041755 0.930000
v -0.142971 -0.054658 0.930000
v -0.133629 -0.065490 0.930000
v -0.121611 -0.074535 0.930000
v -0.106853 -0.081902 0.930000
v -0.089179 -0.087627 0.930000
v -0.068127 -0.091721 0.930000
v -0.042302 -0.094180 0.930000
v 0.000000 -0.095000 0.930000
v 0.042302 -0.094180 0.930000
v 0.068127 -0.091721 0.930000
v 0.089179 -0.087627 0.930000
v 0.106853 -0.081902 0.930000
v 0.121611 -0.074535 0.930000
v 0.133629 -0.065490 0.930000
v 0.142971 -0.054658 0.930000
v 0.149650 -0.041755 0.930000
v 0.153662 -0.025927 0.930000
v 0.155000 0.000000 0.930000
v 0.153662 0.025927 0.930000
v 0.149650 0.041755 0.930000
v 0.142971 0.054658 0.930000
v 0.133629 0.065490 0.930000
v 0.121611 0.074535 0.930000
v 0.106853 0.081902 0.930000
v 0.089179 0.087627 0.930000
v 0.068127 0.091721 0.930000
v 0.042302 0.094180 0.930000
v 0.000000 0.095000 0.930000
v -0.042302 0.094180 0.930000
v -0.068127 0.091721 0.930000
v -0.089179 0.087627 0.930000
v -0.106853 0.081902 0.930000
v -0.121611 0.074535 0.930000
v -0.133629 0.065490 0.930000
v -0.142971 0.054658 0.930000
v -0.149650 0.041755 0.930000
v -0.153662 0.025927 0.930000
v -0.155000 0.000000 0.930000
v -0.153206 -0.000000 0.967510
v -0.151883 -0.025627 0.967510
v -0.147918 -0.041272 0.967510
v -0.141316 -0.054026 0.967510
v -0.132083 -0.064732 0.967510
v -0.120203 -0.073673 0.967510
v -0.105616 -0.080954 0.967510
v -0.088147 -0.086613 0.967510
v -0.067339 -0.090659 0.967510
v -0.041813 -0.093090 0.967510
v 0.000000 -0.093901 0.967510
v 0.041813 -0.093090 0.967510
v 0.067339 -0.090659 0.967510
v 0.088147 -0.086613 0.967510
v 0.105616 -0.080954 0.967510
v 0.120203 -0.073673 0.967510
v 0.132083 -0.064732 0.967510
v 0.141316 -0.054026 0.967510
v 0.147918 -0.041272 0.967510
v 0.151883 -0.025627 0.967510
v 0.153206 0.000000 0.967510
v 0.151883 0.025627 0.967510
v 0.147918 0.041272 0.967510
v 0.141316 0.054026 0.967510
v 0.132083 0.064732 0.967510
v 0.120203 0.073673 0.967510
v 0.105616 0.080954 0.967510
v 0.088147 0.086613 0.967510
v 0.067339 0.090659 0.967510
v 0.041813 0.093090 0.967510
v 0.000000 0.093901 0.967510
v -0.041813 0.093090 0.967510
v -0.067339 0.090659 0.967510
v -0.088147 0.086613 0.967510
v -0.105616 0.080954 0.967510
v -0.120203 0.073673 0.967510
v -0.132083 0.064732 0.967510
v -0.141316 0.054026 0.967510
v -0.147918 0.041272 0.967510
v -0.151883 0.025627 0.967510
v -0.153206 0.000000 0.967510
v -0.147809 -0.000000 0.986196
v -0.146533 -0.024724 0.986196
v -0.142707 -0.039818 0.986196
v -0.136338 -0.052123 0.986196
v -0.127430 -0.062452 0.986196
v -0.115969 -0.071078 0.986196
v -0.101895 -0.078102 0.986196
v -0.085042 -0.083562 0.986196
v -0.064966 -0.087466 0.986196
v -0.040340 -0.089810 0.986196
v 0.000000 -0.090593 0.986196
v 0.040340 -0.089810 0.986196
v 0.064966 -0.087466 0.986196
v 0.085042 -0.083562 0.986196
v 0.101895 -0.078102 0.986196
v 0.115969 -0.071078 0.986196
v 0.127430 -0.062452 0.986196
v 0.136338 -0.052123 0.986196
v 0.142707 -0.039818 0.986196
v 0.146533 -0.024724 0.986196
v 0.147809 0.000000 0.986196
v 0.146533 0.024724 0.986196
v 0.142707 0.039818 0.986196
v 0.136338 0.052123 0.986196
v 0.127430 0.062452 0.986196
v 0.115969 0.071078 0.986196
v 0.101895 0.078102 0.986196
v 0.085042 0.083562 0.986196
v 0.064966 0.087466 0.986196
v 0.040340 0.089810 0.986196
v 0.000000 0.090593 0.986196
v -0.040340 0.089810 0.986196
v -0.064966 0.087466 0.986196
v -0.085042 0.083562 0.986196
v -0.101895 0.078102 0.986196
v -0.115969 0.071078 0.986196
v -0.127430 0.062452 0.986196
v -0.136338 0.052123 0.986196
v -0.142707 0.039818 0.986196
v -0.146533 0.024724 0.986196
v -0.147809 0.000000 0.986196
v -0.138752 -0.000000 1.000282
v -0.137554 -0.023209 1.000282
v -0.133963 -0.037378 1.000282
v -0.127984 -0.048929 1.000282
v -0.119622 -0.058625 1.000282
v -0.108863 -0.066722 1.000282
v -0.095652 -0.073317 1.000282
v -0.079831 -0.078442 1.000282
v -0.060986 -0.082106 1.000282
v -0.037868 -0.084307 1.000282
v 0.000000 -0.085042 1.000282
v 0.037868 -0.084307 1.000282
v 0.060986 -0.082106 1.000282
v 0.079831 -0.078442 1.000282
v 0.095652 -0.073317 1.000282
v 0.108863 -0.066722 1.000282
v 0.119622 -0.058625 1.000282
v 0.127984 -0.048929 1.000282
v 0.133963 -0.037378 1.000282
v 0.137554 -0.023209 1.000282
v 0.138752 0.000000 1.000282
v 0.137554 0.023209 1.000282
v 0.133963 0.037378 1.000282
v 0.127984 0.048929 1.000282
v 0.119622 0.058625 1.000282
v 0.108863 0.066722 1.000282
v 0.095652 0.073317 1.000282
v 0.079831 0.078442 1.000282
v 0.060986 0.082106 1.000282
v 0.037868 0.084307 1.000282
v 0.000000 0.085042 1.000282
v -0.037868 0.084307 1.000282
v -0.060986 0.082106 1.000282
v -0.079831 0.078442 1.000282
v -0.095652 0.073317 1.000282
v -0.108863 0.066722 1.000282
v -0.119622 0.058625 1.000282
v -0.127984 0.048929 1.000282
v -0.133963 0.037378 1.000282
v -0.137554 0.023209 1.000282
v -0.138752 0.000000 1.000282
v -0.125899 -0.000000 1.011225
v -0.124812 -0.021059 1.011225
v -0.121553 -0.033916 1.011225
v -0.116129 -0.044396 1.011225
v -0.108541 -0.053195 1.011225
v -0.098778 -0.060542 1.011225
v -0.086791 -0.066525 1.011225
v -0.072436 -0.071176 1.011225
v -0.055336 -0.074500 1.011225
v -0.034360 -0.076498 1.011225
v 0.000000 -0.077164 1.011225
v 0.034360 -0.076498 1.011225
v 0.055336 -0.074500 1.011225
v 0.072436 -0.071176 1.011225
v 0.086791 -0.066525 1.011225
v 0.098778 -0.060542 1.011225
v 0.108541 -0.053195 1.011225
v 0.116129 -0.044396 1.011225
v 0.121553 -0.033916 1.011225
v 0.124812 -0.021059 1.011225
v 0.125899 0.000000 1.011225
v 0.124812 0.021059 1.011225
v 0.121553 0.033916 1.011225
v 0.116129 0.044396 1.011225
v 0.108541 0.053195 1.011225
v 0.098778 0.060542 1.011225
v 0.086791 0.066525 1.011225
v 0.072436 0.071176 1.011225
v 0.055336 0.074500 1.011225
v 0.034360 0.076498 1.011225
v 0.000000 0.077164 1.011225
v -0.034360 0.076498 1.011225
v -0.055336 0.074500 1.011225
v -0.072436 0.071176 1.011225
v -0.086791 0.066525 1.011225
v -0.098778 0.060542 1.011225
v -0.108541 0.053195 1.011225
v -0.116129 0.044396 1.011225
v -0.121553 0.033916 1.011225
v -0.124812 0.021059 1.011225
v -0.125899 0.000000 1.011225
v -0.108937 -0.000000 1.019517
v -0.107996 -0.018222 1.019517
v -0.105177 -0.029346 1.019517
v -0.100483 -0.038415 1.019517
v -0.093917 -0.046028 1.019517
v -0.085470 -0.052385 1.019517
v -0.075098 -0.057562 1.019517
v -0.062677 -0.061586 1.019517
v -0.047881 -0.064463 1.019517
v -0.029731 -0.066191 1.019517
v 0.000000 -0.066768 1.019517
v 0.029731 -0.066191 1.019517
v 0.047881 -0.064463 1.019517
v 0.062677 -0.061586 1.019517
v 0.075098 -0.057562 1.019517
v 0.085470 -0.052385 1.019517
v 0.093917 -0.046028 1.019517
v 0.100483 -0.038415 1.019517
v 0.105177 -0.029346 1.019517
v 0.107996 -0.018222 1.019517
v 0.108937 0.000000 1.019517
v 0.107996 0.018222 1.019517
v 0.105177 0.029346 1.019517
v 0.100483 0.038415 1.019517
v 0.093917 0.046028 1.019517
v 0.085470 0.052385 1.019517
v 0.075098 0.057562 1.019517
v 0.062677 0.061586 1.019517
v 0.047881 0.064463 1.019517
v 0.029731 0.066191 1.019517
v 0.000000 0.066768 1.019517
v -0.029731 0.066191 1.019517
v -0.047881 0.064463 1.019517
v -0.062677 0.061586 1.019517
v -0.075098 0.057562 1.019517
v -0.085470 0.052385 1.019517
v -0.093917 0.046028 1.019517
v -0.100483 0.038415 1.019517
v -0.105177 0.029346 1.019517
v -0.107996 0.018222 1.019517
v -0.108937 0.000000 1.019517
v -0.087103 -0.000000 1.025361
v -0.086351 -0.014570 1.025361
v -0.084097 -0.023465 1.025361
v -0.080344 -0.030716 1.025361
v -0.075094 -0.036803 1.025361
v -0.068340 -0.041886 1.025361
v -0.060047 -0.046025 1.025361
v -0.050115 -0.049243 1.025361
v -0.038285 -0.051543 1.025361
v -0.023772 -0.052925 1.025361
v 0.000000 -0.053386 1.025361
v 0.023772 -0.052925 1.025361
v 0.038285 -0.051543 1.025361
v 0.050115 -0.049243 1.025361
v 0.060047 -0.046025 1.025361
v 0.068340 -0.041886 1.025361
v 0.075094 -0.036803 1.025361
v 0.080344 -0.030716 1.025361
v 0.084097 -0.023465 1.025361
v 0.086351 -0.014570 1.025361
v 0.087103 0.000000 1.025361
v 0.086351 0.014570 1.025361
v 0.084097 0.023465 1.025361
v 0.080344 0.030716 1.025361
v 0.075094 0.036803 1.025361
v 0.068340 0.041886 1.025361
v 0.060047 0.046025 1.025361
v 0.050115 0.049243 1.025361
v 0.038285 0.051543 1.025361
v 0.023772 0.052925 1.025361
v 0.000000 0.053386 1.025361
v -0.023772 0.052925 1.025361
v -0.038285 0.051543 1.025361
v -0.050115 0.049243 1.025361
v -0.060047 0.046025 1.025361
v -0.068340 0.041886 1.025361
v -0.075094 0.036803 1.025361
v -0.080344 0.030716 1.025361
v -0.084097 0.023465 1.025361
v -0.086351 0.014570 1.025361
v -0.087103 0.000000 1.025361
v -0.058140 -0.000000 1.028843
v -0.057638 -0.009725 1.028843
v -0.056133 -0.015662 1.028843
v -0.053628 -0.020502 1.028843
v -0.050124 -0.024565 1.028843
v -0.045616 -0.027958 1.028843
v -0.040080 -0.030721 1.028843
v -0.033451 -0.032869 1.028843
v -0.025554 -0.034404 1.028843
v -0.015867 -0.035326 1.028843
v 0.000000 -0.035634 1.028843
v 0.015867 -0.035326 1.028843
v 0.025554 -0.034404 1.028843
v 0.033451 -0.032869 1.028843
v 0.040080 -0.030721 1.028843
v 0.045616 -0.027958 1.028843
v 0.050124 -0.024565 1.028843
v 0.053628 -0.020502 1.028843
v 0.056133 -0.015662 1.028843
v 0.057638 -0.009725 1.028843
v 0.058140 0.000000 1.028843
v 0.057638 0.009725 1.028843
v 0.056133 0.015662 1.028843
v 0.053628 0.020502 1.028843
v 0.050124 0.024565 1.028843
v 0.045616 0.027958 1.028843
v 0.040080 0.030721 1.028843
v 0.033451 0.032869 1.028843
v 0.025554 0.034404 1.028843
v 0.015867 0.035326 1.028843
v 0.000000 0.035634 1.028843
v -0.015867 0.035326 1.028843
v -0.025554 0.034404 1.028843
v -0.033451 0.032869 1.028843
v -0.040080 0.030721 1.028843
v -0.045616 0.027958 1.028843
v -0.050124 0.024565 1.028843
v -0.053628 0.020502 1.028843
v -0.056133 0.015662 1.028843
v -0.057638 0.009725 1.028843
v -0.058140 0.000000 1.028843
v -0.000000 -0.000000 1.030000
v -0.000000 -0.000000 1.030000
v -0.000000 -0.000000 1.030000
v -0.000000 -0.000000 1.030000
v -0.000000 -0.000000 1.030000
v -0.000000 -0.000000 1.030000
v -0.000000 -0.000000 1.030000
v -0.000000 -0.000000 1.030000
v -0.000000 -0.000000 1.030000
v -0.000000 -0.000000 1.030000
v 0.000000 -0.000000 1.030000
v 0.000000 -0.000000 1.030000
v 0.000000 -0.000000 1.030000
v 0.000000 -0.000000 1.030000
v 0.000000 -0.000000 1.030000
v 0.000000 -0.000000 1.030000
v 0.000000 -0.000000 1.030000
v 0.000000 -0.000000 1.030000
v 0.000000 -0.000000 1.030000
v 0.000000 -0.000000 1.030000
v 0.000000 0.000000 1.030000
v 0.000000 0.000000 1.030000
v 0.000000 0.000000 1.030000
v 0.000000 0.000000 1.030000
v 0.000000 0.000000 1.030000
v 0.000000 0.000000 1.030000
v 0.000000 0.000000 1.030000
v 0.000000 0.000000 1.030000
v 0.000000 0.000000 1.030000
v 0.000000 0.000000 1.030000
v 0.000000 0.000000 1.030000
v -0.000000 0.000000 1.030000
v -0.000000 0.000000 1.030000
v -0.000000 0.000000 1.030000
v -0.000000 0.000000 1.030000
v -0.000000 0.000000 1.030000
v -0.000000 0.000000 1.030000
v -0.000000 0.000000 1.030000
v -0.000000 0.000000 1.030000
v -0.000000 0.000000 1.030000
v -0.000000 0.000000 1.030000
v -0.000000 -0.000000 0.880000
v -0.000000 -0.000000 0.880000
v -0.000000 -0.000000 0.880000
v -0.000000 -0.000000 0.880000
v -0.000000 -0.000000 0.880000
v -0.000000 -0.000000 0.880000
v -0.000000 -0.000000 0.880000
v -0.000000 -0.000000 0.880000
v -0.000000 -0.000000 0.880000
v -0.000000 -0.000000 0.880000
v -0.000000 -0.000000 0.880000
v -0.000000 -0.000000 0.880000
v 0.000000 -0.000000 0.880000
v 0.000000 -0.000000 0.880000
v 0.000000 -0.000000 0.880000
v 0.000000 -0.000000 0.880000
v 0.000000 -0.000000 0.880000
v 0.000000 -0.000000 0.880000
v 0.000000 -0.000000 0.880000
v 0.000000 -0.000000 0.880000
v 0.000000 -0.000000 0.880000
v 0.000000 -0.000000 0.880000
v 0.000000 -0.000000 0.880000
v 0.000000 -0.000000 0.880000
v 0.000000 0.000000 0.880000
v 0.000000 0.000000 0.880000
v 0.000000 0.000000 0.880000
v 0.000000 0.000000 0.880000
v 0.000000 0.000000 0.880000
v 0.000000 0.000000 0.880000
v 0.000000 0.000000 0.880000
v 0.000000 0.000000 0.880000
v 0.000000 0.000000 0.880000
v 0.000000 0.000000 0.880000
v 0.000000 0.000000 0.880000
v 0.000000 0.000000 0.880000
v 0.000000 0.000000 0.880000
v -0.000000 0.000000 0.880000
v -0.000000 0.000000 0.880000
v -0.000000 0.000000 0.880000
v -0.000000 0.000000 0.880000
v -0.000000 0.000000 0.880000
v -0.000000 0.000000 0.880000
v -0.000000 0.000000 0.880000
v -0.000000 0.000000 0.880000
v -0.000000 0.000000 0.880000
v -0.000000 0.000000 0.880000
v -0.000000 0.000000 0.880000
v -0.000000 0.000000 0.880000
v -0.045684 -0.000000 0.881179
v -0.045410 -0.007453 0.881179
v -0.044588 -0.012035 0.881179
v -0.043221 -0.015825 0.881179
v -0.041308 -0.019083 0.881179
v -0.038850 -0.021901 0.881179
v -0.035843 -0.024322 0.881179
v -0.032276 -0.026362 0.881179
v -0.028122 -0.028030 0.881179
v -0.023321 -0.029328 0.881179
v -0.017736 -0.030256 0.881179
v -0.010984 -0.030814 0.881179
v 0.000000 -0.031000 0.881179
v 0.010984 -0.030814 0.881179
v 0.017736 -0.030256 0.881179
v 0.023321 -0.029328 0.881179
v 0.028122 -0.028030 0.881179
v 0.032276 -0.026362 0.881179
v 0.035843 -0.024322 0.881179
v 0.038850 -0.021901 0.881179
v 0.041308 -0.019083 0.881179
v 0.043221 -0.015825 0.881179
v 0.044588 -0.012035 0.881179
v 0.045410 -0.007453 0.881179
v 0.045684 0.000000 0.881179
v 0.045410 0.007453 0.881179
v 0.044588 0.012035 0.881179
v 0.043221 0.015825 0.881179
v 0.041308 0.019083 0.881179
v 0.038850 0.021901 0.881179
v 0.035843 0.024322 0.881179
v 0.032276 0.026362 0.881179
v 0.028122 0.028030 0.881179
v 0.023321 0.029328 0.881179
v 0.017736 0.030256 0.881179
v 0.010984 0.030814 0.881179
v 0.000000 0.031000 0.881179
v -0.010984 0.030814 0.881179
v -0.017736 0.030256 0.881179
v -0.023321 0.029328 0.881179
v -0.028122 0.028030 0.881179
v -0.032276 0.026362 0.881179
v -0.035843 0.024322 0.881179
v -0.038850 0.021901 0.881179
v -0.041308 0.019083 0.881179
v -0.043221 0.015825 0.881179
v -0.044588 0.012035 0.881179
v -0.045410 0.007453 0.881179
v -0.045684 0.000000 0.881179
v -0.066570 -0.000000 0.884722
v -0.066170 -0.010861 0.884722
v -0.064974 -0.017538 0.884722
v -0.062981 -0.023060 0.884722
v -0.060193 -0.027807 0.884722
v -0.056611 -0.031914 0.884722
v -0.052229 -0.035441 0.884722
v -0.047032 -0.038415 0.884722
v -0.040978 -0.040845 0.884722
v -0.033983 -0.042737 0.884722
v -0.025845 -0.044089 0.884722
v -0.016005 -0.044901 0.884722
v 0.000000 -0.045172 0.884722
v 0.016005 -0.044901 0.884722
v 0.025845 -0.044089 0.884722
v 0.033983 -0.042737 0.884722
v 0.040978 -0.040845 0.884722
v 0.047032 -0.038415 0.884722
v 0.052229 -0.035441 0.884722
v 0.056611 -0.031914 0.884722
v 0.060193 -0.027807 0.884722
v 0.062981 -0.023060 0.884722
v 0.064974 -0.017538 0.884722
v 0.066170 -0.010861 0.884722
v 0.066570 0.000000 0.884722
v 0.066170 0.010861 0.884722
v 0.064974 0.017538 0.884722
v 0.062981 0.023060 0.884722
v 0.060193 0.027807 0.884722
v 0.056611 0.031914 0.884722
v 0.052229 0.035441 0.884722
v 0.047032 0.038415 0.884722
v 0.040978 0.040845 0.884722
v 0.033983 0.042737 0.884722
v 0.025845 0.044089 0.884722
v 0.016005 0.044901 0.884722
v 0.000000 0.045172 0.884722
v -0.016005 0.044901 0.884722
v -0.025845 0.044089 0.884722
v -0.033983 0.042737 0.884722
v -0.040978 0.040845 0.884722
v -0.047032 0.038415 0.884722
v -0.052229 0.035441 0.884722
v -0.056611 0.031914 0.884722
v -0.060193 0.027807 0.884722
v -0.062981 0.023060 0.884722
v -0.064974 0.017538 0.884722
v -0.066170 0.010861 0.884722
v -0.066570 0.000000 0.884722
v -0.082545 -0.000000 0.890653
v -0.082050 -0.013467 0.890653
v -0.080566 -0.021746 0.890653
v -0.078095 -0.028594 0.890653
v -0.074638 -0.034480 0.890653
v -0.070197 -0.039573 0.890653
v -0.064763 -0.043947 0.890653
v -0.058318 -0.047633 0.890653
v -0.050812 -0.050647 0.890653
v -0.042138 -0.052993 0.890653
v -0.032047 -0.054670 0.890653
v -0.019846 -0.055677 0.890653
v 0.000000 -0.056013 0.890653
v 0.019846 -0.055677 0.890653
v 0.032047 -0.054670 0.890653
v 0.042138 -0.052993 0.890653
v 0.050812 -0.050647 0.890653
v 0.058318 -0.047633 0.890653
v 0.064763 -0.043947 0.890653
v 0.070197 -0.039573 0.890653
v 0.074638 -0.034480 0.890653
v 0.078095 -0.028594 0.890653
v 0.080566 -0.021746 0.890653
v 0.082050 -0.013467 0.890653
v 0.082545 0.000000 0.890653
v 0.082050 0.013467 0.890653
v 0.080566 0.021746 0.890653
v 0.078095 0.028594 0.890653
v 0.074638 0.034480 0.890653
v 0.070197 0.039573 0.890653
v 0.064763 0.043947 0.890653
v 0.058318 0.047633 0.890653
v 0.050812 0.050647 0.890653
v 0.042138 0.052993 0.890653
v 0.032047 0.054670 0.890653
v 0.019846 0.055677 0.890653
v 0.000000 0.056013 0.890653
v -0.019846 0.055677 0.890653
v -0.032047 0.054670 0.890653
v -0.042138 0.052993 0.890653
v -0.050812 0.050647 0.890653
v -0.058318 0.047633 0.890653
v -0.064763 0.043947 0.890653
v -0.070197 0.039573 0.890653
v -0.074638 0.034480 0.890653
v -0.078095 0.028594 0.890653
v -0.080566 0.021746 0.890653
v -0.082050 0.013467 0.890653
v -0.082545 0.000000 0.890653
v -0.095623 -0.000000 0.899016
v -0.095049 -0.015601 0.899016
v -0.093330 -0.025192 0.899016
v -0.090467 -0.033124 0.899016
v -0.086464 -0.039943 0.899016
v -0.081318 -0.045843 0.899016
v -0.075024 -0.050909 0.899016
v -0.067558 -0.055180 0.899016
v -0.058863 -0.058672 0.899016
v -0.048815 -0.061389 0.899016
v -0.037124 -0.063331 0.899016
v -0.022991 -0.064498 0.899016
v 0.000000 -0.064887 0.899016
v 0.022991 -0.064498 0.899016
v 0.037124 -0.063331 0.899016
v 0.048815 -0.061389 0.899016
v 0.058863 -0.058672 0.899016
v 0.067558 -0.055180 0.899016
v 0.075024 -0.050909 0.899016
v 0.081318 -0.045843 0.899016
v 0.086464 -0.039943 0.899016
v 0.090467 -0.033124 0.899016
v 0.093330 -0.025192 0.899016
v 0.095049 -0.015601 0.899016
v 0.095623 0.000000 0.899016
v 0.095049 0.015601 0.899016
v 0.093330 0.025192 0.899016
v 0.090467 0.033124 0.899016
v 0.086464 0.039943 0.899016
v 0.081318 0.045843 0.899016
v 0.075024 0.050909 0.899016
v 0.067558 0.055180 0.899016
v 0.058863 0.058672 0.899016
v 0.048815 0.061389 0.899016
v 0.037124 0.063331 0.899016
v 0.022991 0.064498 0.899016
v 0.000000 0.064887 0.899016
v -0.022991 0.064498 0.899016
v -0.037124 0.063331 0.899016
v -0.048815 0.061389 0.899016
v -0.058863 0.058672 0.899016
v -0.067558 0.055180 0.899016
v -0.075024 0.050909 0.899016
v -0.081318 0.045843 0.899016
v -0.086464 0.039943 0.899016
v -0.090467 0.033124 0.899016
v -0.093330 0.025192 0.899016
v -0.095049 0.015601 0.899016
v -0.095623 0.000000 0.899016
v -0.106555 -0.000000 0.909887
v -0.105916 -0.017384 0.909887
v -0.104000 -0.028072 0.909887
v -0.100810 -0.036911 0.909887
v -0.096349 -0.044509 0.909887
v -0.090615 -0.051084 0.909887
v -0.083601 -0.056730 0.909887
v -0.075281 -0.061489 0.909887
v -0.065592 -0.065379 0.909887
v -0.054395 -0.068407 0.909887
v -0.041369 -0.070572 0.909887
v -0.025619 -0.071872 0.909887
v 0.000000 -0.072305 0.909887
v 0.025619 -0.071872 0.909887
v 0.041369 -0.070572 0.909887
v 0.054395 -0.068407 0.909887
v 0.065592 -0.065379 0.909887
v 0.075281 -0.061489 0.909887
v 0.083601 -0.056730 0.909887
v 0.090615 -0.051084 0.909887
v 0.096349 -0.044509 0.909887
v 0.100810 -0.036911 0.909887
v 0.104000 -0.028072 0.909887
v 0.105916 -0.017384 0.909887
v 0.106555 0.000000 0.909887
v 0.105916 0.017384 0.909887
v 0.104000 0.028072 0.909887
v 0.100810 0.036911 0.909887
v 0.096349 0.044509 0.909887
v 0.090615 0.051084 0.909887
v 0.083601 0.056730 0.909887
v 0.075281 0.061489 0.909887
v 0.065592 0.065379 0.909887
v 0.054395 0.068407 0.909887
v 0.041369 0.070572 0.909887
v 0.025619 0.071872 0.909887
v 0.000000 0.072305 0.909887
v -0.025619 0.071872 0.909887
v -0.041369 0.070572 0.909887
v -0.054395 0.068407 0.909887
v -0.065592 0.065379 0.909887
v -0.075281 0.061489 0.909887
v -0.083601 0.056730 0.909887
v -0.090615 0.051084 0.909887
v -0.096349 0.044509 0.909887
v -0.100810 0.036911 0.909887
v -0.104000 0.028072 0.909887
v -0.105916 0.017384 0.909887
v -0.106555 0.000000 0.909887
v -0.115703 -0.000000 0.923387
v -0.115009 -0.018877 0.923387
v -0.112929 -0.030482 0.923387
v -0.109465 -0.040080 0.923387
v -0.104620 -0.048330 0.923387
v -0.098395 -0.055469 0.923387
v -0.090779 -0.061600 0.923387
v -0.081744 -0.066768 0.923387
v -0.071224 -0.070992 0.923387
v -0.059065 -0.074280 0.923387
v -0.044920 -0.076630 0.923387
v -0.027818 -0.078042 0.923387
v 0.000000 -0.078513 0.923387
v 0.027818 -0.078042 0.923387
v 0.044920 -0.076630 0.923387
v 0.059065 -0.074280 0.923387
v 0.071224 -0.070992 0.923387
v 0.081744 -0.066768 0.923387
v 0.090779 -0.061600 0.923387
v 0.098395 -0.055469 0.923387
v 0.104620 -0.048330 0.923387
v 0.109465 -0.040080 0.923387
v 0.112929 -0.030482 0.923387
v 0.115009 -0.018877 0.923387
v 0.115703 0.000000 0.923387
v 0.115009 0.018877 0.923387
v 0.112929 0.030482 0.923387
v 0.109465 0.040080 0.923387
v 0.104620 0.048330 0.923387
v 0.098395 0.055469 0.923387
v 0.090779 0.061600 0.923387
v 0.081744 0.066768 0.923387
v 0.071224 0.070992 0.923387
v 0.059065 0.074280 0.923387
v 0.044920 0.076630 0.923387
v 0.027818 0.078042 0.923387
v 0.000000 0.078513 0.923387
v -0.027818 0.078042 0.923387
v -0.044920 0.076630 0.923387
v -0.059065 0.074280 0.923387
v -0.071224 0.070992 0.923387
v -0.081744 0.066768 0.923387
v -0.090779 0.061600 0.923387
v -0.098395 0.055469 0.923387
v -0.104620 0.048330 0.923387
v -0.109465 0.040080 0.923387
v -0.112929 0.030482 0.923387
v -0.115009 0.018877 0.923387
v -0.115703 0.000000 0.923387
v -0.123264 -0.000000 0.939723
v -0.122524 -0.020110 0.939723
v -0.120308 -0.032473 0.939723
v -0.116618 -0.042699 0.939723
v -0.111457 -0.051488 0.939723
v -0.104824 -0.059094 0.939723
v -0.096711 -0.065625 0.939723
v -0.087086 -0.071131 0.939723
v -0.075878 -0.075631 0.939723
v -0.062925 -0.079134 0.939723
v -0.047856 -0.081638 0.939723
v -0.029636 -0.083142 0.939723
v 0.000000 -0.083643 0.939723
v 0.029636 -0.083142 0.939723
v 0.047856 -0.081638 0.939723
v 0.062925 -0.079134 0.939723
v 0.075878 -0.075631 0.939723
v 0.087086 -0.071131 0.939723
v 0.096711 -0.065625 0.939723
v 0.104824 -0.059094 0.939723
v 0.111457 -0.051488 0.939723
v 0.116618 -0.042699 0.939723
v 0.120308 -0.032473 0.939723
v 0.122524 -0.020110 0.939723
v 0.123264 0.000000 0.939723
v 0.122524 0.020110 0.939723
v 0.120308 0.032473 0.939723
v 0.116618 0.042699 0.939723
v 0.111457 0.051488 0.939723
v 0.104824 0.059094 0.939723
v 0.096711 0.065625 0.939723
v 0.087086 0.071131 0.939723
v 0.075878 0.075631 0.939723
v 0.062925 0.079134 0.939723
v 0.047856 0.081638 0.939723
v 0.029636 0.083142 0.939723
v 0.000000 0.083643 0.939723
v -0.029636 0.083142 0.939723
v -0.047856 0.081638 0.939723
v -0.062925 0.079134 0.939723
v -0.075878 0.075631 0.939723
v -0.087086 0.071131 0.939723
v -0.096711 0.065625 0.939723
v -0.104824 0.059094 0.939723
v -0.111457 0.051488 0.939723
v -0.116618 0.042699 0.939723
v -0.120308 0.032473 0.939723
v -0.122524 0.020110 0.939723
v -0.123264 0.000000 0.939723
v -0.129351 -0.000000 0.959245
v -0.128575 -0.021103 0.959245
v -0.126250 -0.034077 0.959245
v -0.122377 -0.044808 0.959245
v -0.116961 -0.054031 0.959245
v -0.110001 -0.062012 0.959245
v -0.101487 -0.068866 0.959245
v -0.091387 -0.074644 0.959245
v -0.079625 -0.079366 0.959245
v -0.066032 -0.083042 0.959245
v -0.050219 -0.085669 0.959245
v -0.031100 -0.087248 0.959245
v 0.000000 -0.087774 0.959245
v 0.031100 -0.087248 0.959245
v 0.050219 -0.085669 0.959245
v 0.066032 -0.083042 0.959245
v 0.079625 -0.079366 0.959245
v 0.091387 -0.074644 0.959245
v 0.101487 -0.068866 0.959245
v 0.110001 -0.062012 0.959245
v 0.116961 -0.054031 0.959245
v 0.122377 -0.044808 0.959245
v 0.126250 -0.034077 0.959245
v 0.128575 -0.021103 0.959245
v 0.129351 0.000000 0.959245
v 0.128575 0.021103 0.959245
v 0.126250 0.034077 0.959245
v 0.122377 0.044808 0.959245
v 0.116961 0.054031 0.959245
v 0.110001 0.062012 0.959245
v 0.101487 0.068866 0.959245
v 0.091387 0.074644 0.959245
v 0.079625 0.079366 0.959245
v 0.066032 0.083042 0.959245
v 0.050219 0.085669 0.959245
v 0.031100 0.087248 0.959245
v 0.000000 0.087774 0.959245
v -0.031100 0.087248 0.959245
v -0.050219 0.085669 0.959245
v -0.066032 0.083042 0.959245
v -0.079625 0.079366 0.959245
v -0.091387 0.074644 0.959245
v -0.101487 0.068866 0.959245
v -0.110001 0.062012 0.959245
v -0.116961 0.054031 0.959245
v -0.122377 0.044808 0.959245
v -0.126250 0.034077 0.959245
v -0.128575 0.021103 0.959245
v -0.129351 0.000000 0.959245
v -0.134034 -0.000000 0.982599
v -0.133231 -0.021868 0.982599
v -0.130821 -0.035311 0.982599
v -0.126808 -0.046430 0.982599
v -0.121196 -0.055987 0.982599
v -0.113984 -0.064258 0.982599
v -0.105161 -0.071359 0.982599
v -0.094696 -0.077346 0.982599
v -0.082508 -0.082240 0.982599
v -0.068423 -0.086048 0.982599
v -0.052037 -0.088771 0.982599
v -0.032226 -0.090407 0.982599
v 0.000000 -0.090952 0.982599
v 0.032226 -0.090407 0.982599
v 0.052037 -0.088771 0.982599
v 0.068423 -0.086048 0.982599
v 0.082508 -0.082240 0.982599
v 0.094696 -0.077346 0.982599
v 0.105161 -0.071359 0.982599
v 0.113984 -0.064258 0.982599
v 0.121196 -0.055987 0.982599
v 0.126808 -0.046430 0.982599
v 0.130821 -0.035311 0.982599
v 0.133231 -0.021868 0.982599
v 0.134034 0.000000 0.982599
v 0.133231 0.021868 0.982599
v 0.130821 0.035311 0.982599
v 0.126808 0.046430 0.982599
v 0.121196 0.055987 0.982599
v 0.113984 0.064258 0.982599
v 0.105161 0.071359 0.982599
v 0.094696 0.077346 0.982599
v 0.082508 0.082240 0.982599
v 0.068423 0.086048 0.982599
v 0.052037 0.088771 0.982599
v 0.032226 0.090407 0.982599
v 0.000000 0.090952 0.982599
v -0.032226 0.090407 0.982599
v -0.052037 0.088771 0.982599
v -0.068423 0.086048 0.982599
v -0.082508 0.082240 0.982599
v -0.094696 0.077346 0.982599
v -0.105161 0.071359 0.982599
v -0.113984 0.064258 0.982599
v -0.121196 0.055987 0.982599
v -0.126808 0.046430 0.982599
v -0.130821 0.035311 0.982599
v -0.133231 0.021868 0.982599
v -0.134034 0.000000 0.982599
v -0.137356 -0.000000 1.011126
v -0.136532 -0.022409 1.011126
v -0.134063 -0.036186 1.011126
v -0.129950 -0.047581 1.011126
v -0.124199 -0.057375 1.011126
v -0.116808 -0.065850 1.011126
v -0.107767 -0.073128 1.011126
v -0.097042 -0.079263 1.011126
v -0.084552 -0.084278 1.011126
v -0.070119 -0.088181 1.011126
v -0.053327 -0.090971 1.011126
v -0.033024 -0.092647 1.011126
v 0.000000 -0.093206 1.011126
v 0.033024 -0.092647 1.011126
v 0.053327 -0.090971 1.011126
v 0.070119 -0.088181 1.011126
v 0.084552 -0.084278 1.011126
v 0.097042 -0.079263 1.011126
v 0.107767 -0.073128 1.011126
v 0.116808 -0.065850 1.011126
v 0.124199 -0.057375 1.011126
v 0.129950 -0.047581 1.011126
v 0.134063 -0.036186 1.011126
v 0.136532 -0.022409 1.011126
v 0.137356 0.000000 1.011126
v 0.136532 0.022409 1.011126
v 0.134063 0.036186 1.011126
v 0.129950 0.047581 1.011126
v 0.124199 0.057375 1.011126
v 0.116808 0.065850 1.011126
v 0.107767 0.073128 1.011126
v 0.097042 0.079263 1.011126
v 0.084552 0.084278 1.011126
v 0.070119 0.088181 1.011126
v 0.053327 0.090971 1.011126
v 0.033024 0.092647 1.011126
v 0.000000 0.093206 1.011126
v -0.033024 0.092647 1.011126
v -0.053327 0.090971 1.011126
v -0.070119 0.088181 1.011126
v -0.084552 0.084278 1.011126
v -0.097042 0.079263 1.011126
v -0.107767 0.073128 1.011126
v -0.116808 0.065850 1.011126
v -0.124199 0.057375 1.011126
v -0.129950 0.047581 1.011126
v -0.134063 0.036186 1.011126
v -0.136532 0.022409 1.011126
v -0.137356 0.000000 1.011126
v -0.139340 -0.000000 1.048422
v -0.138504 -0.022733 1.048422
v -0.135999 -0.036709 1.048422
v -0.131828 -0.048268 1.048422
v -0.125993 -0.058204 1.048422
v -0.118496 -0.066801 1.048422
v -0.109324 -0.074184 1.048422
v -0.098444 -0.080408 1.048422
v -0.085774 -0.085495 1.048422
v -0.071132 -0.089454 1.048422
v -0.054097 -0.092285 1.048422
v -0.033501 -0.093985 1.048422
v 0.000000 -0.094552 1.048422
v 0.033501 -0.093985 1.048422
v 0.054097 -0.092285 1.048422
v 0.071132 -0.089454 1.048422
v 0.085774 -0.085495 1.048422
v 0.098444 -0.080408 1.048422
v 0.109324 -0.074184 1.048422
v 0.118496 -0.066801 1.048422
v 0.125993 -0.058204 1.048422
v 0.131828 -0.048268 1.048422
v 0.135999 -0.036709 1.048422
v 0.138504 -0.022733 1.048422
v 0.139340 0.000000 1.048422
v 0.138504 0.022733 1.048422
v 0.135999 0.036709 1.048422
v 0.131828 0.048268 1.048422
v 0.125993 0.058204 1.048422
v 0.118496 0.066801 1.048422
v 0.109324 0.074184 1.048422
v 0.098444 0.080408 1.048422
v 0.085774 0.085495 1.048422
v 0.071132 0.089454 1.048422
v 0.054097 0.092285 1.048422
v 0.033501 0.093985 1.048422
v 0.000000 0.094552 1.048422
v -0.033501 0.093985 1.048422
v -0.054097 0.092285 1.048422
v -0.071132 0.089454 1.048422
v -0.085774 0.085495 1.048422
v -0.098444 0.080408 1.048422
v -0.109324 0.074184 1.048422
v -0.118496 0.066801 1.048422
v -0.125993 0.058204 1.048422
v -0.131828 0.048268 1.048422
v -0.135999 0.036709 1.048422
v -0.138504 0.022733 1.048422
v -0.139340 0.000000 1.048422
v -0.140000 -0.000000 1.130000
v -0.139161 -0.022841 1.130000
v -0.136643 -0.036883 1.130000
v -0.132452 -0.048497 1.130000
v -0.126590 -0.058479 1.130000
v -0.119057 -0.067118 1.130000
v -0.109842 -0.074535 1.130000
v -0.098910 -0.080789 1.130000
v -0.086180 -0.085900 1.130000
v -0.071469 -0.089878 1.130000
v -0.054353 -0.092722 1.130000
v -0.033660 -0.094430 1.130000
v 0.000000 -0.095000 1.130000
v 0.033660 -0.094430 1.130000
v 0.054353 -0.092722 1.130000
v 0.071469 -0.089878 1.130000
v 0.086180 -0.085900 1.130000
v 0.098910 -0.080789 1.130000
v 0.109842 -0.074535 1.130000
v 0.119057 -0.067118 1.130000
v 0.126590 -0.058479 1.130000
v 0.132452 -0.048497 1.130000
v 0.136643 -0.036883 1.130000
v 0.139161 -0.022841 1.130000
v 0.140000 0.000000 1.130000
v 0.139161 0.022841 1.130000
v 0.136643 0.036883 1.130000
v 0.132452 0.048497 1.130000
v 0.126590 0.058479 1.130000
v 0.119057 0.067118 1.130000
v 0.109842 0.074535 1.130000
v 0.098910 0.080789 1.130000
v 0.086180 0.085900 1.130000
v 0.071469 0.089878 1.130000
v 0.054353 0.092722 1.130000
v 0.033660 0.094430 1.130000
v 0.000000 0.095000 1.130000
v -0.033660 0.094430 1.130000
v -0.054353 0.092722 1.130000
v -0.071469 0.089878 1.130000
v -0.086180 0.085900 1.130000
v -0.098910 0.080789 1.130000
v -0.109842 0.074535 1.130000
v -0.119057 0.067118 1.130000
v -0.126590 0.058479 1.130000
v -0.132452 0.048497 1.130000
v -0.136643 0.036883 1.130000
v -0.139161 0.022841 1.130000
v -0.140000 0.000000 1.130000
v -0.139340 -0.000000 1.211578
v -0.138504 -0.022733 1.211578
v -0.135999 -0.036709 1.211578
v -0.131828 -0.048268 1.211578
v -0.125993 -0.058204 1.211578
v -0.118496 -0.066801 1.211578
v -0.109324 -0.074184 1.211578
v -0.098444 -0.080408 1.211578
v -0.085774 -0.085495 1.211578
v -0.071132 -0.089454 1.211578
v -0.054097 -0.092285 1.211578
v -0.033501 -0.093985 1.211578
v 0.000000 -0.094552 1.211578
v 0.033501 -0.093985 1.211578
v 0.054097 -0.092285 1.211578
v 0.071132 -0.089454 1.211578
v 0.085774 -0.085495 1.211578
v 0.098444 -0.080408 1.211578
v 0.109324 -0.074184 1.211578
v 0.118496 -0.066801 1.211578
v 0.125993 -0.058204 1.211578
v 0.131828 -0.048268 1.211578
v 0.135999 -0.036709 1.211578
v 0.138504 -0.022733 1.211578
v 0.139340 0.000000 1.211578
v 0.138504 0.022733 1.211578
v 0.135999 0.036709 1.211578
v 0.131828 0.048268 1.211578
v 0.125993 0.058204 1.211578
v 0.118496 0.066801 1.211578
v 0.109324 0.074184 1.211578
v 0.098444 0.080408 1.211578
v 0.085774 0.085495 1.211578
v 0.071132 0.089454 1.211578
v 0.054097 0.092285 1.211578
v 0.033501 0.093985 1.211578
v 0.000000 0.094552 1.211578
v -0.033501 0.093985 1.211578
v -0.054097 0.092285 1.211578
v -0.071132 0.089454 1.211578
v -0.085774 0.085495 1.211578
v -0.098444 0.080408 1.211578
v -0.109324 0.074184 1.211578
v -0.118496 0.066801 1.211578
v -0.125993 0.058204 1.211578
v -0.131828 0.048268 1.211578
v -0.135999 0.036709 1.211578
v -0.138504 0.022733 1.211578
v -0.139340 0.000000 1.211578
v -0.137356 -0.000000 1.248874
v -0.136532 -0.022409 1.248874
v -0.134063 -0.036186 1.248874
v -0.129950 -0.047581 1.248874
v -0.124199 -0.057375 1.248874
v -0.116808 -0.065850 1.248874
v -0.107767 -0.073128 1.248874
v -0.097042 -0.079263 1.248874
v -0.084552 -0.084278 1.248874
v -0.070119 -0.088181 1.248874
v -0.053327 -0.090971 1.248874
v -0.033024 -0.092647 1.248874
v 0.000000 -0.093206 1.248874
v 0.033024 -0.092647 1.248874
v 0.053327 -0.090971 1.248874
v 0.070119 -0.088181 1.248874
v 0.084552 -0.084278 1.248874
v 0.097042 -0.079263 1.248874
v 0.107767 -0.073128 1.248874
v 0.116808 -0.065850 1.248874
v 0.124199 -0.057375 1.248874
v 0.129950 -0.047581 1.248874
v 0.134063 -0.036186 1.248874
v 0.136532 -0.022409 1.248874
v 0.137356 0.000000 1.248874
v 0.136532 0.022409 1.248874
v 0.134063 0.036186 1.248874
v 0.129950 0.047581 1.248874
v 0.124199 0.057375 1.248874
v 0.116808 0.065850 1.248874
v 0.107767 0.073128 1.248874
v 0.097042 0.079263 1.248874
v 0.084552 0.084278 1.248874
v 0.070119 0.088181 1.248874
v 0.053327 0.090971 1.248874
v 0.033024 0.092647 1.248874
v 0.000000 0.093206 1.248874
v -0.033024 0.092647 1.248874
v -0.053327 0.090971 1.248874
v -0.070119 0.088181 1.248874
v -0.084552 0.084278 1.248874
v -0.097042 0.079263 1.248874
v -0.107767 0.073128 1.248874
v -0.116808 0.065850 1.248874
v -0.124199 0.057375 1.248874
v -0.129950 0.047581 1.248874
v -0.134063 0.036186 1.248874
v -0.136532 0.022409 1.248874
v -0.137356 0.000000 1.248874
v -0.134034 -0.000000 1.277401
v -0.133231 -0.021868 1.277401
v -0.130821 -0.035311 1.277401
v -0.126808 -0.046430 1.277401
v -0.121196 -0.055987 1.277401
v -0.113984 -0.064258 1.277401
v -0.105161 -0.071359 1.277401
v -0.094696 -0.077346 1.277401
v -0.082508 -0.082240 1.277401
v -0.068423 -0.086048 1.277401
v -0.052037 -0.088771 1.277401
v -0.032226 -0.090407 1.277401
v 0.000000 -0.090952 1.277401
v 0.032226 -0.090407 1.277401
v 0.052037 -0.088771 1.277401
v 0.068423 -0.086048 1.277401
v 0.082508 -0.082240 1.277401
v 0.094696 -0.077346 1.277401
v 0.105161 -0.071359 1.277401
v 0.113984 -0.064258 1.277401
v 0.121196 -0.055987 1.277401
v 0.126808 -0.046430 1.277401
v 0.130821 -0.035311 1.277401
v 0.133231 -0.021868 1.277401
v 0.134034 0.000000 1.277401
v 0.133231 0.021868 1.277401
v 0.130821 0.035311 1.277401
v 0.126808 0.046430 1.277401
v 0.121196 0.055987 1.277401
v 0.113984 0.064258 1.277401
v 0.105161 0.071359 1.277401
v 0.094696 0.077346 1.277401
v 0.082508 0.082240 1.277401
v 0.068423 0.086048 1.277401
v 0.052037 0.088771 1.277401
v 0.032226 0.090407 1.277401
v 0.000000 0.090952 1.277401
v -0.032226 0.090407 1.277401
v -0.052037 0.088771 1.277401
v -0.068423 0.086048 1.277401
v -0.082508 0.082240 1.277401
v -0.094696 0.077346 1.277401
v -0.105161 0.071359 1.277401
v -0.113984 0.064258 1.277401
v -0.121196 0.055987 1.277401
v -0.126808 0.046430 1.277401
v -0.130821 0.035311 1.277401
v -0.133231 0.021868 1.277401
v -0.134034 0.000000 1.277401
v -0.129351 -0.000000 1.300755
v -0.128575 -0.021103 1.300755
v -0.126250 -0.034077 1.300755
v -0.122377 -0.044808 1.300755
v -0.116961 -0.054031 1.300755
v -0.110001 -0.062012 1.300755
v -0.101487 -0.068866 1.300755
v -0.091387 -0.074644 1.300755
v -0.079625 -0.079366 1.300755
v -0.066032 -0.083042 1.300755
v -0.050219 -0.085669 1.300755
v -0.031100 -0.087248 1.300755
v 0.000000 -0.087774 1.300755
v 0.031100 -0.087248 1.300755
v 0.050219 -0.085669 1.300755
v 0.066032 -0.083042 1.300755
v 0.079625 -0.079366 1.300755
v 0.091387 -0.074644 1.300755
v 0.101487 -0.068866 1.300755
v 0.110001 -0.062012 1.300755
v 0.116961 -0.054031 1.300755
v 0.122377 -0.044808 1.300755
v 0.126250 -0.034077 1.300755
v 0.128575 -0.021103 1.300755
v 0.129351 0.000000 1.300755
v 0.128575 0.021103 1.300755
v 0.126250 0.034077 1.300755
v 0.122377 0.044808 1.300755
v 0.116961 0.054031 1.300755
v 0.110001 0.062012 1.300755
v 0.101487 0.068866 1.300755
v 0.091387 0.074644 1.300755
v 0.079625 0.079366 1.300755
v 0.066032 0.083042 1.300755
v 0.050219 0.085669 1.300755
v 0.031100 0.087248 1.300755
v 0.000000 0.087774 1.300755
v -0.031100 0.087248 1.300755
v -0.050219 0.085669 1.300755
v -0.066032 0.083042 1.300755
v -0.079625 0.079366 1.300755
v -0.091387 0.074644 1.300755
v -0.101487 0.068866 1.300755
v -0.110001 0.062012 1.300755
v -0.116961 0.054031 1.300755
v -0.122377 0.044808 1.300755
v -0.126250 0.034077 1.300755
v -0.128575 0.021103 1.300755
v -0.129351 0.000000 1.300755
v -0.123264 -0.000000 1.320277
v -0.122524 -0.020110 1.320277
v -0.120308 -0.032473 1.320277
v -0.116618 -0.042699 1.320277
v -0.111457 -0.051488 1.320277
v -0.104824 -0.059094 1.320277
v -0.096711 -0.065625 1.320277
v -0.087086 -0.071131 1.320277
v -0.075878 -0.075631 1.320277
v -0.062925 -0.079134 1.320277
v -0.047856 -0.081638 1.320277
v -0.029636 -0.083142 1.320277
v 0.000000 -0.083643 1.320277
v 0.029636 -0.083142 1.320277
v 0.047856 -0.081638 1.320277
v 0.062925 -0.079134 1.320277
v 0.075878 -0.075631 1.320277
v 0.087086 -0.071131 1.320277
v 0.096711 -0.065625 1.320277
v 0.104824 -0.059094 1.320277
v 0.111457 -0.051488 1.320277
v 0.116618 -0.042699 1.320277
v 0.120308 -0.032473 1.320277
v 0.122524 -0.020110 1.320277
v 0.123264 0.000000 1.320277
v 0.122524 0.020110 1.320277
v 0.120308 0.032473 1.320277
v 0.116618 0.042699 1.320277
v 0.111457 0.051488 1.320277
v 0.104824 0.059094 1.320277
v 0.096711 0.065625 1.320277
v 0.087086 0.071131 1.320277
v 0.075878 0.075631 1.320277
v 0.062925 0.079134 1.320277
v 0.047856 0.081638 1.320277
v 0.029636 0.083142 1.320277
v 0.000000 0.083643 1.320277
v -0.029636 0.083142 1.320277
v -0.047856 0.081638 1.320277
v -0.062925 0.079134 1.320277
v -0.075878 0.075631 1.320277
v -0.087086 0.071131 1.320277
v -0.096711 0.065625 1.320277
v -0.104824 0.059094 1.320277
v -0.111457 0.051488 1.320277
v -0.116618 0.042699 1.320277
v -0.120308 0.032473 1.320277
v -0.122524 0.020110 1.320277
v -0.123264 0.000000 1.320277
v -0.115703 -0.000000 1.336613
v -0.115009 -0.018877 1.336613
v -0.112929 -0.030482 1.336613
v -0.109465 -0.040080 1.336613
v -0.104620 -0.048330 1.336613
v -0.098395 -0.055469 1.336613
v -0.090779 -0.061600 1.336613
v -0.081744 -0.066768 1.336613
v -0.071224 -0.070992 1.336613
v -0.059065 -0.074280 1.336613
v -0.044920 -0.076630 1.336613
v -0.027818 -0.078042 1.336613
v 0.000000 -0.078513 1.336613
v 0.027818 -0.078042 1.336613
v 0.044920 -0.076630 1.336613
v 0.059065 -0.074280 1.336613
v 0.071224 -0.070992 1.336613
v 0.081744 -0.066768 1.336613
v 0.090779 -0.061600 1.336613
v 0.098395 -0.055469 1.336613
v 0.104620 -0.048330 1.336613
v 0.109465 -0.040080 1.336613
v 0.112929 -0.030482 1.336613
v 0.115009 -0.018877 1.336613
v 0.115703 0.000000 1.336613
v 0.115009 0.018877 1.336613
v 0.112929 0.030482 1.336613
v 0.109465 0.040080 1.336613
v 0.104620 0.048330 1.336613
v 0.098395 0.055469 1.336613
v 0.090779 0.061600 1.336613
v 0.081744 0.066768 1.336613
v 0.071224 0.070992 1.336613
v 0.059065 0.074280 1.336613
v 0.044920 0.076630 1.336613
v 0.027818 0.078042 1.336613
v 0.000000 0.078513 1.336613
v -0.027818 0.078042 1.336613
v -0.044920 0.076630 1.336613
v -0.059065 0.074280 1.336613
v -0.071224 0.070992 1.336613
v -0.081744 0.066768 1.336613
v -0.090779 0.061600 1.336613
v -0.098395 0.055469 1.336613
v -0.104620 0.048330 1.336613
v -0.109465 0.040080 1.336613
v -0.112929 0.030482 1.336613
v -0.115009 0.018877 1.336613
v -0.115703 0.000000 1.336613
v -0.106555 -0.000000 1.350113
v -0.105916 -0.017384 1.350113
v -0.104000 -0.028072 1.350113
v -0.100810 -0.036911 1.350113
v -0.096349 -0.044509 1.350113
v -0.090615 -0.051084 1.350113
v -0.083601 -0.056730 1.350113
v -0.075281 -0.061489 1.350113
v -0.065592 -0.065379 1.350113
v -0.054395 -0.068407 1.350113
v -0.041369 -0.070572 1.350113
v -0.025619 -0.071872 1.350113
v 0.000000 -0.072305 1.350113
v 0.025619 -0.071872 1.350113
v 0.041369 -0.070572 1.350113
v 0.054395 -0.068407 1.350113
v 0.065592 -0.065379 1.350113
v 0.075281 -0.061489 1.350113
v 0.083601 -0.056730 1.350113
v 0.090615 -0.051084 1.350113
v 0.096349 -0.044509 1.350113
v 0.100810 -0.036911 1.350113
v 0.104000 -0.028072 1.350113
v 0.105916 -0.017384 1.350113
v 0.106555 0.000000 1.350113
v 0.105916 0.017384 1.350113
v 0.104000 0.028072 1.350113
v 0.100810 0.036911 1.350113
v 0.096349 0.044509 1.350113
v 0.090615 0.051084 1.350113
v 0.083601 0.056730 1.350113
v 0.075281 0.061489 1.350113
v 0.065592 0.065379 1.350113
v 0.054395 0.068407 1.350113
v 0.041369 0.070572 1.350113
v 0.025619 0.071872 1.350113
v 0.000000 0.072305 1.350113
v -0.025619 0.071872 1.350113
v -0.041369 0.070572 1.350113
v -0.054395 0.068407 1.350113
v -0.065592 0.065379 1.350113
v -0.075281 0.061489 1.350113
v -0.083601 0.056730 1.350113
v -0.090615 0.051084 1.350113
v -0.096349 0.044509 1.350113
v -0.100810 0.036911 1.350113
v -0.104000 0.028072 1.350113
v -0.105916 0.017384 1.350113
v -0.106555 0.000000 1.350113
v -0.095623 -0.000000 1.360984
v -0.095049 -0.015601 1.360984
v -0.093330 -0.025192 1.360984
v -0.090467 -0.033124 1.360984
v -0.086464 -0.039943 1.360984
v -0.081318 -0.045843 1.360984
v -0.075024 -0.050909 1.360984
v -0.067558 -0.055180 1.360984
v -0.058863 -0.058672 1.360984
v -0.048815 -0.061389 1.360984
v -0.037124 -0.063331 1.360984
v -0.022991 -0.064498 1.360984
v 0.000000 -0.064887 1.360984
v 0.022991 -0.064498 1.360984
v 0.037124 -0.063331 1.360984
v 0.048815 -0.061389 1.360984
v 0.058863 -0.058672 1.360984
v 0.067558 -0.055180 1.360984
v 0.075024 -0.050909 1.360984
v 0.081318 -0.045843 1.360984
v 0.086464 -0.039943 1.360984
v 0.090467 -0.033124 1.360984
v 0.093330 -0.025192 1.360984
v 0.095049 -0.015601 1.360984
v 0.095623 0.000000 1.360984
v 0.095049 0.015601 1.360984
v 0.093330 0.025192 1.360984
v 0.090467 0.033124 1.360984
v 0.086464 0.039943 1.360984
v 0.081318 0.045843 1.360984
v 0.075024 0.050909 1.360984
v 0.067558 0.055180 1.360984
v 0.058863 0.058672 1.360984
v 0.048815 0.061389 1.360984
v 0.037124 0.063331 1.360984
v 0.022991 0.064498 1.360984
v 0.000000 0.064887 1.360984
v -0.022991 0.064498 1.360984
v -0.037124 0.063331 1.360984
v -0.048815 0.061389 1.360984
v -0.058863 0.058672 1.360984
v -0.067558 0.055180 1.360984
v -0.075024 0.050909 1.360984
v -0.081318 0.045843 1.360984
v -0.086464 0.039943 1.360984
v -0.090467 0.033124 1.360984
v -0.093330 0.025192 1.360984
v -0.095049 0.015601 1.360984
v -0.095623 0.000000 1.360984
v -0.082545 -0.000000 1.369347
v -0.082050 -0.013467 1.369347
v -0.080566 -0.021746 1.369347
v -0.078095 -0.028594 1.369347
v -0.074638 -0.034480 1.369347
v -0.070197 -0.039573 1.369347
v -0.064763 -0.043947 1.369347
v -0.058318 -0.047633 1.369347
v -0.050812 -0.050647 1.369347
v -0.042138 -0.052993 1.369347
v -0.032047 -0.054670 1.369347
v -0.019846 -0.055677 1.369347
v 0.000000 -0.056013 1.369347
v 0.019846 -0.055677 1.369347
v 0.032047 -0.054670 1.369347
v 0.042138 -0.052993 1.369347
v 0.050812 -0.050647 1.369347
v 0.058318 -0.047633 1.369347
v 0.064763 -0.043947 1.369347
v 0.070197 -0.039573 1.369347
v 0.074638 -0.034480 1.369347
v 0.078095 -0.028594 1.369347
v 0.080566 -0.021746 1.369347
v 0.082050 -0.013467 1.369347
v 0.082545 0.000000 1.369347
v 0.082050 0.013467 1.369347
v 0.080566 0.021746 1.369347
v 0.078095 0.028594 1.369347
v 0.074638 0.034480 1.369347
v 0.070197 0.039573 1.369347
v 0.064763 0.043947 1.369347
v 0.058318 0.047633 1.369347
v 0.050812 0.050647 1.369347
v 0.042138 0.052993 1.369347
v 0.032047 0.054670 1.369347
v 0.019846 0.055677 1.369347
v 0.000000 0.056013 1.369347
v -0.019846 0.055677 1.369347
v -0.032047 0.054670 1.369347
v -0.042138 0.052993 1.369347
v -0.050812 0.050647 1.369347
v -0.058318 0.047633 1.369347
v -0.064763 0.043947 1.369347
v -0.070197 0.039573 1.369347
v -0.074638 0.034480 1.369347
v -0.078095 0.028594 1.369347
v -0.080566 0.021746 1.369347
v -0.082050 0.013467 1.369347
v -0.082545 0.000000 1.369347
v -0.066570 -0.000000 1.375278
v -0.066170 -0.010861 1.375278
v -0.064974 -0.017538 1.375278
v -0.062981 -0.023060 1.375278
v -0.060193 -0.027807 1.375278
v -0.056611 -0.031914 1.375278
v -0.052229 -0.035441 1.375278
v -0.047032 -0.038415 1.375278
v -0.040978 -0.040845 1.375278
v -0.033983 -0.042737 1.375278
v -0.025845 -0.044089 1.375278
v -0.016005 -0.044901 1.375278
v 0.000000 -0.045172 1.375278
v 0.016005 -0.044901 1.375278
v 0.025845 -0.044089 1.375278
v 0.033983 -0.042737 1.375278
v 0.040978 -0.040845 1.375278
v 0.047032 -0.038415 1.375278
v 0.052229 -0.035441 1.375278
v 0.056611 -0.031914 1.375278
v 0.060193 -0.027807 1.375278
v 0.062981 -0.023060 1.375278
v 0.064974 -0.017538 1.375278
v 0.066170 -0.010861 1.375278
v 0.066570 0.000000 1.375278
v 0.066170 0.010861 1.375278
v 0.064974 0.017538 1.375278
v 0.062981 0.023060 1.375278
v 0.060193 0.027807 1.375278
v 0.056611 0.031914 1.375278
v 0.052229 0.035441 1.375278
v 0.047032 0.038415 1.375278
v 0.040978 0.040845 1.375278
v 0.033983 0.042737 1.375278
v 0.025845 0.044089 1.375278
v 0.016005 0.044901 1.375278
v 0.000000 0.045172 1.375278
v -0.016005 0.044901 1.375278
v -0.025845 0.044089 1.375278
v -0.033983 0.042737 1.375278
v -0.040978 0.040845 1.375278
v -0.047032 0.038415 1.375278
v -0.052229 0.035441 1.375278
v -0.056611 0.031914 1.375278
v -0.060193 0.027807 1.375278
v -0.062981 0.023060 1.375278
v -0.064974 0.017538 1.375278
v -0.066170 0.010861 1.375278
v -0.066570 0.000000 1.375278
v -0.045684 -0.000000 1.378821
v -0.045410 -0.007453 1.378821
v -0.044588 -0.012035 1.378821
v -0.043221 -0.015825 1.378821
v -0.041308 -0.019083 1.378821
v -0.038850 -0.021901 1.378821
v -0.035843 -0.024322 1.378821
v -0.032276 -0.026362 1.378821
v -0.028122 -0.028030 1.378821
v -0.023321 -0.029328 1.378821
v -0.017736 -0.030256 1.378821
v -0.010984 -0.030814 1.378821
v 0.000000 -0.031000 1.378821
v 0.010984 -0.030814 1.378821
v 0.017736 -0.030256 1.378821
v 0.023321 -0.029328 1.378821
v 0.028122 -0.028030 1.378821
v 0.032276 -0.026362 1.378821
v 0.035843 -0.024322 1.378821
v 0.038850 -0.021901 1.378821
v 0.041308 -0.019083 1.378821
v 0.043221 -0.015825 1.378821
v 0.044588 -0.012035 1.378821
v 0.045410 -0.007453 1.378821
v 0.045684 0.000000 1.378821
v 0.045410 0.007453 1.378821
v 0.044588 0.012035 1.378821
v 0.043221 0.015825 1.378821
v 0.041308 0.019083 1.378821
v 0.038850 0.021901 1.378821
v 0.035843 0.024322 1.378821
v 0.032276 0.026362 1.378821
v 0.028122 0.028030 1.378821
v 0.023321 0.029328 1.378821
v 0.017736 0.030256 1.378821
v 0.010984 0.030814 1.378821
v 0.000000 0.031000 1.378821
v -0.010984 0.030814 1.378821
v -0.017736 0.030256 1.378821
v -0.023321 0.029328 1.378821
v -0.028122 0.028030 1.378821
v -0.032276 0.026362 1.378821
v -0.035843 0.024322 1.378821
v -0.038850 0.021901 1.378821
v -0.041308 0.019083 1.378821
v -0.043221 0.015825 1.378821
v -0.044588 0.012035 1.378821
v -0.045410 0.007453 1.378821
v -0.045684 0.000000 1.378821
v -0.000000 -0.000000 1.380000
v -0.000000 -0.000000 1.380000
v -0.000000 -0.000000 1.380000
v -0.000000 -0.000000 1.380000
v -0.000000 -0.000000 1.380000
v -0.000000 -0.000000 1.380000
v -0.000000 -0.000000 1.380000
v -0.000000 -0.000000 1.380000
v -0.000000 -0.000000 1.380000
v -0.000000 -0.000000 1.380000
v -0.000000 -0.000000 1.380000
v -0.000000 -0.000000 1.380000
v 0.000000 -0.000000 1.380000
v 0.000000 -0.000000 1.380000
v 0.000000 -0.000000 1.380000
v 0.000000 -0.000000 1.380000
v 0.000000 -0.000000 1.380000
v 0.000000 -0.000000 1.380000
v 0.000000 -0.000000 1.380000
v 0.000000 -0.000000 1.380000
v 0.000000 -0.000000 1.380000
v 0.000000 -0.000000 1.380000
v 0.000000 -0.000000 1.380000
v 0.000000 -0.000000 1.380000
v 0.000000 0.000000 1.380000
v 0.000000 0.000000 1.380000
v 0.000000 0.000000 1.380000
v 0.000000 0.000000 1.380000
v 0.000000 0.000000 1.380000
v 0.000000 0.000000 1.380000
v 0.000000 0.000000 1.380000
v 0.000000 0.000000 1.380000
v 0.000000 0.000000 1.380000
v 0.000000 0.000000 1.380000
v 0.000000 0.000000 1.380000
v 0.000000 0.000000 1.380000
v 0.000000 0.000000 1.380000
v -0.000000 0.000000 1.380000
v -0.000000 0.000000 1.380000
v -0.000000 0.000000 1.380000
v -0.000000 0.000000 1.380000
v -0.000000 0.000000 1.380000
v -0.000000 0.000000 1.380000
v -0.000000 0.000000 1.380000
v -0.000000 0.000000 1.380000
v -0.000000 0.000000 1.380000
v -0.000000 0.000000 1.380000
v -0.000000 0.000000 1.380000
v -0.000000 0.000000 1.380000
v 0.048000 0.000000 1.360000
v 0.045651 0.014833 1.360000
v 0.038833 0.028214 1.360000
v 0.028214 0.038833 1.360000
v 0.014833 0.045651 1.360000
v 0.000000 0.048000 1.360000
v -0.014833 0.045651 1.360000
v -0.028214 0.038833 1.360000
v -0.038833 0.028214 1.360000
v -0.045651 0.014833 1.360000
v -0.048000 0.000000 1.360000
v -0.045651 -0.014833 1.360000
v -0.038833 -0.028214 1.360000
v -0.028214 -0.038833 1.360000
v -0.014833 -0.045651 1.360000
v -0.000000 -0.048000 1.360000
v 0.014833 -0.045651 1.360000
v 0.028214 -0.038833 1.360000
v 0.038833 -0.028214 1.360000
v 0.045651 -0.014833 1.360000
v 0.048000 -0.000000 1.360000
v 0.048000 0.000000 1.450000
v 0.045651 0.014833 1.450000
v 0.038833 0.028214 1.450000
v 0.028214 0.038833 1.450000
v 0.014833 0.045651 1.450000
v 0.000000 0.048000 1.450000
v -0.014833 0.045651 1.450000
v -0.028214 0.038833 1.450000
v -0.038833 0.028214 1.450000
v -0.045651 0.014833 1.450000
v -0.048000 0.000000 1.450000
v -0.045651 -0.014833 1.450000
v -0.038833 -0.028214 1.450000
v -0.028214 -0.038833 1.450000
v -0.014833 -0.045651 1.450000
v -0.000000 -0.048000 1.450000
v 0.014833 -0.045651 1.450000
v 0.028214 -0.038833 1.450000
v 0.038833 -0.028214 1.450000
v 0.045651 -0.014833 1.450000
v 0.048000 -0.000000 1.450000
v 0.000000 0.000000 1.360000
v 0.048000 0.000000 1.360000
v 0.045651 0.014833 1.360000
v 0.038833 0.028214 1.360000
v 0.028214 0.038833 1.360000
v 0.014833 0.045651 1.360000
v 0.000000 0.048000 1.360000
v -0.014833 0.045651 1.360000
v -0.028214 0.038833 1.360000
v -0.038833 0.028214 1.360000
v -0.045651 0.014833 1.360000
v -0.048000 0.000000 1.360000
v -0.045651 -0.014833 1.360000
v -0.038833 -0.028214 1.360000
v -0.028214 -0.038833 1.360000
v -0.014833 -0.045651 1.360000
v -0.000000 -0.048000 1.360000
v 0.014833 -0.045651 1.360000
v 0.028214 -0.038833 1.360000
v 0.038833 -0.028214 1.360000
v 0.045651 -0.014833 1.360000
v 0.048000 -0.000000 1.360000
v 0.000000 0.000000 1.450000
v 0.048000 0.000000 1.450000
v 0.045651 0.014833 1.450000
v 0.038833 0.028214 1.450000
v 0.028214 0.038833 1.450000
v 0.014833 0.045651 1.450000
v 0.000000 0.048000 1.450000
v -0.014833 0.045651 1.450000
v -0.028214 0.038833 1.450000
v -0.038833 0.028214 1.450000
v -0.045651 0.014833 1.450000
v -0.048000 0.000000 1.450000
v -0.045651 -0.014833 1.450000
v -0.038833 -0.028214 1.450000
v -0.028214 -0.038833 1.450000
v -0.014833 -0.045651 1.450000
v -0.000000 -0.048000 1.450000
v 0.014833 -0.045651 1.450000
v 0.028214 -0.038833 1.450000
v 0.038833 -0.028214 1.450000
v 0.045651 -0.014833 1.450000
v 0.048000 -0.000000 1.450000
v -0.000000 -0.005000 1.412000
v -0.000000 -0.005000 1.412000
v -0.000000 -0.005000 1.412000
v -0.000000 -0.005000 1.412000
v -0.000000 -0.005000 1.412000
v -0.000000 -0.005000 1.412000
v -0.000000 -0.005000 1.412000
v -0.000000 -0.005000 1.412000
v -0.000000 -0.005000 1.412000
v -0.000000 -0.005000 1.412000
v -0.000000 -0.005000 1.412000
v -0.000000 -0.005000 1.412000
v 0.000000 -0.005000 1.412000
v 0.000000 -0.005000 1.412000
v 0.000000 -0.005000 1.412000
v 0.000000 -0.005000 1.412000
v 0.000000 -0.005000 1.412000
v 0.000000 -0.005000 1.412000
v 0.000000 -0.005000 1.412000
v 0.000000 -0.005000 1.412000
v 0.000000 -0.005000 1.412000
v 0.000000 -0.005000 1.412000
v 0.000000 -0.005000 1.412000
v 0.000000 -0.005000 1.412000
v 0.000000 -0.005000 1.412000
v 0.000000 -0.005000 1.412000
v 0.000000 -0.005000 1.412000
v 0.000000 -0.005000 1.412000
v 0.000000 -0.005000 1.412000
v 0.000000 -0.005000 1.412000
v 0.000000 -0.005000 1.412000
v 0.000000 -0.005000 1.412000
v 0.000000 -0.005000 1.412000
v 0.000000 -0.005000 1.412000
v 0.000000 -0.005000 1.412000
v 0.000000 -0.005000 1.412000
v 0.000000 -0.005000 1.412000
v -0.000000 -0.005000 1.412000
v -0.000000 -0.005000 1.412000
v -0.000000 -0.005000 1.412000
v -0.000000 -0.005000 1.412000
v -0.000000 -0.005000 1.412000
v -0.000000 -0.005000 1.412000
v -0.000000 -0.005000 1.412000
v -0.000000 -0.005000 1.412000
v -0.000000 -0.005000 1.412000
v -0.000000 -0.005000 1.412000
v -0.000000 -0.005000 1.412000
v -0.000000 -0.005000 1.412000
v -0.007351 -0.005000 1.412520
v -0.007288 -0.006151 1.412520
v -0.007101 -0.007283 1.412520
v -0.006792 -0.008376 1.412520
v -0.006366 -0.009411 1.412520
v -0.005832 -0.010370 1.412520
v -0.005198 -0.011238 1.412520
v -0.004475 -0.011999 1.412520
v -0.003676 -0.012640 1.412520
v -0.002813 -0.013150 1.412520
v -0.001903 -0.013521 1.412520
v -0.000960 -0.013746 1.412520
v 0.000000 -0.013822 1.412520
v 0.000960 -0.013746 1.412520
v 0.001903 -0.013521 1.412520
v 0.002813 -0.013150 1.412520
v 0.003676 -0.012640 1.412520
v 0.004475 -0.011999 1.412520
v 0.005198 -0.011238 1.412520
v 0.005832 -0.010370 1.412520
v 0.006366 -0.009411 1.412520
v 0.006792 -0.008376 1.412520
v 0.007101 -0.007283 1.412520
v 0.007288 -0.006151 1.412520
v 0.007351 -0.005000 1.412520
v 0.007288 -0.003849 1.412520
v 0.007101 -0.002717 1.412520
v 0.006792 -0.001624 1.412520
v 0.006366 -0.000589 1.412520
v 0.005832 0.000370 1.412520
v 0.005198 0.001238 1.412520
v 0.004475 0.001999 1.412520
v 0.003676 0.002640 1.412520
v 0.002813 0.003150 1.412520
v 0.001903 0.003521 1.412520
v 0.000960 0.003746 1.412520
v 0.000000 0.003822 1.412520
v -0.000960 0.003746 1.412520
v -0.001903 0.003521 1.412520
v -0.002813 0.003150 1.412520
v -0.003676 0.002640 1.412520
v -0.004475 0.001999 1.412520
v -0.005198 0.001238 1.412520
v -0.005832 0.000370 1.412520
v -0.006366 -0.000589 1.412520
v -0.006792 -0.001624 1.412520
v -0.007101 -0.002717 1.412520
v -0.007288 -0.003849 1.412520
v -0.007351 -0.005000 1.412520
v -0.014632 -0.005000 1.414075
v -0.014507 -0.007292 1.414075
v -0.014133 -0.009544 1.414075
v -0.013518 -0.011719 1.414075
v -0.012671 -0.013779 1.414075
v -0.011608 -0.015689 1.414075
v -0.010346 -0.017415 1.414075
v -0.008907 -0.018930 1.414075
v -0.007316 -0.020206 1.414075
v -0.005599 -0.021222 1.414075
v -0.003787 -0.021960 1.414075
v -0.001910 -0.022408 1.414075
v 0.000000 -0.022558 1.414075
v 0.001910 -0.022408 1.414075
v 0.003787 -0.021960 1.414075
v 0.005599 -0.021222 1.414075
v 0.007316 -0.020206 1.414075
v 0.008907 -0.018930 1.414075
v 0.010346 -0.017415 1.414075
v 0.011608 -0.015689 1.414075
v 0.012671 -0.013779 1.414075
v 0.013518 -0.011719 1.414075
v 0.014133 -0.009544 1.414075
v 0.014507 -0.007292 1.414075
v 0.014632 -0.005000 1.414075
v 0.014507 -0.002708 1.414075
v 0.014133 -0.000456 1.414075
v 0.013518 0.001719 1.414075
v 0.012671 0.003779 1.414075
v 0.011608 0.005689 1.414075
v 0.010346 0.007415 1.414075
v 0.008907 0.008930 1.414075
v 0.007316 0.010206 1.414075
v 0.005599 0.011222 1.414075
v 0.003787 0.011960 1.414075
v 0.001910 0.012408 1.414075
v 0.000000 0.012558 1.414075
v -0.001910 0.012408 1.414075
v -0.003787 0.011960 1.414075
v -0.005599 0.011222 1.414075
v -0.007316 0.010206 1.414075
v -0.008907 0.008930 1.414075
v -0.010346 0.007415 1.414075
v -0.011608 0.005689 1.414075
v -0.012671 0.003779 1.414075
v -0.013518 0.001719 1.414075
v -0.014133 -0.000456 1.414075
v -0.014507 -0.002708 1.414075
v -0.014632 -0.005000 1.414075
v -0.021771 -0.005000 1.416650
v -0.021585 -0.008410 1.416650
v -0.021030 -0.011762 1.416650
v -0.020114 -0.014998 1.416650
v -0.018855 -0.018063 1.416650
v -0.017272 -0.020904 1.416650
v -0.015395 -0.023474 1.416650
v -0.013254 -0.025727 1.416650
v -0.010886 -0.027625 1.416650
v -0.008332 -0.029137 1.416650
v -0.005635 -0.030235 1.416650
v -0.002842 -0.030902 1.416650
v 0.000000 -0.031126 1.416650
v 0.002842 -0.030902 1.416650
v 0.005635 -0.030235 1.416650
v 0.008332 -0.029137 1.416650
v 0.010886 -0.027625 1.416650
v 0.013254 -0.025727 1.416650
v 0.015395 -0.023474 1.416650
v 0.017272 -0.020904 1.416650
v 0.018855 -0.018063 1.416650
v 0.020114 -0.014998 1.416650
v 0.021030 -0.011762 1.416650
v 0.021585 -0.008410 1.416650
v 0.021771 -0.005000 1.416650
v 0.021585 -0.001590 1.416650
v 0.021030 0.001762 1.416650
v 0.020114 0.004998 1.416650
v 0.018855 0.008063 1.416650
v 0.017272 0.010904 1.416650
v 0.015395 0.013474 1.416650
v 0.013254 0.015727 1.416650
v 0.010886 0.017625 1.416650
v 0.008332 0.019137 1.416650
v 0.005635 0.020235 1.416650
v 0.002842 0.020902 1.416650
v 0.000000 0.021126 1.416650
v -0.002842 0.020902 1.416650
v -0.005635 0.020235 1.416650
v -0.008332 0.019137 1.416650
v -0.010886 0.017625 1.416650
v -0.013254 0.015727 1.416650
v -0.015395 0.013474 1.416650
v -0.017272 0.010904 1.416650
v -0.018855 0.008063 1.416650
v -0.020114 0.004998 1.416650
v -0.021030 0.001762 1.416650
v -0.021585 -0.001590 1.416650
v -0.021771 -0.005000 1.416650
v -0.028701 -0.005000 1.420221
v -0.028456 -0.009496 1.420221
v -0.027723 -0.013914 1.420221
v -0.026517 -0.018180 1.420221
v -0.024856 -0.022221 1.420221
v -0.022770 -0.025967 1.420221
v -0.020295 -0.029354 1.420221
v -0.017472 -0.032324 1.420221
v -0.014351 -0.034827 1.420221
v -0.010983 -0.036820 1.420221
v -0.007428 -0.038268 1.420221
v -0.003746 -0.039147 1.420221
v 0.000000 -0.039442 1.420221
v 0.003746 -0.039147 1.420221
v 0.007428 -0.038268 1.420221
v 0.010983 -0.036820 1.420221
v 0.014351 -0.034827 1.420221
v 0.017472 -0.032324 1.420221
v 0.020295 -0.029354 1.420221
v 0.022770 -0.025967 1.420221
v 0.024856 -0.022221 1.420221
v 0.026517 -0.018180 1.420221
v 0.027723 -0.013914 1.420221
v 0.028456 -0.009496 1.420221
v 0.028701 -0.005000 1.420221
v 0.028456 -0.000504 1.420221
v 0.027723 0.003914 1.420221
v 0.026517 0.008180 1.420221
v 0.024856 0.012221 1.420221
v 0.022770 0.015967 1.420221
v 0.020295 0.019354 1.420221
v 0.017472 0.022324 1.420221
v 0.014351 0.024827 1.420221
v 0.010983 0.026820 1.420221
v 0.007428 0.028268 1.420221
v 0.003746 0.029147 1.420221
v 0.000000 0.029442 1.420221
v -0.003746 0.029147 1.420221
v -0.007428 0.028268 1.420221
v -0.010983 0.026820 1.420221
v -0.014351 0.024827 1.420221
v -0.017472 0.022324 1.420221
v -0.020295 0.019354 1.420221
v -0.022770 0.015967 1.420221
v -0.024856 0.012221 1.420221
v -0.026517 0.008180 1.420221
v -0.027723 0.003914 1.420221
v -0.028456 -0.000504 1.420221
v -0.028701 -0.005000 1.420221
v -0.035355 -0.005000 1.424753
v -0.035052 -0.010538 1.424753
v -0.034150 -0.015981 1.424753
v -0.032664 -0.021236 1.424753
v -0.030618 -0.026213 1.424753
v -0.028049 -0.030827 1.424753
v -0.025000 -0.035000 1.424753
v -0.021523 -0.038659 1.424753
v -0.017677 -0.041742 1.424753
v -0.013530 -0.044196 1.424753
v -0.009150 -0.045980 1.424753
v -0.004615 -0.047063 1.424753
v 0.000000 -0.047426 1.424753
v 0.004615 -0.047063 1.424753
v 0.009150 -0.045980 1.424753
v 0.013530 -0.044196 1.424753
v 0.017677 -0.041742 1.424753
v 0.021523 -0.038659 1.424753
v 0.025000 -0.035000 1.424753
v 0.028049 -0.030827 1.424753
v 0.030618 -0.026213 1.424753
v 0.032664 -0.021236 1.424753
v 0.034150 -0.015981 1.424753
v 0.035052 -0.010538 1.424753
v 0.035355 -0.005000 1.424753
v 0.035052 0.000538 1.424753
v 0.034150 0.005981 1.424753
v 0.032664 0.011236 1.424753
v 0.030618 0.016213 1.424753
v 0.028049 0.020827 1.424753
v 0.025000 0.025000 1.424753
v 0.021523 0.028659 1.424753
v 0.017677 0.031742 1.424753
v 0.013530 0.034196 1.424753
v 0.009150 0.035980 1.424753
v 0.004615 0.037063 1.424753
v 0.000000 0.037426 1.424753
v -0.004615 0.037063 1.424753
v -0.009150 0.035980 1.424753
v -0.013530 0.034196 1.424753
v -0.017677 0.031742 1.424753
v -0.021523 0.028659 1.424753
v -0.025000 0.025000 1.424753
v -0.028049 0.020827 1.424753
v -0.030618 0.016213 1.424753
v -0.032664 0.011236 1.424753
v -0.034150 0.005981 1.424753
v -0.035052 0.000538 1.424753
v -0.035355 -0.005000 1.424753
v -0.041668 -0.005000 1.430201
v -0.041311 -0.011526 1.430201
v -0.040248 -0.017941 1.430201
v -0.038496 -0.024135 1.430201
v -0.036085 -0.030001 1.430201
v -0.033057 -0.035439 1.430201
v -0.029464 -0.040356 1.430201
v -0.025366 -0.044669 1.430201
v -0.020834 -0.048302 1.430201
v -0.015946 -0.051195 1.430201
v -0.010784 -0.053298 1.430201
v -0.005439 -0.054574 1.430201
v 0.000000 -0.055001 1.430201
v 0.005439 -0.054574 1.430201
v 0.010784 -0.053298 1.430201
v 0.015946 -0.051195 1.430201
v 0.020834 -0.048302 1.430201
v 0.025366 -0.044669 1.430201
v 0.029464 -0.040356 1.430201
v 0.033057 -0.035439 1.430201
v 0.036085 -0.030001 1.430201
v 0.038496 -0.024135 1.430201
v 0.040248 -0.017941 1.430201
v 0.041311 -0.011526 1.430201
v 0.041668 -0.005000 1.430201
v 0.041311 0.001526 1.430201
v 0.040248 0.007941 1.430201
v 0.038496 0.014135 1.430201
v 0.036085 0.020001 1.430201
v 0.033057 0.025439 1.430201
v 0.029464 0.030356 1.430201
v 0.025366 0.034669 1.430201
v 0.020834 0.038302 1.430201
v 0.015946 0.041195 1.430201
v 0.010784 0.043298 1.430201
v 0.005439 0.044574 1.430201
v 0.000000 0.045001 1.430201
v -0.005439 0.044574 1.430201
v -0.010784 0.043298 1.430201
v -0.015946 0.041195 1.430201
v -0.020834 0.038302 1.430201
v -0.025366 0.034669 1.430201
v -0.029464 0.030356 1.430201
v -0.033057 0.025439 1.430201
v -0.036085 0.020001 1.430201
v -0.038496 0.014135 1.430201
v -0.040248 0.007941 1.430201
v -0.041311 0.001526 1.430201
v -0.041668 -0.005000 1.430201
v -0.047579 -0.005000 1.436515
v -0.047172 -0.012452 1.436515
v -0.045958 -0.019777 1.436515
v -0.043958 -0.026849 1.436515
v -0.041205 -0.033548 1.436515
v -0.037747 -0.039757 1.436515
v -0.033644 -0.045373 1.436515
v -0.028965 -0.050297 1.436515
v -0.023790 -0.054446 1.436515
v -0.018208 -0.057749 1.436515
v -0.012314 -0.060150 1.436515
v -0.006210 -0.061607 1.436515
v 0.000000 -0.062095 1.436515
v 0.006210 -0.061607 1.436515
v 0.012314 -0.060150 1.436515
v 0.018208 -0.057749 1.436515
v 0.023790 -0.054446 1.436515
v 0.028965 -0.050297 1.436515
v 0.033644 -0.045373 1.436515
v 0.037747 -0.039757 1.436515
v 0.041205 -0.033548 1.436515
v 0.043958 -0.026849 1.436515
v 0.045958 -0.019777 1.436515
v 0.047172 -0.012452 1.436515
v 0.047579 -0.005000 1.436515
v 0.047172 0.002452 1.436515
v 0.045958 0.009777 1.436515
v 0.043958 0.016849 1.436515
v 0.041205 0.023548 1.436515
v 0.037747 0.029757 1.436515
v 0.033644 0.035373 1.436515
v 0.028965 0.040297 1.436515
v 0.023790 0.044446 1.436515
v 0.018208 0.047749 1.436515
v 0.012314 0.050150 1.436515
v 0.006210 0.051607 1.436515
v 0.000000 0.052095 1.436515
v -0.006210 0.051607 1.436515
v -0.012314 0.050150 1.436515
v -0.018208 0.047749 1.436515
v -0.023790 0.044446 1.436515
v -0.028965 0.040297 1.436515
v -0.033644 0.035373 1.436515
v -0.037747 0.029757 1.436515
v -0.041205 0.023548 1.436515
v -0.043958 0.016849 1.436515
v -0.045958 0.009777 1.436515
v -0.047172 0.002452 1.436515
v -0.047579 -0.005000 1.436515
v -0.053033 -0.005000 1.443632
v -0.052579 -0.013307 1.443632
v -0.051226 -0.021471 1.443632
v -0.048996 -0.029354 1.443632
v -0.045928 -0.036820 1.443632
v -0.042074 -0.043741 1.443632
v -0.037500 -0.050000 1.443632
v -0.032284 -0.055489 1.443632
v -0.026517 -0.060114 1.443632
v -0.020295 -0.063795 1.443632
v -0.013726 -0.066471 1.443632
v -0.006922 -0.068095 1.443632
v 0.000000 -0.068640 1.443632
v 0.006922 -0.068095 1.443632
v 0.013726 -0.066471 1.443632
v 0.020295 -0.063795 1.443632
v 0.026517 -0.060114 1.443632
v 0.032284 -0.055489 1.443632
v 0.037500 -0.050000 1.443632
v 0.042074 -0.043741 1.443632
v 0.045928 -0.036820 1.443632
v 0.048996 -0.029354 1.443632
v 0.051226 -0.021471 1.443632
v 0.052579 -0.013307 1.443632
v 0.053033 -0.005000 1.443632
v 0.052579 0.003307 1.443632
v 0.051226 0.011471 1.443632
v 0.048996 0.019354 1.443632
v 0.045928 0.026820 1.443632
v 0.042074 0.033741 1.443632
v 0.037500 0.040000 1.443632
v 0.032284 0.045489 1.443632
v 0.026517 0.050114 1.443632
v 0.020295 0.053795 1.443632
v 0.013726 0.056471 1.443632
v 0.006922 0.058095 1.443632
v 0.000000 0.058640 1.443632
v -0.006922 0.058095 1.443632
v -0.013726 0.056471 1.443632
v -0.020295 0.053795 1.443632
v -0.026517 0.050114 1.443632
v -0.032284 0.045489 1.443632
v -0.037500 0.040000 1.443632
v -0.042074 0.033741 1.443632
v -0.045928 0.026820 1.443632
v -0.048996 0.019354 1.443632
v -0.051226 0.011471 1.443632
v -0.052579 0.003307 1.443632
v -0.053033 -0.005000 1.443632
v -0.057976 -0.005000 1.451486
v -0.057480 -0.014081 1.451486
v -0.056000 -0.023006 1.451486
v -0.053563 -0.031624 1.451486
v -0.050209 -0.039785 1.451486
v -0.045995 -0.047352 1.451486
v -0.040995 -0.054194 1.451486
v -0.035293 -0.060194 1.451486
v -0.028988 -0.065250 1.451486
v -0.022186 -0.069275 1.451486
v -0.015005 -0.072200 1.451486
v -0.007567 -0.073976 1.451486
v 0.000000 -0.074571 1.451486
v 0.007567 -0.073976 1.451486
v 0.015005 -0.072200 1.451486
v 0.022186 -0.069275 1.451486
v 0.028988 -0.065250 1.451486
v 0.035293 -0.060194 1.451486
v 0.040995 -0.054194 1.451486
v 0.045995 -0.047352 1.451486
v 0.050209 -0.039785 1.451486
v 0.053563 -0.031624 1.451486
v 0.056000 -0.023006 1.451486
v 0.057480 -0.014081 1.451486
v 0.057976 -0.005000 1.451486
v 0.057480 0.004081 1.451486
v 0.056000 0.013006 1.451486
v 0.053563 0.021624 1.451486
v 0.050209 0.029785 1.451486
v 0.045995 0.037352 1.451486
v 0.040995 0.044194 1.451486
v 0.035293 0.050194 1.451486
v 0.028988 0.055250 1.451486
v 0.022186 0.059275 1.451486
v 0.015005 0.062200 1.451486
v 0.007567 0.063976 1.451486
v 0.000000 0.064571 1.451486
v -0.007567 0.063976 1.451486
v -0.015005 0.062200 1.451486
v -0.022186 0.059275 1.451486
v -0.028988 0.055250 1.451486
v -0.035293 0.050194 1.451486
v -0.040995 0.044194 1.451486
v -0.045995 0.037352 1.451486
v -0.050209 0.029785 1.451486
v -0.053563 0.021624 1.451486
v -0.056000 0.013006 1.451486
v -0.057480 0.004081 1.451486
v -0.057976 -0.005000 1.451486
v -0.062360 -0.005000 1.459998
v -0.061827 -0.014768 1.459998
v -0.060235 -0.024368 1.459998
v -0.057613 -0.033637 1.459998
v -0.054006 -0.042416 1.459998
v -0.049474 -0.050555 1.459998
v -0.044095 -0.057914 1.459998
v -0.037962 -0.064368 1.459998
v -0.031180 -0.069807 1.459998
v -0.023864 -0.074136 1.459998
v -0.016140 -0.077282 1.459998
v -0.008140 -0.079192 1.459998
v 0.000000 -0.079832 1.459998
v 0.008140 -0.079192 1.459998
v 0.016140 -0.077282 1.459998
v 0.023864 -0.074136 1.459998
v 0.031180 -0.069807 1.459998
v 0.037962 -0.064368 1.459998
v 0.044095 -0.057914 1.459998
v 0.049474 -0.050555 1.459998
v 0.054006 -0.042416 1.459998
v 0.057613 -0.033637 1.459998
v 0.060235 -0.024368 1.459998
v 0.061827 -0.014768 1.459998
v 0.062360 -0.005000 1.459998
v 0.061827 0.004768 1.459998
v 0.060235 0.014368 1.459998
v 0.057613 0.023637 1.459998
v 0.054006 0.032416 1.459998
v 0.049474 0.040555 1.459998
v 0.044095 0.047914 1.459998
v 0.037962 0.054368 1.459998
v 0.031180 0.059807 1.459998
v 0.023864 0.064136 1.459998
v 0.016140 0.067282 1.459998
v 0.008140 0.069192 1.459998
v 0.000000 0.069832 1.459998
v -0.008140 0.069192 1.459998
v -0.016140 0.067282 1.459998
v -0.023864 0.064136 1.459998
v -0.031180 0.059807 1.459998
v -0.037962 0.054368 1.459998
v -0.044095 0.047914 1.459998
v -0.049474 0.040555 1.459998
v -0.054006 0.032416 1.459998
v -0.057613 0.023637 1.459998
v -0.060235 0.014368 1.459998
v -0.061827 0.004768 1.459998
v -0.062360 -0.005000 1.459998
v -0.066144 -0.005000 1.469089
v -0.065578 -0.015360 1.469089
v -0.063890 -0.025543 1.469089
v -0.061109 -0.035375 1.469089
v -0.057282 -0.044686 1.469089
v -0.052476 -0.053319 1.469089
v -0.046771 -0.061125 1.469089
v -0.040266 -0.067971 1.469089
v -0.033072 -0.073739 1.469089
v -0.025312 -0.078331 1.469089
v -0.017119 -0.081668 1.469089
v -0.008634 -0.083694 1.469089
v 0.000000 -0.084373 1.469089
v 0.008634 -0.083694 1.469089
v 0.017119 -0.081668 1.469089
v 0.025312 -0.078331 1.469089
v 0.033072 -0.073739 1.469089
v 0.040266 -0.067971 1.469089
v 0.046771 -0.061125 1.469089
v 0.052476 -0.053319 1.469089
v 0.057282 -0.044686 1.469089
v 0.061109 -0.035375 1.469089
v 0.063890 -0.025543 1.469089
v 0.065578 -0.015360 1.469089
v 0.066144 -0.005000 1.469089
v 0.065578 0.005360 1.469089
v 0.063890 0.015543 1.469089
v 0.061109 0.025375 1.469089
v 0.057282 0.034686 1.469089
v 0.052476 0.043319 1.469089
v 0.046771 0.051125 1.469089
v 0.040266 0.057971 1.469089
v 0.033072 0.063739 1.469089
v 0.025312 0.068331 1.469089
v 0.017119 0.071668 1.469089
v 0.008634 0.073694 1.469089
v 0.000000 0.074373 1.469089
v -0.008634 0.073694 1.469089
v -0.017119 0.071668 1.469089
v -0.025312 0.068331 1.469089
v -0.033072 0.063739 1.469089
v -0.040266 0.057971 1.469089
v -0.046771 0.051125 1.469089
v -0.052476 0.043319 1.469089
v -0.057282 0.034686 1.469089
v -0.061109 0.025375 1.469089
v -0.063890 0.015543 1.469089
v -0.065578 0.005360 1.469089
v -0.066144 -0.005000 1.469089
v -0.069291 -0.005000 1.478670
v -0.068698 -0.015853 1.478670
v -0.066930 -0.026521 1.478670
v -0.064017 -0.036820 1.478670
v -0.060008 -0.046575 1.478670
v -0.054972 -0.055618 1.478670
v -0.048996 -0.063795 1.478670
v -0.042182 -0.070967 1.478670
v -0.034645 -0.077009 1.478670
v -0.026517 -0.081820 1.478670
v -0.017934 -0.085316 1.478670
v -0.009044 -0.087438 1.478670
v 0.000000 -0.088149 1.478670
v 0.009044 -0.087438 1.478670
v 0.017934 -0.085316 1.478670
v 0.026517 -0.081820 1.478670
v 0.034645 -0.077009 1.478670
v 0.042182 -0.070967 1.478670
v 0.048996 -0.063795 1.478670
v 0.054972 -0.055618 1.478670
v 0.060008 -0.046575 1.478670
v 0.064017 -0.036820 1.478670
v 0.066930 -0.026521 1.478670
v 0.068698 -0.015853 1.478670
v 0.069291 -0.005000 1.478670
v 0.068698 0.005853 1.478670
v 0.066930 0.016521 1.478670
v 0.064017 0.026820 1.478670
v 0.060008 0.036575 1.478670
v 0.054972 0.045618 1.478670
v 0.048996 0.053795 1.478670
v 0.042182 0.060967 1.478670
v 0.034645 0.067009 1.478670
v 0.026517 0.071820 1.478670
v 0.017934 0.075316 1.478670
v 0.009044 0.077438 1.478670
v 0.000000 0.078149 1.478670
v -0.009044 0.077438 1.478670
v -0.017934 0.075316 1.478670
v -0.026517 0.071820 1.478670
v -0.034645 0.067009 1.478670
v -0.042182 0.060967 1.478670
v -0.048996 0.053795 1.478670
v -0.054972 0.045618 1.478670
v -0.060008 0.036575 1.478670
v -0.064017 0.026820 1.478670
v -0.066930 0.016521 1.478670
v -0.068698 0.005853 1.478670
v -0.069291 -0.005000 1.478670
v -0.071771 -0.005000 1.488649
v -0.071157 -0.016242 1.488649
v -0.069325 -0.027291 1.488649
v -0.066307 -0.037958 1.488649
v -0.062155 -0.048062 1.488649
v -0.056939 -0.057429 1.488649
v -0.050749 -0.065899 1.488649
v -0.043691 -0.073327 1.488649
v -0.035885 -0.079586 1.488649
v -0.027465 -0.084569 1.488649
v -0.018576 -0.088190 1.488649
v -0.009368 -0.090388 1.488649
v 0.000000 -0.091125 1.488649
v 0.009368 -0.090388 1.488649
v 0.018576 -0.088190 1.488649
v 0.027465 -0.084569 1.488649
v 0.035885 -0.079586 1.488649
v 0.043691 -0.073327 1.488649
v 0.050749 -0.065899 1.488649
v 0.056939 -0.057429 1.488649
v 0.062155 -0.048062 1.488649
v 0.066307 -0.037958 1.488649
v 0.069325 -0.027291 1.488649
v 0.071157 -0.016242 1.488649
v 0.071771 -0.005000 1.488649
v 0.071157 0.006242 1.488649
v 0.069325 0.017291 1.488649
v 0.066307 0.027958 1.488649
v 0.062155 0.038062 1.488649
v 0.056939 0.047429 1.488649
v 0.050749 0.055899 1.488649
v 0.043691 0.063327 1.488649
v 0.035885 0.069586 1.488649
v 0.027465 0.074569 1.488649
v 0.018576 0.078190 1.488649
v 0.009368 0.080388 1.488649
v 0.000000 0.081125 1.488649
v -0.009368 0.080388 1.488649
v -0.018576 0.078190 1.488649
v -0.027465 0.074569 1.488649
v -0.035885 0.069586 1.488649
v -0.043691 0.063327 1.488649
v -0.050749 0.055899 1.488649
v -0.056939 0.047429 1.488649
v -0.062155 0.038062 1.488649
v -0.066307 0.027958 1.488649
v -0.069325 0.017291 1.488649
v -0.071157 0.006242 1.488649
v -0.071771 -0.005000 1.488649
v -0.073559 -0.005000 1.498930
v -0.072930 -0.016522 1.498930
v -0.071052 -0.027846 1.498930
v -0.067960 -0.038780 1.498930
v -0.063704 -0.049135 1.498930
v -0.058358 -0.058736 1.498930
v -0.052014 -0.067417 1.498930
v -0.044780 -0.075030 1.498930
v -0.036779 -0.081445 1.498930
v -0.028150 -0.086551 1.498930
v -0.019038 -0.090263 1.498930
v -0.009601 -0.092516 1.498930
v 0.000000 -0.093271 1.498930
v 0.009601 -0.092516 1.498930
v 0.019038 -0.090263 1.498930
v 0.028150 -0.086551 1.498930
v 0.036779 -0.081445 1.498930
v 0.044780 -0.075030 1.498930
v 0.052014 -0.067417 1.498930
v 0.058358 -0.058736 1.498930
v 0.063704 -0.049135 1.498930
v 0.067960 -0.038780 1.498930
v 0.071052 -0.027846 1.498930
v 0.072930 -0.016522 1.498930
v 0.073559 -0.005000 1.498930
v 0.072930 0.006522 1.498930
v 0.071052 0.017846 1.498930
v 0.067960 0.028780 1.498930
v 0.063704 0.039135 1.498930
v 0.058358 0.048736 1.498930
v 0.052014 0.057417 1.498930
v 0.044780 0.065030 1.498930
v 0.036779 0.071445 1.498930
v 0.028150 0.076551 1.498930
v 0.019038 0.080263 1.498930
v 0.009601 0.082516 1.498930
v 0.000000 0.083271 1.498930
v -0.009601 0.082516 1.498930
v -0.019038 0.080263 1.498930
v -0.028150 0.076551 1.498930
v -0.036779 0.071445 1.498930
v -0.044780 0.065030 1.498930
v -0.052014 0.057417 1.498930
v -0.058358 0.048736 1.498930
v -0.063704 0.039135 1.498930
v -0.067960 0.028780 1.498930
v -0.071052 0.017846 1.498930
v -0.072930 0.006522 1.498930
v -0.073559 -0.005000 1.498930
v -0.074639 -0.005000 1.509414
v -0.074000 -0.016691 1.509414
v -0.072096 -0.028182 1.509414
v -0.068957 -0.039276 1.509414
v -0.064639 -0.049783 1.509414
v -0.059215 -0.059525 1.509414
v -0.052778 -0.068333 1.509414
v -0.045437 -0.076058 1.509414
v -0.037319 -0.082567 1.509414
v -0.028563 -0.087749 1.509414
v -0.019318 -0.091515 1.509414
v -0.009742 -0.093800 1.509414
v 0.000000 -0.094567 1.509414
v 0.009742 -0.093800 1.509414
v 0.019318 -0.091515 1.509414
v 0.028563 -0.087749 1.509414
v 0.037319 -0.082567 1.509414
v 0.045437 -0.076058 1.509414
v 0.052778 -0.068333 1.509414
v 0.059215 -0.059525 1.509414
v 0.064639 -0.049783 1.509414
v 0.068957 -0.039276 1.509414
v 0.072096 -0.028182 1.509414
v 0.074000 -0.016691 1.509414
v 0.074639 -0.005000 1.509414
v 0.074000 0.006691 1.509414
v 0.072096 0.018182 1.509414
v 0.068957 0.029276 1.509414
v 0.064639 0.039783 1.509414
v 0.059215 0.049525 1.509414
v 0.052778 0.058333 1.509414
v 0.045437 0.066058 1.509414
v 0.037319 0.072567 1.509414
v 0.028563 0.077749 1.509414
v 0.019318 0.081515 1.509414
v 0.009742 0.083800 1.509414
v 0.000000 0.084567 1.509414
v -0.009742 0.083800 1.509414
v -0.019318 0.081515 1.509414
v -0.028563 0.077749 1.509414
v -0.037319 0.072567 1.509414
v -0.045437 0.066058 1.509414
v -0.052778 0.058333 1.509414
v -0.059215 0.049525 1.509414
v -0.064639 0.039783 1.509414
v -0.068957 0.029276 1.509414
v -0.072096 0.018182 1.509414
v -0.074000 0.006691 1.509414
v -0.074639 -0.005000 1.509414
v -0.075000 -0.005000 1.520000
v -0.074358 -0.016747 1.520000
v -0.072444 -0.028294 1.520000
v -0.069291 -0.039442 1.520000
v -0.064952 -0.050000 1.520000
v -0.059502 -0.059789 1.520000
v -0.053033 -0.068640 1.520000
v -0.045657 -0.076402 1.520000
v -0.037500 -0.082942 1.520000
v -0.028701 -0.088149 1.520000
v -0.019411 -0.091933 1.520000
v -0.009789 -0.094230 1.520000
v 0.000000 -0.095000 1.520000
v 0.009789 -0.094230 1.520000
v 0.019411 -0.091933 1.520000
v 0.028701 -0.088149 1.520000
v 0.037500 -0.082942 1.520000
v 0.045657 -0.076402 1.520000
v 0.053033 -0.068640 1.520000
v 0.059502 -0.059789 1.520000
v 0.064952 -0.050000 1.520000
v 0.069291 -0.039442 1.520000
v 0.072444 -0.028294 1.520000
v 0.074358 -0.016747 1.520000
v 0.075000 -0.005000 1.520000
v 0.074358 0.006747 1.520000
v 0.072444 0.018294 1.520000
v 0.069291 0.029442 1.520000
v 0.064952 0.040000 1.520000
v 0.059502 0.049789 1.520000
v 0.053033 0.058640 1.520000
v 0.045657 0.066402 1.520000
v 0.037500 0.072942 1.520000
v 0.028701 0.078149 1.520000
v 0.019411 0.081933 1.520000
v 0.009789 0.084230 1.520000
v 0.000000 0.085000 1.520000
v -0.009789 0.084230 1.520000
v -0.019411 0.081933 1.520000
v -0.028701 0.078149 1.520000
v -0.037500 0.072942 1.520000
v -0.045657 0.066402 1.520000
v -0.053033 0.058640 1.520000
v -0.059502 0.049789 1.520000
v -0.064952 0.040000 1.520000
v -0.069291 0.029442 1.520000
v -0.072444 0.018294 1.520000
v -0.074358 0.006747 1.520000
v -0.075000 -0.005000 1.520000
v -0.074639 -0.005000 1.530586
v -0.074000 -0.016691 1.530586
v -0.072096 -0.028182 1.530586
v -0.068957 -0.039276 1.530586
v -0.064639 -0.049783 1.530586
v -0.059215 -0.059525 1.530586
v -0.052778 -0.068333 1.530586
v -0.045437 -0.076058 1.530586
v -0.037319 -0.082567 1.530586
v -0.028563 -0.087749 1.530586
v -0.019318 -0.091515 1.530586
v -0.009742 -0.093800 1.530586
v 0.000000 -0.094567 1.530586
v 0.009742 -0.093800 1.530586
v 0.019318 -0.091515 1.530586
v 0.028563 -0.087749 1.530586
v 0.037319 -0.082567 1.530586
v 0.045437 -0.076058 1.530586
v 0.052778 -0.068333 1.530586
v 0.059215 -0.059525 1.530586
v 0.064639 -0.049783 1.530586
v 0.068957 -0.039276 1.530586
v 0.072096 -0.028182 1.530586
v 0.074000 -0.016691 1.530586
v 0.074639 -0.005000 1.530586
v 0.074000 0.006691 1.530586
v 0.072096 0.018182 1.530586
v 0.068957 0.029276 1.530586
v 0.064639 0.039783 1.530586
v 0.059215 0.049525 1.530586
v 0.052778 0.058333 1.530586
v 0.045437 0.066058 1.530586
v 0.037319 0.072567 1.530586
v 0.028563 0.077749 1.530586
v 0.019318 0.081515 1.530586
v 0.009742 0.083800 1.530586
v 0.000000 0.084567 1.530586
v -0.009742 0.083800 1.530586
v -0.019318 0.081515 1.530586
v -0.028563 0.077749 1.530586
v -0.037319 0.072567 1.530586
v -0.045437 0.066058 1.530586
v -0.052778 0.058333 1.530586
v -0.059215 0.049525 1.530586
v -0.064639 0.039783 1.530586
v -0.068957 0.029276 1.530586
v -0.072096 0.018182 1.530586
v -0.074000 0.006691 1.530586
v -0.074639 -0.005000 1.530586
v -0.073559 -0.005000 1.541070
v -0.072930 -0.016522 1.541070
v -0.071052 -0.027846 1.541070
v -0.067960 -0.038780 1.541070
v -0.063704 -0.049135 1.541070
v -0.058358 -0.058736 1.541070
v -0.052014 -0.067417 1.541070
v -0.044780 -0.075030 1.541070
v -0.036779 -0.081445 1.541070
v -0.028150 -0.086551 1.541070
v -0.019038 -0.090263 1.541070
v -0.009601 -0.092516 1.541070
v 0.000000 -0.093271 1.541070
v 0.009601 -0.092516 1.541070
v 0.019038 -0.090263 1.541070
v 0.028150 -0.086551 1.541070
v 0.036779 -0.081445 1.541070
v 0.044780 -0.075030 1.541070
v 0.052014 -0.067417 1.541070
v 0.058358 -0.058736 1.541070
v 0.063704 -0.049135 1.541070
v 0.067960 -0.038780 1.541070
v 0.071052 -0.027846 1.541070
v 0.072930 -0.016522 1.541070
v 0.073559 -0.005000 1.541070
v 0.072930 0.006522 1.541070
v 0.071052 0.017846 1.541070
v 0.067960 0.028780 1.541070
v 0.063704 0.039135 1.541070
v 0.058358 0.048736 1.541070
v 0.052014 0.057417 1.541070
v 0.044780 0.065030 1.541070
v 0.036779 0.071445 1.541070
v 0.028150 0.076551 1.541070
v 0.019038 0.080263 1.541070
v 0.009601 0.082516 1.541070
v 0.000000 0.083271 1.541070
v -0.009601 0.082516 1.541070
v -0.019038 0.080263 1.541070
v -0.028150 0.076551 1.541070
v -0.036779 0.071445 1.541070
v -0.044780 0.065030 1.541070
v -0.052014 0.057417 1.541070
v -0.058358 0.048736 1.541070
v -0.063704 0.039135 1.541070
v -0.067960 0.028780 1.541070
v -0.071052 0.017846 1.541070
v -0.072930 0.006522 1.541070
v -0.073559 -0.005000 1.541070
v -0.071771 -0.005000 1.551351
v -0.071157 -0.016242 1.551351
v -0.069325 -0.027291 1.551351
v -0.066307 -0.037958 1.551351
v -0.062155 -0.048062 1.551351
v -0.056939 -0.057429 1.551351
v -0.050749 -0.065899 1.551351
v -0.043691 -0.073327 1.551351
v -0.035885 -0.079586 1.551351
v -0.027465 -0.084569 1.551351
v -0.018576 -0.088190 1.551351
v -0.009368 -0.090388 1.551351
v 0.000000 -0.091125 1.551351
v 0.009368 -0.090388 1.551351
v 0.018576 -0.088190 1.551351
v 0.027465 -0.084569 1.551351
v 0.035885 -0.079586 1.551351
v 0.043691 -0.073327 1.551351
v 0.050749 -0.065899 1.551351
v 0.056939 -0.057429 1.551351
v 0.062155 -0.048062 1.551351
v 0.066307 -0.037958 1.551351
v 0.069325 -0.027291 1.551351
v 0.071157 -0.016242 1.551351
v 0.071771 -0.005000 1.551351
v 0.071157 0.006242 1.551351
v 0.069325 0.017291 1.551351
v 0.066307 0.027958 1.551351
v 0.062155 0.038062 1.551351
v 0.056939 0.047429 1.551351
v 0.050749 0.055899 1.551351
v 0.043691 0.063327 1.551351
v 0.035885 0.069586 1.551351
v 0.027465 0.074569 1.551351
v 0.018576 0.078190 1.551351
v 0.009368 0.080388 1.551351
v 0.000000 0.081125 1.551351
v -0.009368 0.080388 1.551351
v -0.018576 0.078190 1.551351
v -0.027465 0.074569 1.551351
v -0.035885 0.069586 1.551351
v -0.043691 0.063327 1.551351
v -0.050749 0.055899 1.551351
v -0.056939 0.047429 1.551351
v -0.062155 0.038062 1.551351
v -0.066307 0.027958 1.551351
v -0.069325 0.017291 1.551351
v -0.071157 0.006242 1.551351
v -0.071771 -0.005000 1.551351
v -0.069291 -0.005000 1.561330
v -0.068698 -0.015853 1.561330
v -0.066930 -0.026521 1.561330
v -0.064017 -0.036820 1.561330
v -0.060008 -0.046575 1.561330
v -0.054972 -0.055618 1.561330
v -0.048996 -0.063795 1.561330
v -0.042182 -0.070967 1.561330
v -0.034645 -0.077009 1.561330
v -0.026517 -0.081820 1.561330
v -0.017934 -0.085316 1.561330
v -0.009044 -0.087438 1.561330
v 0.000000 -0.088149 1.561330
v 0.009044 -0.087438 1.561330
v 0.017934 -0.085316 1.561330
v 0.026517 -0.081820 1.561330
v 0.034645 -0.077009 1.561330
v 0.042182 -0.070967 1.561330
v 0.048996 -0.063795 1.561330
v 0.054972 -0.055618 1.561330
v 0.060008 -0.046575 1.561330
v 0.064017 -0.036820 1.561330
v 0.066930 -0.026521 1.561330
v 0.068698 -0.015853 1.561330
v 0.069291 -0.005000 1.561330
v 0.068698 0.005853 1.561330
v 0.066930 0.016521 1.561330
v 0.064017 0.026820 1.561330
v 0.060008 0.036575 1.561330
v 0.054972 0.045618 1.561330
v 0.048996 0.053795 1.561330
v 0.042182 0.060967 1.561330
v 0.034645 0.067009 1.561330
v 0.026517 0.071820 1.561330
v 0.017934 0.075316 1.561330
v 0.009044 0.077438 1.561330
v 0.000000 0.078149 1.561330
v -0.009044 0.077438 1.561330
v -0.017934 0.075316 1.561330
v -0.026517 0.071820 1.561330
v -0.034645 0.067009 1.561330
v -0.042182 0.060967 1.561330
v -0.048996 0.053795 1.561330
v -0.054972 0.045618 1.561330
v -0.060008 0.036575 1.561330
v -0.064017 0.026820 1.561330
v -0.066930 0.016521 1.561330
v -0.068698 0.005853 1.561330
v -0.069291 -0.005000 1.561330
v -0.066144 -0.005000 1.570911
v -0.065578 -0.015360 1.570911
v -0.063890 -0.025543 1.570911
v -0.061109 -0.035375 1.570911
v -0.057282 -0.044686 1.570911
v -0.052476 -0.053319 1.570911
v -0.046771 -0.061125 1.570911
v -0.040266 -0.067971 1.570911
v -0.033072 -0.073739 1.570911
v -0.025312 -0.078331 1.570911
v -0.017119 -0.081668 1.570911
v -0.008634 -0.083694 1.570911
v 0.000000 -0.084373 1.570911
v 0.008634 -0.083694 1.570911
v 0.017119 -0.081668 1.570911
v 0.025312 -0.078331 1.570911
v 0.033072 -0.073739 1.570911
v 0.040266 -0.067971 1.570911
v 0.046771 -0.061125 1.570911
v 0.052476 -0.053319 1.570911
v 0.057282 -0.044686 1.570911
v 0.061109 -0.035375 1.570911
v 0.063890 -0.025543 1.570911
v 0.065578 -0.015360 1.570911
v 0.066144 -0.005000 1.570911
v 0.065578 0.005360 1.570911
v 0.063890 0.015543 1.570911
v 0.061109 0.025375 1.570911
v 0.057282 0.034686 1.570911
v 0.052476 0.043319 1.570911
v 0.046771 0.051125 1.570911
v 0.040266 0.057971 1.570911
v 0.033072 0.063739 1.570911
v 0.025312 0.068331 1.570911
v 0.017119 0.071668 1.570911
v 0.008634 0.073694 1.570911
v 0.000000 0.074373 1.570911
v -0.008634 0.073694 1.570911
v -0.017119 0.071668 1.570911
v -0.025312 0.068331 1.570911
v -0.033072 0.063739 1.570911
v -0.040266 0.057971 1.570911
v -0.046771 0.051125 1.570911
v -0.052476 0.043319 1.570911
v -0.057282 0.034686 1.570911
v -0.061109 0.025375 1.570911
v -0.063890 0.015543 1.570911
v -0.065578 0.005360 1.570911
v -0.066144 -0.005000 1.570911
v -0.062360 -0.005000 1.580002
v -0.061827 -0.014768 1.580002
v -0.060235 -0.024368 1.580002
v -0.057613 -0.033637 1.580002
v -0.054006 -0.042416 1.580002
v -0.049474 -0.050555 1.580002
v -0.044095 -0.057914 1.580002
v -0.037962 -0.064368 1.580002
v -0.031180 -0.069807 1.580002
v -0.023864 -0.074136 1.580002
v -0.016140 -0.077282 1.580002
v -0.008140 -0.079192 1.580002
v 0.000000 -0.079832 1.580002
v 0.008140 -0.079192 1.580002
v 0.016140 -0.077282 1.580002
v 0.023864 -0.074136 1.580002
v 0.031180 -0.069807 1.580002
v 0.037962 -0.064368 1.580002
v 0.044095 -0.057914 1.580002
v 0.049474 -0.050555 1.580002
v 0.054006 -0.042416 1.580002
v 0.057613 -0.033637 1.580002
v 0.060235 -0.024368 1.580002
v 0.061827 -0.014768 1.580002
v 0.062360 -0.005000 1.580002
v 0.061827 0.004768 1.580002
v 0.060235 0.014368 1.580002
v 0.057613 0.023637 1.580002
v 0.054006 0.032416 1.580002
v 0.049474 0.040555 1.580002
v 0.044095 0.047914 1.580002
v 0.037962 0.054368 1.580002
v 0.031180 0.059807 1.580002
v 0.023864 0.064136 1.580002
v 0.016140 0.067282 1.580002
v 0.008140 0.069192 1.580002
v 0.000000 0.069832 1.580002
v -0.008140 0.069192 1.580002
v -0.016140 0.067282 1.580002
v -0.023864 0.064136 1.580002
v -0.031180 0.059807 1.580002
v -0.037962 0.054368 1.580002
v -0.044095 0.047914 1.580002
v -0.049474 0.040555 1.580002
v -0.054006 0.032416 1.580002
v -0.057613 0.023637 1.580002
v -0.060235 0.014368 1.580002
v -0.061827 0.004768 1.580002
v -0.062360 -0.005000 1.580002
v -0.057976 -0.005000 1.588514
v -0.057480 -0.014081 1.588514
v -0.056000 -0.023006 1.588514
v -0.053563 -0.031624 1.588514
v -0.050209 -0.039785 1.588514
v -0.045995 -0.047352 1.588514
v -0.040995 -0.054194 1.588514
v -0.035293 -0.060194 1.588514
v -0.028988 -0.065250 1.588514
v -0.022186 -0.069275 1.588514
v -0.015005 -0.072200 1.588514
v -0.007567 -0.073976 1.588514
v 0.000000 -0.074571 1.588514
v 0.007567 -0.073976 1.588514
v 0.015005 -0.072200 1.588514
v 0.022186 -0.069275 1.588514
v 0.028988 -0.065250 1.588514
v 0.035293 -0.060194 1.588514
v 0.040995 -0.054194 1.588514
v 0.045995 -0.047352 1.588514
v 0.050209 -0.039785 1.588514
v 0.053563 -0.031624 1.588514
v 0.056000 -0.023006 1.588514
v 0.057480 -0.014081 1.588514
v 0.057976 -0.005000 1.588514
v 0.057480 0.004081 1.588514
v 0.056000 0.013006 1.588514
v 0.053563 0.021624 1.588514
v 0.050209 0.029785 1.588514
v 0.045995 0.037352 1.588514
v 0.040995 0.044194 1.588514
v 0.035293 0.050194 1.588514
v 0.028988 0.055250 1.588514
v 0.022186 0.059275 1.588514
v 0.015005 0.062200 1.588514
v 0.007567 0.063976 1.588514
v 0.000000 0.064571 1.588514
v -0.007567 0.063976 1.588514
v -0.015005 0.062200 1.588514
v -0.022186 0.059275 1.588514
v -0.028988 0.055250 1.588514
v -0.035293 0.050194 1.588514
v -0.040995 0.044194 1.588514
v -0.045995 0.037352 1.588514
v -0.050209 0.029785 1.588514
v -0.053563 0.021624 1.588514
v -0.056000 0.013006 1.588514
v -0.057480 0.004081 1.588514
v -0.057976 -0.005000 1.588514
v -0.053033 -0.005000 1.596368
v -0.052579 -0.013307 1.596368
v -0.051226 -0.021471 1.596368
v -0.048996 -0.029354 1.596368
v -0.045928 -0.036820 1.596368
v -0.042074 -0.043741 1.596368
v -0.037500 -0.050000 1.596368
v -0.032284 -0.055489 1.596368
v -0.026517 -0.060114 1.596368
v -0.020295 -0.063795 1.596368
v -0.013726 -0.066471 1.596368
v -0.006922 -0.068095 1.596368
v 0.000000 -0.068640 1.596368
v 0.006922 -0.068095 1.596368
v 0.013726 -0.066471 1.596368
v 0.020295 -0.063795 1.596368
v 0.026517 -0.060114 1.596368
v 0.032284 -0.055489 1.596368
v 0.037500 -0.050000 1.596368
v 0.042074 -0.043741 1.596368
v 0.045928 -0.036820 1.596368
v 0.048996 -0.029354 1.596368
v 0.051226 -0.021471 1.596368
v 0.052579 -0.013307 1.596368
v 0.053033 -0.005000 1.596368
v 0.052579 0.003307 1.596368
v 0.051226 0.011471 1.596368
v 0.048996 0.019354 1.596368
v 0.045928 0.026820 1.596368
v 0.042074 0.033741 1.596368
v 0.037500 0.040000 1.596368
v 0.032284 0.045489 1.596368
v 0.026517 0.050114 1.596368
v 0.020295 0.053795 1.596368
v 0.013726 0.056471 1.596368
v 0.006922 0.058095 1.596368
v 0.000000 0.058640 1.596368
v -0.006922 0.058095 1.596368
v -0.013726 0.056471 1.596368
v -0.020295 0.053795 1.596368
v -0.026517 0.050114 1.596368
v -0.032284 0.045489 1.596368
v -0.037500 0.040000 1.596368
v -0.042074 0.033741 1.596368
v -0.045928 0.026820 1.596368
v -0.048996 0.019354 1.596368
v -0.051226 0.011471 1.596368
v -0.052579 0.003307 1.596368
v -0.053033 -0.005000 1.596368
v -0.047579 -0.005000 1.603485
v -0.047172 -0.012452 1.603485
v -0.045958 -0.019777 1.603485
v -0.043958 -0.026849 1.603485
v -0.041205 -0.033548 1.603485
v -0.037747 -0.039757 1.603485
v -0.033644 -0.045373 1.603485
v -0.028965 -0.050297 1.603485
v -0.023790 -0.054446 1.603485
v -0.018208 -0.057749 1.603485
v -0.012314 -0.060150 1.603485
v -0.006210 -0.061607 1.603485
v 0.000000 -0.062095 1.603485
v 0.006210 -0.061607 1.603485
v 0.012314 -0.060150 1.603485
v 0.018208 -0.057749 1.603485
v 0.023790 -0.054446 1.603485
v 0.028965 -0.050297 1.603485
v 0.033644 -0.045373 1.603485
v 0.037747 -0.039757 1.603485
v 0.041205 -0.033548 1.603485
v 0.043958 -0.026849 1.603485
v 0.045958 -0.019777 1.603485
v 0.047172 -0.012452 1.603485
v 0.047579 -0.005000 1.603485
v 0.047172 0.002452 1.603485
v 0.045958 0.009777 1.603485
v 0.043958 0.016849 1.603485
v 0.041205 0.023548 1.603485
v 0.037747 0.029757 1.603485
v 0.033644 0.035373 1.603485
v 0.028965 0.040297 1.603485
v 0.023790 0.044446 1.603485
v 0.018208 0.047749 1.603485
v 0.012314 0.050150 1.603485
v 0.006210 0.051607 1.603485
v 0.000000 0.052095 1.603485
v -0.006210 0.051607 1.603485
v -0.012314 0.050150 1.603485
v -0.018208 0.047749 1.603485
v -0.023790 0.044446 1.603485
v -0.028965 0.040297 1.603485
v -0.033644 0.035373 1.603485
v -0.037747 0.029757 1.603485
v -0.041205 0.023548 1.603485
v -0.043958 0.016849 1.603485
v -0.045958 0.009777 1.603485
v -0.047172 0.002452 1.603485
v -0.047579 -0.005000 1.603485
v -0.041668 -0.005000 1.609799
v -0.041311 -0.011526 1.609799
v -0.040248 -0.017941 1.609799
v -0.038496 -0.024135 1.609799
v -0.036085 -0.030001 1.609799
v -0.033057 -0.035439 1.609799
v -0.029464 -0.040356 1.609799
v -0.025366 -0.044669 1.609799
v -0.020834 -0.048302 1.609799
v -0.015946 -0.051195 1.609799
v -0.010784 -0.053298 1.609799
v -0.005439 -0.054574 1.609799
v 0.000000 -0.055001 1.609799
v 0.005439 -0.054574 1.609799
v 0.010784 -0.053298 1.609799
v 0.015946 -0.051195 1.609799
v 0.020834 -0.048302 1.609799
v 0.025366 -0.044669 1.609799
v 0.029464 -0.040356 1.609799
v 0.033057 -0.035439 1.609799
v 0.036085 -0.030001 1.609799
v 0.038496 -0.024135 1.609799
v 0.040248 -0.017941 1.609799
v 0.041311 -0.011526 1.609799
v 0.041668 -0.005000 1.609799
v 0.041311 0.001526 1.609799
v 0.040248 0.007941 1.609799
v 0.038496 0.014135 1.609799
v 0.036085 0.020001 1.609799
v 0.033057 0.025439 1.609799
v 0.029464 0.030356 1.609799
v 0.025366 0.034669 1.609799
v 0.020834 0.038302 1.609799
v 0.015946 0.041195 1.609799
v 0.010784 0.043298 1.609799
v 0.005439 0.044574 1.609799
v 0.000000 0.045001 1.609799
v -0.005439 0.044574 1.609799
v -0.010784 0.043298 1.609799
v -0.015946 0.041195 1.609799
v -0.020834 0.038302 1.609799
v -0.025366 0.034669 1.609799
v -0.029464 0.030356 1.609799
v -0.033057 0.025439 1.609799
v -0.036085 0.020001 1.609799
v -0.038496 0.014135 1.609799
v -0.040248 0.007941 1.609799
v -0.041311 0.001526 1.609799
v -0.041668 -0.005000 1.609799
v -0.035355 -0.005000 1.615247
v -0.035052 -0.010538 1.615247
v -0.034150 -0.015981 1.615247
v -0.032664 -0.021236 1.615247
v -0.030618 -0.026213 1.615247
v -0.028049 -0.030827 1.615247
v -0.025000 -0.035000 1.615247
v -0.021523 -0.038659 1.615247
v -0.017677 -0.041742 1.615247
v -0.013530 -0.044196 1.615247
v -0.009150 -0.045980 1.615247
v -0.004615 -0.047063 1.615247
v 0.000000 -0.047426 1.615247
v 0.004615 -0.047063 1.615247
v 0.009150 -0.045980 1.615247
v 0.013530 -0.044196 1.615247
v 0.017677 -0.041742 1.615247
v 0.021523 -0.038659 1.615247
v 0.025000 -0.035000 1.615247
v 0.028049 -0.030827 1.615247
v 0.030618 -0.026213 1.615247
v 0.032664 -0.021236 1.615247
v 0.034150 -0.015981 1.615247
v 0.035052 -0.010538 1.615247
v 0.035355 -0.005000 1.615247
v 0.035052 0.000538 1.615247
v 0.034150 0.005981 1.615247
v 0.032664 0.011236 1.615247
v 0.030618 0.016213 1.615247
v 0.028049 0.020827 1.615247
v 0.025000 0.025000 1.615247
v 0.021523 0.028659 1.615247
v 0.017677 0.031742 1.615247
v 0.013530 0.034196 1.615247
v 0.009150 0.035980 1.615247
v 0.004615 0.037063 1.615247
v 0.000000 0.037426 1.615247
v -0.004615 0.037063 1.615247
v -0.009150 0.035980 1.615247
v -0.013530 0.034196 1.615247
v -0.017677 0.031742 1.615247
v -0.021523 0.028659 1.615247
v -0.025000 0.025000 1.615247
v -0.028049 0.020827 1.615247
v -0.030618 0.016213 1.615247
v -0.032664 0.011236 1.615247
v -0.034150 0.005981 1.615247
v -0.035052 0.000538 1.615247
v -0.035355 -0.005000 1.615247
v -0.028701 -0.005000 1.619779
v -0.028456 -0.009496 1.619779
v -0.027723 -0.013914 1.619779
v -0.026517 -0.018180 1.619779
v -0.024856 -0.022221 1.619779
v -0.022770 -0.025967 1.619779
v -0.020295 -0.029354 1.619779
v -0.017472 -0.032324 1.619779
v -0.014351 -0.034827 1.619779
v -0.010983 -0.036820 1.619779
v -0.007428 -0.038268 1.619779
v -0.003746 -0.039147 1.619779
v 0.000000 -0.039442 1.619779
v 0.003746 -0.039147 1.619779
v 0.007428 -0.038268 1.619779
v 0.010983 -0.036820 1.619779
v 0.014351 -0.034827 1.619779
v 0.017472 -0.032324 1.619779
v 0.020295 -0.029354 1.619779
v 0.022770 -0.025967 1.619779
v 0.024856 -0.022221 1.619779
v 0.026517 -0.018180 1.619779
v 0.027723 -0.013914 1.619779
v 0.028456 -0.009496 1.619779
v 0.028701 -0.005000 1.619779
v 0.028456 -0.000504 1.619779
v 0.027723 0.003914 1.619779
v 0.026517 0.008180 1.619779
v 0.024856 0.012221 1.619779
v 0.022770 0.015967 1.619779
v 0.020295 0.019354 1.619779
v 0.017472 0.022324 1.619779
v 0.014351 0.024827 1.619779
v 0.010983 0.026820 1.619779
v 0.007428 0.028268 1.619779
v 0.003746 0.029147 1.619779
v 0.000000 0.029442 1.619779
v -0.003746 0.029147 1.619779
v -0.007428 0.028268 1.619779
v -0.010983 0.026820 1.619779
v -0.014351 0.024827 1.619779
v -0.017472 0.022324 1.619779
v -0.020295 0.019354 1.619779
v -0.022770 0.015967 1.619779
v -0.024856 0.012221 1.619779
v -0.026517 0.008180 1.619779
v -0.027723 0.003914 1.619779
v -0.028456 -0.000504 1.619779
v -0.028701 -0.005000 1.619779
v -0.021771 -0.005000 1.623350
v -0.021585 -0.008410 1.623350
v -0.021030 -0.011762 1.623350
v -0.020114 -0.014998 1.623350
v -0.018855 -0.018063 1.623350
v -0.017272 -0.020904 1.623350
v -0.015395 -0.023474 1.623350
v -0.013254 -0.025727 1.623350
v -0.010886 -0.027625 1.623350
v -0.008332 -0.029137 1.623350
v -0.005635 -0.030235 1.623350
v -0.002842 -0.030902 1.623350
v 0.000000 -0.031126 1.623350
v 0.002842 -0.030902 1.623350
v 0.005635 -0.030235 1.623350
v 0.008332 -0.029137 1.623350
v 0.010886 -0.027625 1.623350
v 0.013254 -0.025727 1.623350
v 0.015395 -0.023474 1.623350
v 0.017272 -0.020904 1.623350
v 0.018855 -0.018063 1.623350
v 0.020114 -0.014998 1.623350
v 0.021030 -0.011762 1.623350
v 0.021585 -0.008410 1.623350
v 0.021771 -0.005000 1.623350
v 0.021585 -0.001590 1.623350
v 0.021030 0.001762 1.623350
v 0.020114 0.004998 1.623350
v 0.018855 0.008063 1.623350
v 0.017272 0.010904 1.623350
v 0.015395 0.013474 1.623350
v 0.013254 0.015727 1.623350
v 0.010886 0.017625 1.623350
v 0.008332 0.019137 1.623350
v 0.005635 0.020235 1.623350
v 0.002842 0.020902 1.623350
v 0.000000 0.021126 1.623350
v -0.002842 0.020902 1.623350
v -0.005635 0.020235 1.623350
v -0.008332 0.019137 1.623350
v -0.010886 0.017625 1.623350
v -0.013254 0.015727 1.623350
v -0.015395 0.013474 1.623350
v -0.017272 0.010904 1.623350
v -0.018855 0.008063 1.623350
v -0.020114 0.004998 1.623350
v -0.021030 0.001762 1.623350
v -0.021585 -0.001590 1.623350
v -0.021771 -0.005000 1.623350
v -0.014632 -0.005000 1.625925
v -0.014507 -0.007292 1.625925
v -0.014133 -0.009544 1.625925
v -0.013518 -0.011719 1.625925
v -0.012671 -0.013779 1.625925
v -0.011608 -0.015689 1.625925
v -0.010346 -0.017415 1.625925
v -0.008907 -0.018930 1.625925
v -0.007316 -0.020206 1.625925
v -0.005599 -0.021222 1.625925
v -0.003787 -0.021960 1.625925
v -0.001910 -0.022408 1.625925
v 0.000000 -0.022558 1.625925
v 0.001910 -0.022408 1.625925
v 0.003787 -0.021960 1.625925
v 0.005599 -0.021222 1.625925
v 0.007316 -0.020206 1.625925
v 0.008907 -0.018930 1.625925
v 0.010346 -0.017415 1.625925
v 0.011608 -0.015689 1.625925
v 0.012671 -0.013779 1.625925
v 0.013518 -0.011719 1.625925
v 0.014133 -0.009544 1.625925
v 0.014507 -0.007292 1.625925
v 0.014632 -0.005000 1.625925
v 0.014507 -0.002708 1.625925
v 0.014133 -0.000456 1.625925
v 0.013518 0.001719 1.625925
v 0.012671 0.003779 1.625925
v 0.011608 0.005689 1.625925
v 0.010346 0.007415 1.625925
v 0.008907 0.008930 1.625925
v 0.007316 0.010206 1.625925
v 0.005599 0.011222 1.625925
v 0.003787 0.011960 1.625925
v 0.001910 0.012408 1.625925
v 0.000000 0.012558 1.625925
v -0.001910 0.012408 1.625925
v -0.003787 0.011960 1.625925
v -0.005599 0.011222 1.625925
v -0.007316 0.010206 1.625925
v -0.008907 0.008930 1.625925
v -0.010346 0.007415 1.625925
v -0.011608 0.005689 1.625925
v -0.012671 0.003779 1.625925
v -0.013518 0.001719 1.625925
v -0.014133 -0.000456 1.625925
v -0.014507 -0.002708 1.625925
v -0.014632 -0.005000 1.625925
v -0.007351 -0.005000 1.627480
v -0.007288 -0.006151 1.627480
v -0.007101 -0.007283 1.627480
v -0.006792 -0.008376 1.627480
v -0.006366 -0.009411 1.627480
v -0.005832 -0.010370 1.627480
v -0.005198 -0.011238 1.627480
v -0.004475 -0.011999 1.627480
v -0.003676 -0.012640 1.627480
v -0.002813 -0.013150 1.627480
v -0.001903 -0.013521 1.627480
v -0.000960 -0.013746 1.627480
v 0.000000 -0.013822 1.627480
v 0.000960 -0.013746 1.627480
v 0.001903 -0.013521 1.627480
v 0.002813 -0.013150 1.627480
v 0.003676 -0.012640 1.627480
v 0.004475 -0.011999 1.627480
v 0.005198 -0.011238 1.627480
v 0.005832 -0.010370 1.627480
v 0.006366 -0.009411 1.627480
v 0.006792 -0.008376 1.627480
v 0.007101 -0.007283 1.627480
v 0.007288 -0.006151 1.627480
v 0.007351 -0.005000 1.627480
v 0.007288 -0.003849 1.627480
v 0.007101 -0.002717 1.627480
v 0.006792 -0.001624 1.627480
v 0.006366 -0.000589 1.627480
v 0.005832 0.000370 1.627480
v 0.005198 0.001238 1.627480
v 0.004475 0.001999 1.627480
v 0.003676 0.002640 1.627480
v 0.002813 0.003150 1.627480
v 0.001903 0.003521 1.627480
v 0.000960 0.003746 1.627480
v 0.000000 0.003822 1.627480
v -0.000960 0.003746 1.627480
v -0.001903 0.003521 1.627480
v -0.002813 0.003150 1.627480
v -0.003676 0.002640 1.627480
v -0.004475 0.001999 1.627480
v -0.005198 0.001238 1.627480
v -0.005832 0.000370 1.627480
v -0.006366 -0.000589 1.627480
v -0.006792 -0.001624 1.627480
v -0.007101 -0.002717 1.627480
v -0.007288 -0.003849 1.627480
v -0.007351 -0.005000 1.627480
v -0.000000 -0.005000 1.628000
v -0.000000 -0.005000 1.628000
v -0.000000 -0.005000 1.628000
v -0.000000 -0.005000 1.628000
v -0.000000 -0.005000 1.628000
v -0.000000 -0.005000 1.628000
v -0.000000 -0.005000 1.628000
v -0.000000 -0.005000 1.628000
v -0.000000 -0.005000 1.628000
v -0.000000 -0.005000 1.628000
v -0.000000 -0.005000 1.628000
v -0.000000 -0.005000 1.628000
v 0.000000 -0.005000 1.628000
v 0.000000 -0.005000 1.628000
v 0.000000 -0.005000 1.628000
v 0.000000 -0.005000 1.628000
v 0.000000 -0.005000 1.628000
v 0.000000 -0.005000 1.628000
v 0.000000 -0.005000 1.628000
v 0.000000 -0.005000 1.628000
v 0.000000 -0.005000 1.628000
v 0.000000 -0.005000 1.628000
v 0.000000 -0.005000 1.628000
v 0.000000 -0.005000 1.628000
v 0.000000 -0.005000 1.628000
v 0.000000 -0.005000 1.628000
v 0.000000 -0.005000 1.628000
v 0.000000 -0.005000 1.628000
v 0.000000 -0.005000 1.628000
v 0.000000 -0.005000 1.628000
v 0.000000 -0.005000 1.628000
v 0.000000 -0.005000 1.628000
v 0.000000 -0.005000 1.628000
v 0.000000 -0.005000 1.628000
v 0.000000 -0.005000 1.628000
v 0.000000 -0.005000 1.628000
v 0.000000 -0.005000 1.628000
v -0.000000 -0.005000 1.628000
v -0.000000 -0.005000 1.628000
v -0.000000 -0.005000 1.628000
v -0.000000 -0.005000 1.628000
v -0.000000 -0.005000 1.628000
v -0.000000 -0.005000 1.628000
v -0.000000 -0.005000 1.628000
v -0.000000 -0.005000 1.628000
v -0.000000 -0.005000 1.628000
v -0.000000 -0.005000 1.628000
v -0.000000 -0.005000 1.628000
v -0.000000 -0.005000 1.628000
v -0.074000 -0.000000 1.482000
v -0.074000 -0.000000 1.482000
v -0.074000 -0.000000 1.482000
v -0.074000 -0.000000 1.482000
v -0.074000 -0.000000 1.482000
v -0.074000 -0.000000 1.482000
v -0.074000 0.000000 1.482000
v -0.074000 0.000000 1.482000
v -0.074000 0.000000 1.482000
v -0.074000 0.000000 1.482000
v -0.074000 0.000000 1.482000
v -0.074000 0.000000 1.482000
v -0.074000 0.000000 1.482000
v -0.078592 -0.000000 1.484131
v -0.077977 -0.003827 1.484131
v -0.076296 -0.006628 1.484131
v -0.074000 -0.007654 1.484131
v -0.071704 -0.006628 1.484131
v -0.070023 -0.003827 1.484131
v -0.069408 0.000000 1.484131
v -0.070023 0.003827 1.484131
v -0.071704 0.006628 1.484131
v -0.074000 0.007654 1.484131
v -0.076296 0.006628 1.484131
v -0.077977 0.003827 1.484131
v -0.078592 0.000000 1.484131
v -0.082485 -0.000000 1.490201
v -0.081348 -0.007071 1.490201
v -0.078243 -0.012247 1.490201
v -0.074000 -0.014142 1.490201
v -0.069757 -0.012247 1.490201
v -0.066652 -0.007071 1.490201
v -0.065515 0.000000 1.490201
v -0.066652 0.007071 1.490201
v -0.069757 0.012247 1.490201
v -0.074000 0.014142 1.490201
v -0.078243 0.012247 1.490201
v -0.081348 0.007071 1.490201
v -0.082485 0.000000 1.490201
v -0.085087 -0.000000 1.499285
v -0.083601 -0.009239 1.499285
v -0.079543 -0.016002 1.499285
v -0.074000 -0.018478 1.499285
v -0.068457 -0.016002 1.499285
v -0.064399 -0.009239 1.499285
v -0.062913 0.000000 1.499285
v -0.064399 0.009239 1.499285
v -0.068457 0.016002 1.499285
v -0.074000 0.018478 1.499285
v -0.079543 0.016002 1.499285
v -0.083601 0.009239 1.499285
v -0.085087 0.000000 1.499285
v -0.086000 -0.000000 1.510000
v -0.084392 -0.010000 1.510000
v -0.080000 -0.017321 1.510000
v -0.074000 -0.020000 1.510000
v -0.068000 -0.017321 1.510000
v -0.063608 -0.010000 1.510000
v -0.062000 0.000000 1.510000
v -0.063608 0.010000 1.510000
v -0.068000 0.017321 1.510000
v -0.074000 0.020000 1.510000
v -0.080000 0.017321 1.510000
v -0.084392 0.010000 1.510000
v -0.086000 0.000000 1.510000
v -0.085087 -0.000000 1.520715
v -0.083601 -0.009239 1.520715
v -0.079543 -0.016002 1.520715
v -0.074000 -0.018478 1.520715
v -0.068457 -0.016002 1.520715
v -0.064399 -0.009239 1.520715
v -0.062913 0.000000 1.520715
v -0.064399 0.009239 1.520715
v -0.068457 0.016002 1.520715
v -0.074000 0.018478 1.520715
v -0.079543 0.016002 1.520715
v -0.083601 0.009239 1.520715
v -0.085087 0.000000 1.520715
v -0.082485 -0.000000 1.529799
v -0.081348 -0.007071 1.529799
v -0.078243 -0.012247 1.529799
v -0.074000 -0.014142 1.529799
v -0.069757 -0.012247 1.529799
v -0.066652 -0.007071 1.529799
v -0.065515 0.000000 1.529799
v -0.066652 0.007071 1.529799
v -0.069757 0.012247 1.529799
v -0.074000 0.014142 1.529799
v -0.078243 0.012247 1.529799
v -0.081348 0.007071 1.529799
v -0.082485 0.000000 1.529799
v -0.078592 -0.000000 1.535869
v -0.077977 -0.003827 1.535869
v -0.076296 -0.006628 1.535869
v -0.074000 -0.007654 1.535869
v -0.071704 -0.006628 1.535869
v -0.070023 -0.003827 1.535869
v -0.069408 0.000000 1.535869
v -0.070023 0.003827 1.535869
v -0.071704 0.006628 1.535869
v -0.074000 0.007654 1.535869
v -0.076296 0.006628 1.535869
v -0.077977 0.003827 1.535869
v -0.078592 0.000000 1.535869
v -0.074000 -0.000000 1.538000
v -0.074000 -0.000000 1.538000
v -0.074000 -0.000000 1.538000
v -0.074000 -0.000000 1.538000
v -0.074000 -0.000000 1.538000
v -0.074000 -0.000000 1.538000
v -0.074000 0.000000 1.538000
v -0.074000 0.000000 1.538000
v -0.074000 0.000000 1.538000
v -0.074000 0.000000 1.538000
v -0.074000 0.000000 1.538000
v -0.074000 0.000000 1.538000
v -0.074000 0.000000 1.538000
v 0.074000 -0.000000 1.482000
v 0.074000 -0.000000 1.482000
v 0.074000 -0.000000 1.482000
v 0.074000 -0.000000 1.482000
v 0.074000 -0.000000 1.482000
v 0.074000 -0.000000 1.482000
v 0.074000 0.000000 1.482000
v 0.074000 0.000000 1.482000
v 0.074000 0.000000 1.482000
v 0.074000 0.000000 1.482000
v 0.074000 0.000000 1.482000
v 0.074000 0.000000 1.482000
v 0.074000 0.000000 1.482000
v 0.069408 -0.000000 1.484131
v 0.070023 -0.003827 1.484131
v 0.071704 -0.006628 1.484131
v 0.074000 -0.007654 1.484131
v 0.076296 -0.006628 1.484131
v 0.077977 -0.003827 1.484131
v 0.078592 0.000000 1.484131
v 0.077977 0.003827 1.484131
v 0.076296 0.006628 1.484131
v 0.074000 0.007654 1.484131
v 0.071704 0.006628 1.484131
v 0.070023 0.003827 1.484131
v 0.069408 0.000000 1.484131
v 0.065515 -0.000000 1.490201
v 0.066652 -0.007071 1.490201
v 0.069757 -0.012247 1.490201
v 0.074000 -0.014142 1.490201
v 0.078243 -0.012247 1.490201
v 0.081348 -0.007071 1.490201
v 0.082485 0.000000 1.490201
v 0.081348 0.007071 1.490201
v 0.078243 0.012247 1.490201
v 0.074000 0.014142 1.490201
v 0.069757 0.012247 1.490201
v 0.066652 0.007071 1.490201
v 0.065515 0.000000 1.490201
v 0.062913 -0.000000 1.499285
v 0.064399 -0.009239 1.499285
v 0.068457 -0.016002 1.499285
v 0.074000 -0.018478 1.499285
v 0.079543 -0.016002 1.499285
v 0.083601 -0.009239 1.499285
v 0.085087 0.000000 1.499285
v 0.083601 0.009239 1.499285
v 0.079543 0.016002 1.499285
v 0.074000 0.018478 1.499285
v 0.068457 0.016002 1.499285
v 0.064399 0.009239 1.499285
v 0.062913 0.000000 1.499285
v 0.062000 -0.000000 1.510000
v 0.063608 -0.010000 1.510000
v 0.068000 -0.017321 1.510000
v 0.074000 -0.020000 1.510000
v 0.080000 -0.017321 1.510000
v 0.084392 -0.010000 1.510000
v 0.086000 0.000000 1.510000
v 0.084392 0.010000 1.510000
v 0.080000 0.017321 1.510000
v 0.074000 0.020000 1.510000
v 0.068000 0.017321 1.510000
v 0.063608 0.010000 1.510000
v 0.062000 0.000000 1.510000
v 0.062913 -0.000000 1.520715
v 0.064399 -0.009239 1.520715
v 0.068457 -0.016002 1.520715
v 0.074000 -0.018478 1.520715
v 0.079543 -0.016002 1.520715
v 0.083601 -0.009239 1.520715
v 0.085087 0.000000 1.520715
v 0.083601 0.009239 1.520715
v 0.079543 0.016002 1.520715
v 0.074000 0.018478 1.520715
v 0.068457 0.016002 1.520715
v 0.064399 0.009239 1.520715
v 0.062913 0.000000 1.520715
v 0.065515 -0.000000 1.529799
v 0.066652 -0.007071 1.529799
v 0.069757 -0.012247 1.529799
v 0.074000 -0.014142 1.529799
v 0.078243 -0.012247 1.529799
v 0.081348 -0.007071 1.529799
v 0.082485 0.000000 1.529799
v 0.081348 0.007071 1.529799
v 0.078243 0.012247 1.529799
v 0.074000 0.014142 1.529799
v 0.069757 0.012247 1.529799
v 0.066652 0.007071 1.529799
v 0.065515 0.000000 1.529799
v 0.069408 -0.000000 1.535869
v 0.070023 -0.003827 1.535869
v 0.071704 -0.006628 1.535869
v 0.074000 -0.007654 1.535869
v 0.076296 -0.006628 1.535869
v 0.077977 -0.003827 1.535869
v 0.078592 0.000000 1.535869
v 0.077977 0.003827 1.535869
v 0.076296 0.006628 1.535869
v 0.074000 0.007654 1.535869
v 0.071704 0.006628 1.535869
v 0.070023 0.003827 1.535869
v 0.069408 0.000000 1.535869
v 0.074000 -0.000000 1.538000
v 0.074000 -0.000000 1.538000
v 0.074000 -0.000000 1.538000
v 0.074000 -0.000000 1.538000
v 0.074000 -0.000000 1.538000
v 0.074000 -0.000000 1.538000
v 0.074000 0.000000 1.538000
v 0.074000 0.000000 1.538000
v 0.074000 0.000000 1.538000
v 0.074000 0.000000 1.538000
v 0.074000 0.000000 1.538000
v 0.074000 0.000000 1.538000
v 0.074000 0.000000 1.538000
v -0.088004 0.000022 1.329408
v -0.089962 -0.012331 1.328980
v -0.095643 -0.023478 1.328651
v -0.104491 -0.032326 1.328454
v -0.115641 -0.038009 1.328409
v -0.128000 -0.039973 1.328520
v -0.140359 -0.038023 1.328775
v -0.151509 -0.032351 1.329150
v -0.160357 -0.023513 1.329609
v -0.166038 -0.012373 1.330105
v -0.167996 -0.000022 1.330592
v -0.166038 0.012331 1.331020
v -0.160357 0.023478 1.331349
v -0.151509 0.032326 1.331546
v -0.140359 0.038009 1.331591
v -0.128000 0.039973 1.331480
v -0.115641 0.038023 1.331225
v -0.104491 0.032351 1.330850
v -0.095643 0.023513 1.330391
v -0.089962 0.012373 1.329895
v -0.088004 0.000022 1.329408
v -0.098000 0.010028 1.059999
v -0.099655 -0.000477 1.060205
v -0.104477 -0.009958 1.060391
v -0.111992 -0.017485 1.060539
v -0.121466 -0.022321 1.060634
v -0.131972 -0.023993 1.060667
v -0.142479 -0.022338 1.060634
v -0.151962 -0.017518 1.060540
v -0.159490 -0.010004 1.060392
v -0.164327 -0.000532 1.060207
v -0.166000 0.009972 1.060001
v -0.164345 0.020477 1.059795
v -0.159523 0.029958 1.059609
v -0.152008 0.037485 1.059461
v -0.142534 0.042321 1.059366
v -0.132028 0.043993 1.059333
v -0.121521 0.042338 1.059366
v -0.112038 0.037518 1.059460
v -0.104510 0.030004 1.059608
v -0.099673 0.020532 1.059793
v -0.098000 0.010028 1.059999
v -0.100004 -0.009938 0.820461
v -0.101367 -0.018564 0.821158
v -0.105337 -0.026351 0.821740
v -0.111525 -0.032538 0.822153
v -0.119326 -0.036518 0.822354
v -0.127977 -0.037903 0.822326
v -0.136629 -0.036557 0.822069
v -0.144437 -0.032611 0.821610
v -0.150636 -0.026451 0.820994
v -0.154619 -0.018681 0.820280
v -0.155996 -0.010062 0.819539
v -0.154633 -0.001436 0.818842
v -0.150663 0.006351 0.818260
v -0.144475 0.012538 0.817847
v -0.136674 0.016518 0.817646
v -0.128023 0.017903 0.817674
v -0.119371 0.016557 0.817931
v -0.111563 0.012611 0.818390
v -0.105364 0.006451 0.819006
v -0.101381 -0.001319 0.819720
v -0.100004 -0.009938 0.820461
v -0.128000 0.000000 1.330000
v -0.088004 0.000022 1.329408
v -0.089962 -0.012331 1.328980
v -0.095643 -0.023478 1.328651
v -0.104491 -0.032326 1.328454
v -0.115641 -0.038009 1.328409
v -0.128000 -0.039973 1.328520
v -0.140359 -0.038023 1.328775
v -0.151509 -0.032351 1.329150
v -0.160357 -0.023513 1.329609
v -0.166038 -0.012373 1.330105
v -0.167996 -0.000022 1.330592
v -0.166038 0.012331 1.331020
v -0.160357 0.023478 1.331349
v -0.151509 0.032326 1.331546
v -0.140359 0.038009 1.331591
v -0.128000 0.039973 1.331480
v -0.115641 0.038023 1.331225
v -0.104491 0.032351 1.330850
v -0.095643 0.023513 1.330391
v -0.089962 0.012373 1.329895
v -0.088004 0.000022 1.329408
v -0.128000 -0.010000 0.820000
v -0.100004 -0.009938 0.820461
v -0.101367 -0.018564 0.821158
v -0.105337 -0.026351 0.821740
v -0.111525 -0.032538 0.822153
v -0.119326 -0.036518 0.822354
v -0.127977 -0.037903 0.822326
v -0.136629 -0.036557 0.822069
v -0.144437 -0.032611 0.821610
v -0.150636 -0.026451 0.820994
v -0.154619 -0.018681 0.820280
v -0.155996 -0.010062 0.819539
v -0.154633 -0.001436 0.818842
v -0.150663 0.006351 0.818260
v -0.144475 0.012538 0.817847
v -0.136674 0.016518 0.817646
v -0.128023 0.017903 0.817674
v -0.119371 0.016557 0.817931
v -0.111563 0.012611 0.818390
v -0.105364 0.006451 0.819006
v -0.101381 -0.001319 0.819720
v -0.100004 -0.009938 0.820461
v -0.128000 -0.010000 0.670000
v -0.128000 -0.010000 0.670000
v -0.128000 -0.010000 0.670000
v -0.128000 -0.010000 0.670000
v -0.128000 -0.010000 0.670000
v -0.128000 -0.010000 0.670000
v -0.128000 -0.010000 0.670000
v -0.128000 -0.010000 0.670000
v -0.128000 -0.010000 0.670000
v -0.128000 -0.010000 0.670000
v -0.128000 -0.010000 0.670000
v -0.128000 -0.010000 0.670000
v -0.128000 -0.010000 0.670000
v -0.128000 -0.010000 0.670000
v -0.128000 -0.010000 0.670000
v -0.128000 -0.010000 0.670000
v -0.128000 -0.010000 0.670000
v -0.135817 -0.010000 0.672951
v -0.135337 -0.017250 0.672951
v -0.133924 -0.021848 0.672951
v -0.131625 -0.024674 0.672951
v -0.128000 -0.025633 0.672951
v -0.124375 -0.024674 0.672951
v -0.122076 -0.021848 0.672951
v -0.120663 -0.017250 0.672951
v -0.120183 -0.010000 0.672951
v -0.120663 -0.002750 0.672951
v -0.122076 0.001848 0.672951
v -0.124375 0.004674 0.672951
v -0.128000 0.005633 0.672951
v -0.131625 0.004674 0.672951
v -0.133924 0.001848 0.672951
v -0.135337 -0.002750 0.672951
v -0.135817 -0.010000 0.672951
v -0.141074 -0.010000 0.681697
v -0.140271 -0.022126 0.681697
v -0.137908 -0.029816 0.681697
v -0.134063 -0.034543 0.681697
v -0.128000 -0.036148 0.681697
v -0.121937 -0.034543 0.681697
v -0.118092 -0.029816 0.681697
v -0.115729 -0.022126 0.681697
v -0.114926 -0.010000 0.681697
v -0.115729 0.002126 0.681697
v -0.118092 0.009816 0.681697
v -0.121937 0.014543 0.681697
v -0.128000 0.016148 0.681697
v -0.134063 0.014543 0.681697
v -0.137908 0.009816 0.681697
v -0.140271 0.002126 0.681697
v -0.141074 -0.010000 0.681697
v -0.144881 -0.010000 0.695973
v -0.143845 -0.025657 0.695973
v -0.140793 -0.035587 0.695973
v -0.135828 -0.041690 0.695973
v -0.128000 -0.043762 0.695973
v -0.120172 -0.041690 0.695973
v -0.115207 -0.035587 0.695973
v -0.112155 -0.025657 0.695973
v -0.111119 -0.010000 0.695973
v -0.112155 0.005657 0.695973
v -0.115207 0.015587 0.695973
v -0.120172 0.021690 0.695973
v -0.128000 0.023762 0.695973
v -0.135828 0.021690 0.695973
v -0.140793 0.015587 0.695973
v -0.143845 0.005657 0.695973
v -0.144881 -0.010000 0.695973
v -0.147213 -0.010000 0.715688
v -0.146034 -0.027820 0.715688
v -0.142561 -0.039121 0.715688
v -0.136910 -0.046068 0.715688
v -0.128000 -0.048426 0.715688
v -0.119090 -0.046068 0.715688
v -0.113439 -0.039121 0.715688
v -0.109966 -0.027820 0.715688
v -0.108787 -0.010000 0.715688
v -0.109966 0.007820 0.715688
v -0.113439 0.019121 0.715688
v -0.119090 0.026068 0.715688
v -0.128000 0.028426 0.715688
v -0.136910 0.026068 0.715688
v -0.142561 0.019121 0.715688
v -0.146034 0.007820 0.715688
v -0.147213 -0.010000 0.715688
v -0.148000 -0.010000 0.745000
v -0.146773 -0.028549 0.745000
v -0.143157 -0.040314 0.745000
v -0.137275 -0.047545 0.745000
v -0.128000 -0.050000 0.745000
v -0.118725 -0.047545 0.745000
v -0.112843 -0.040314 0.745000
v -0.109227 -0.028549 0.745000
v -0.108000 -0.010000 0.745000
v -0.109227 0.008549 0.745000
v -0.112843 0.020314 0.745000
v -0.118725 0.027545 0.745000
v -0.128000 0.030000 0.745000
v -0.137275 0.027545 0.745000
v -0.143157 0.020314 0.745000
v -0.146773 0.008549 0.745000
v -0.148000 -0.010000 0.745000
v -0.147213 -0.010000 0.774312
v -0.146034 -0.027820 0.774312
v -0.142561 -0.039121 0.774312
v -0.136910 -0.046068 0.774312
v -0.128000 -0.048426 0.774312
v -0.119090 -0.046068 0.774312
v -0.113439 -0.039121 0.774312
v -0.109966 -0.027820 0.774312
v -0.108787 -0.010000 0.774312
v -0.109966 0.007820 0.774312
v -0.113439 0.019121 0.774312
v -0.119090 0.026068 0.774312
v -0.128000 0.028426 0.774312
v -0.136910 0.026068 0.774312
v -0.142561 0.019121 0.774312
v -0.146034 0.007820 0.774312
v -0.147213 -0.010000 0.774312
v -0.144881 -0.010000 0.794027
v -0.143845 -0.025657 0.794027
v -0.140793 -0.035587 0.794027
v -0.135828 -0.041690 0.794027
v -0.128000 -0.043762 0.794027
v -0.120172 -0.041690 0.794027
v -0.115207 -0.035587 0.794027
v -0.112155 -0.025657 0.794027
v -0.111119 -0.010000 0.794027
v -0.112155 0.005657 0.794027
v -0.115207 0.015587 0.794027
v -0.120172 0.021690 0.794027
v -0.128000 0.023762 0.794027
v -0.135828 0.021690 0.794027
v -0.140793 0.015587 0.794027
v -0.143845 0.005657 0.794027
v -0.144881 -0.010000 0.794027
v -0.141074 -0.010000 0.808303
v -0.140271 -0.022126 0.808303
v -0.137908 -0.029816 0.808303
v -0.134063 -0.034543 0.808303
v -0.128000 -0.036148 0.808303
v -0.121937 -0.034543 0.808303
v -0.118092 -0.029816 0.808303
v -0.115729 -0.022126 0.808303
v -0.114926 -0.010000 0.808303
v -0.115729 0.002126 0.808303
v -0.118092 0.009816 0.808303
v -0.121937 0.014543 0.808303
v -0.128000 0.016148 0.808303
v -0.134063 0.014543 0.808303
v -0.137908 0.009816 0.808303
v -0.140271 0.002126 0.808303
v -0.141074 -0.010000 0.808303
v -0.135817 -0.010000 0.817049
v -0.135337 -0.017250 0.817049
v -0.133924 -0.021848 0.817049
v -0.131625 -0.024674 0.817049
v -0.128000 -0.025633 0.817049
v -0.124375 -0.024674 0.817049
v -0.122076 -0.021848 0.817049
v -0.120663 -0.017250 0.817049
v -0.120183 -0.010000 0.817049
v -0.120663 -0.002750 0.817049
v -0.122076 0.001848 0.817049
v -0.124375 0.004674 0.817049
v -0.128000 0.005633 0.817049
v -0.131625 0.004674 0.817049
v -0.133924 0.001848 0.817049
v -0.135337 -0.002750 0.817049
v -0.135817 -0.010000 0.817049
v -0.128000 -0.010000 0.820000
v -0.128000 -0.010000 0.820000
v -0.128000 -0.010000 0.820000
v -0.128000 -0.010000 0.820000
v -0.128000 -0.010000 0.820000
v -0.128000 -0.010000 0.820000
v -0.128000 -0.010000 0.820000
v -0.128000 -0.010000 0.820000
v -0.128000 -0.010000 0.820000
v -0.128000 -0.010000 0.820000
v -0.128000 -0.010000 0.820000
v -0.128000 -0.010000 0.820000
v -0.128000 -0.010000 0.820000
v -0.128000 -0.010000 0.820000
v -0.128000 -0.010000 0.820000
v -0.128000 -0.010000 0.820000
v -0.128000 -0.010000 0.820000
v 0.167847 -0.011675 1.326929
v 0.165897 -0.022444 1.332998
v 0.160237 -0.031996 1.338774
v 0.151421 -0.039394 1.343691
v 0.140313 -0.043915 1.347268
v 0.128000 -0.045116 1.349154
v 0.115687 -0.042880 1.349166
v 0.104579 -0.037425 1.347301
v 0.095763 -0.029285 1.343743
v 0.090103 -0.019258 1.338840
v 0.088153 -0.008325 1.333071
v 0.090103 0.002444 1.327002
v 0.095763 0.011996 1.321226
v 0.104579 0.019394 1.316309
v 0.115687 0.023915 1.312732
v 0.128000 0.025116 1.310846
v 0.140313 0.022880 1.310834
v 0.151421 0.017425 1.312699
v 0.160237 0.009285 1.316257
v 0.165897 -0.000742 1.321160
v 0.167847 -0.011675 1.326929
v 0.128688 -0.192163 0.995949
v 0.127017 -0.201404 1.000946
v 0.122211 -0.209528 1.005850
v 0.114741 -0.215741 1.010182
v 0.105339 -0.219435 1.013516
v 0.094925 -0.220247 1.015528
v 0.084519 -0.218098 1.016020
v 0.075138 -0.213199 1.014944
v 0.067702 -0.206029 1.012404
v 0.062937 -0.197290 1.008651
v 0.061312 -0.187837 1.004051
v 0.062983 -0.178596 0.999054
v 0.067789 -0.170472 0.994150
v 0.075259 -0.164259 0.989818
v 0.084661 -0.160565 0.986484
v 0.095075 -0.159753 0.984472
v 0.105481 -0.161902 0.983980
v 0.114862 -0.166801 0.985056
v 0.122298 -0.173971 0.987596
v 0.127063 -0.182710 0.991349
v 0.128688 -0.192163 0.995949
v 0.049549 -0.367314 0.633563
v 0.048155 -0.374987 0.637553
v 0.044200 -0.381682 0.641588
v 0.038072 -0.386744 0.645271
v 0.030371 -0.389678 0.648242
v 0.021851 -0.390197 0.650211
v 0.013345 -0.388249 0.650984
v 0.005686 -0.384025 0.650487
v -0.000376 -0.377938 0.648767
v -0.004247 -0.370586 0.645993
v -0.005549 -0.362686 0.642437
v -0.004155 -0.355013 0.638447
v -0.000200 -0.348318 0.634412
v 0.005928 -0.343256 0.630729
v 0.013629 -0.340322 0.627758
v 0.022149 -0.339803 0.625789
v 0.030655 -0.341751 0.625016
v 0.038314 -0.345975 0.625513
v 0.044376 -0.352062 0.627233
v 0.048247 -0.359414 0.630007
v 0.049549 -0.367314 0.633563
v 0.128000 -0.010000 1.330000
v 0.167847 -0.011675 1.326929
v 0.165897 -0.022444 1.332998
v 0.160237 -0.031996 1.338774
v 0.151421 -0.039394 1.343691
v 0.140313 -0.043915 1.347268
v 0.128000 -0.045116 1.349154
v 0.115687 -0.042880 1.349166
v 0.104579 -0.037425 1.347301
v 0.095763 -0.029285 1.343743
v 0.090103 -0.019258 1.338840
v 0.088153 -0.008325 1.333071
v 0.090103 0.002444 1.327002
v 0.095763 0.011996 1.321226
v 0.104579 0.019394 1.316309
v 0.115687 0.023915 1.312732
v 0.128000 0.025116 1.310846
v 0.140313 0.022880 1.310834
v 0.151421 0.017425 1.312699
v 0.160237 0.009285 1.316257
v 0.165897 -0.000742 1.321160
v 0.167847 -0.011675 1.326929
v 0.022000 -0.365000 0.638000
v 0.049549 -0.367314 0.633563
v 0.048155 -0.374987 0.637553
v 0.044200 -0.381682 0.641588
v 0.038072 -0.386744 0.645271
v 0.030371 -0.389678 0.648242
v 0.021851 -0.390197 0.650211
v 0.013345 -0.388249 0.650984
v 0.005686 -0.384025 0.650487
v -0.000376 -0.377938 0.648767
v -0.004247 -0.370586 0.645993
v -0.005549 -0.362686 0.642437
v -0.004155 -0.355013 0.638447
v -0.000200 -0.348318 0.634412
v 0.005928 -0.343256 0.630729
v 0.013629 -0.340322 0.627758
v 0.022149 -0.339803 0.625789
v 0.030655 -0.341751 0.625016
v 0.038314 -0.345975 0.625513
v 0.044376 -0.352062 0.627233
v 0.048247 -0.359414 0.630007
v 0.049549 -0.367314 0.633563
v -0.000000 -0.415000 0.604000
v -0.000000 -0.415000 0.604000
v -0.000000 -0.415000 0.604000
v -0.000000 -0.415000 0.604000
v -0.000000 -0.415000 0.604000
v 0.000000 -0.415000 0.604000
v 0.000000 -0.415000 0.604000
v 0.000000 -0.415000 0.604000
v 0.000000 -0.415000 0.604000
v 0.000000 -0.415000 0.604000
v 0.000000 -0.415000 0.604000
v 0.000000 -0.415000 0.604000
v 0.000000 -0.415000 0.604000
v 0.000000 -0.415000 0.604000
v 0.000000 -0.415000 0.604000
v 0.000000 -0.415000 0.604000
v -0.000000 -0.415000 0.604000
v -0.000000 -0.415000 0.604000
v -0.000000 -0.415000 0.604000
v -0.000000 -0.415000 0.604000
v -0.000000 -0.415000 0.604000
v -0.019772 -0.415000 0.604326
v -0.019186 -0.425995 0.604326
v -0.017411 -0.431171 0.604326
v -0.014374 -0.434587 0.604326
v -0.009773 -0.436584 0.604326
v 0.000000 -0.437243 0.604326
v 0.009773 -0.436584 0.604326
v 0.014374 -0.434587 0.604326
v 0.017411 -0.431171 0.604326
v 0.019186 -0.425995 0.604326
v 0.019772 -0.415000 0.604326
v 0.019186 -0.404005 0.604326
v 0.017411 -0.398829 0.604326
v 0.014374 -0.395413 0.604326
v 0.009773 -0.393416 0.604326
v 0.000000 -0.392757 0.604326
v -0.009773 -0.393416 0.604326
v -0.014374 -0.395413 0.604326
v -0.017411 -0.398829 0.604326
v -0.019186 -0.404005 0.604326
v -0.019772 -0.415000 0.604326
v -0.029080 -0.415000 0.605313
v -0.028217 -0.431171 0.605313
v -0.025607 -0.438783 0.605313
v -0.021141 -0.443808 0.605313
v -0.014374 -0.446744 0.605313
v 0.000000 -0.447715 0.605313
v 0.014374 -0.446744 0.605313
v 0.021141 -0.443808 0.605313
v 0.025607 -0.438783 0.605313
v 0.028217 -0.431171 0.605313
v 0.029080 -0.415000 0.605313
v 0.028217 -0.398829 0.605313
v 0.025607 -0.391217 0.605313
v 0.021141 -0.386192 0.605313
v 0.014374 -0.383256 0.605313
v 0.000000 -0.382285 0.605313
v -0.014374 -0.383256 0.605313
v -0.021141 -0.386192 0.605313
v -0.025607 -0.391217 0.605313
v -0.028217 -0.398829 0.605313
v -0.029080 -0.415000 0.605313
v -0.035224 -0.415000 0.607003
v -0.034179 -0.434587 0.607003
v -0.031018 -0.443808 0.607003
v -0.025607 -0.449895 0.607003
v -0.017411 -0.453451 0.607003
v 0.000000 -0.454627 0.607003
v 0.017411 -0.453451 0.607003
v 0.025607 -0.449895 0.607003
v 0.031018 -0.443808 0.607003
v 0.034179 -0.434587 0.607003
v 0.035224 -0.415000 0.607003
v 0.034179 -0.395413 0.607003
v 0.031018 -0.386192 0.607003
v 0.025607 -0.380105 0.607003
v 0.017411 -0.376549 0.607003
v 0.000000 -0.375373 0.607003
v -0.017411 -0.376549 0.607003
v -0.025607 -0.380105 0.607003
v -0.031018 -0.386192 0.607003
v -0.034179 -0.395413 0.607003
v -0.035224 -0.415000 0.607003
v -0.038814 -0.415000 0.609563
v -0.037662 -0.436584 0.609563
v -0.034179 -0.446744 0.609563
v -0.028217 -0.453451 0.609563
v -0.019186 -0.457370 0.609563
v 0.000000 -0.458665 0.609563
v 0.019186 -0.457370 0.609563
v 0.028217 -0.453451 0.609563
v 0.034179 -0.446744 0.609563
v 0.037662 -0.436584 0.609563
v 0.038814 -0.415000 0.609563
v 0.037662 -0.393416 0.609563
v 0.034179 -0.383256 0.609563
v 0.028217 -0.376549 0.609563
v 0.019186 -0.372630 0.609563
v 0.000000 -0.371335 0.609563
v -0.019186 -0.372630 0.609563
v -0.028217 -0.376549 0.609563
v -0.034179 -0.383256 0.609563
v -0.037662 -0.393416 0.609563
v -0.038814 -0.415000 0.609563
v -0.040000 -0.415000 0.615000
v -0.038814 -0.437243 0.615000
v -0.035224 -0.447715 0.615000
v -0.029080 -0.454627 0.615000
v -0.019772 -0.458665 0.615000
v 0.000000 -0.460000 0.615000
v 0.019772 -0.458665 0.615000
v 0.029080 -0.454627 0.615000
v 0.035224 -0.447715 0.615000
v 0.038814 -0.437243 0.615000
v 0.040000 -0.415000 0.615000
v 0.038814 -0.392757 0.615000
v 0.035224 -0.382285 0.615000
v 0.029080 -0.375373 0.615000
v 0.019772 -0.371335 0.615000
v 0.000000 -0.370000 0.615000
v -0.019772 -0.371335 0.615000
v -0.029080 -0.375373 0.615000
v -0.035224 -0.382285 0.615000
v -0.038814 -0.392757 0.615000
v -0.040000 -0.415000 0.615000
v -0.038814 -0.415000 0.620437
v -0.037662 -0.436584 0.620437
v -0.034179 -0.446744 0.620437
v -0.028217 -0.453451 0.620437
v -0.019186 -0.457370 0.620437
v 0.000000 -0.458665 0.620437
v 0.019186 -0.457370 0.620437
v 0.028217 -0.453451 0.620437
v 0.034179 -0.446744 0.620437
v 0.037662 -0.436584 0.620437
v 0.038814 -0.415000 0.620437
v 0.037662 -0.393416 0.620437
v 0.034179 -0.383256 0.620437
v 0.028217 -0.376549 0.620437
v 0.019186 -0.372630 0.620437
v 0.000000 -0.371335 0.620437
v -0.019186 -0.372630 0.620437
v -0.028217 -0.376549 0.620437
v -0.034179 -0.383256 0.620437
v -0.037662 -0.393416 0.620437
v -0.038814 -0.415000 0.620437
v -0.035224 -0.415000 0.622997
v -0.034179 -0.434587 0.622997
v -0.031018 -0.443808 0.622997
v -0.025607 -0.449895 0.622997
v -0.017411 -0.453451 0.622997
v 0.000000 -0.454627 0.622997
v 0.017411 -0.453451 0.622997
v 0.025607 -0.449895 0.622997
v 0.031018 -0.443808 0.622997
v 0.034179 -0.434587 0.622997
v 0.035224 -0.415000 0.622997
v 0.034179 -0.395413 0.622997
v 0.031018 -0.386192 0.622997
v 0.025607 -0.380105 0.622997
v 0.017411 -0.376549 0.622997
v 0.000000 -0.375373 0.622997
v -0.017411 -0.376549 0.622997
v -0.025607 -0.380105 0.622997
v -0.031018 -0.386192 0.622997
v -0.034179 -0.395413 0.622997
v -0.035224 -0.415000 0.622997
v -0.029080 -0.415000 0.624687
v -0.028217 -0.431171 0.624687
v -0.025607 -0.438783 0.624687
v -0.021141 -0.443808 0.624687
v -0.014374 -0.446744 0.624687
v 0.000000 -0.447715 0.624687
v 0.014374 -0.446744 0.624687
v 0.021141 -0.443808 0.624687
v 0.025607 -0.438783 0.624687
v 0.028217 -0.431171 0.624687
v 0.029080 -0.415000 0.624687
v 0.028217 -0.398829 0.624687
v 0.025607 -0.391217 0.624687
v 0.021141 -0.386192 0.624687
v 0.014374 -0.383256 0.624687
v 0.000000 -0.382285 0.624687
v -0.014374 -0.383256 0.624687
v -0.021141 -0.386192 0.624687
v -0.025607 -0.391217 0.624687
v -0.028217 -0.398829 0.624687
v -0.029080 -0.415000 0.624687
v -0.019772 -0.415000 0.625674
v -0.019186 -0.425995 0.625674
v -0.017411 -0.431171 0.625674
v -0.014374 -0.434587 0.625674
v -0.009773 -0.436584 0.625674
v 0.000000 -0.437243 0.625674
v 0.009773 -0.436584 0.625674
v 0.014374 -0.434587 0.625674
v 0.017411 -0.431171 0.625674
v 0.019186 -0.425995 0.625674
v 0.019772 -0.415000 0.625674
v 0.019186 -0.404005 0.625674
v 0.017411 -0.398829 0.625674
v 0.014374 -0.395413 0.625674
v 0.009773 -0.393416 0.625674
v 0.000000 -0.392757 0.625674
v -0.009773 -0.393416 0.625674
v -0.014374 -0.395413 0.625674
v -0.017411 -0.398829 0.625674
v -0.019186 -0.404005 0.625674
v -0.019772 -0.415000 0.625674
v -0.000000 -0.415000 0.626000
v -0.000000 -0.415000 0.626000
v -0.000000 -0.415000 0.626000
v -0.000000 -0.415000 0.626000
v -0.000000 -0.415000 0.626000
v 0.000000 -0.415000 0.626000
v 0.000000 -0.415000 0.626000
v 0.000000 -0.415000 0.626000
v 0.000000 -0.415000 0.626000
v 0.000000 -0.415000 0.626000
v 0.000000 -0.415000 0.626000
v 0.000000 -0.415000 0.626000
v 0.000000 -0.415000 0.626000
v 0.000000 -0.415000 0.626000
v 0.000000 -0.415000 0.626000
v 0.000000 -0.415000 0.626000
v -0.000000 -0.415000 0.626000
v -0.000000 -0.415000 0.626000
v -0.000000 -0.415000 0.626000
v -0.000000 -0.415000 0.626000
v -0.000000 -0.415000 0.626000
v -0.018500 -0.450000 0.617000
v -0.020123 -0.450000 0.621996
v -0.024373 -0.450000 0.625084
v -0.029627 -0.450000 0.625084
v -0.033877 -0.450000 0.621996
v -0.035500 -0.450000 0.617000
v -0.033877 -0.450000 0.612004
v -0.029627 -0.450000 0.608916
v -0.024373 -0.450000 0.608916
v -0.020123 -0.450000 0.612004
v -0.018500 -0.450000 0.617000
v -0.018500 -0.481000 0.617000
v -0.020123 -0.481000 0.621996
v -0.024373 -0.481000 0.625084
v -0.029627 -0.481000 0.625084
v -0.033877 -0.481000 0.621996
v -0.035500 -0.481000 0.617000
v -0.033877 -0.481000 0.612004
v -0.029627 -0.481000 0.608916
v -0.024373 -0.481000 0.608916
v -0.020123 -0.481000 0.612004
v -0.018500 -0.481000 0.617000
v -0.027000 -0.450000 0.617000
v -0.018500 -0.450000 0.617000
v -0.020123 -0.450000 0.621996
v -0.024373 -0.450000 0.625084
v -0.029627 -0.450000 0.625084
v -0.033877 -0.450000 0.621996
v -0.035500 -0.450000 0.617000
v -0.033877 -0.450000 0.612004
v -0.029627 -0.450000 0.608916
v -0.024373 -0.450000 0.608916
v -0.020123 -0.450000 0.612004
v -0.018500 -0.450000 0.617000
v -0.027000 -0.481000 0.617000
v -0.018500 -0.481000 0.617000
v -0.020123 -0.481000 0.621996
v -0.024373 -0.481000 0.625084
v -0.029627 -0.481000 0.625084
v -0.033877 -0.481000 0.621996
v -0.035500 -0.481000 0.617000
v -0.033877 -0.481000 0.612004
v -0.029627 -0.481000 0.608916
v -0.024373 -0.481000 0.608916
v -0.020123 -0.481000 0.612004
v -0.018500 -0.481000 0.617000
v -0.000500 -0.450000 0.617000
v -0.002123 -0.450000 0.621996
v -0.006373 -0.450000 0.625084
v -0.011627 -0.450000 0.625084
v -0.015877 -0.450000 0.621996
v -0.017500 -0.450000 0.617000
v -0.015877 -0.450000 0.612004
v -0.011627 -0.450000 0.608916
v -0.006373 -0.450000 0.608916
v -0.002123 -0.450000 0.612004
v -0.000500 -0.450000 0.617000
v -0.000500 -0.481000 0.617000
v -0.002123 -0.481000 0.621996
v -0.006373 -0.481000 0.625084
v -0.011627 -0.481000 0.625084
v -0.015877 -0.481000 0.621996
v -0.017500 -0.481000 0.617000
v -0.015877 -0.481000 0.612004
v -0.011627 -0.481000 0.608916
v -0.006373 -0.481000 0.608916
v -0.002123 -0.481000 0.612004
v -0.000500 -0.481000 0.617000
v -0.009000 -0.450000 0.617000
v -0.000500 -0.450000 0.617000
v -0.002123 -0.450000 0.621996
v -0.006373 -0.450000 0.625084
v -0.011627 -0.450000 0.625084
v -0.015877 -0.450000 0.621996
v -0.017500 -0.450000 0.617000
v -0.015877 -0.450000 0.612004
v -0.011627 -0.450000 0.608916
v -0.006373 -0.450000 0.608916
v -0.002123 -0.450000 0.612004
v -0.000500 -0.450000 0.617000
v -0.009000 -0.481000 0.617000
v -0.000500 -0.481000 0.617000
v -0.002123 -0.481000 0.621996
v -0.006373 -0.481000 0.625084
v -0.011627 -0.481000 0.625084
v -0.015877 -0.481000 0.621996
v -0.017500 -0.481000 0.617000
v -0.015877 -0.481000 0.612004
v -0.011627 -0.481000 0.608916
v -0.006373 -0.481000 0.608916
v -0.002123 -0.481000 0.612004
v -0.000500 -0.481000 0.617000
v 0.017500 -0.450000 0.617000
v 0.015877 -0.450000 0.621996
v 0.011627 -0.450000 0.625084
v 0.006373 -0.450000 0.625084
v 0.002123 -0.450000 0.621996
v 0.000500 -0.450000 0.617000
v 0.002123 -0.450000 0.612004
v 0.006373 -0.450000 0.608916
v 0.011627 -0.450000 0.608916
v 0.015877 -0.450000 0.612004
v 0.017500 -0.450000 0.617000
v 0.017500 -0.481000 0.617000
v 0.015877 -0.481000 0.621996
v 0.011627 -0.481000 0.625084
v 0.006373 -0.481000 0.625084
v 0.002123 -0.481000 0.621996
v 0.000500 -0.481000 0.617000
v 0.002123 -0.481000 0.612004
v 0.006373 -0.481000 0.608916
v 0.011627 -0.481000 0.608916
v 0.015877 -0.481000 0.612004
v 0.017500 -0.481000 0.617000
v 0.009000 -0.450000 0.617000
v 0.017500 -0.450000 0.617000
v 0.015877 -0.450000 0.621996
v 0.011627 -0.450000 0.625084
v 0.006373 -0.450000 0.625084
v 0.002123 -0.450000 0.621996
v 0.000500 -0.450000 0.617000
v 0.002123 -0.450000 0.612004
v 0.006373 -0.450000 0.608916
v 0.011627 -0.450000 0.608916
v 0.015877 -0.450000 0.612004
v 0.017500 -0.450000 0.617000
v 0.009000 -0.481000 0.617000
v 0.017500 -0.481000 0.617000
v 0.015877 -0.481000 0.621996
v 0.011627 -0.481000 0.625084
v 0.006373 -0.481000 0.625084
v 0.002123 -0.481000 0.621996
v 0.000500 -0.481000 0.617000
v 0.002123 -0.481000 0.612004
v 0.006373 -0.481000 0.608916
v 0.011627 -0.481000 0.608916
v 0.015877 -0.481000 0.612004
v 0.017500 -0.481000 0.617000
v 0.035500 -0.450000 0.617000
v 0.033877 -0.450000 0.621996
v 0.029627 -0.450000 0.625084
v 0.024373 -0.450000 0.625084
v 0.020123 -0.450000 0.621996
v 0.018500 -0.450000 0.617000
v 0.020123 -0.450000 0.612004
v 0.024373 -0.450000 0.608916
v 0.029627 -0.450000 0.608916
v 0.033877 -0.450000 0.612004
v 0.035500 -0.450000 0.617000
v 0.035500 -0.481000 0.617000
v 0.033877 -0.481000 0.621996
v 0.029627 -0.481000 0.625084
v 0.024373 -0.481000 0.625084
v 0.020123 -0.481000 0.621996
v 0.018500 -0.481000 0.617000
v 0.020123 -0.481000 0.612004
v 0.024373 -0.481000 0.608916
v 0.029627 -0.481000 0.608916
v 0.033877 -0.481000 0.612004
v 0.035500 -0.481000 0.617000
v 0.027000 -0.450000 0.617000
v 0.035500 -0.450000 0.617000
v 0.033877 -0.450000 0.621996
v 0.029627 -0.450000 0.625084
v 0.024373 -0.450000 0.625084
v 0.020123 -0.450000 0.621996
v 0.018500 -0.450000 0.617000
v 0.020123 -0.450000 0.612004
v 0.024373 -0.450000 0.608916
v 0.029627 -0.450000 0.608916
v 0.033877 -0.450000 0.612004
v 0.035500 -0.450000 0.617000
v 0.027000 -0.481000 0.617000
v 0.035500 -0.481000 0.617000
v 0.033877 -0.481000 0.621996
v 0.029627 -0.481000 0.625084
v 0.024373 -0.481000 0.625084
v 0.020123 -0.481000 0.621996
v 0.018500 -0.481000 0.617000
v 0.020123 -0.481000 0.612004
v 0.024373 -0.481000 0.608916
v 0.029627 -0.481000 0.608916
v 0.033877 -0.481000 0.612004
v 0.035500 -0.481000 0.617000
v 0.044469 -0.390725 0.614503
v 0.042852 -0.390896 0.620144
v 0.038617 -0.392635 0.623821
v 0.033383 -0.395278 0.624128
v 0.029148 -0.397814 0.620949
v 0.027531 -0.399275 0.615497
v 0.029148 -0.399104 0.609856
v 0.033383 -0.397365 0.606179
v 0.038617 -0.394722 0.605872
v 0.042852 -0.392186 0.609051
v 0.044469 -0.390725 0.614503
v 0.066469 -0.433725 0.619503
v 0.064852 -0.433896 0.625144
v 0.060617 -0.435635 0.628821
v 0.055383 -0.438278 0.629128
v 0.051148 -0.440814 0.625949
v 0.049531 -0.442275 0.620497
v 0.051148 -0.442104 0.614856
v 0.055383 -0.440365 0.611179
v 0.060617 -0.437722 0.610872
v 0.064852 -0.435186 0.614051
v 0.066469 -0.433725 0.619503
v 0.036000 -0.395000 0.615000
v 0.044469 -0.390725 0.614503
v 0.042852 -0.390896 0.620144
v 0.038617 -0.392635 0.623821
v 0.033383 -0.395278 0.624128
v 0.029148 -0.397814 0.620949
v 0.027531 -0.399275 0.615497
v 0.029148 -0.399104 0.609856
v 0.033383 -0.397365 0.606179
v 0.038617 -0.394722 0.605872
v 0.042852 -0.392186 0.609051
v 0.044469 -0.390725 0.614503
v 0.058000 -0.438000 0.620000
v 0.066469 -0.433725 0.619503
v 0.064852 -0.433896 0.625144
v 0.060617 -0.435635 0.628821
v 0.055383 -0.438278 0.629128
v 0.051148 -0.440814 0.625949
v 0.049531 -0.442275 0.620497
v 0.051148 -0.442104 0.614856
v 0.055383 -0.440365 0.611179
v 0.060617 -0.437722 0.610872
v 0.064852 -0.435186 0.614051
v 0.066469 -0.433725 0.619503
vt 0.62500 0.37500
vt 0.62109 0.37500
vt 0.61719 0.37500
vt 0.61328 0.37500
vt 0.60938 0.37500
vt 0.60547 0.37500
vt 0.60156 0.37500
vt 0.59766 0.37500
vt 0.59375 0.37500
vt 0.58984 0.37500
vt 0.58594 0.37500
vt 0.58203 0.37500
vt 0.57812 0.37500
vt 0.57422 0.37500
vt 0.57031 0.37500
vt 0.56641 0.37500
vt 0.56250 0.37500
vt 0.55859 0.37500
vt 0.55469 0.37500
vt 0.55078 0.37500
vt 0.54688 0.37500
vt 0.54297 0.37500
vt 0.53906 0.37500
vt 0.53516 0.37500
vt 0.53125 0.37500
vt 0.52734 0.37500
vt 0.52344 0.37500
vt 0.51953 0.37500
vt 0.51562 0.37500
vt 0.51172 0.37500
vt 0.50781 0.37500
vt 0.50391 0.37500
vt 0.50000 0.37500
vt 0.62500 0.38281
vt 0.62109 0.38281
vt 0.61719 0.38281
vt 0.61328 0.38281
vt 0.60938 0.38281
vt 0.60547 0.38281
vt 0.60156 0.38281
vt 0.59766 0.38281
vt 0.59375 0.38281
vt 0.58984 0.38281
vt 0.58594 0.38281
vt 0.58203 0.38281
vt 0.57812 0.38281
vt 0.57422 0.38281
vt 0.57031 0.38281
vt 0.56641 0.38281
vt 0.56250 0.38281
vt 0.55859 0.38281
vt 0.55469 0.38281
vt 0.55078 0.38281
vt 0.54688 0.38281
vt 0.54297 0.38281
vt 0.53906 0.38281
vt 0.53516 0.38281
vt 0.53125 0.38281
vt 0.52734 0.38281
vt 0.52344 0.38281
vt 0.51953 0.38281
vt 0.51562 0.38281
vt 0.51172 0.38281
vt 0.50781 0.38281
vt 0.50391 0.38281
vt 0.50000 0.38281
vt 0.62500 0.39062
vt 0.62109 0.39062
vt 0.61719 0.39062
vt 0.61328 0.39062
vt 0.60938 0.39062
vt 0.60547 0.39062
vt 0.60156 0.39062
vt 0.59766 0.39062
vt 0.59375 0.39062
vt 0.58984 0.39062
vt 0.58594 0.39062
vt 0.58203 0.39062
vt 0.57812 0.39062
vt 0.57422 0.39062
vt 0.57031 0.39062
vt 0.56641 0.39062
vt 0.56250 0.39062
vt 0.55859 0.39062
vt 0.55469 0.39062
vt 0.55078 0.39062
vt 0.54688 0.39062
vt 0.54297 0.39062
vt 0.53906 0.39062
vt 0.53516 0.39062
vt 0.53125 0.39062
vt 0.52734 0.39062
vt 0.52344 0.39062
vt 0.51953 0.39062
vt 0.51562 0.39062
vt 0.51172 0.39062
vt 0.50781 0.39062
vt 0.50391 0.39062
vt 0.50000 0.39062
vt 0.62500 0.39844
vt 0.62109 0.39844
vt 0.61719 0.39844
vt 0.61328 0.39844
vt 0.60938 0.39844
vt 0.60547 0.39844
vt 0.60156 0.39844
vt 0.59766 0.39844
vt 0.59375 0.39844
vt 0.58984 0.39844
vt 0.58594 0.39844
vt 0.58203 0.39844
vt 0.57812 0.39844
vt 0.57422 0.39844
vt 0.57031 0.39844
vt 0.56641 0.39844
vt 0.56250 0.39844
vt 0.55859 0.39844
vt 0.55469 0.39844
vt 0.55078 0.39844
vt 0.54688 0.39844
vt 0.54297 0.39844
vt 0.53906 0.39844
vt 0.53516 0.39844
vt 0.53125 0.39844
vt 0.52734 0.39844
vt 0.52344 0.39844
vt 0.51953 0.39844
vt 0.51562 0.39844
vt 0.51172 0.39844
vt 0.50781 0.39844
vt 0.50391 0.39844
vt 0.50000 0.39844
vt 0.62500 0.40625
vt 0.62109 0.40625
vt 0.61719 0.40625
vt 0.61328 0.40625
vt 0.60938 0.40625
vt 0.60547 0.40625
vt 0.60156 0.40625
vt 0.59766 0.40625
vt 0.59375 0.40625
vt 0.58984 0.40625
vt 0.58594 0.40625
vt 0.58203 0.40625
vt 0.57812 0.40625
vt 0.57422 0.40625
vt 0.57031 0.40625
vt 0.56641 0.40625
vt 0.56250 0.40625
vt 0.55859 0.40625
vt 0.55469 0.40625
vt 0.55078 0.40625
vt 0.54688 0.40625
vt 0.54297 0.40625
vt 0.53906 0.40625
vt 0.53516 0.40625
vt 0.53125 0.40625
vt 0.52734 0.40625
vt 0.52344 0.40625
vt 0.51953 0.40625
vt 0.51562 0.40625
vt 0.51172 0.40625
vt 0.50781 0.40625
vt 0.50391 0.40625
vt 0.50000 0.40625
vt 0.62500 0.41406
vt 0.62109 0.41406
vt 0.61719 0.41406
vt 0.61328 0.41406
vt 0.60938 0.41406
vt 0.60547 0.41406
vt 0.60156 0.41406
vt 0.59766 0.41406
vt 0.59375 0.41406
vt 0.58984 0.41406
vt 0.58594 0.41406
vt 0.58203 0.41406
vt 0.57812 0.41406
vt 0.57422 0.41406
vt 0.57031 0.41406
vt 0.56641 0.41406
vt 0.56250 0.41406
vt 0.55859 0.41406
vt 0.55469 0.41406
vt 0.55078 0.41406
vt 0.54688 0.41406
vt 0.54297 0.41406
vt 0.53906 0.41406
vt 0.53516 0.41406
vt 0.53125 0.41406
vt 0.52734 0.41406
vt 0.52344 0.41406
vt 0.51953 0.41406
vt 0.51562 0.41406
vt 0.51172 0.41406
vt 0.50781 0.41406
vt 0.50391 0.41406
vt 0.50000 0.41406
vt 0.62500 0.42188
vt 0.62109 0.42188
vt 0.61719 0.42188
vt 0.61328 0.42188
vt 0.60938 0.42188
vt 0.60547 0.42188
vt 0.60156 0.42188
vt 0.59766 0.42188
vt 0.59375 0.42188
vt 0.58984 0.42188
vt 0.58594 0.42188
vt 0.58203 0.42188
vt 0.57812 0.42188
vt 0.57422 0.42188
vt 0.57031 0.42188
vt 0.56641 0.42188
vt 0.56250 0.42188
vt 0.55859 0.42188
vt 0.55469 0.42188
vt 0.55078 0.42188
vt 0.54688 0.42188
vt 0.54297 0.42188
vt 0.53906 0.42188
vt 0.53516 0.42188
vt 0.53125 0.42188
vt 0.52734 0.42188
vt 0.52344 0.42188
vt 0.51953 0.42188
vt 0.51562 0.42188
vt 0.51172 0.42188
vt 0.50781 0.42188
vt 0.50391 0.42188
vt 0.50000 0.42188
vt 0.62500 0.42969
vt 0.62109 0.42969
vt 0.61719 0.42969
vt 0.61328 0.42969
vt 0.60938 0.42969
vt 0.60547 0.42969
vt 0.60156 0.42969
vt 0.59766 0.42969
vt 0.59375 0.42969
vt 0.58984 0.42969
vt 0.58594 0.42969
vt 0.58203 0.42969
vt 0.57812 0.42969
vt 0.57422 0.42969
vt 0.57031 0.42969
vt 0.56641 0.42969
vt 0.56250 0.42969
vt 0.55859 0.42969
vt 0.55469 0.42969
vt 0.55078 0.42969
vt 0.54688 0.42969
vt 0.54297 0.42969
vt 0.53906 0.42969
vt 0.53516 0.42969
vt 0.53125 0.42969
vt 0.52734 0.42969
vt 0.52344 0.42969
vt 0.51953 0.42969
vt 0.51562 0.42969
vt 0.51172 0.42969
vt 0.50781 0.42969
vt 0.50391 0.42969
vt 0.50000 0.42969
vt 0.62500 0.43750
vt 0.62109 0.43750
vt 0.61719 0.43750
vt 0.61328 0.43750
vt 0.60938 0.43750
vt 0.60547 0.43750
vt 0.60156 0.43750
vt 0.59766 0.43750
vt 0.59375 0.43750
vt 0.58984 0.43750
vt 0.58594 0.43750
vt 0.58203 0.43750
vt 0.57812 0.43750
vt 0.57422 0.43750
vt 0.57031 0.43750
vt 0.56641 0.43750
vt 0.56250 0.43750
vt 0.55859 0.43750
vt 0.55469 0.43750
vt 0.55078 0.43750
vt 0.54688 0.43750
vt 0.54297 0.43750
vt 0.53906 0.43750
vt 0.53516 0.43750
vt 0.53125 0.43750
vt 0.52734 0.43750
vt 0.52344 0.43750
vt 0.51953 0.43750
vt 0.51562 0.43750
vt 0.51172 0.43750
vt 0.50781 0.43750
vt 0.50391 0.43750
vt 0.50000 0.43750
vt 0.62500 0.44531
vt 0.62109 0.44531
vt 0.61719 0.44531
vt 0.61328 0.44531
vt 0.60938 0.44531
vt 0.60547 0.44531
vt 0.60156 0.44531
vt 0.59766 0.44531
vt 0.59375 0.44531
vt 0.58984 0.44531
vt 0.58594 0.44531
vt 0.58203 0.44531
vt 0.57812 0.44531
vt 0.57422 0.44531
vt 0.57031 0.44531
vt 0.56641 0.44531
vt 0.56250 0.44531
vt 0.55859 0.44531
vt 0.55469 0.44531
vt 0.55078 0.44531
vt 0.54688 0.44531
vt 0.54297 0.44531
vt 0.53906 0.44531
vt 0.53516 0.44531
vt 0.53125 0.44531
vt 0.52734 0.44531
vt 0.52344 0.44531
vt 0.51953 0.44531
vt 0.51562 0.44531
vt 0.51172 0.44531
vt 0.50781 0.44531
vt 0.50391 0.44531
vt 0.50000 0.44531
vt 0.62500 0.45312
vt 0.62109 0.45312
vt 0.61719 0.45312
vt 0.61328 0.45312
vt 0.60938 0.45312
vt 0.60547 0.45312
vt 0.60156 0.45312
vt 0.59766 0.45312
vt 0.59375 0.45312
vt 0.58984 0.45312
vt 0.58594 0.45312
vt 0.58203 0.45312
vt 0.57812 0.45312
vt 0.57422 0.45312
vt 0.57031 0.45312
vt 0.56641 0.45312
vt 0.56250 0.45312
vt 0.55859 0.45312
vt 0.55469 0.45312
vt 0.55078 0.45312
vt 0.54688 0.45312
vt 0.54297 0.45312
vt 0.53906 0.45312
vt 0.53516 0.45312
vt 0.53125 0.45312
vt 0.52734 0.45312
vt 0.52344 0.45312
vt 0.51953 0.45312
vt 0.51562 0.45312
vt 0.51172 0.45312
vt 0.50781 0.45312
vt 0.50391 0.45312
vt 0.50000 0.45312
vt 0.62500 0.46094
vt 0.62109 0.46094
vt 0.61719 0.46094
vt 0.61328 0.46094
vt 0.60938 0.46094
vt 0.60547 0.46094
vt 0.60156 0.46094
vt 0.59766 0.46094
vt 0.59375 0.46094
vt 0.58984 0.46094
vt 0.58594 0.46094
vt 0.58203 0.46094
vt 0.57812 0.46094
vt 0.57422 0.46094
vt 0.57031 0.46094
vt 0.56641 0.46094
vt 0.56250 0.46094
vt 0.55859 0.46094
vt 0.55469 0.46094
vt 0.55078 0.46094
vt 0.54688 0.46094
vt 0.54297 0.46094
vt 0.53906 0.46094
vt 0.53516 0.46094
vt 0.53125 0.46094
vt 0.52734 0.46094
vt 0.52344 0.46094
vt 0.51953 0.46094
vt 0.51562 0.46094
vt 0.51172 0.46094
vt 0.50781 0.46094
vt 0.50391 0.46094
vt 0.50000 0.46094
vt 0.62500 0.46875
vt 0.62109 0.46875
vt 0.61719 0.46875
vt 0.61328 0.46875
vt 0.60938 0.46875
vt 0.60547 0.46875
vt 0.60156 0.46875
vt 0.59766 0.46875
vt 0.59375 0.46875
vt 0.58984 0.46875
vt 0.58594 0.46875
vt 0.58203 0.46875
vt 0.57812 0.46875
vt 0.57422 0.46875
vt 0.57031 0.46875
vt 0.56641 0.46875
vt 0.56250 0.46875
vt 0.55859 0.46875
vt 0.55469 0.46875
vt 0.55078 0.46875
vt 0.54688 0.46875
vt 0.54297 0.46875
vt 0.53906 0.46875
vt 0.53516 0.46875
vt 0.53125 0.46875
vt 0.52734 0.46875
vt 0.52344 0.46875
vt 0.51953 0.46875
vt 0.51562 0.46875
vt 0.51172 0.46875
vt 0.50781 0.46875
vt 0.50391 0.46875
vt 0.50000 0.46875
vt 0.62500 0.47656
vt 0.62109 0.47656
vt 0.61719 0.47656
vt 0.61328 0.47656
vt 0.60938 0.47656
vt 0.60547 0.47656
vt 0.60156 0.47656
vt 0.59766 0.47656
vt 0.59375 0.47656
vt 0.58984 0.47656
vt 0.58594 0.47656
vt 0.58203 0.47656
vt 0.57812 0.47656
vt 0.57422 0.47656
vt 0.57031 0.47656
vt 0.56641 0.47656
vt 0.56250 0.47656
vt 0.55859 0.47656
vt 0.55469 0.47656
vt 0.55078 0.47656
vt 0.54688 0.47656
vt 0.54297 0.47656
vt 0.53906 0.47656
vt 0.53516 0.47656
vt 0.53125 0.47656
vt 0.52734 0.47656
vt 0.52344 0.47656
vt 0.51953 0.47656
vt 0.51562 0.47656
vt 0.51172 0.47656
vt 0.50781 0.47656
vt 0.50391 0.47656
vt 0.50000 0.47656
vt 0.62500 0.48438
vt 0.62109 0.48438
vt 0.61719 0.48438
vt 0.61328 0.48438
vt 0.60938 0.48438
vt 0.60547 0.48438
vt 0.60156 0.48438
vt 0.59766 0.48438
vt 0.59375 0.48438
vt 0.58984 0.48438
vt 0.58594 0.48438
vt 0.58203 0.48438
vt 0.57812 0.48438
vt 0.57422 0.48438
vt 0.57031 0.48438
vt 0.56641 0.48438
vt 0.56250 0.48438
vt 0.55859 0.48438
vt 0.55469 0.48438
vt 0.55078 0.48438
vt 0.54688 0.48438
vt 0.54297 0.48438
vt 0.53906 0.48438
vt 0.53516 0.48438
vt 0.53125 0.48438
vt 0.52734 0.48438
vt 0.52344 0.48438
vt 0.51953 0.48438
vt 0.51562 0.48438
vt 0.51172 0.48438
vt 0.50781 0.48438
vt 0.50391 0.48438
vt 0.50000 0.48438
vt 0.62500 0.49219
vt 0.62109 0.49219
vt 0.61719 0.49219
vt 0.61328 0.49219
vt 0.60938 0.49219
vt 0.60547 0.49219
vt 0.60156 0.49219
vt 0.59766 0.49219
vt 0.59375 0.49219
vt 0.58984 0.49219
vt 0.58594 0.49219
vt 0.58203 0.49219
vt 0.57812 0.49219
vt 0.57422 0.49219
vt 0.57031 0.49219
vt 0.56641 0.49219
vt 0.56250 0.49219
vt 0.55859 0.49219
vt 0.55469 0.49219
vt 0.55078 0.49219
vt 0.54688 0.49219
vt 0.54297 0.49219
vt 0.53906 0.49219
vt 0.53516 0.49219
vt 0.53125 0.49219
vt 0.52734 0.49219
vt 0.52344 0.49219
vt 0.51953 0.49219
vt 0.51562 0.49219
vt 0.51172 0.49219
vt 0.50781 0.49219
vt 0.50391 0.49219
vt 0.50000 0.49219
vt 0.62500 0.50000
vt 0.62109 0.50000
vt 0.61719 0.50000
vt 0.61328 0.50000
vt 0.60938 0.50000
vt 0.60547 0.50000
vt 0.60156 0.50000
vt 0.59766 0.50000
vt 0.59375 0.50000
vt 0.58984 0.50000
vt 0.58594 0.50000
vt 0.58203 0.50000
vt 0.57812 0.50000
vt 0.57422 0.50000
vt 0.57031 0.50000
vt 0.56641 0.50000
vt 0.56250 0.50000
vt 0.55859 0.50000
vt 0.55469 0.50000
vt 0.55078 0.50000
vt 0.54688 0.50000
vt 0.54297 0.50000
vt 0.53906 0.50000
vt 0.53516 0.50000
vt 0.53125 0.50000
vt 0.52734 0.50000
vt 0.52344 0.50000
vt 0.51953 0.50000
vt 0.51562 0.50000
vt 0.51172 0.50000
vt 0.50781 0.50000
vt 0.50391 0.50000
vt 0.50000 0.50000
vt 0.25000 0.50000
vt 0.26042 0.50000
vt 0.27083 0.50000
vt 0.28125 0.50000
vt 0.29167 0.50000
vt 0.30208 0.50000
vt 0.31250 0.50000
vt 0.32292 0.50000
vt 0.33333 0.50000
vt 0.34375 0.50000
vt 0.35417 0.50000
vt 0.36458 0.50000
vt 0.37500 0.50000
vt 0.38542 0.50000
vt 0.39583 0.50000
vt 0.40625 0.50000
vt 0.41667 0.50000
vt 0.42708 0.50000
vt 0.43750 0.50000
vt 0.44792 0.50000
vt 0.45833 0.50000
vt 0.46875 0.50000
vt 0.47917 0.50000
vt 0.48958 0.50000
vt 0.50000 0.50000
vt 0.25000 0.37954
vt 0.26042 0.37954
vt 0.27083 0.37954
vt 0.28125 0.37954
vt 0.29167 0.37954
vt 0.30208 0.37954
vt 0.31250 0.37954
vt 0.32292 0.37954
vt 0.33333 0.37954
vt 0.34375 0.37954
vt 0.35417 0.37954
vt 0.36458 0.37954
vt 0.37500 0.37954
vt 0.38542 0.37954
vt 0.39583 0.37954
vt 0.40625 0.37954
vt 0.41667 0.37954
vt 0.42708 0.37954
vt 0.43750 0.37954
vt 0.44792 0.37954
vt 0.45833 0.37954
vt 0.46875 0.37954
vt 0.47917 0.37954
vt 0.48958 0.37954
vt 0.50000 0.37954
vt 0.25000 0.24700
vt 0.26042 0.24700
vt 0.27083 0.24700
vt 0.28125 0.24700
vt 0.29167 0.24700
vt 0.30208 0.24700
vt 0.31250 0.24700
vt 0.32292 0.24700
vt 0.33333 0.24700
vt 0.34375 0.24700
vt 0.35417 0.24700
vt 0.36458 0.24700
vt 0.37500 0.24700
vt 0.38542 0.24700
vt 0.39583 0.24700
vt 0.40625 0.24700
vt 0.41667 0.24700
vt 0.42708 0.24700
vt 0.43750 0.24700
vt 0.44792 0.24700
vt 0.45833 0.24700
vt 0.46875 0.24700
vt 0.47917 0.24700
vt 0.48958 0.24700
vt 0.50000 0.24700
vt 0.25000 0.12650
vt 0.26042 0.12650
vt 0.27083 0.12650
vt 0.28125 0.12650
vt 0.29167 0.12650
vt 0.30208 0.12650
vt 0.31250 0.12650
vt 0.32292 0.12650
vt 0.33333 0.12650
vt 0.34375 0.12650
vt 0.35417 0.12650
vt 0.36458 0.12650
vt 0.37500 0.12650
vt 0.38542 0.12650
vt 0.39583 0.12650
vt 0.40625 0.12650
vt 0.41667 0.12650
vt 0.42708 0.12650
vt 0.43750 0.12650
vt 0.44792 0.12650
vt 0.45833 0.12650
vt 0.46875 0.12650
vt 0.47917 0.12650
vt 0.48958 0.12650
vt 0.50000 0.12650
vt 0.25000 0.00000
vt 0.26042 0.00000
vt 0.27083 0.00000
vt 0.28125 0.00000
vt 0.29167 0.00000
vt 0.30208 0.00000
vt 0.31250 0.00000
vt 0.32292 0.00000
vt 0.33333 0.00000
vt 0.34375 0.00000
vt 0.35417 0.00000
vt 0.36458 0.00000
vt 0.37500 0.00000
vt 0.38542 0.00000
vt 0.39583 0.00000
vt 0.40625 0.00000
vt 0.41667 0.00000
vt 0.42708 0.00000
vt 0.43750 0.00000
vt 0.44792 0.00000
vt 0.45833 0.00000
vt 0.46875 0.00000
vt 0.47917 0.00000
vt 0.48958 0.00000
vt 0.50000 0.00000
vt 0.37500 0.50000
vt 0.37500 0.50000
vt 0.37500 0.50000
vt 0.37500 0.50000
vt 0.37500 0.50000
vt 0.37500 0.50000
vt 0.37500 0.50000
vt 0.37500 0.50000
vt 0.37500 0.50000
vt 0.37500 0.50000
vt 0.37500 0.50000
vt 0.37500 0.50000
vt 0.37500 0.50000
vt 0.37500 0.50000
vt 0.37500 0.50000
vt 0.37500 0.50000
vt 0.37500 0.50000
vt 0.37500 0.50000
vt 0.37500 0.50000
vt 0.37500 0.50000
vt 0.37500 0.50000
vt 0.37500 0.50000
vt 0.37500 0.50000
vt 0.37500 0.50000
vt 0.37500 0.50000
vt 0.37500 0.50000
vt 0.37500 0.00000
vt 0.37500 0.00000
vt 0.37500 0.00000
vt 0.37500 0.00000
vt 0.37500 0.00000
vt 0.37500 0.00000
vt 0.37500 0.00000
vt 0.37500 0.00000
vt 0.37500 0.00000
vt 0.37500 0.00000
vt 0.37500 0.00000
vt 0.37500 0.00000
vt 0.37500 0.00000
vt 0.37500 0.00000
vt 0.37500 0.00000
vt 0.37500 0.00000
vt 0.37500 0.00000
vt 0.37500 0.00000
vt 0.37500 0.00000
vt 0.37500 0.00000
vt 0.37500 0.00000
vt 0.37500 0.00000
vt 0.37500 0.00000
vt 0.37500 0.00000
vt 0.37500 0.00000
vt 0.37500 0.00000
vt 0.62500 0.37500
vt 0.62109 0.37500
vt 0.61719 0.37500
vt 0.61328 0.37500
vt 0.60938 0.37500
vt 0.60547 0.37500
vt 0.60156 0.37500
vt 0.59766 0.37500
vt 0.59375 0.37500
vt 0.58984 0.37500
vt 0.58594 0.37500
vt 0.58203 0.37500
vt 0.57812 0.37500
vt 0.57422 0.37500
vt 0.57031 0.37500
vt 0.56641 0.37500
vt 0.56250 0.37500
vt 0.55859 0.37500
vt 0.55469 0.37500
vt 0.55078 0.37500
vt 0.54688 0.37500
vt 0.54297 0.37500
vt 0.53906 0.37500
vt 0.53516 0.37500
vt 0.53125 0.37500
vt 0.52734 0.37500
vt 0.52344 0.37500
vt 0.51953 0.37500
vt 0.51562 0.37500
vt 0.51172 0.37500
vt 0.50781 0.37500
vt 0.50391 0.37500
vt 0.50000 0.37500
vt 0.62500 0.38281
vt 0.62109 0.38281
vt 0.61719 0.38281
vt 0.61328 0.38281
vt 0.60938 0.38281
vt 0.60547 0.38281
vt 0.60156 0.38281
vt 0.59766 0.38281
vt 0.59375 0.38281
vt 0.58984 0.38281
vt 0.58594 0.38281
vt 0.58203 0.38281
vt 0.57812 0.38281
vt 0.57422 0.38281
vt 0.57031 0.38281
vt 0.56641 0.38281
vt 0.56250 0.38281
vt 0.55859 0.38281
vt 0.55469 0.38281
vt 0.55078 0.38281
vt 0.54688 0.38281
vt 0.54297 0.38281
vt 0.53906 0.38281
vt 0.53516 0.38281
vt 0.53125 0.38281
vt 0.52734 0.38281
vt 0.52344 0.38281
vt 0.51953 0.38281
vt 0.51562 0.38281
vt 0.51172 0.38281
vt 0.50781 0.38281
vt 0.50391 0.38281
vt 0.50000 0.38281
vt 0.62500 0.39062
vt 0.62109 0.39062
vt 0.61719 0.39062
vt 0.61328 0.39062
vt 0.60938 0.39062
vt 0.60547 0.39062
vt 0.60156 0.39062
vt 0.59766 0.39062
vt 0.59375 0.39062
vt 0.58984 0.39062
vt 0.58594 0.39062
vt 0.58203 0.39062
vt 0.57812 0.39062
vt 0.57422 0.39062
vt 0.57031 0.39062
vt 0.56641 0.39062
vt 0.56250 0.39062
vt 0.55859 0.39062
vt 0.55469 0.39062
vt 0.55078 0.39062
vt 0.54688 0.39062
vt 0.54297 0.39062
vt 0.53906 0.39062
vt 0.53516 0.39062
vt 0.53125 0.39062
vt 0.52734 0.39062
vt 0.52344 0.39062
vt 0.51953 0.39062
vt 0.51562 0.39062
vt 0.51172 0.39062
vt 0.50781 0.39062
vt 0.50391 0.39062
vt 0.50000 0.39062
vt 0.62500 0.39844
vt 0.62109 0.39844
vt 0.61719 0.39844
vt 0.61328 0.39844
vt 0.60938 0.39844
vt 0.60547 0.39844
vt 0.60156 0.39844
vt 0.59766 0.39844
vt 0.59375 0.39844
vt 0.58984 0.39844
vt 0.58594 0.39844
vt 0.58203 0.39844
vt 0.57812 0.39844
vt 0.57422 0.39844
vt 0.57031 0.39844
vt 0.56641 0.39844
vt 0.56250 0.39844
vt 0.55859 0.39844
vt 0.55469 0.39844
vt 0.55078 0.39844
vt 0.54688 0.39844
vt 0.54297 0.39844
vt 0.53906 0.39844
vt 0.53516 0.39844
vt 0.53125 0.39844
vt 0.52734 0.39844
vt 0.52344 0.39844
vt 0.51953 0.39844
vt 0.51562 0.39844
vt 0.51172 0.39844
vt 0.50781 0.39844
vt 0.50391 0.39844
vt 0.50000 0.39844
vt 0.62500 0.40625
vt 0.62109 0.40625
vt 0.61719 0.40625
vt 0.61328 0.40625
vt 0.60938 0.40625
vt 0.60547 0.40625
vt 0.60156 0.40625
vt 0.59766 0.40625
vt 0.59375 0.40625
vt 0.58984 0.40625
vt 0.58594 0.40625
vt 0.58203 0.40625
vt 0.57812 0.40625
vt 0.57422 0.40625
vt 0.57031 0.40625
vt 0.56641 0.40625
vt 0.56250 0.40625
vt 0.55859 0.40625
vt 0.55469 0.40625
vt 0.55078 0.40625
vt 0.54688 0.40625
vt 0.54297 0.40625
vt 0.53906 0.40625
vt 0.53516 0.40625
vt 0.53125 0.40625
vt 0.52734 0.40625
vt 0.52344 0.40625
vt 0.51953 0.40625
vt 0.51562 0.40625
vt 0.51172 0.40625
vt 0.50781 0.40625
vt 0.50391 0.40625
vt 0.50000 0.40625
vt 0.62500 0.41406
vt 0.62109 0.41406
vt 0.61719 0.41406
vt 0.61328 0.41406
vt 0.60938 0.41406
vt 0.60547 0.41406
vt 0.60156 0.41406
vt 0.59766 0.41406
vt 0.59375 0.41406
vt 0.58984 0.41406
vt 0.58594 0.41406
vt 0.58203 0.41406
vt 0.57812 0.41406
vt 0.57422 0.41406
vt 0.57031 0.41406
vt 0.56641 0.41406
vt 0.56250 0.41406
vt 0.55859 0.41406
vt 0.55469 0.41406
vt 0.55078 0.41406
vt 0.54688 0.41406
vt 0.54297 0.41406
vt 0.53906 0.41406
vt 0.53516 0.41406
vt 0.53125 0.41406
vt 0.52734 0.41406
vt 0.52344 0.41406
vt 0.51953 0.41406
vt 0.51562 0.41406
vt 0.51172 0.41406
vt 0.50781 0.41406
vt 0.50391 0.41406
vt 0.50000 0.41406
vt 0.62500 0.42188
vt 0.62109 0.42188
vt 0.61719 0.42188
vt 0.61328 0.42188
vt 0.60938 0.42188
vt 0.60547 0.42188
vt 0.60156 0.42188
vt 0.59766 0.42188
vt 0.59375 0.42188
vt 0.58984 0.42188
vt 0.58594 0.42188
vt 0.58203 0.42188
vt 0.57812 0.42188
vt 0.57422 0.42188
vt 0.57031 0.42188
vt 0.56641 0.42188
vt 0.56250 0.42188
vt 0.55859 0.42188
vt 0.55469 0.42188
vt 0.55078 0.42188
vt 0.54688 0.42188
vt 0.54297 0.42188
vt 0.53906 0.42188
vt 0.53516 0.42188
vt 0.53125 0.42188
vt 0.52734 0.42188
vt 0.52344 0.42188
vt 0.51953 0.42188
vt 0.51562 0.42188
vt 0.51172 0.42188
vt 0.50781 0.42188
vt 0.50391 0.42188
vt 0.50000 0.42188
vt 0.62500 0.42969
vt 0.62109 0.42969
vt 0.61719 0.42969
vt 0.61328 0.42969
vt 0.60938 0.42969
vt 0.60547 0.42969
vt 0.60156 0.42969
vt 0.59766 0.42969
vt 0.59375 0.42969
vt 0.58984 0.42969
vt 0.58594 0.42969
vt 0.58203 0.42969
vt 0.57812 0.42969
vt 0.57422 0.42969
vt 0.57031 0.42969
vt 0.56641 0.42969
vt 0.56250 0.42969
vt 0.55859 0.42969
vt 0.55469 0.42969
vt 0.55078 0.42969
vt 0.54688 0.42969
vt 0.54297 0.42969
vt 0.53906 0.42969
vt 0.53516 0.42969
vt 0.53125 0.42969
vt 0.52734 0.42969
vt 0.52344 0.42969
vt 0.51953 0.42969
vt 0.51562 0.42969
vt 0.51172 0.42969
vt 0.50781 0.42969
vt 0.50391 0.42969
vt 0.50000 0.42969
vt 0.62500 0.43750
vt 0.62109 0.43750
vt 0.61719 0.43750
vt 0.61328 0.43750
vt 0.60938 0.43750
vt 0.60547 0.43750
vt 0.60156 0.43750
vt 0.59766 0.43750
vt 0.59375 0.43750
vt 0.58984 0.43750
vt 0.58594 0.43750
vt 0.58203 0.43750
vt 0.57812 0.43750
vt 0.57422 0.43750
vt 0.57031 0.43750
vt 0.56641 0.43750
vt 0.56250 0.43750
vt 0.55859 0.43750
vt 0.55469 0.43750
vt 0.55078 0.43750
vt 0.54688 0.43750
vt 0.54297 0.43750
vt 0.53906 0.43750
vt 0.53516 0.43750
vt 0.53125 0.43750
vt 0.52734 0.43750
vt 0.52344 0.43750
vt 0.51953 0.43750
vt 0.51562 0.43750
vt 0.51172 0.43750
vt 0.50781 0.43750
vt 0.50391 0.43750
vt 0.50000 0.43750
vt 0.62500 0.44531
vt 0.62109 0.44531
vt 0.61719 0.44531
vt 0.61328 0.44531
vt 0.60938 0.44531
vt 0.60547 0.44531
vt 0.60156 0.44531
vt 0.59766 0.44531
vt 0.59375 0.44531
vt 0.58984 0.44531
vt 0.58594 0.44531
vt 0.58203 0.44531
vt 0.57812 0.44531
vt 0.57422 0.44531
vt 0.57031 0.44531
vt 0.56641 0.44531
vt 0.56250 0.44531
vt 0.55859 0.44531
vt 0.55469 0.44531
vt 0.55078 0.44531
vt 0.54688 0.44531
vt 0.54297 0.44531
vt 0.53906 0.44531
vt 0.53516 0.44531
vt 0.53125 0.44531
vt 0.52734 0.44531
vt 0.52344 0.44531
vt 0.51953 0.44531
vt 0.51562 0.44531
vt 0.51172 0.44531
vt 0.50781 0.44531
vt 0.50391 0.44531
vt 0.50000 0.44531
vt 0.62500 0.45312
vt 0.62109 0.45312
vt 0.61719 0.45312
vt 0.61328 0.45312
vt 0.60938 0.45312
vt 0.60547 0.45312
vt 0.60156 0.45312
vt 0.59766 0.45312
vt 0.59375 0.45312
vt 0.58984 0.45312
vt 0.58594 0.45312
vt 0.58203 0.45312
vt 0.57812 0.45312
vt 0.57422 0.45312
vt 0.57031 0.45312
vt 0.56641 0.45312
vt 0.56250 0.45312
vt 0.55859 0.45312
vt 0.55469 0.45312
vt 0.55078 0.45312
vt 0.54688 0.45312
vt 0.54297 0.45312
vt 0.53906 0.45312
vt 0.53516 0.45312
vt 0.53125 0.45312
vt 0.52734 0.45312
vt 0.52344 0.45312
vt 0.51953 0.45312
vt 0.51562 0.45312
vt 0.51172 0.45312
vt 0.50781 0.45312
vt 0.50391 0.45312
vt 0.50000 0.45312
vt 0.62500 0.46094
vt 0.62109 0.46094
vt 0.61719 0.46094
vt 0.61328 0.46094
vt 0.60938 0.46094
vt 0.60547 0.46094
vt 0.60156 0.46094
vt 0.59766 0.46094
vt 0.59375 0.46094
vt 0.58984 0.46094
vt 0.58594 0.46094
vt 0.58203 0.46094
vt 0.57812 0.46094
vt 0.57422 0.46094
vt 0.57031 0.46094
vt 0.56641 0.46094
vt 0.56250 0.46094
vt 0.55859 0.46094
vt 0.55469 0.46094
vt 0.55078 0.46094
vt 0.54688 0.46094
vt 0.54297 0.46094
vt 0.53906 0.46094
vt 0.53516 0.46094
vt 0.53125 0.46094
vt 0.52734 0.46094
vt 0.52344 0.46094
vt 0.51953 0.46094
vt 0.51562 0.46094
vt 0.51172 0.46094
vt 0.50781 0.46094
vt 0.50391 0.46094
vt 0.50000 0.46094
vt 0.62500 0.46875
vt 0.62109 0.46875
vt 0.61719 0.46875
vt 0.61328 0.46875
vt 0.60938 0.46875
vt 0.60547 0.46875
vt 0.60156 0.46875
vt 0.59766 0.46875
vt 0.59375 0.46875
vt 0.58984 0.46875
vt 0.58594 0.46875
vt 0.58203 0.46875
vt 0.57812 0.46875
vt 0.57422 0.46875
vt 0.57031 0.46875
vt 0.56641 0.46875
vt 0.56250 0.46875
vt 0.55859 0.46875
vt 0.55469 0.46875
vt 0.55078 0.46875
vt 0.54688 0.46875
vt 0.54297 0.46875
vt 0.53906 0.46875
vt 0.53516 0.46875
vt 0.53125 0.46875
vt 0.52734 0.46875
vt 0.52344 0.46875
vt 0.51953 0.46875
vt 0.51562 0.46875
vt 0.51172 0.46875
vt 0.50781 0.46875
vt 0.50391 0.46875
vt 0.50000 0.46875
vt 0.62500 0.47656
vt 0.62109 0.47656
vt 0.61719 0.47656
vt 0.61328 0.47656
vt 0.60938 0.47656
vt 0.60547 0.47656
vt 0.60156 0.47656
vt 0.59766 0.47656
vt 0.59375 0.47656
vt 0.58984 0.47656
vt 0.58594 0.47656
vt 0.58203 0.47656
vt 0.57812 0.47656
vt 0.57422 0.47656
vt 0.57031 0.47656
vt 0.56641 0.47656
vt 0.56250 0.47656
vt 0.55859 0.47656
vt 0.55469 0.47656
vt 0.55078 0.47656
vt 0.54688 0.47656
vt 0.54297 0.47656
vt 0.53906 0.47656
vt 0.53516 0.47656
vt 0.53125 0.47656
vt 0.52734 0.47656
vt 0.52344 0.47656
vt 0.51953 0.47656
vt 0.51562 0.47656
vt 0.51172 0.47656
vt 0.50781 0.47656
vt 0.50391 0.47656
vt 0.50000 0.47656
vt 0.62500 0.48438
vt 0.62109 0.48438
vt 0.61719 0.48438
vt 0.61328 0.48438
vt 0.60938 0.48438
vt 0.60547 0.48438
vt 0.60156 0.48438
vt 0.59766 0.48438
vt 0.59375 0.48438
vt 0.58984 0.48438
vt 0.58594 0.48438
vt 0.58203 0.48438
vt 0.57812 0.48438
vt 0.57422 0.48438
vt 0.57031 0.48438
vt 0.56641 0.48438
vt 0.56250 0.48438
vt 0.55859 0.48438
vt 0.55469 0.48438
vt 0.55078 0.48438
vt 0.54688 0.48438
vt 0.54297 0.48438
vt 0.53906 0.48438
vt 0.53516 0.48438
vt 0.53125 0.48438
vt 0.52734 0.48438
vt 0.52344 0.48438
vt 0.51953 0.48438
vt 0.51562 0.48438
vt 0.51172 0.48438
vt 0.50781 0.48438
vt 0.50391 0.48438
vt 0.50000 0.48438
vt 0.62500 0.49219
vt 0.62109 0.49219
vt 0.61719 0.49219
vt 0.61328 0.49219
vt 0.60938 0.49219
vt 0.60547 0.49219
vt 0.60156 0.49219
vt 0.59766 0.49219
vt 0.59375 0.49219
vt 0.58984 0.49219
vt 0.58594 0.49219
vt 0.58203 0.49219
vt 0.57812 0.49219
vt 0.57422 0.49219
vt 0.57031 0.49219
vt 0.56641 0.49219
vt 0.56250 0.49219
vt 0.55859 0.49219
vt 0.55469 0.49219
vt 0.55078 0.49219
vt 0.54688 0.49219
vt 0.54297 0.49219
vt 0.53906 0.49219
vt 0.53516 0.49219
vt 0.53125 0.49219
vt 0.52734 0.49219
vt 0.52344 0.49219
vt 0.51953 0.49219
vt 0.51562 0.49219
vt 0.51172 0.49219
vt 0.50781 0.49219
vt 0.50391 0.49219
vt 0.50000 0.49219
vt 0.62500 0.50000
vt 0.62109 0.50000
vt 0.61719 0.50000
vt 0.61328 0.50000
vt 0.60938 0.50000
vt 0.60547 0.50000
vt 0.60156 0.50000
vt 0.59766 0.50000
vt 0.59375 0.50000
vt 0.58984 0.50000
vt 0.58594 0.50000
vt 0.58203 0.50000
vt 0.57812 0.50000
vt 0.57422 0.50000
vt 0.57031 0.50000
vt 0.56641 0.50000
vt 0.56250 0.50000
vt 0.55859 0.50000
vt 0.55469 0.50000
vt 0.55078 0.50000
vt 0.54688 0.50000
vt 0.54297 0.50000
vt 0.53906 0.50000
vt 0.53516 0.50000
vt 0.53125 0.50000
vt 0.52734 0.50000
vt 0.52344 0.50000
vt 0.51953 0.50000
vt 0.51562 0.50000
vt 0.51172 0.50000
vt 0.50781 0.50000
vt 0.50391 0.50000
vt 0.50000 0.50000
vt 0.25000 0.50000
vt 0.26042 0.50000
vt 0.27083 0.50000
vt 0.28125 0.50000
vt 0.29167 0.50000
vt 0.30208 0.50000
vt 0.31250 0.50000
vt 0.32292 0.50000
vt 0.33333 0.50000
vt 0.34375 0.50000
vt 0.35417 0.50000
vt 0.36458 0.50000
vt 0.37500 0.50000
vt 0.38542 0.50000
vt 0.39583 0.50000
vt 0.40625 0.50000
vt 0.41667 0.50000
vt 0.42708 0.50000
vt 0.43750 0.50000
vt 0.44792 0.50000
vt 0.45833 0.50000
vt 0.46875 0.50000
vt 0.47917 0.50000
vt 0.48958 0.50000
vt 0.50000 0.50000
vt 0.25000 0.37954
vt 0.26042 0.37954
vt 0.27083 0.37954
vt 0.28125 0.37954
vt 0.29167 0.37954
vt 0.30208 0.37954
vt 0.31250 0.37954
vt 0.32292 0.37954
vt 0.33333 0.37954
vt 0.34375 0.37954
vt 0.35417 0.37954
vt 0.36458 0.37954
vt 0.37500 0.37954
vt 0.38542 0.37954
vt 0.39583 0.37954
vt 0.40625 0.37954
vt 0.41667 0.37954
vt 0.42708 0.37954
vt 0.43750 0.37954
vt 0.44792 0.37954
vt 0.45833 0.37954
vt 0.46875 0.37954
vt 0.47917 0.37954
vt 0.48958 0.37954
vt 0.50000 0.37954
vt 0.25000 0.24700
vt 0.26042 0.24700
vt 0.27083 0.24700
vt 0.28125 0.24700
vt 0.29167 0.24700
vt 0.30208 0.24700
vt 0.31250 0.24700
vt 0.32292 0.24700
vt 0.33333 0.24700
vt 0.34375 0.24700
vt 0.35417 0.24700
vt 0.36458 0.24700
vt 0.37500 0.24700
vt 0.38542 0.24700
vt 0.39583 0.24700
vt 0.40625 0.24700
vt 0.41667 0.24700
vt 0.42708 0.24700
vt 0.43750 0.24700
vt 0.44792 0.24700
vt 0.45833 0.24700
vt 0.46875 0.24700
vt 0.47917 0.24700
vt 0.48958 0.24700
vt 0.50000 0.24700
vt 0.25000 0.12650
vt 0.26042 0.12650
vt 0.27083 0.12650
vt 0.28125 0.12650
vt 0.29167 0.12650
vt 0.30208 0.12650
vt 0.31250 0.12650
vt 0.32292 0.12650
vt 0.33333 0.12650
vt 0.34375 0.12650
vt 0.35417 0.12650
vt 0.36458 0.12650
vt 0.37500 0.12650
vt 0.38542 0.12650
vt 0.39583 0.12650
vt 0.40625 0.12650
vt 0.41667 0.12650
vt 0.42708 0.12650
vt 0.43750 0.12650
vt 0.44792 0.12650
vt 0.45833 0.12650
vt 0.46875 0.12650
vt 0.47917 0.12650
vt 0.48958 0.12650
vt 0.50000 0.12650
vt 0.25000 0.00000
vt 0.26042 0.00000
vt 0.27083 0.00000
vt 0.28125 0.00000
vt 0.29167 0.00000
vt 0.30208 0.00000
vt 0.31250 0.00000
vt 0.32292 0.00000
vt 0.33333 0.00000
vt 0.34375 0.00000
vt 0.35417 0.00000
vt 0.36458 0.00000
vt 0.37500 0.00000
vt 0.38542 0.00000
vt 0.39583 0.00000
vt 0.40625 0.00000
vt 0.41667 0.00000
vt 0.42708 0.00000
vt 0.43750 0.00000
vt 0.44792 0.00000
vt 0.45833 0.00000
vt 0.46875 0.00000
vt 0.47917 0.00000
vt 0.48958 0.00000
vt 0.50000 0.00000
vt 0.37500 0.50000
vt 0.37500 0.50000
vt 0.37500 0.50000
vt 0.37500 0.50000
vt 0.37500 0.50000
vt 0.37500 0.50000
vt 0.37500 0.50000
vt 0.37500 0.50000
vt 0.37500 0.50000
vt 0.37500 0.50000
vt 0.37500 0.50000
vt 0.37500 0.50000
vt 0.37500 0.50000
vt 0.37500 0.50000
vt 0.37500 0.50000
vt 0.37500 0.50000
vt 0.37500 0.50000
vt 0.37500 0.50000
vt 0.37500 0.50000
vt 0.37500 0.50000
vt 0.37500 0.50000
vt 0.37500 0.50000
vt 0.37500 0.50000
vt 0.37500 0.50000
vt 0.37500 0.50000
vt 0.37500 0.50000
vt 0.37500 0.00000
vt 0.37500 0.00000
vt 0.37500 0.00000
vt 0.37500 0.00000
vt 0.37500 0.00000
vt 0.37500 0.00000
vt 0.37500 0.00000
vt 0.37500 0.00000
vt 0.37500 0.00000
vt 0.37500 0.00000
vt 0.37500 0.00000
vt 0.37500 0.00000
vt 0.37500 0.00000
vt 0.37500 0.00000
vt 0.37500 0.00000
vt 0.37500 0.00000
vt 0.37500 0.00000
vt 0.37500 0.00000
vt 0.37500 0.00000
vt 0.37500 0.00000
vt 0.37500 0.00000
vt 0.37500 0.00000
vt 0.37500 0.00000
vt 0.37500 0.00000
vt 0.37500 0.00000
vt 0.37500 0.00000
vt 0.25000 0.00000
vt 0.24375 0.00000
vt 0.23750 0.00000
vt 0.23125 0.00000
vt 0.22500 0.00000
vt 0.21875 0.00000
vt 0.21250 0.00000
vt 0.20625 0.00000
vt 0.20000 0.00000
vt 0.19375 0.00000
vt 0.18750 0.00000
vt 0.18125 0.00000
vt 0.17500 0.00000
vt 0.16875 0.00000
vt 0.16250 0.00000
vt 0.15625 0.00000
vt 0.15000 0.00000
vt 0.14375 0.00000
vt 0.13750 0.00000
vt 0.13125 0.00000
vt 0.12500 0.00000
vt 0.11875 0.00000
vt 0.11250 0.00000
vt 0.10625 0.00000
vt 0.10000 0.00000
vt 0.09375 0.00000
vt 0.08750 0.00000
vt 0.08125 0.00000
vt 0.07500 0.00000
vt 0.06875 0.00000
vt 0.06250 0.00000
vt 0.05625 0.00000
vt 0.05000 0.00000
vt 0.04375 0.00000
vt 0.03750 0.00000
vt 0.03125 0.00000
vt 0.02500 0.00000
vt 0.01875 0.00000
vt 0.01250 0.00000
vt 0.00625 0.00000
vt 0.00000 0.00000
vt 0.25000 0.03125
vt 0.24375 0.03125
vt 0.23750 0.03125
vt 0.23125 0.03125
vt 0.22500 0.03125
vt 0.21875 0.03125
vt 0.21250 0.03125
vt 0.20625 0.03125
vt 0.20000 0.03125
vt 0.19375 0.03125
vt 0.18750 0.03125
vt 0.18125 0.03125
vt 0.17500 0.03125
vt 0.16875 0.03125
vt 0.16250 0.03125
vt 0.15625 0.03125
vt 0.15000 0.03125
vt 0.14375 0.03125
vt 0.13750 0.03125
vt 0.13125 0.03125
vt 0.12500 0.03125
vt 0.11875 0.03125
vt 0.11250 0.03125
vt 0.10625 0.03125
vt 0.10000 0.03125
vt 0.09375 0.03125
vt 0.08750 0.03125
vt 0.08125 0.03125
vt 0.07500 0.03125
vt 0.06875 0.03125
vt 0.06250 0.03125
vt 0.05625 0.03125
vt 0.05000 0.03125
vt 0.04375 0.03125
vt 0.03750 0.03125
vt 0.03125 0.03125
vt 0.02500 0.03125
vt 0.01875 0.03125
vt 0.01250 0.03125
vt 0.00625 0.03125
vt 0.00000 0.03125
vt 0.25000 0.06250
vt 0.24375 0.06250
vt 0.23750 0.06250
vt 0.23125 0.06250
vt 0.22500 0.06250
vt 0.21875 0.06250
vt 0.21250 0.06250
vt 0.20625 0.06250
vt 0.20000 0.06250
vt 0.19375 0.06250
vt 0.18750 0.06250
vt 0.18125 0.06250
vt 0.17500 0.06250
vt 0.16875 0.06250
vt 0.16250 0.06250
vt 0.15625 0.06250
vt 0.15000 0.06250
vt 0.14375 0.06250
vt 0.13750 0.06250
vt 0.13125 0.06250
vt 0.12500 0.06250
vt 0.11875 0.06250
vt 0.11250 0.06250
vt 0.10625 0.06250
vt 0.10000 0.06250
vt 0.09375 0.06250
vt 0.08750 0.06250
vt 0.08125 0.06250
vt 0.07500 0.06250
vt 0.06875 0.06250
vt 0.06250 0.06250
vt 0.05625 0.06250
vt 0.05000 0.06250
vt 0.04375 0.06250
vt 0.03750 0.06250
vt 0.03125 0.06250
vt 0.02500 0.06250
vt 0.01875 0.06250
vt 0.01250 0.06250
vt 0.00625 0.06250
vt 0.00000 0.06250
vt 0.25000 0.09375
vt 0.24375 0.09375
vt 0.23750 0.09375
vt 0.23125 0.09375
vt 0.22500 0.09375
vt 0.21875 0.09375
vt 0.21250 0.09375
vt 0.20625 0.09375
vt 0.20000 0.09375
vt 0.19375 0.09375
vt 0.18750 0.09375
vt 0.18125 0.09375
vt 0.17500 0.09375
vt 0.16875 0.09375
vt 0.16250 0.09375
vt 0.15625 0.09375
vt 0.15000 0.09375
vt 0.14375 0.09375
vt 0.13750 0.09375
vt 0.13125 0.09375
vt 0.12500 0.09375
vt 0.11875 0.09375
vt 0.11250 0.09375
vt 0.10625 0.09375
vt 0.10000 0.09375
vt 0.09375 0.09375
vt 0.08750 0.09375
vt 0.08125 0.09375
vt 0.07500 0.09375
vt 0.06875 0.09375
vt 0.06250 0.09375
vt 0.05625 0.09375
vt 0.05000 0.09375
vt 0.04375 0.09375
vt 0.03750 0.09375
vt 0.03125 0.09375
vt 0.02500 0.09375
vt 0.01875 0.09375
vt 0.01250 0.09375
vt 0.00625 0.09375
vt 0.00000 0.09375
vt 0.25000 0.12500
vt 0.24375 0.12500
vt 0.23750 0.12500
vt 0.23125 0.12500
vt 0.22500 0.12500
vt 0.21875 0.12500
vt 0.21250 0.12500
vt 0.20625 0.12500
vt 0.20000 0.12500
vt 0.19375 0.12500
vt 0.18750 0.12500
vt 0.18125 0.12500
vt 0.17500 0.12500
vt 0.16875 0.12500
vt 0.16250 0.12500
vt 0.15625 0.12500
vt 0.15000 0.12500
vt 0.14375 0.12500
vt 0.13750 0.12500
vt 0.13125 0.12500
vt 0.12500 0.12500
vt 0.11875 0.12500
vt 0.11250 0.12500
vt 0.10625 0.12500
vt 0.10000 0.12500
vt 0.09375 0.12500
vt 0.08750 0.12500
vt 0.08125 0.12500
vt 0.07500 0.12500
vt 0.06875 0.12500
vt 0.06250 0.12500
vt 0.05625 0.12500
vt 0.05000 0.12500
vt 0.04375 0.12500
vt 0.03750 0.12500
vt 0.03125 0.12500
vt 0.02500 0.12500
vt 0.01875 0.12500
vt 0.01250 0.12500
vt 0.00625 0.12500
vt 0.00000 0.12500
vt 0.25000 0.15625
vt 0.24375 0.15625
vt 0.23750 0.15625
vt 0.23125 0.15625
vt 0.22500 0.15625
vt 0.21875 0.15625
vt 0.21250 0.15625
vt 0.20625 0.15625
vt 0.20000 0.15625
vt 0.19375 0.15625
vt 0.18750 0.15625
vt 0.18125 0.15625
vt 0.17500 0.15625
vt 0.16875 0.15625
vt 0.16250 0.15625
vt 0.15625 0.15625
vt 0.15000 0.15625
vt 0.14375 0.15625
vt 0.13750 0.15625
vt 0.13125 0.15625
vt 0.12500 0.15625
vt 0.11875 0.15625
vt 0.11250 0.15625
vt 0.10625 0.15625
vt 0.10000 0.15625
vt 0.09375 0.15625
vt 0.08750 0.15625
vt 0.08125 0.15625
vt 0.07500 0.15625
vt 0.06875 0.15625
vt 0.06250 0.15625
vt 0.05625 0.15625
vt 0.05000 0.15625
vt 0.04375 0.15625
vt 0.03750 0.15625
vt 0.03125 0.15625
vt 0.02500 0.15625
vt 0.01875 0.15625
vt 0.01250 0.15625
vt 0.00625 0.15625
vt 0.00000 0.15625
vt 0.25000 0.18750
vt 0.24375 0.18750
vt 0.23750 0.18750
vt 0.23125 0.18750
vt 0.22500 0.18750
vt 0.21875 0.18750
vt 0.21250 0.18750
vt 0.20625 0.18750
vt 0.20000 0.18750
vt 0.19375 0.18750
vt 0.18750 0.18750
vt 0.18125 0.18750
vt 0.17500 0.18750
vt 0.16875 0.18750
vt 0.16250 0.18750
vt 0.15625 0.18750
vt 0.15000 0.18750
vt 0.14375 0.18750
vt 0.13750 0.18750
vt 0.13125 0.18750
vt 0.12500 0.18750
vt 0.11875 0.18750
vt 0.11250 0.18750
vt 0.10625 0.18750
vt 0.10000 0.18750
vt 0.09375 0.18750
vt 0.08750 0.18750
vt 0.08125 0.18750
vt 0.07500 0.18750
vt 0.06875 0.18750
vt 0.06250 0.18750
vt 0.05625 0.18750
vt 0.05000 0.18750
vt 0.04375 0.18750
vt 0.03750 0.18750
vt 0.03125 0.18750
vt 0.02500 0.18750
vt 0.01875 0.18750
vt 0.01250 0.18750
vt 0.00625 0.18750
vt 0.00000 0.18750
vt 0.25000 0.21875
vt 0.24375 0.21875
vt 0.23750 0.21875
vt 0.23125 0.21875
vt 0.22500 0.21875
vt 0.21875 0.21875
vt 0.21250 0.21875
vt 0.20625 0.21875
vt 0.20000 0.21875
vt 0.19375 0.21875
vt 0.18750 0.21875
vt 0.18125 0.21875
vt 0.17500 0.21875
vt 0.16875 0.21875
vt 0.16250 0.21875
vt 0.15625 0.21875
vt 0.15000 0.21875
vt 0.14375 0.21875
vt 0.13750 0.21875
vt 0.13125 0.21875
vt 0.12500 0.21875
vt 0.11875 0.21875
vt 0.11250 0.21875
vt 0.10625 0.21875
vt 0.10000 0.21875
vt 0.09375 0.21875
vt 0.08750 0.21875
vt 0.08125 0.21875
vt 0.07500 0.21875
vt 0.06875 0.21875
vt 0.06250 0.21875
vt 0.05625 0.21875
vt 0.05000 0.21875
vt 0.04375 0.21875
vt 0.03750 0.21875
vt 0.03125 0.21875
vt 0.02500 0.21875
vt 0.01875 0.21875
vt 0.01250 0.21875
vt 0.00625 0.21875
vt 0.00000 0.21875
vt 0.25000 0.25000
vt 0.24375 0.25000
vt 0.23750 0.25000
vt 0.23125 0.25000
vt 0.22500 0.25000
vt 0.21875 0.25000
vt 0.21250 0.25000
vt 0.20625 0.25000
vt 0.20000 0.25000
vt 0.19375 0.25000
vt 0.18750 0.25000
vt 0.18125 0.25000
vt 0.17500 0.25000
vt 0.16875 0.25000
vt 0.16250 0.25000
vt 0.15625 0.25000
vt 0.15000 0.25000
vt 0.14375 0.25000
vt 0.13750 0.25000
vt 0.13125 0.25000
vt 0.12500 0.25000
vt 0.11875 0.25000
vt 0.11250 0.25000
vt 0.10625 0.25000
vt 0.10000 0.25000
vt 0.09375 0.25000
vt 0.08750 0.25000
vt 0.08125 0.25000
vt 0.07500 0.25000
vt 0.06875 0.25000
vt 0.06250 0.25000
vt 0.05625 0.25000
vt 0.05000 0.25000
vt 0.04375 0.25000
vt 0.03750 0.25000
vt 0.03125 0.25000
vt 0.02500 0.25000
vt 0.01875 0.25000
vt 0.01250 0.25000
vt 0.00625 0.25000
vt 0.00000 0.25000
vt 0.25000 0.28125
vt 0.24375 0.28125
vt 0.23750 0.28125
vt 0.23125 0.28125
vt 0.22500 0.28125
vt 0.21875 0.28125
vt 0.21250 0.28125
vt 0.20625 0.28125
vt 0.20000 0.28125
vt 0.19375 0.28125
vt 0.18750 0.28125
vt 0.18125 0.28125
vt 0.17500 0.28125
vt 0.16875 0.28125
vt 0.16250 0.28125
vt 0.15625 0.28125
vt 0.15000 0.28125
vt 0.14375 0.28125
vt 0.13750 0.28125
vt 0.13125 0.28125
vt 0.12500 0.28125
vt 0.11875 0.28125
vt 0.11250 0.28125
vt 0.10625 0.28125
vt 0.10000 0.28125
vt 0.09375 0.28125
vt 0.08750 0.28125
vt 0.08125 0.28125
vt 0.07500 0.28125
vt 0.06875 0.28125
vt 0.06250 0.28125
vt 0.05625 0.28125
vt 0.05000 0.28125
vt 0.04375 0.28125
vt 0.03750 0.28125
vt 0.03125 0.28125
vt 0.02500 0.28125
vt 0.01875 0.28125
vt 0.01250 0.28125
vt 0.00625 0.28125
vt 0.00000 0.28125
vt 0.25000 0.31250
vt 0.24375 0.31250
vt 0.23750 0.31250
vt 0.23125 0.31250
vt 0.22500 0.31250
vt 0.21875 0.31250
vt 0.21250 0.31250
vt 0.20625 0.31250
vt 0.20000 0.31250
vt 0.19375 0.31250
vt 0.18750 0.31250
vt 0.18125 0.31250
vt 0.17500 0.31250
vt 0.16875 0.31250
vt 0.16250 0.31250
vt 0.15625 0.31250
vt 0.15000 0.31250
vt 0.14375 0.31250
vt 0.13750 0.31250
vt 0.13125 0.31250
vt 0.12500 0.31250
vt 0.11875 0.31250
vt 0.11250 0.31250
vt 0.10625 0.31250
vt 0.10000 0.31250
vt 0.09375 0.31250
vt 0.08750 0.31250
vt 0.08125 0.31250
vt 0.07500 0.31250
vt 0.06875 0.31250
vt 0.06250 0.31250
vt 0.05625 0.31250
vt 0.05000 0.31250
vt 0.04375 0.31250
vt 0.03750 0.31250
vt 0.03125 0.31250
vt 0.02500 0.31250
vt 0.01875 0.31250
vt 0.01250 0.31250
vt 0.00625 0.31250
vt 0.00000 0.31250
vt 0.25000 0.34375
vt 0.24375 0.34375
vt 0.23750 0.34375
vt 0.23125 0.34375
vt 0.22500 0.34375
vt 0.21875 0.34375
vt 0.21250 0.34375
vt 0.20625 0.34375
vt 0.20000 0.34375
vt 0.19375 0.34375
vt 0.18750 0.34375
vt 0.18125 0.34375
vt 0.17500 0.34375
vt 0.16875 0.34375
vt 0.16250 0.34375
vt 0.15625 0.34375
vt 0.15000 0.34375
vt 0.14375 0.34375
vt 0.13750 0.34375
vt 0.13125 0.34375
vt 0.12500 0.34375
vt 0.11875 0.34375
vt 0.11250 0.34375
vt 0.10625 0.34375
vt 0.10000 0.34375
vt 0.09375 0.34375
vt 0.08750 0.34375
vt 0.08125 0.34375
vt 0.07500 0.34375
vt 0.06875 0.34375
vt 0.06250 0.34375
vt 0.05625 0.34375
vt 0.05000 0.34375
vt 0.04375 0.34375
vt 0.03750 0.34375
vt 0.03125 0.34375
vt 0.02500 0.34375
vt 0.01875 0.34375
vt 0.01250 0.34375
vt 0.00625 0.34375
vt 0.00000 0.34375
vt 0.25000 0.37500
vt 0.24375 0.37500
vt 0.23750 0.37500
vt 0.23125 0.37500
vt 0.22500 0.37500
vt 0.21875 0.37500
vt 0.21250 0.37500
vt 0.20625 0.37500
vt 0.20000 0.37500
vt 0.19375 0.37500
vt 0.18750 0.37500
vt 0.18125 0.37500
vt 0.17500 0.37500
vt 0.16875 0.37500
vt 0.16250 0.37500
vt 0.15625 0.37500
vt 0.15000 0.37500
vt 0.14375 0.37500
vt 0.13750 0.37500
vt 0.13125 0.37500
vt 0.12500 0.37500
vt 0.11875 0.37500
vt 0.11250 0.37500
vt 0.10625 0.37500
vt 0.10000 0.37500
vt 0.09375 0.37500
vt 0.08750 0.37500
vt 0.08125 0.37500
vt 0.07500 0.37500
vt 0.06875 0.37500
vt 0.06250 0.37500
vt 0.05625 0.37500
vt 0.05000 0.37500
vt 0.04375 0.37500
vt 0.03750 0.37500
vt 0.03125 0.37500
vt 0.02500 0.37500
vt 0.01875 0.37500
vt 0.01250 0.37500
vt 0.00625 0.37500
vt 0.00000 0.37500
vt 0.25000 0.40625
vt 0.24375 0.40625
vt 0.23750 0.40625
vt 0.23125 0.40625
vt 0.22500 0.40625
vt 0.21875 0.40625
vt 0.21250 0.40625
vt 0.20625 0.40625
vt 0.20000 0.40625
vt 0.19375 0.40625
vt 0.18750 0.40625
vt 0.18125 0.40625
vt 0.17500 0.40625
vt 0.16875 0.40625
vt 0.16250 0.40625
vt 0.15625 0.40625
vt 0.15000 0.40625
vt 0.14375 0.40625
vt 0.13750 0.40625
vt 0.13125 0.40625
vt 0.12500 0.40625
vt 0.11875 0.40625
vt 0.11250 0.40625
vt 0.10625 0.40625
vt 0.10000 0.40625
vt 0.09375 0.40625
vt 0.08750 0.40625
vt 0.08125 0.40625
vt 0.07500 0.40625
vt 0.06875 0.40625
vt 0.06250 0.40625
vt 0.05625 0.40625
vt 0.05000 0.40625
vt 0.04375 0.40625
vt 0.03750 0.40625
vt 0.03125 0.40625
vt 0.02500 0.40625
vt 0.01875 0.40625
vt 0.01250 0.40625
vt 0.00625 0.40625
vt 0.00000 0.40625
vt 0.25000 0.43750
vt 0.24375 0.43750
vt 0.23750 0.43750
vt 0.23125 0.43750
vt 0.22500 0.43750
vt 0.21875 0.43750
vt 0.21250 0.43750
vt 0.20625 0.43750
vt 0.20000 0.43750
vt 0.19375 0.43750
vt 0.18750 0.43750
vt 0.18125 0.43750
vt 0.17500 0.43750
vt 0.16875 0.43750
vt 0.16250 0.43750
vt 0.15625 0.43750
vt 0.15000 0.43750
vt 0.14375 0.43750
vt 0.13750 0.43750
vt 0.13125 0.43750
vt 0.12500 0.43750
vt 0.11875 0.43750
vt 0.11250 0.43750
vt 0.10625 0.43750
vt 0.10000 0.43750
vt 0.09375 0.43750
vt 0.08750 0.43750
vt 0.08125 0.43750
vt 0.07500 0.43750
vt 0.06875 0.43750
vt 0.06250 0.43750
vt 0.05625 0.43750
vt 0.05000 0.43750
vt 0.04375 0.43750
vt 0.03750 0.43750
vt 0.03125 0.43750
vt 0.02500 0.43750
vt 0.01875 0.43750
vt 0.01250 0.43750
vt 0.00625 0.43750
vt 0.00000 0.43750
vt 0.25000 0.46875
vt 0.24375 0.46875
vt 0.23750 0.46875
vt 0.23125 0.46875
vt 0.22500 0.46875
vt 0.21875 0.46875
vt 0.21250 0.46875
vt 0.20625 0.46875
vt 0.20000 0.46875
vt 0.19375 0.46875
vt 0.18750 0.46875
vt 0.18125 0.46875
vt 0.17500 0.46875
vt 0.16875 0.46875
vt 0.16250 0.46875
vt 0.15625 0.46875
vt 0.15000 0.46875
vt 0.14375 0.46875
vt 0.13750 0.46875
vt 0.13125 0.46875
vt 0.12500 0.46875
vt 0.11875 0.46875
vt 0.11250 0.46875
vt 0.10625 0.46875
vt 0.10000 0.46875
vt 0.09375 0.46875
vt 0.08750 0.46875
vt 0.08125 0.46875
vt 0.07500 0.46875
vt 0.06875 0.46875
vt 0.06250 0.46875
vt 0.05625 0.46875
vt 0.05000 0.46875
vt 0.04375 0.46875
vt 0.03750 0.46875
vt 0.03125 0.46875
vt 0.02500 0.46875
vt 0.01875 0.46875
vt 0.01250 0.46875
vt 0.00625 0.46875
vt 0.00000 0.46875
vt 0.25000 0.50000
vt 0.24375 0.50000
vt 0.23750 0.50000
vt 0.23125 0.50000
vt 0.22500 0.50000
vt 0.21875 0.50000
vt 0.21250 0.50000
vt 0.20625 0.50000
vt 0.20000 0.50000
vt 0.19375 0.50000
vt 0.18750 0.50000
vt 0.18125 0.50000
vt 0.17500 0.50000
vt 0.16875 0.50000
vt 0.16250 0.50000
vt 0.15625 0.50000
vt 0.15000 0.50000
vt 0.14375 0.50000
vt 0.13750 0.50000
vt 0.13125 0.50000
vt 0.12500 0.50000
vt 0.11875 0.50000
vt 0.11250 0.50000
vt 0.10625 0.50000
vt 0.10000 0.50000
vt 0.09375 0.50000
vt 0.08750 0.50000
vt 0.08125 0.50000
vt 0.07500 0.50000
vt 0.06875 0.50000
vt 0.06250 0.50000
vt 0.05625 0.50000
vt 0.05000 0.50000
vt 0.04375 0.50000
vt 0.03750 0.50000
vt 0.03125 0.50000
vt 0.02500 0.50000
vt 0.01875 0.50000
vt 0.01250 0.50000
vt 0.00625 0.50000
vt 0.00000 0.50000
vt 0.50000 0.50000
vt 0.48958 0.50000
vt 0.47917 0.50000
vt 0.46875 0.50000
vt 0.45833 0.50000
vt 0.44792 0.50000
vt 0.43750 0.50000
vt 0.42708 0.50000
vt 0.41667 0.50000
vt 0.40625 0.50000
vt 0.39583 0.50000
vt 0.38542 0.50000
vt 0.37500 0.50000
vt 0.36458 0.50000
vt 0.35417 0.50000
vt 0.34375 0.50000
vt 0.33333 0.50000
vt 0.32292 0.50000
vt 0.31250 0.50000
vt 0.30208 0.50000
vt 0.29167 0.50000
vt 0.28125 0.50000
vt 0.27083 0.50000
vt 0.26042 0.50000
vt 0.25000 0.50000
vt 0.23958 0.50000
vt 0.22917 0.50000
vt 0.21875 0.50000
vt 0.20833 0.50000
vt 0.19792 0.50000
vt 0.18750 0.50000
vt 0.17708 0.50000
vt 0.16667 0.50000
vt 0.15625 0.50000
vt 0.14583 0.50000
vt 0.13542 0.50000
vt 0.12500 0.50000
vt 0.11458 0.50000
vt 0.10417 0.50000
vt 0.09375 0.50000
vt 0.08333 0.50000
vt 0.07292 0.50000
vt 0.06250 0.50000
vt 0.05208 0.50000
vt 0.04167 0.50000
vt 0.03125 0.50000
vt 0.02083 0.50000
vt 0.01042 0.50000
vt 0.00000 0.50000
vt 0.50000 0.52083
vt 0.48958 0.52083
vt 0.47917 0.52083
vt 0.46875 0.52083
vt 0.45833 0.52083
vt 0.44792 0.52083
vt 0.43750 0.52083
vt 0.42708 0.52083
vt 0.41667 0.52083
vt 0.40625 0.52083
vt 0.39583 0.52083
vt 0.38542 0.52083
vt 0.37500 0.52083
vt 0.36458 0.52083
vt 0.35417 0.52083
vt 0.34375 0.52083
vt 0.33333 0.52083
vt 0.32292 0.52083
vt 0.31250 0.52083
vt 0.30208 0.52083
vt 0.29167 0.52083
vt 0.28125 0.52083
vt 0.27083 0.52083
vt 0.26042 0.52083
vt 0.25000 0.52083
vt 0.23958 0.52083
vt 0.22917 0.52083
vt 0.21875 0.52083
vt 0.20833 0.52083
vt 0.19792 0.52083
vt 0.18750 0.52083
vt 0.17708 0.52083
vt 0.16667 0.52083
vt 0.15625 0.52083
vt 0.14583 0.52083
vt 0.13542 0.52083
vt 0.12500 0.52083
vt 0.11458 0.52083
vt 0.10417 0.52083
vt 0.09375 0.52083
vt 0.08333 0.52083
vt 0.07292 0.52083
vt 0.06250 0.52083
vt 0.05208 0.52083
vt 0.04167 0.52083
vt 0.03125 0.52083
vt 0.02083 0.52083
vt 0.01042 0.52083
vt 0.00000 0.52083
vt 0.50000 0.54167
vt 0.48958 0.54167
vt 0.47917 0.54167
vt 0.46875 0.54167
vt 0.45833 0.54167
vt 0.44792 0.54167
vt 0.43750 0.54167
vt 0.42708 0.54167
vt 0.41667 0.54167
vt 0.40625 0.54167
vt 0.39583 0.54167
vt 0.38542 0.54167
vt 0.37500 0.54167
vt 0.36458 0.54167
vt 0.35417 0.54167
vt 0.34375 0.54167
vt 0.33333 0.54167
vt 0.32292 0.54167
vt 0.31250 0.54167
vt 0.30208 0.54167
vt 0.29167 0.54167
vt 0.28125 0.54167
vt 0.27083 0.54167
vt 0.26042 0.54167
vt 0.25000 0.54167
vt 0.23958 0.54167
vt 0.22917 0.54167
vt 0.21875 0.54167
vt 0.20833 0.54167
vt 0.19792 0.54167
vt 0.18750 0.54167
vt 0.17708 0.54167
vt 0.16667 0.54167
vt 0.15625 0.54167
vt 0.14583 0.54167
vt 0.13542 0.54167
vt 0.12500 0.54167
vt 0.11458 0.54167
vt 0.10417 0.54167
vt 0.09375 0.54167
vt 0.08333 0.54167
vt 0.07292 0.54167
vt 0.06250 0.54167
vt 0.05208 0.54167
vt 0.04167 0.54167
vt 0.03125 0.54167
vt 0.02083 0.54167
vt 0.01042 0.54167
vt 0.00000 0.54167
vt 0.50000 0.56250
vt 0.48958 0.56250
vt 0.47917 0.56250
vt 0.46875 0.56250
vt 0.45833 0.56250
vt 0.44792 0.56250
vt 0.43750 0.56250
vt 0.42708 0.56250
vt 0.41667 0.56250
vt 0.40625 0.56250
vt 0.39583 0.56250
vt 0.38542 0.56250
vt 0.37500 0.56250
vt 0.36458 0.56250
vt 0.35417 0.56250
vt 0.34375 0.56250
vt 0.33333 0.56250
vt 0.32292 0.56250
vt 0.31250 0.56250
vt 0.30208 0.56250
vt 0.29167 0.56250
vt 0.28125 0.56250
vt 0.27083 0.56250
vt 0.26042 0.56250
vt 0.25000 0.56250
vt 0.23958 0.56250
vt 0.22917 0.56250
vt 0.21875 0.56250
vt 0.20833 0.56250
vt 0.19792 0.56250
vt 0.18750 0.56250
vt 0.17708 0.56250
vt 0.16667 0.56250
vt 0.15625 0.56250
vt 0.14583 0.56250
vt 0.13542 0.56250
vt 0.12500 0.56250
vt 0.11458 0.56250
vt 0.10417 0.56250
vt 0.09375 0.56250
vt 0.08333 0.56250
vt 0.07292 0.56250
vt 0.06250 0.56250
vt 0.05208 0.56250
vt 0.04167 0.56250
vt 0.03125 0.56250
vt 0.02083 0.56250
vt 0.01042 0.56250
vt 0.00000 0.56250
vt 0.50000 0.58333
vt 0.48958 0.58333
vt 0.47917 0.58333
vt 0.46875 0.58333
vt 0.45833 0.58333
vt 0.44792 0.58333
vt 0.43750 0.58333
vt 0.42708 0.58333
vt 0.41667 0.58333
vt 0.40625 0.58333
vt 0.39583 0.58333
vt 0.38542 0.58333
vt 0.37500 0.58333
vt 0.36458 0.58333
vt 0.35417 0.58333
vt 0.34375 0.58333
vt 0.33333 0.58333
vt 0.32292 0.58333
vt 0.31250 0.58333
vt 0.30208 0.58333
vt 0.29167 0.58333
vt 0.28125 0.58333
vt 0.27083 0.58333
vt 0.26042 0.58333
vt 0.25000 0.58333
vt 0.23958 0.58333
vt 0.22917 0.58333
vt 0.21875 0.58333
vt 0.20833 0.58333
vt 0.19792 0.58333
vt 0.18750 0.58333
vt 0.17708 0.58333
vt 0.16667 0.58333
vt 0.15625 0.58333
vt 0.14583 0.58333
vt 0.13542 0.58333
vt 0.12500 0.58333
vt 0.11458 0.58333
vt 0.10417 0.58333
vt 0.09375 0.58333
vt 0.08333 0.58333
vt 0.07292 0.58333
vt 0.06250 0.58333
vt 0.05208 0.58333
vt 0.04167 0.58333
vt 0.03125 0.58333
vt 0.02083 0.58333
vt 0.01042 0.58333
vt 0.00000 0.58333
vt 0.50000 0.60417
vt 0.48958 0.60417
vt 0.47917 0.60417
vt 0.46875 0.60417
vt 0.45833 0.60417
vt 0.44792 0.60417
vt 0.43750 0.60417
vt 0.42708 0.60417
vt 0.41667 0.60417
vt 0.40625 0.60417
vt 0.39583 0.60417
vt 0.38542 0.60417
vt 0.37500 0.60417
vt 0.36458 0.60417
vt 0.35417 0.60417
vt 0.34375 0.60417
vt 0.33333 0.60417
vt 0.32292 0.60417
vt 0.31250 0.60417
vt 0.30208 0.60417
vt 0.29167 0.60417
vt 0.28125 0.60417
vt 0.27083 0.60417
vt 0.26042 0.60417
vt 0.25000 0.60417
vt 0.23958 0.60417
vt 0.22917 0.60417
vt 0.21875 0.60417
vt 0.20833 0.60417
vt 0.19792 0.60417
vt 0.18750 0.60417
vt 0.17708 0.60417
vt 0.16667 0.60417
vt 0.15625 0.60417
vt 0.14583 0.60417
vt 0.13542 0.60417
vt 0.12500 0.60417
vt 0.11458 0.60417
vt 0.10417 0.60417
vt 0.09375 0.60417
vt 0.08333 0.60417
vt 0.07292 0.60417
vt 0.06250 0.60417
vt 0.05208 0.60417
vt 0.04167 0.60417
vt 0.03125 0.60417
vt 0.02083 0.60417
vt 0.01042 0.60417
vt 0.00000 0.60417
vt 0.50000 0.62500
vt 0.48958 0.62500
vt 0.47917 0.62500
vt 0.46875 0.62500
vt 0.45833 0.62500
vt 0.44792 0.62500
vt 0.43750 0.62500
vt 0.42708 0.62500
vt 0.41667 0.62500
vt 0.40625 0.62500
vt 0.39583 0.62500
vt 0.38542 0.62500
vt 0.37500 0.62500
vt 0.36458 0.62500
vt 0.35417 0.62500
vt 0.34375 0.62500
vt 0.33333 0.62500
vt 0.32292 0.62500
vt 0.31250 0.62500
vt 0.30208 0.62500
vt 0.29167 0.62500
vt 0.28125 0.62500
vt 0.27083 0.62500
vt 0.26042 0.62500
vt 0.25000 0.62500
vt 0.23958 0.62500
vt 0.22917 0.62500
vt 0.21875 0.62500
vt 0.20833 0.62500
vt 0.19792 0.62500
vt 0.18750 0.62500
vt 0.17708 0.62500
vt 0.16667 0.62500
vt 0.15625 0.62500
vt 0.14583 0.62500
vt 0.13542 0.62500
vt 0.12500 0.62500
vt 0.11458 0.62500
vt 0.10417 0.62500
vt 0.09375 0.62500
vt 0.08333 0.62500
vt 0.07292 0.62500
vt 0.06250 0.62500
vt 0.05208 0.62500
vt 0.04167 0.62500
vt 0.03125 0.62500
vt 0.02083 0.62500
vt 0.01042 0.62500
vt 0.00000 0.62500
vt 0.50000 0.64583
vt 0.48958 0.64583
vt 0.47917 0.64583
vt 0.46875 0.64583
vt 0.45833 0.64583
vt 0.44792 0.64583
vt 0.43750 0.64583
vt 0.42708 0.64583
vt 0.41667 0.64583
vt 0.40625 0.64583
vt 0.39583 0.64583
vt 0.38542 0.64583
vt 0.37500 0.64583
vt 0.36458 0.64583
vt 0.35417 0.64583
vt 0.34375 0.64583
vt 0.33333 0.64583
vt 0.32292 0.64583
vt 0.31250 0.64583
vt 0.30208 0.64583
vt 0.29167 0.64583
vt 0.28125 0.64583
vt 0.27083 0.64583
vt 0.26042 0.64583
vt 0.25000 0.64583
vt 0.23958 0.64583
vt 0.22917 0.64583
vt 0.21875 0.64583
vt 0.20833 0.64583
vt 0.19792 0.64583
vt 0.18750 0.64583
vt 0.17708 0.64583
vt 0.16667 0.64583
vt 0.15625 0.64583
vt 0.14583 0.64583
vt 0.13542 0.64583
vt 0.12500 0.64583
vt 0.11458 0.64583
vt 0.10417 0.64583
vt 0.09375 0.64583
vt 0.08333 0.64583
vt 0.07292 0.64583
vt 0.06250 0.64583
vt 0.05208 0.64583
vt 0.04167 0.64583
vt 0.03125 0.64583
vt 0.02083 0.64583
vt 0.01042 0.64583
vt 0.00000 0.64583
vt 0.50000 0.66667
vt 0.48958 0.66667
vt 0.47917 0.66667
vt 0.46875 0.66667
vt 0.45833 0.66667
vt 0.44792 0.66667
vt 0.43750 0.66667
vt 0.42708 0.66667
vt 0.41667 0.66667
vt 0.40625 0.66667
vt 0.39583 0.66667
vt 0.38542 0.66667
vt 0.37500 0.66667
vt 0.36458 0.66667
vt 0.35417 0.66667
vt 0.34375 0.66667
vt 0.33333 0.66667
vt 0.32292 0.66667
vt 0.31250 0.66667
vt 0.30208 0.66667
vt 0.29167 0.66667
vt 0.28125 0.66667
vt 0.27083 0.66667
vt 0.26042 0.66667
vt 0.25000 0.66667
vt 0.23958 0.66667
vt 0.22917 0.66667
vt 0.21875 0.66667
vt 0.20833 0.66667
vt 0.19792 0.66667
vt 0.18750 0.66667
vt 0.17708 0.66667
vt 0.16667 0.66667
vt 0.15625 0.66667
vt 0.14583 0.66667
vt 0.13542 0.66667
vt 0.12500 0.66667
vt 0.11458 0.66667
vt 0.10417 0.66667
vt 0.09375 0.66667
vt 0.08333 0.66667
vt 0.07292 0.66667
vt 0.06250 0.66667
vt 0.05208 0.66667
vt 0.04167 0.66667
vt 0.03125 0.66667
vt 0.02083 0.66667
vt 0.01042 0.66667
vt 0.00000 0.66667
vt 0.50000 0.68750
vt 0.48958 0.68750
vt 0.47917 0.68750
vt 0.46875 0.68750
vt 0.45833 0.68750
vt 0.44792 0.68750
vt 0.43750 0.68750
vt 0.42708 0.68750
vt 0.41667 0.68750
vt 0.40625 0.68750
vt 0.39583 0.68750
vt 0.38542 0.68750
vt 0.37500 0.68750
vt 0.36458 0.68750
vt 0.35417 0.68750
vt 0.34375 0.68750
vt 0.33333 0.68750
vt 0.32292 0.68750
vt 0.31250 0.68750
vt 0.30208 0.68750
vt 0.29167 0.68750
vt 0.28125 0.68750
vt 0.27083 0.68750
vt 0.26042 0.68750
vt 0.25000 0.68750
vt 0.23958 0.68750
vt 0.22917 0.68750
vt 0.21875 0.68750
vt 0.20833 0.68750
vt 0.19792 0.68750
vt 0.18750 0.68750
vt 0.17708 0.68750
vt 0.16667 0.68750
vt 0.15625 0.68750
vt 0.14583 0.68750
vt 0.13542 0.68750
vt 0.12500 0.68750
vt 0.11458 0.68750
vt 0.10417 0.68750
vt 0.09375 0.68750
vt 0.08333 0.68750
vt 0.07292 0.68750
vt 0.06250 0.68750
vt 0.05208 0.68750
vt 0.04167 0.68750
vt 0.03125 0.68750
vt 0.02083 0.68750
vt 0.01042 0.68750
vt 0.00000 0.68750
vt 0.50000 0.70833
vt 0.48958 0.70833
vt 0.47917 0.70833
vt 0.46875 0.70833
vt 0.45833 0.70833
vt 0.44792 0.70833
vt 0.43750 0.70833
vt 0.42708 0.70833
vt 0.41667 0.70833
vt 0.40625 0.70833
vt 0.39583 0.70833
vt 0.38542 0.70833
vt 0.37500 0.70833
vt 0.36458 0.70833
vt 0.35417 0.70833
vt 0.34375 0.70833
vt 0.33333 0.70833
vt 0.32292 0.70833
vt 0.31250 0.70833
vt 0.30208 0.70833
vt 0.29167 0.70833
vt 0.28125 0.70833
vt 0.27083 0.70833
vt 0.26042 0.70833
vt 0.25000 0.70833
vt 0.23958 0.70833
vt 0.22917 0.70833
vt 0.21875 0.70833
vt 0.20833 0.70833
vt 0.19792 0.70833
vt 0.18750 0.70833
vt 0.17708 0.70833
vt 0.16667 0.70833
vt 0.15625 0.70833
vt 0.14583 0.70833
vt 0.13542 0.70833
vt 0.12500 0.70833
vt 0.11458 0.70833
vt 0.10417 0.70833
vt 0.09375 0.70833
vt 0.08333 0.70833
vt 0.07292 0.70833
vt 0.06250 0.70833
vt 0.05208 0.70833
vt 0.04167 0.70833
vt 0.03125 0.70833
vt 0.02083 0.70833
vt 0.01042 0.70833
vt 0.00000 0.70833
vt 0.50000 0.72917
vt 0.48958 0.72917
vt 0.47917 0.72917
vt 0.46875 0.72917
vt 0.45833 0.72917
vt 0.44792 0.72917
vt 0.43750 0.72917
vt 0.42708 0.72917
vt 0.41667 0.72917
vt 0.40625 0.72917
vt 0.39583 0.72917
vt 0.38542 0.72917
vt 0.37500 0.72917
vt 0.36458 0.72917
vt 0.35417 0.72917
vt 0.34375 0.72917
vt 0.33333 0.72917
vt 0.32292 0.72917
vt 0.31250 0.72917
vt 0.30208 0.72917
vt 0.29167 0.72917
vt 0.28125 0.72917
vt 0.27083 0.72917
vt 0.26042 0.72917
vt 0.25000 0.72917
vt 0.23958 0.72917
vt 0.22917 0.72917
vt 0.21875 0.72917
vt 0.20833 0.72917
vt 0.19792 0.72917
vt 0.18750 0.72917
vt 0.17708 0.72917
vt 0.16667 0.72917
vt 0.15625 0.72917
vt 0.14583 0.72917
vt 0.13542 0.72917
vt 0.12500 0.72917
vt 0.11458 0.72917
vt 0.10417 0.72917
vt 0.09375 0.72917
vt 0.08333 0.72917
vt 0.07292 0.72917
vt 0.06250 0.72917
vt 0.05208 0.72917
vt 0.04167 0.72917
vt 0.03125 0.72917
vt 0.02083 0.72917
vt 0.01042 0.72917
vt 0.00000 0.72917
vt 0.50000 0.75000
vt 0.48958 0.75000
vt 0.47917 0.75000
vt 0.46875 0.75000
vt 0.45833 0.75000
vt 0.44792 0.75000
vt 0.43750 0.75000
vt 0.42708 0.75000
vt 0.41667 0.75000
vt 0.40625 0.75000
vt 0.39583 0.75000
vt 0.38542 0.75000
vt 0.37500 0.75000
vt 0.36458 0.75000
vt 0.35417 0.75000
vt 0.34375 0.75000
vt 0.33333 0.75000
vt 0.32292 0.75000
vt 0.31250 0.75000
vt 0.30208 0.75000
vt 0.29167 0.75000
vt 0.28125 0.75000
vt 0.27083 0.75000
vt 0.26042 0.75000
vt 0.25000 0.75000
vt 0.23958 0.75000
vt 0.22917 0.75000
vt 0.21875 0.75000
vt 0.20833 0.75000
vt 0.19792 0.75000
vt 0.18750 0.75000
vt 0.17708 0.75000
vt 0.16667 0.75000
vt 0.15625 0.75000
vt 0.14583 0.75000
vt 0.13542 0.75000
vt 0.12500 0.75000
vt 0.11458 0.75000
vt 0.10417 0.75000
vt 0.09375 0.75000
vt 0.08333 0.75000
vt 0.07292 0.75000
vt 0.06250 0.75000
vt 0.05208 0.75000
vt 0.04167 0.75000
vt 0.03125 0.75000
vt 0.02083 0.75000
vt 0.01042 0.75000
vt 0.00000 0.75000
vt 0.50000 0.77083
vt 0.48958 0.77083
vt 0.47917 0.77083
vt 0.46875 0.77083
vt 0.45833 0.77083
vt 0.44792 0.77083
vt 0.43750 0.77083
vt 0.42708 0.77083
vt 0.41667 0.77083
vt 0.40625 0.77083
vt 0.39583 0.77083
vt 0.38542 0.77083
vt 0.37500 0.77083
vt 0.36458 0.77083
vt 0.35417 0.77083
vt 0.34375 0.77083
vt 0.33333 0.77083
vt 0.32292 0.77083
vt 0.31250 0.77083
vt 0.30208 0.77083
vt 0.29167 0.77083
vt 0.28125 0.77083
vt 0.27083 0.77083
vt 0.26042 0.77083
vt 0.25000 0.77083
vt 0.23958 0.77083
vt 0.22917 0.77083
vt 0.21875 0.77083
vt 0.20833 0.77083
vt 0.19792 0.77083
vt 0.18750 0.77083
vt 0.17708 0.77083
vt 0.16667 0.77083
vt 0.15625 0.77083
vt 0.14583 0.77083
vt 0.13542 0.77083
vt 0.12500 0.77083
vt 0.11458 0.77083
vt 0.10417 0.77083
vt 0.09375 0.77083
vt 0.08333 0.77083
vt 0.07292 0.77083
vt 0.06250 0.77083
vt 0.05208 0.77083
vt 0.04167 0.77083
vt 0.03125 0.77083
vt 0.02083 0.77083
vt 0.01042 0.77083
vt 0.00000 0.77083
vt 0.50000 0.79167
vt 0.48958 0.79167
vt 0.47917 0.79167
vt 0.46875 0.79167
vt 0.45833 0.79167
vt 0.44792 0.79167
vt 0.43750 0.79167
vt 0.42708 0.79167
vt 0.41667 0.79167
vt 0.40625 0.79167
vt 0.39583 0.79167
vt 0.38542 0.79167
vt 0.37500 0.79167
vt 0.36458 0.79167
vt 0.35417 0.79167
vt 0.34375 0.79167
vt 0.33333 0.79167
vt 0.32292 0.79167
vt 0.31250 0.79167
vt 0.30208 0.79167
vt 0.29167 0.79167
vt 0.28125 0.79167
vt 0.27083 0.79167
vt 0.26042 0.79167
vt 0.25000 0.79167
vt 0.23958 0.79167
vt 0.22917 0.79167
vt 0.21875 0.79167
vt 0.20833 0.79167
vt 0.19792 0.79167
vt 0.18750 0.79167
vt 0.17708 0.79167
vt 0.16667 0.79167
vt 0.15625 0.79167
vt 0.14583 0.79167
vt 0.13542 0.79167
vt 0.12500 0.79167
vt 0.11458 0.79167
vt 0.10417 0.79167
vt 0.09375 0.79167
vt 0.08333 0.79167
vt 0.07292 0.79167
vt 0.06250 0.79167
vt 0.05208 0.79167
vt 0.04167 0.79167
vt 0.03125 0.79167
vt 0.02083 0.79167
vt 0.01042 0.79167
vt 0.00000 0.79167
vt 0.50000 0.81250
vt 0.48958 0.81250
vt 0.47917 0.81250
vt 0.46875 0.81250
vt 0.45833 0.81250
vt 0.44792 0.81250
vt 0.43750 0.81250
vt 0.42708 0.81250
vt 0.41667 0.81250
vt 0.40625 0.81250
vt 0.39583 0.81250
vt 0.38542 0.81250
vt 0.37500 0.81250
vt 0.36458 0.81250
vt 0.35417 0.81250
vt 0.34375 0.81250
vt 0.33333 0.81250
vt 0.32292 0.81250
vt 0.31250 0.81250
vt 0.30208 0.81250
vt 0.29167 0.81250
vt 0.28125 0.81250
vt 0.27083 0.81250
vt 0.26042 0.81250
vt 0.25000 0.81250
vt 0.23958 0.81250
vt 0.22917 0.81250
vt 0.21875 0.81250
vt 0.20833 0.81250
vt 0.19792 0.81250
vt 0.18750 0.81250
vt 0.17708 0.81250
vt 0.16667 0.81250
vt 0.15625 0.81250
vt 0.14583 0.81250
vt 0.13542 0.81250
vt 0.12500 0.81250
vt 0.11458 0.81250
vt 0.10417 0.81250
vt 0.09375 0.81250
vt 0.08333 0.81250
vt 0.07292 0.81250
vt 0.06250 0.81250
vt 0.05208 0.81250
vt 0.04167 0.81250
vt 0.03125 0.81250
vt 0.02083 0.81250
vt 0.01042 0.81250
vt 0.00000 0.81250
vt 0.50000 0.83333
vt 0.48958 0.83333
vt 0.47917 0.83333
vt 0.46875 0.83333
vt 0.45833 0.83333
vt 0.44792 0.83333
vt 0.43750 0.83333
vt 0.42708 0.83333
vt 0.41667 0.83333
vt 0.40625 0.83333
vt 0.39583 0.83333
vt 0.38542 0.83333
vt 0.37500 0.83333
vt 0.36458 0.83333
vt 0.35417 0.83333
vt 0.34375 0.83333
vt 0.33333 0.83333
vt 0.32292 0.83333
vt 0.31250 0.83333
vt 0.30208 0.83333
vt 0.29167 0.83333
vt 0.28125 0.83333
vt 0.27083 0.83333
vt 0.26042 0.83333
vt 0.25000 0.83333
vt 0.23958 0.83333
vt 0.22917 0.83333
vt 0.21875 0.83333
vt 0.20833 0.83333
vt 0.19792 0.83333
vt 0.18750 0.83333
vt 0.17708 0.83333
vt 0.16667 0.83333
vt 0.15625 0.83333
vt 0.14583 0.83333
vt 0.13542 0.83333
vt 0.12500 0.83333
vt 0.11458 0.83333
vt 0.10417 0.83333
vt 0.09375 0.83333
vt 0.08333 0.83333
vt 0.07292 0.83333
vt 0.06250 0.83333
vt 0.05208 0.83333
vt 0.04167 0.83333
vt 0.03125 0.83333
vt 0.02083 0.83333
vt 0.01042 0.83333
vt 0.00000 0.83333
vt 0.50000 0.85417
vt 0.48958 0.85417
vt 0.47917 0.85417
vt 0.46875 0.85417
vt 0.45833 0.85417
vt 0.44792 0.85417
vt 0.43750 0.85417
vt 0.42708 0.85417
vt 0.41667 0.85417
vt 0.40625 0.85417
vt 0.39583 0.85417
vt 0.38542 0.85417
vt 0.37500 0.85417
vt 0.36458 0.85417
vt 0.35417 0.85417
vt 0.34375 0.85417
vt 0.33333 0.85417
vt 0.32292 0.85417
vt 0.31250 0.85417
vt 0.30208 0.85417
vt 0.29167 0.85417
vt 0.28125 0.85417
vt 0.27083 0.85417
vt 0.26042 0.85417
vt 0.25000 0.85417
vt 0.23958 0.85417
vt 0.22917 0.85417
vt 0.21875 0.85417
vt 0.20833 0.85417
vt 0.19792 0.85417
vt 0.18750 0.85417
vt 0.17708 0.85417
vt 0.16667 0.85417
vt 0.15625 0.85417
vt 0.14583 0.85417
vt 0.13542 0.85417
vt 0.12500 0.85417
vt 0.11458 0.85417
vt 0.10417 0.85417
vt 0.09375 0.85417
vt 0.08333 0.85417
vt 0.07292 0.85417
vt 0.06250 0.85417
vt 0.05208 0.85417
vt 0.04167 0.85417
vt 0.03125 0.85417
vt 0.02083 0.85417
vt 0.01042 0.85417
vt 0.00000 0.85417
vt 0.50000 0.87500
vt 0.48958 0.87500
vt 0.47917 0.87500
vt 0.46875 0.87500
vt 0.45833 0.87500
vt 0.44792 0.87500
vt 0.43750 0.87500
vt 0.42708 0.87500
vt 0.41667 0.87500
vt 0.40625 0.87500
vt 0.39583 0.87500
vt 0.38542 0.87500
vt 0.37500 0.87500
vt 0.36458 0.87500
vt 0.35417 0.87500
vt 0.34375 0.87500
vt 0.33333 0.87500
vt 0.32292 0.87500
vt 0.31250 0.87500
vt 0.30208 0.87500
vt 0.29167 0.87500
vt 0.28125 0.87500
vt 0.27083 0.87500
vt 0.26042 0.87500
vt 0.25000 0.87500
vt 0.23958 0.87500
vt 0.22917 0.87500
vt 0.21875 0.87500
vt 0.20833 0.87500
vt 0.19792 0.87500
vt 0.18750 0.87500
vt 0.17708 0.87500
vt 0.16667 0.87500
vt 0.15625 0.87500
vt 0.14583 0.87500
vt 0.13542 0.87500
vt 0.12500 0.87500
vt 0.11458 0.87500
vt 0.10417 0.87500
vt 0.09375 0.87500
vt 0.08333 0.87500
vt 0.07292 0.87500
vt 0.06250 0.87500
vt 0.05208 0.87500
vt 0.04167 0.87500
vt 0.03125 0.87500
vt 0.02083 0.87500
vt 0.01042 0.87500
vt 0.00000 0.87500
vt 0.50000 0.89583
vt 0.48958 0.89583
vt 0.47917 0.89583
vt 0.46875 0.89583
vt 0.45833 0.89583
vt 0.44792 0.89583
vt 0.43750 0.89583
vt 0.42708 0.89583
vt 0.41667 0.89583
vt 0.40625 0.89583
vt 0.39583 0.89583
vt 0.38542 0.89583
vt 0.37500 0.89583
vt 0.36458 0.89583
vt 0.35417 0.89583
vt 0.34375 0.89583
vt 0.33333 0.89583
vt 0.32292 0.89583
vt 0.31250 0.89583
vt 0.30208 0.89583
vt 0.29167 0.89583
vt 0.28125 0.89583
vt 0.27083 0.89583
vt 0.26042 0.89583
vt 0.25000 0.89583
vt 0.23958 0.89583
vt 0.22917 0.89583
vt 0.21875 0.89583
vt 0.20833 0.89583
vt 0.19792 0.89583
vt 0.18750 0.89583
vt 0.17708 0.89583
vt 0.16667 0.89583
vt 0.15625 0.89583
vt 0.14583 0.89583
vt 0.13542 0.89583
vt 0.12500 0.89583
vt 0.11458 0.89583
vt 0.10417 0.89583
vt 0.09375 0.89583
vt 0.08333 0.89583
vt 0.07292 0.89583
vt 0.06250 0.89583
vt 0.05208 0.89583
vt 0.04167 0.89583
vt 0.03125 0.89583
vt 0.02083 0.89583
vt 0.01042 0.89583
vt 0.00000 0.89583
vt 0.50000 0.91667
vt 0.48958 0.91667
vt 0.47917 0.91667
vt 0.46875 0.91667
vt 0.45833 0.91667
vt 0.44792 0.91667
vt 0.43750 0.91667
vt 0.42708 0.91667
vt 0.41667 0.91667
vt 0.40625 0.91667
vt 0.39583 0.91667
vt 0.38542 0.91667
vt 0.37500 0.91667
vt 0.36458 0.91667
vt 0.35417 0.91667
vt 0.34375 0.91667
vt 0.33333 0.91667
vt 0.32292 0.91667
vt 0.31250 0.91667
vt 0.30208 0.91667
vt 0.29167 0.91667
vt 0.28125 0.91667
vt 0.27083 0.91667
vt 0.26042 0.91667
vt 0.25000 0.91667
vt 0.23958 0.91667
vt 0.22917 0.91667
vt 0.21875 0.91667
vt 0.20833 0.91667
vt 0.19792 0.91667
vt 0.18750 0.91667
vt 0.17708 0.91667
vt 0.16667 0.91667
vt 0.15625 0.91667
vt 0.14583 0.91667
vt 0.13542 0.91667
vt 0.12500 0.91667
vt 0.11458 0.91667
vt 0.10417 0.91667
vt 0.09375 0.91667
vt 0.08333 0.91667
vt 0.07292 0.91667
vt 0.06250 0.91667
vt 0.05208 0.91667
vt 0.04167 0.91667
vt 0.03125 0.91667
vt 0.02083 0.91667
vt 0.01042 0.91667
vt 0.00000 0.91667
vt 0.50000 0.93750
vt 0.48958 0.93750
vt 0.47917 0.93750
vt 0.46875 0.93750
vt 0.45833 0.93750
vt 0.44792 0.93750
vt 0.43750 0.93750
vt 0.42708 0.93750
vt 0.41667 0.93750
vt 0.40625 0.93750
vt 0.39583 0.93750
vt 0.38542 0.93750
vt 0.37500 0.93750
vt 0.36458 0.93750
vt 0.35417 0.93750
vt 0.34375 0.93750
vt 0.33333 0.93750
vt 0.32292 0.93750
vt 0.31250 0.93750
vt 0.30208 0.93750
vt 0.29167 0.93750
vt 0.28125 0.93750
vt 0.27083 0.93750
vt 0.26042 0.93750
vt 0.25000 0.93750
vt 0.23958 0.93750
vt 0.22917 0.93750
vt 0.21875 0.93750
vt 0.20833 0.93750
vt 0.19792 0.93750
vt 0.18750 0.93750
vt 0.17708 0.93750
vt 0.16667 0.93750
vt 0.15625 0.93750
vt 0.14583 0.93750
vt 0.13542 0.93750
vt 0.12500 0.93750
vt 0.11458 0.93750
vt 0.10417 0.93750
vt 0.09375 0.93750
vt 0.08333 0.93750
vt 0.07292 0.93750
vt 0.06250 0.93750
vt 0.05208 0.93750
vt 0.04167 0.93750
vt 0.03125 0.93750
vt 0.02083 0.93750
vt 0.01042 0.93750
vt 0.00000 0.93750
vt 0.50000 0.95833
vt 0.48958 0.95833
vt 0.47917 0.95833
vt 0.46875 0.95833
vt 0.45833 0.95833
vt 0.44792 0.95833
vt 0.43750 0.95833
vt 0.42708 0.95833
vt 0.41667 0.95833
vt 0.40625 0.95833
vt 0.39583 0.95833
vt 0.38542 0.95833
vt 0.37500 0.95833
vt 0.36458 0.95833
vt 0.35417 0.95833
vt 0.34375 0.95833
vt 0.33333 0.95833
vt 0.32292 0.95833
vt 0.31250 0.95833
vt 0.30208 0.95833
vt 0.29167 0.95833
vt 0.28125 0.95833
vt 0.27083 0.95833
vt 0.26042 0.95833
vt 0.25000 0.95833
vt 0.23958 0.95833
vt 0.22917 0.95833
vt 0.21875 0.95833
vt 0.20833 0.95833
vt 0.19792 0.95833
vt 0.18750 0.95833
vt 0.17708 0.95833
vt 0.16667 0.95833
vt 0.15625 0.95833
vt 0.14583 0.95833
vt 0.13542 0.95833
vt 0.12500 0.95833
vt 0.11458 0.95833
vt 0.10417 0.95833
vt 0.09375 0.95833
vt 0.08333 0.95833
vt 0.07292 0.95833
vt 0.06250 0.95833
vt 0.05208 0.95833
vt 0.04167 0.95833
vt 0.03125 0.95833
vt 0.02083 0.95833
vt 0.01042 0.95833
vt 0.00000 0.95833
vt 0.50000 0.97917
vt 0.48958 0.97917
vt 0.47917 0.97917
vt 0.46875 0.97917
vt 0.45833 0.97917
vt 0.44792 0.97917
vt 0.43750 0.97917
vt 0.42708 0.97917
vt 0.41667 0.97917
vt 0.40625 0.97917
vt 0.39583 0.97917
vt 0.38542 0.97917
vt 0.37500 0.97917
vt 0.36458 0.97917
vt 0.35417 0.97917
vt 0.34375 0.97917
vt 0.33333 0.97917
vt 0.32292 0.97917
vt 0.31250 0.97917
vt 0.30208 0.97917
vt 0.29167 0.97917
vt 0.28125 0.97917
vt 0.27083 0.97917
vt 0.26042 0.97917
vt 0.25000 0.97917
vt 0.23958 0.97917
vt 0.22917 0.97917
vt 0.21875 0.97917
vt 0.20833 0.97917
vt 0.19792 0.97917
vt 0.18750 0.97917
vt 0.17708 0.97917
vt 0.16667 0.97917
vt 0.15625 0.97917
vt 0.14583 0.97917
vt 0.13542 0.97917
vt 0.12500 0.97917
vt 0.11458 0.97917
vt 0.10417 0.97917
vt 0.09375 0.97917
vt 0.08333 0.97917
vt 0.07292 0.97917
vt 0.06250 0.97917
vt 0.05208 0.97917
vt 0.04167 0.97917
vt 0.03125 0.97917
vt 0.02083 0.97917
vt 0.01042 0.97917
vt 0.00000 0.97917
vt 0.50000 1.00000
vt 0.48958 1.00000
vt 0.47917 1.00000
vt 0.46875 1.00000
vt 0.45833 1.00000
vt 0.44792 1.00000
vt 0.43750 1.00000
vt 0.42708 1.00000
vt 0.41667 1.00000
vt 0.40625 1.00000
vt 0.39583 1.00000
vt 0.38542 1.00000
vt 0.37500 1.00000
vt 0.36458 1.00000
vt 0.35417 1.00000
vt 0.34375 1.00000
vt 0.33333 1.00000
vt 0.32292 1.00000
vt 0.31250 1.00000
vt 0.30208 1.00000
vt 0.29167 1.00000
vt 0.28125 1.00000
vt 0.27083 1.00000
vt 0.26042 1.00000
vt 0.25000 1.00000
vt 0.23958 1.00000
vt 0.22917 1.00000
vt 0.21875 1.00000
vt 0.20833 1.00000
vt 0.19792 1.00000
vt 0.18750 1.00000
vt 0.17708 1.00000
vt 0.16667 1.00000
vt 0.15625 1.00000
vt 0.14583 1.00000
vt 0.13542 1.00000
vt 0.12500 1.00000
vt 0.11458 1.00000
vt 0.10417 1.00000
vt 0.09375 1.00000
vt 0.08333 1.00000
vt 0.07292 1.00000
vt 0.06250 1.00000
vt 0.05208 1.00000
vt 0.04167 1.00000
vt 0.03125 1.00000
vt 0.02083 1.00000
vt 0.01042 1.00000
vt 0.00000 1.00000
vt 0.62500 0.50000
vt 0.63125 0.50000
vt 0.63750 0.50000
vt 0.64375 0.50000
vt 0.65000 0.50000
vt 0.65625 0.50000
vt 0.66250 0.50000
vt 0.66875 0.50000
vt 0.67500 0.50000
vt 0.68125 0.50000
vt 0.68750 0.50000
vt 0.69375 0.50000
vt 0.70000 0.50000
vt 0.70625 0.50000
vt 0.71250 0.50000
vt 0.71875 0.50000
vt 0.72500 0.50000
vt 0.73125 0.50000
vt 0.73750 0.50000
vt 0.74375 0.50000
vt 0.75000 0.50000
vt 0.62500 0.37500
vt 0.63125 0.37500
vt 0.63750 0.37500
vt 0.64375 0.37500
vt 0.65000 0.37500
vt 0.65625 0.37500
vt 0.66250 0.37500
vt 0.66875 0.37500
vt 0.67500 0.37500
vt 0.68125 0.37500
vt 0.68750 0.37500
vt 0.69375 0.37500
vt 0.70000 0.37500
vt 0.70625 0.37500
vt 0.71250 0.37500
vt 0.71875 0.37500
vt 0.72500 0.37500
vt 0.73125 0.37500
vt 0.73750 0.37500
vt 0.74375 0.37500
vt 0.75000 0.37500
vt 0.68750 0.50000
vt 0.68750 0.50000
vt 0.68750 0.50000
vt 0.68750 0.50000
vt 0.68750 0.50000
vt 0.68750 0.50000
vt 0.68750 0.50000
vt 0.68750 0.50000
vt 0.68750 0.50000
vt 0.68750 0.50000
vt 0.68750 0.50000
vt 0.68750 0.50000
vt 0.68750 0.50000
vt 0.68750 0.50000
vt 0.68750 0.50000
vt 0.68750 0.50000
vt 0.68750 0.50000
vt 0.68750 0.50000
vt 0.68750 0.50000
vt 0.68750 0.50000
vt 0.68750 0.50000
vt 0.68750 0.50000
vt 0.68750 0.37500
vt 0.68750 0.37500
vt 0.68750 0.37500
vt 0.68750 0.37500
vt 0.68750 0.37500
vt 0.68750 0.37500
vt 0.68750 0.37500
vt 0.68750 0.37500
vt 0.68750 0.37500
vt 0.68750 0.37500
vt 0.68750 0.37500
vt 0.68750 0.37500
vt 0.68750 0.37500
vt 0.68750 0.37500
vt 0.68750 0.37500
vt 0.68750 0.37500
vt 0.68750 0.37500
vt 0.68750 0.37500
vt 0.68750 0.37500
vt 0.68750 0.37500
vt 0.68750 0.37500
vt 0.68750 0.37500
vt 1.00000 0.00000
vt 0.98958 0.00000
vt 0.97917 0.00000
vt 0.96875 0.00000
vt 0.95833 0.00000
vt 0.94792 0.00000
vt 0.93750 0.00000
vt 0.92708 0.00000
vt 0.91667 0.00000
vt 0.90625 0.00000
vt 0.89583 0.00000
vt 0.88542 0.00000
vt 0.87500 0.00000
vt 0.86458 0.00000
vt 0.85417 0.00000
vt 0.84375 0.00000
vt 0.83333 0.00000
vt 0.82292 0.00000
vt 0.81250 0.00000
vt 0.80208 0.00000
vt 0.79167 0.00000
vt 0.78125 0.00000
vt 0.77083 0.00000
vt 0.76042 0.00000
vt 0.75000 0.00000
vt 0.73958 0.00000
vt 0.72917 0.00000
vt 0.71875 0.00000
vt 0.70833 0.00000
vt 0.69792 0.00000
vt 0.68750 0.00000
vt 0.67708 0.00000
vt 0.66667 0.00000
vt 0.65625 0.00000
vt 0.64583 0.00000
vt 0.63542 0.00000
vt 0.62500 0.00000
vt 0.61458 0.00000
vt 0.60417 0.00000
vt 0.59375 0.00000
vt 0.58333 0.00000
vt 0.57292 0.00000
vt 0.56250 0.00000
vt 0.55208 0.00000
vt 0.54167 0.00000
vt 0.53125 0.00000
vt 0.52083 0.00000
vt 0.51042 0.00000
vt 0.50000 0.00000
vt 1.00000 0.01172
vt 0.98958 0.01172
vt 0.97917 0.01172
vt 0.96875 0.01172
vt 0.95833 0.01172
vt 0.94792 0.01172
vt 0.93750 0.01172
vt 0.92708 0.01172
vt 0.91667 0.01172
vt 0.90625 0.01172
vt 0.89583 0.01172
vt 0.88542 0.01172
vt 0.87500 0.01172
vt 0.86458 0.01172
vt 0.85417 0.01172
vt 0.84375 0.01172
vt 0.83333 0.01172
vt 0.82292 0.01172
vt 0.81250 0.01172
vt 0.80208 0.01172
vt 0.79167 0.01172
vt 0.78125 0.01172
vt 0.77083 0.01172
vt 0.76042 0.01172
vt 0.75000 0.01172
vt 0.73958 0.01172
vt 0.72917 0.01172
vt 0.71875 0.01172
vt 0.70833 0.01172
vt 0.69792 0.01172
vt 0.68750 0.01172
vt 0.67708 0.01172
vt 0.66667 0.01172
vt 0.65625 0.01172
vt 0.64583 0.01172
vt 0.63542 0.01172
vt 0.62500 0.01172
vt 0.61458 0.01172
vt 0.60417 0.01172
vt 0.59375 0.01172
vt 0.58333 0.01172
vt 0.57292 0.01172
vt 0.56250 0.01172
vt 0.55208 0.01172
vt 0.54167 0.01172
vt 0.53125 0.01172
vt 0.52083 0.01172
vt 0.51042 0.01172
vt 0.50000 0.01172
vt 1.00000 0.02344
vt 0.98958 0.02344
vt 0.97917 0.02344
vt 0.96875 0.02344
vt 0.95833 0.02344
vt 0.94792 0.02344
vt 0.93750 0.02344
vt 0.92708 0.02344
vt 0.91667 0.02344
vt 0.90625 0.02344
vt 0.89583 0.02344
vt 0.88542 0.02344
vt 0.87500 0.02344
vt 0.86458 0.02344
vt 0.85417 0.02344
vt 0.84375 0.02344
vt 0.83333 0.02344
vt 0.82292 0.02344
vt 0.81250 0.02344
vt 0.80208 0.02344
vt 0.79167 0.02344
vt 0.78125 0.02344
vt 0.77083 0.02344
vt 0.76042 0.02344
vt 0.75000 0.02344
vt 0.73958 0.02344
vt 0.72917 0.02344
vt 0.71875 0.02344
vt 0.70833 0.02344
vt 0.69792 0.02344
vt 0.68750 0.02344
vt 0.67708 0.02344
vt 0.66667 0.02344
vt 0.65625 0.02344
vt 0.64583 0.02344
vt 0.63542 0.02344
vt 0.62500 0.02344
vt 0.61458 0.02344
vt 0.60417 0.02344
vt 0.59375 0.02344
vt 0.58333 0.02344
vt 0.57292 0.02344
vt 0.56250 0.02344
vt 0.55208 0.02344
vt 0.54167 0.02344
vt 0.53125 0.02344
vt 0.52083 0.02344
vt 0.51042 0.02344
vt 0.50000 0.02344
vt 1.00000 0.03516
vt 0.98958 0.03516
vt 0.97917 0.03516
vt 0.96875 0.03516
vt 0.95833 0.03516
vt 0.94792 0.03516
vt 0.93750 0.03516
vt 0.92708 0.03516
vt 0.91667 0.03516
vt 0.90625 0.03516
vt 0.89583 0.03516
vt 0.88542 0.03516
vt 0.87500 0.03516
vt 0.86458 0.03516
vt 0.85417 0.03516
vt 0.84375 0.03516
vt 0.83333 0.03516
vt 0.82292 0.03516
vt 0.81250 0.03516
vt 0.80208 0.03516
vt 0.79167 0.03516
vt 0.78125 0.03516
vt 0.77083 0.03516
vt 0.76042 0.03516
vt 0.75000 0.03516
vt 0.73958 0.03516
vt 0.72917 0.03516
vt 0.71875 0.03516
vt 0.70833 0.03516
vt 0.69792 0.03516
vt 0.68750 0.03516
vt 0.67708 0.03516
vt 0.66667 0.03516
vt 0.65625 0.03516
vt 0.64583 0.03516
vt 0.63542 0.03516
vt 0.62500 0.03516
vt 0.61458 0.03516
vt 0.60417 0.03516
vt 0.59375 0.03516
vt 0.58333 0.03516
vt 0.57292 0.03516
vt 0.56250 0.03516
vt 0.55208 0.03516
vt 0.54167 0.03516
vt 0.53125 0.03516
vt 0.52083 0.03516
vt 0.51042 0.03516
vt 0.50000 0.03516
vt 1.00000 0.04688
vt 0.98958 0.04688
vt 0.97917 0.04688
vt 0.96875 0.04688
vt 0.95833 0.04688
vt 0.94792 0.04688
vt 0.93750 0.04688
vt 0.92708 0.04688
vt 0.91667 0.04688
vt 0.90625 0.04688
vt 0.89583 0.04688
vt 0.88542 0.04688
vt 0.87500 0.04688
vt 0.86458 0.04688
vt 0.85417 0.04688
vt 0.84375 0.04688
vt 0.83333 0.04688
vt 0.82292 0.04688
vt 0.81250 0.04688
vt 0.80208 0.04688
vt 0.79167 0.04688
vt 0.78125 0.04688
vt 0.77083 0.04688
vt 0.76042 0.04688
vt 0.75000 0.04688
vt 0.73958 0.04688
vt 0.72917 0.04688
vt 0.71875 0.04688
vt 0.70833 0.04688
vt 0.69792 0.04688
vt 0.68750 0.04688
vt 0.67708 0.04688
vt 0.66667 0.04688
vt 0.65625 0.04688
vt 0.64583 0.04688
vt 0.63542 0.04688
vt 0.62500 0.04688
vt 0.61458 0.04688
vt 0.60417 0.04688
vt 0.59375 0.04688
vt 0.58333 0.04688
vt 0.57292 0.04688
vt 0.56250 0.04688
vt 0.55208 0.04688
vt 0.54167 0.04688
vt 0.53125 0.04688
vt 0.52083 0.04688
vt 0.51042 0.04688
vt 0.50000 0.04688
vt 1.00000 0.05859
vt 0.98958 0.05859
vt 0.97917 0.05859
vt 0.96875 0.05859
vt 0.95833 0.05859
vt 0.94792 0.05859
vt 0.93750 0.05859
vt 0.92708 0.05859
vt 0.91667 0.05859
vt 0.90625 0.05859
vt 0.89583 0.05859
vt 0.88542 0.05859
vt 0.87500 0.05859
vt 0.86458 0.05859
vt 0.85417 0.05859
vt 0.84375 0.05859
vt 0.83333 0.05859
vt 0.82292 0.05859
vt 0.81250 0.05859
vt 0.80208 0.05859
vt 0.79167 0.05859
vt 0.78125 0.05859
vt 0.77083 0.05859
vt 0.76042 0.05859
vt 0.75000 0.05859
vt 0.73958 0.05859
vt 0.72917 0.05859
vt 0.71875 0.05859
vt 0.70833 0.05859
vt 0.69792 0.05859
vt 0.68750 0.05859
vt 0.67708 0.05859
vt 0.66667 0.05859
vt 0.65625 0.05859
vt 0.64583 0.05859
vt 0.63542 0.05859
vt 0.62500 0.05859
vt 0.61458 0.05859
vt 0.60417 0.05859
vt 0.59375 0.05859
vt 0.58333 0.05859
vt 0.57292 0.05859
vt 0.56250 0.05859
vt 0.55208 0.05859
vt 0.54167 0.05859
vt 0.53125 0.05859
vt 0.52083 0.05859
vt 0.51042 0.05859
vt 0.50000 0.05859
vt 1.00000 0.07031
vt 0.98958 0.07031
vt 0.97917 0.07031
vt 0.96875 0.07031
vt 0.95833 0.07031
vt 0.94792 0.07031
vt 0.93750 0.07031
vt 0.92708 0.07031
vt 0.91667 0.07031
vt 0.90625 0.07031
vt 0.89583 0.07031
vt 0.88542 0.07031
vt 0.87500 0.07031
vt 0.86458 0.07031
vt 0.85417 0.07031
vt 0.84375 0.07031
vt 0.83333 0.07031
vt 0.82292 0.07031
vt 0.81250 0.07031
vt 0.80208 0.07031
vt 0.79167 0.07031
vt 0.78125 0.07031
vt 0.77083 0.07031
vt 0.76042 0.07031
vt 0.75000 0.07031
vt 0.73958 0.07031
vt 0.72917 0.07031
vt 0.71875 0.07031
vt 0.70833 0.07031
vt 0.69792 0.07031
vt 0.68750 0.07031
vt 0.67708 0.07031
vt 0.66667 0.07031
vt 0.65625 0.07031
vt 0.64583 0.07031
vt 0.63542 0.07031
vt 0.62500 0.07031
vt 0.61458 0.07031
vt 0.60417 0.07031
vt 0.59375 0.07031
vt 0.58333 0.07031
vt 0.57292 0.07031
vt 0.56250 0.07031
vt 0.55208 0.07031
vt 0.54167 0.07031
vt 0.53125 0.07031
vt 0.52083 0.07031
vt 0.51042 0.07031
vt 0.50000 0.07031
vt 1.00000 0.08203
vt 0.98958 0.08203
vt 0.97917 0.08203
vt 0.96875 0.08203
vt 0.95833 0.08203
vt 0.94792 0.08203
vt 0.93750 0.08203
vt 0.92708 0.08203
vt 0.91667 0.08203
vt 0.90625 0.08203
vt 0.89583 0.08203
vt 0.88542 0.08203
vt 0.87500 0.08203
vt 0.86458 0.08203
vt 0.85417 0.08203
vt 0.84375 0.08203
vt 0.83333 0.08203
vt 0.82292 0.08203
vt 0.81250 0.08203
vt 0.80208 0.08203
vt 0.79167 0.08203
vt 0.78125 0.08203
vt 0.77083 0.08203
vt 0.76042 0.08203
vt 0.75000 0.08203
vt 0.73958 0.08203
vt 0.72917 0.08203
vt 0.71875 0.08203
vt 0.70833 0.08203
vt 0.69792 0.08203
vt 0.68750 0.08203
vt 0.67708 0.08203
vt 0.66667 0.08203
vt 0.65625 0.08203
vt 0.64583 0.08203
vt 0.63542 0.08203
vt 0.62500 0.08203
vt 0.61458 0.08203
vt 0.60417 0.08203
vt 0.59375 0.08203
vt 0.58333 0.08203
vt 0.57292 0.08203
vt 0.56250 0.08203
vt 0.55208 0.08203
vt 0.54167 0.08203
vt 0.53125 0.08203
vt 0.52083 0.08203
vt 0.51042 0.08203
vt 0.50000 0.08203
vt 1.00000 0.09375
vt 0.98958 0.09375
vt 0.97917 0.09375
vt 0.96875 0.09375
vt 0.95833 0.09375
vt 0.94792 0.09375
vt 0.93750 0.09375
vt 0.92708 0.09375
vt 0.91667 0.09375
vt 0.90625 0.09375
vt 0.89583 0.09375
vt 0.88542 0.09375
vt 0.87500 0.09375
vt 0.86458 0.09375
vt 0.85417 0.09375
vt 0.84375 0.09375
vt 0.83333 0.09375
vt 0.82292 0.09375
vt 0.81250 0.09375
vt 0.80208 0.09375
vt 0.79167 0.09375
vt 0.78125 0.09375
vt 0.77083 0.09375
vt 0.76042 0.09375
vt 0.75000 0.09375
vt 0.73958 0.09375
vt 0.72917 0.09375
vt 0.71875 0.09375
vt 0.70833 0.09375
vt 0.69792 0.09375
vt 0.68750 0.09375
vt 0.67708 0.09375
vt 0.66667 0.09375
vt 0.65625 0.09375
vt 0.64583 0.09375
vt 0.63542 0.09375
vt 0.62500 0.09375
vt 0.61458 0.09375
vt 0.60417 0.09375
vt 0.59375 0.09375
vt 0.58333 0.09375
vt 0.57292 0.09375
vt 0.56250 0.09375
vt 0.55208 0.09375
vt 0.54167 0.09375
vt 0.53125 0.09375
vt 0.52083 0.09375
vt 0.51042 0.09375
vt 0.50000 0.09375
vt 1.00000 0.10547
vt 0.98958 0.10547
vt 0.97917 0.10547
vt 0.96875 0.10547
vt 0.95833 0.10547
vt 0.94792 0.10547
vt 0.93750 0.10547
vt 0.92708 0.10547
vt 0.91667 0.10547
vt 0.90625 0.10547
vt 0.89583 0.10547
vt 0.88542 0.10547
vt 0.87500 0.10547
vt 0.86458 0.10547
vt 0.85417 0.10547
vt 0.84375 0.10547
vt 0.83333 0.10547
vt 0.82292 0.10547
vt 0.81250 0.10547
vt 0.80208 0.10547
vt 0.79167 0.10547
vt 0.78125 0.10547
vt 0.77083 0.10547
vt 0.76042 0.10547
vt 0.75000 0.10547
vt 0.73958 0.10547
vt 0.72917 0.10547
vt 0.71875 0.10547
vt 0.70833 0.10547
vt 0.69792 0.10547
vt 0.68750 0.10547
vt 0.67708 0.10547
vt 0.66667 0.10547
vt 0.65625 0.10547
vt 0.64583 0.10547
vt 0.63542 0.10547
vt 0.62500 0.10547
vt 0.61458 0.10547
vt 0.60417 0.10547
vt 0.59375 0.10547
vt 0.58333 0.10547
vt 0.57292 0.10547
vt 0.56250 0.10547
vt 0.55208 0.10547
vt 0.54167 0.10547
vt 0.53125 0.10547
vt 0.52083 0.10547
vt 0.51042 0.10547
vt 0.50000 0.10547
vt 1.00000 0.11719
vt 0.98958 0.11719
vt 0.97917 0.11719
vt 0.96875 0.11719
vt 0.95833 0.11719
vt 0.94792 0.11719
vt 0.93750 0.11719
vt 0.92708 0.11719
vt 0.91667 0.11719
vt 0.90625 0.11719
vt 0.89583 0.11719
vt 0.88542 0.11719
vt 0.87500 0.11719
vt 0.86458 0.11719
vt 0.85417 0.11719
vt 0.84375 0.11719
vt 0.83333 0.11719
vt 0.82292 0.11719
vt 0.81250 0.11719
vt 0.80208 0.11719
vt 0.79167 0.11719
vt 0.78125 0.11719
vt 0.77083 0.11719
vt 0.76042 0.11719
vt 0.75000 0.11719
vt 0.73958 0.11719
vt 0.72917 0.11719
vt 0.71875 0.11719
vt 0.70833 0.11719
vt 0.69792 0.11719
vt 0.68750 0.11719
vt 0.67708 0.11719
vt 0.66667 0.11719
vt 0.65625 0.11719
vt 0.64583 0.11719
vt 0.63542 0.11719
vt 0.62500 0.11719
vt 0.61458 0.11719
vt 0.60417 0.11719
vt 0.59375 0.11719
vt 0.58333 0.11719
vt 0.57292 0.11719
vt 0.56250 0.11719
vt 0.55208 0.11719
vt 0.54167 0.11719
vt 0.53125 0.11719
vt 0.52083 0.11719
vt 0.51042 0.11719
vt 0.50000 0.11719
vt 1.00000 0.12891
vt 0.98958 0.12891
vt 0.97917 0.12891
vt 0.96875 0.12891
vt 0.95833 0.12891
vt 0.94792 0.12891
vt 0.93750 0.12891
vt 0.92708 0.12891
vt 0.91667 0.12891
vt 0.90625 0.12891
vt 0.89583 0.12891
vt 0.88542 0.12891
vt 0.87500 0.12891
vt 0.86458 0.12891
vt 0.85417 0.12891
vt 0.84375 0.12891
vt 0.83333 0.12891
vt 0.82292 0.12891
vt 0.81250 0.12891
vt 0.80208 0.12891
vt 0.79167 0.12891
vt 0.78125 0.12891
vt 0.77083 0.12891
vt 0.76042 0.12891
vt 0.75000 0.12891
vt 0.73958 0.12891
vt 0.72917 0.12891
vt 0.71875 0.12891
vt 0.70833 0.12891
vt 0.69792 0.12891
vt 0.68750 0.12891
vt 0.67708 0.12891
vt 0.66667 0.12891
vt 0.65625 0.12891
vt 0.64583 0.12891
vt 0.63542 0.12891
vt 0.62500 0.12891
vt 0.61458 0.12891
vt 0.60417 0.12891
vt 0.59375 0.12891
vt 0.58333 0.12891
vt 0.57292 0.12891
vt 0.56250 0.12891
vt 0.55208 0.12891
vt 0.54167 0.12891
vt 0.53125 0.12891
vt 0.52083 0.12891
vt 0.51042 0.12891
vt 0.50000 0.12891
vt 1.00000 0.14062
vt 0.98958 0.14062
vt 0.97917 0.14062
vt 0.96875 0.14062
vt 0.95833 0.14062
vt 0.94792 0.14062
vt 0.93750 0.14062
vt 0.92708 0.14062
vt 0.91667 0.14062
vt 0.90625 0.14062
vt 0.89583 0.14062
vt 0.88542 0.14062
vt 0.87500 0.14062
vt 0.86458 0.14062
vt 0.85417 0.14062
vt 0.84375 0.14062
vt 0.83333 0.14062
vt 0.82292 0.14062
vt 0.81250 0.14062
vt 0.80208 0.14062
vt 0.79167 0.14062
vt 0.78125 0.14062
vt 0.77083 0.14062
vt 0.76042 0.14062
vt 0.75000 0.14062
vt 0.73958 0.14062
vt 0.72917 0.14062
vt 0.71875 0.14062
vt 0.70833 0.14062
vt 0.69792 0.14062
vt 0.68750 0.14062
vt 0.67708 0.14062
vt 0.66667 0.14062
vt 0.65625 0.14062
vt 0.64583 0.14062
vt 0.63542 0.14062
vt 0.62500 0.14062
vt 0.61458 0.14062
vt 0.60417 0.14062
vt 0.59375 0.14062
vt 0.58333 0.14062
vt 0.57292 0.14062
vt 0.56250 0.14062
vt 0.55208 0.14062
vt 0.54167 0.14062
vt 0.53125 0.14062
vt 0.52083 0.14062
vt 0.51042 0.14062
vt 0.50000 0.14062
vt 1.00000 0.15234
vt 0.98958 0.15234
vt 0.97917 0.15234
vt 0.96875 0.15234
vt 0.95833 0.15234
vt 0.94792 0.15234
vt 0.93750 0.15234
vt 0.92708 0.15234
vt 0.91667 0.15234
vt 0.90625 0.15234
vt 0.89583 0.15234
vt 0.88542 0.15234
vt 0.87500 0.15234
vt 0.86458 0.15234
vt 0.85417 0.15234
vt 0.84375 0.15234
vt 0.83333 0.15234
vt 0.82292 0.15234
vt 0.81250 0.15234
vt 0.80208 0.15234
vt 0.79167 0.15234
vt 0.78125 0.15234
vt 0.77083 0.15234
vt 0.76042 0.15234
vt 0.75000 0.15234
vt 0.73958 0.15234
vt 0.72917 0.15234
vt 0.71875 0.15234
vt 0.70833 0.15234
vt 0.69792 0.15234
vt 0.68750 0.15234
vt 0.67708 0.15234
vt 0.66667 0.15234
vt 0.65625 0.15234
vt 0.64583 0.15234
vt 0.63542 0.15234
vt 0.62500 0.15234
vt 0.61458 0.15234
vt 0.60417 0.15234
vt 0.59375 0.15234
vt 0.58333 0.15234
vt 0.57292 0.15234
vt 0.56250 0.15234
vt 0.55208 0.15234
vt 0.54167 0.15234
vt 0.53125 0.15234
vt 0.52083 0.15234
vt 0.51042 0.15234
vt 0.50000 0.15234
vt 1.00000 0.16406
vt 0.98958 0.16406
vt 0.97917 0.16406
vt 0.96875 0.16406
vt 0.95833 0.16406
vt 0.94792 0.16406
vt 0.93750 0.16406
vt 0.92708 0.16406
vt 0.91667 0.16406
vt 0.90625 0.16406
vt 0.89583 0.16406
vt 0.88542 0.16406
vt 0.87500 0.16406
vt 0.86458 0.16406
vt 0.85417 0.16406
vt 0.84375 0.16406
vt 0.83333 0.16406
vt 0.82292 0.16406
vt 0.81250 0.16406
vt 0.80208 0.16406
vt 0.79167 0.16406
vt 0.78125 0.16406
vt 0.77083 0.16406
vt 0.76042 0.16406
vt 0.75000 0.16406
vt 0.73958 0.16406
vt 0.72917 0.16406
vt 0.71875 0.16406
vt 0.70833 0.16406
vt 0.69792 0.16406
vt 0.68750 0.16406
vt 0.67708 0.16406
vt 0.66667 0.16406
vt 0.65625 0.16406
vt 0.64583 0.16406
vt 0.63542 0.16406
vt 0.62500 0.16406
vt 0.61458 0.16406
vt 0.60417 0.16406
vt 0.59375 0.16406
vt 0.58333 0.16406
vt 0.57292 0.16406
vt 0.56250 0.16406
vt 0.55208 0.16406
vt 0.54167 0.16406
vt 0.53125 0.16406
vt 0.52083 0.16406
vt 0.51042 0.16406
vt 0.50000 0.16406
vt 1.00000 0.17578
vt 0.98958 0.17578
vt 0.97917 0.17578
vt 0.96875 0.17578
vt 0.95833 0.17578
vt 0.94792 0.17578
vt 0.93750 0.17578
vt 0.92708 0.17578
vt 0.91667 0.17578
vt 0.90625 0.17578
vt 0.89583 0.17578
vt 0.88542 0.17578
vt 0.87500 0.17578
vt 0.86458 0.17578
vt 0.85417 0.17578
vt 0.84375 0.17578
vt 0.83333 0.17578
vt 0.82292 0.17578
vt 0.81250 0.17578
vt 0.80208 0.17578
vt 0.79167 0.17578
vt 0.78125 0.17578
vt 0.77083 0.17578
vt 0.76042 0.17578
vt 0.75000 0.17578
vt 0.73958 0.17578
vt 0.72917 0.17578
vt 0.71875 0.17578
vt 0.70833 0.17578
vt 0.69792 0.17578
vt 0.68750 0.17578
vt 0.67708 0.17578
vt 0.66667 0.17578
vt 0.65625 0.17578
vt 0.64583 0.17578
vt 0.63542 0.17578
vt 0.62500 0.17578
vt 0.61458 0.17578
vt 0.60417 0.17578
vt 0.59375 0.17578
vt 0.58333 0.17578
vt 0.57292 0.17578
vt 0.56250 0.17578
vt 0.55208 0.17578
vt 0.54167 0.17578
vt 0.53125 0.17578
vt 0.52083 0.17578
vt 0.51042 0.17578
vt 0.50000 0.17578
vt 1.00000 0.18750
vt 0.98958 0.18750
vt 0.97917 0.18750
vt 0.96875 0.18750
vt 0.95833 0.18750
vt 0.94792 0.18750
vt 0.93750 0.18750
vt 0.92708 0.18750
vt 0.91667 0.18750
vt 0.90625 0.18750
vt 0.89583 0.18750
vt 0.88542 0.18750
vt 0.87500 0.18750
vt 0.86458 0.18750
vt 0.85417 0.18750
vt 0.84375 0.18750
vt 0.83333 0.18750
vt 0.82292 0.18750
vt 0.81250 0.18750
vt 0.80208 0.18750
vt 0.79167 0.18750
vt 0.78125 0.18750
vt 0.77083 0.18750
vt 0.76042 0.18750
vt 0.75000 0.18750
vt 0.73958 0.18750
vt 0.72917 0.18750
vt 0.71875 0.18750
vt 0.70833 0.18750
vt 0.69792 0.18750
vt 0.68750 0.18750
vt 0.67708 0.18750
vt 0.66667 0.18750
vt 0.65625 0.18750
vt 0.64583 0.18750
vt 0.63542 0.18750
vt 0.62500 0.18750
vt 0.61458 0.18750
vt 0.60417 0.18750
vt 0.59375 0.18750
vt 0.58333 0.18750
vt 0.57292 0.18750
vt 0.56250 0.18750
vt 0.55208 0.18750
vt 0.54167 0.18750
vt 0.53125 0.18750
vt 0.52083 0.18750
vt 0.51042 0.18750
vt 0.50000 0.18750
vt 1.00000 0.19922
vt 0.98958 0.19922
vt 0.97917 0.19922
vt 0.96875 0.19922
vt 0.95833 0.19922
vt 0.94792 0.19922
vt 0.93750 0.19922
vt 0.92708 0.19922
vt 0.91667 0.19922
vt 0.90625 0.19922
vt 0.89583 0.19922
vt 0.88542 0.19922
vt 0.87500 0.19922
vt 0.86458 0.19922
vt 0.85417 0.19922
vt 0.84375 0.19922
vt 0.83333 0.19922
vt 0.82292 0.19922
vt 0.81250 0.19922
vt 0.80208 0.19922
vt 0.79167 0.19922
vt 0.78125 0.19922
vt 0.77083 0.19922
vt 0.76042 0.19922
vt 0.75000 0.19922
vt 0.73958 0.19922
vt 0.72917 0.19922
vt 0.71875 0.19922
vt 0.70833 0.19922
vt 0.69792 0.19922
vt 0.68750 0.19922
vt 0.67708 0.19922
vt 0.66667 0.19922
vt 0.65625 0.19922
vt 0.64583 0.19922
vt 0.63542 0.19922
vt 0.62500 0.19922
vt 0.61458 0.19922
vt 0.60417 0.19922
vt 0.59375 0.19922
vt 0.58333 0.19922
vt 0.57292 0.19922
vt 0.56250 0.19922
vt 0.55208 0.19922
vt 0.54167 0.19922
vt 0.53125 0.19922
vt 0.52083 0.19922
vt 0.51042 0.19922
vt 0.50000 0.19922
vt 1.00000 0.21094
vt 0.98958 0.21094
vt 0.97917 0.21094
vt 0.96875 0.21094
vt 0.95833 0.21094
vt 0.94792 0.21094
vt 0.93750 0.21094
vt 0.92708 0.21094
vt 0.91667 0.21094
vt 0.90625 0.21094
vt 0.89583 0.21094
vt 0.88542 0.21094
vt 0.87500 0.21094
vt 0.86458 0.21094
vt 0.85417 0.21094
vt 0.84375 0.21094
vt 0.83333 0.21094
vt 0.82292 0.21094
vt 0.81250 0.21094
vt 0.80208 0.21094
vt 0.79167 0.21094
vt 0.78125 0.21094
vt 0.77083 0.21094
vt 0.76042 0.21094
vt 0.75000 0.21094
vt 0.73958 0.21094
vt 0.72917 0.21094
vt 0.71875 0.21094
vt 0.70833 0.21094
vt 0.69792 0.21094
vt 0.68750 0.21094
vt 0.67708 0.21094
vt 0.66667 0.21094
vt 0.65625 0.21094
vt 0.64583 0.21094
vt 0.63542 0.21094
vt 0.62500 0.21094
vt 0.61458 0.21094
vt 0.60417 0.21094
vt 0.59375 0.21094
vt 0.58333 0.21094
vt 0.57292 0.21094
vt 0.56250 0.21094
vt 0.55208 0.21094
vt 0.54167 0.21094
vt 0.53125 0.21094
vt 0.52083 0.21094
vt 0.51042 0.21094
vt 0.50000 0.21094
vt 1.00000 0.22266
vt 0.98958 0.22266
vt 0.97917 0.22266
vt 0.96875 0.22266
vt 0.95833 0.22266
vt 0.94792 0.22266
vt 0.93750 0.22266
vt 0.92708 0.22266
vt 0.91667 0.22266
vt 0.90625 0.22266
vt 0.89583 0.22266
vt 0.88542 0.22266
vt 0.87500 0.22266
vt 0.86458 0.22266
vt 0.85417 0.22266
vt 0.84375 0.22266
vt 0.83333 0.22266
vt 0.82292 0.22266
vt 0.81250 0.22266
vt 0.80208 0.22266
vt 0.79167 0.22266
vt 0.78125 0.22266
vt 0.77083 0.22266
vt 0.76042 0.22266
vt 0.75000 0.22266
vt 0.73958 0.22266
vt 0.72917 0.22266
vt 0.71875 0.22266
vt 0.70833 0.22266
vt 0.69792 0.22266
vt 0.68750 0.22266
vt 0.67708 0.22266
vt 0.66667 0.22266
vt 0.65625 0.22266
vt 0.64583 0.22266
vt 0.63542 0.22266
vt 0.62500 0.22266
vt 0.61458 0.22266
vt 0.60417 0.22266
vt 0.59375 0.22266
vt 0.58333 0.22266
vt 0.57292 0.22266
vt 0.56250 0.22266
vt 0.55208 0.22266
vt 0.54167 0.22266
vt 0.53125 0.22266
vt 0.52083 0.22266
vt 0.51042 0.22266
vt 0.50000 0.22266
vt 1.00000 0.23438
vt 0.98958 0.23438
vt 0.97917 0.23438
vt 0.96875 0.23438
vt 0.95833 0.23438
vt 0.94792 0.23438
vt 0.93750 0.23438
vt 0.92708 0.23438
vt 0.91667 0.23438
vt 0.90625 0.23438
vt 0.89583 0.23438
vt 0.88542 0.23438
vt 0.87500 0.23438
vt 0.86458 0.23438
vt 0.85417 0.23438
vt 0.84375 0.23438
vt 0.83333 0.23438
vt 0.82292 0.23438
vt 0.81250 0.23438
vt 0.80208 0.23438
vt 0.79167 0.23438
vt 0.78125 0.23438
vt 0.77083 0.23438
vt 0.76042 0.23438
vt 0.75000 0.23438
vt 0.73958 0.23438
vt 0.72917 0.23438
vt 0.71875 0.23438
vt 0.70833 0.23438
vt 0.69792 0.23438
vt 0.68750 0.23438
vt 0.67708 0.23438
vt 0.66667 0.23438
vt 0.65625 0.23438
vt 0.64583 0.23438
vt 0.63542 0.23438
vt 0.62500 0.23438
vt 0.61458 0.23438
vt 0.60417 0.23438
vt 0.59375 0.23438
vt 0.58333 0.23438
vt 0.57292 0.23438
vt 0.56250 0.23438
vt 0.55208 0.23438
vt 0.54167 0.23438
vt 0.53125 0.23438
vt 0.52083 0.23438
vt 0.51042 0.23438
vt 0.50000 0.23438
vt 1.00000 0.24609
vt 0.98958 0.24609
vt 0.97917 0.24609
vt 0.96875 0.24609
vt 0.95833 0.24609
vt 0.94792 0.24609
vt 0.93750 0.24609
vt 0.92708 0.24609
vt 0.91667 0.24609
vt 0.90625 0.24609
vt 0.89583 0.24609
vt 0.88542 0.24609
vt 0.87500 0.24609
vt 0.86458 0.24609
vt 0.85417 0.24609
vt 0.84375 0.24609
vt 0.83333 0.24609
vt 0.82292 0.24609
vt 0.81250 0.24609
vt 0.80208 0.24609
vt 0.79167 0.24609
vt 0.78125 0.24609
vt 0.77083 0.24609
vt 0.76042 0.24609
vt 0.75000 0.24609
vt 0.73958 0.24609
vt 0.72917 0.24609
vt 0.71875 0.24609
vt 0.70833 0.24609
vt 0.69792 0.24609
vt 0.68750 0.24609
vt 0.67708 0.24609
vt 0.66667 0.24609
vt 0.65625 0.24609
vt 0.64583 0.24609
vt 0.63542 0.24609
vt 0.62500 0.24609
vt 0.61458 0.24609
vt 0.60417 0.24609
vt 0.59375 0.24609
vt 0.58333 0.24609
vt 0.57292 0.24609
vt 0.56250 0.24609
vt 0.55208 0.24609
vt 0.54167 0.24609
vt 0.53125 0.24609
vt 0.52083 0.24609
vt 0.51042 0.24609
vt 0.50000 0.24609
vt 1.00000 0.25781
vt 0.98958 0.25781
vt 0.97917 0.25781
vt 0.96875 0.25781
vt 0.95833 0.25781
vt 0.94792 0.25781
vt 0.93750 0.25781
vt 0.92708 0.25781
vt 0.91667 0.25781
vt 0.90625 0.25781
vt 0.89583 0.25781
vt 0.88542 0.25781
vt 0.87500 0.25781
vt 0.86458 0.25781
vt 0.85417 0.25781
vt 0.84375 0.25781
vt 0.83333 0.25781
vt 0.82292 0.25781
vt 0.81250 0.25781
vt 0.80208 0.25781
vt 0.79167 0.25781
vt 0.78125 0.25781
vt 0.77083 0.25781
vt 0.76042 0.25781
vt 0.75000 0.25781
vt 0.73958 0.25781
vt 0.72917 0.25781
vt 0.71875 0.25781
vt 0.70833 0.25781
vt 0.69792 0.25781
vt 0.68750 0.25781
vt 0.67708 0.25781
vt 0.66667 0.25781
vt 0.65625 0.25781
vt 0.64583 0.25781
vt 0.63542 0.25781
vt 0.62500 0.25781
vt 0.61458 0.25781
vt 0.60417 0.25781
vt 0.59375 0.25781
vt 0.58333 0.25781
vt 0.57292 0.25781
vt 0.56250 0.25781
vt 0.55208 0.25781
vt 0.54167 0.25781
vt 0.53125 0.25781
vt 0.52083 0.25781
vt 0.51042 0.25781
vt 0.50000 0.25781
vt 1.00000 0.26953
vt 0.98958 0.26953
vt 0.97917 0.26953
vt 0.96875 0.26953
vt 0.95833 0.26953
vt 0.94792 0.26953
vt 0.93750 0.26953
vt 0.92708 0.26953
vt 0.91667 0.26953
vt 0.90625 0.26953
vt 0.89583 0.26953
vt 0.88542 0.26953
vt 0.87500 0.26953
vt 0.86458 0.26953
vt 0.85417 0.26953
vt 0.84375 0.26953
vt 0.83333 0.26953
vt 0.82292 0.26953
vt 0.81250 0.26953
vt 0.80208 0.26953
vt 0.79167 0.26953
vt 0.78125 0.26953
vt 0.77083 0.26953
vt 0.76042 0.26953
vt 0.75000 0.26953
vt 0.73958 0.26953
vt 0.72917 0.26953
vt 0.71875 0.26953
vt 0.70833 0.26953
vt 0.69792 0.26953
vt 0.68750 0.26953
vt 0.67708 0.26953
vt 0.66667 0.26953
vt 0.65625 0.26953
vt 0.64583 0.26953
vt 0.63542 0.26953
vt 0.62500 0.26953
vt 0.61458 0.26953
vt 0.60417 0.26953
vt 0.59375 0.26953
vt 0.58333 0.26953
vt 0.57292 0.26953
vt 0.56250 0.26953
vt 0.55208 0.26953
vt 0.54167 0.26953
vt 0.53125 0.26953
vt 0.52083 0.26953
vt 0.51042 0.26953
vt 0.50000 0.26953
vt 1.00000 0.28125
vt 0.98958 0.28125
vt 0.97917 0.28125
vt 0.96875 0.28125
vt 0.95833 0.28125
vt 0.94792 0.28125
vt 0.93750 0.28125
vt 0.92708 0.28125
vt 0.91667 0.28125
vt 0.90625 0.28125
vt 0.89583 0.28125
vt 0.88542 0.28125
vt 0.87500 0.28125
vt 0.86458 0.28125
vt 0.85417 0.28125
vt 0.84375 0.28125
vt 0.83333 0.28125
vt 0.82292 0.28125
vt 0.81250 0.28125
vt 0.80208 0.28125
vt 0.79167 0.28125
vt 0.78125 0.28125
vt 0.77083 0.28125
vt 0.76042 0.28125
vt 0.75000 0.28125
vt 0.73958 0.28125
vt 0.72917 0.28125
vt 0.71875 0.28125
vt 0.70833 0.28125
vt 0.69792 0.28125
vt 0.68750 0.28125
vt 0.67708 0.28125
vt 0.66667 0.28125
vt 0.65625 0.28125
vt 0.64583 0.28125
vt 0.63542 0.28125
vt 0.62500 0.28125
vt 0.61458 0.28125
vt 0.60417 0.28125
vt 0.59375 0.28125
vt 0.58333 0.28125
vt 0.57292 0.28125
vt 0.56250 0.28125
vt 0.55208 0.28125
vt 0.54167 0.28125
vt 0.53125 0.28125
vt 0.52083 0.28125
vt 0.51042 0.28125
vt 0.50000 0.28125
vt 1.00000 0.29297
vt 0.98958 0.29297
vt 0.97917 0.29297
vt 0.96875 0.29297
vt 0.95833 0.29297
vt 0.94792 0.29297
vt 0.93750 0.29297
vt 0.92708 0.29297
vt 0.91667 0.29297
vt 0.90625 0.29297
vt 0.89583 0.29297
vt 0.88542 0.29297
vt 0.87500 0.29297
vt 0.86458 0.29297
vt 0.85417 0.29297
vt 0.84375 0.29297
vt 0.83333 0.29297
vt 0.82292 0.29297
vt 0.81250 0.29297
vt 0.80208 0.29297
vt 0.79167 0.29297
vt 0.78125 0.29297
vt 0.77083 0.29297
vt 0.76042 0.29297
vt 0.75000 0.29297
vt 0.73958 0.29297
vt 0.72917 0.29297
vt 0.71875 0.29297
vt 0.70833 0.29297
vt 0.69792 0.29297
vt 0.68750 0.29297
vt 0.67708 0.29297
vt 0.66667 0.29297
vt 0.65625 0.29297
vt 0.64583 0.29297
vt 0.63542 0.29297
vt 0.62500 0.29297
vt 0.61458 0.29297
vt 0.60417 0.29297
vt 0.59375 0.29297
vt 0.58333 0.29297
vt 0.57292 0.29297
vt 0.56250 0.29297
vt 0.55208 0.29297
vt 0.54167 0.29297
vt 0.53125 0.29297
vt 0.52083 0.29297
vt 0.51042 0.29297
vt 0.50000 0.29297
vt 1.00000 0.30469
vt 0.98958 0.30469
vt 0.97917 0.30469
vt 0.96875 0.30469
vt 0.95833 0.30469
vt 0.94792 0.30469
vt 0.93750 0.30469
vt 0.92708 0.30469
vt 0.91667 0.30469
vt 0.90625 0.30469
vt 0.89583 0.30469
vt 0.88542 0.30469
vt 0.87500 0.30469
vt 0.86458 0.30469
vt 0.85417 0.30469
vt 0.84375 0.30469
vt 0.83333 0.30469
vt 0.82292 0.30469
vt 0.81250 0.30469
vt 0.80208 0.30469
vt 0.79167 0.30469
vt 0.78125 0.30469
vt 0.77083 0.30469
vt 0.76042 0.30469
vt 0.75000 0.30469
vt 0.73958 0.30469
vt 0.72917 0.30469
vt 0.71875 0.30469
vt 0.70833 0.30469
vt 0.69792 0.30469
vt 0.68750 0.30469
vt 0.67708 0.30469
vt 0.66667 0.30469
vt 0.65625 0.30469
vt 0.64583 0.30469
vt 0.63542 0.30469
vt 0.62500 0.30469
vt 0.61458 0.30469
vt 0.60417 0.30469
vt 0.59375 0.30469
vt 0.58333 0.30469
vt 0.57292 0.30469
vt 0.56250 0.30469
vt 0.55208 0.30469
vt 0.54167 0.30469
vt 0.53125 0.30469
vt 0.52083 0.30469
vt 0.51042 0.30469
vt 0.50000 0.30469
vt 1.00000 0.31641
vt 0.98958 0.31641
vt 0.97917 0.31641
vt 0.96875 0.31641
vt 0.95833 0.31641
vt 0.94792 0.31641
vt 0.93750 0.31641
vt 0.92708 0.31641
vt 0.91667 0.31641
vt 0.90625 0.31641
vt 0.89583 0.31641
vt 0.88542 0.31641
vt 0.87500 0.31641
vt 0.86458 0.31641
vt 0.85417 0.31641
vt 0.84375 0.31641
vt 0.83333 0.31641
vt 0.82292 0.31641
vt 0.81250 0.31641
vt 0.80208 0.31641
vt 0.79167 0.31641
vt 0.78125 0.31641
vt 0.77083 0.31641
vt 0.76042 0.31641
vt 0.75000 0.31641
vt 0.73958 0.31641
vt 0.72917 0.31641
vt 0.71875 0.31641
vt 0.70833 0.31641
vt 0.69792 0.31641
vt 0.68750 0.31641
vt 0.67708 0.31641
vt 0.66667 0.31641
vt 0.65625 0.31641
vt 0.64583 0.31641
vt 0.63542 0.31641
vt 0.62500 0.31641
vt 0.61458 0.31641
vt 0.60417 0.31641
vt 0.59375 0.31641
vt 0.58333 0.31641
vt 0.57292 0.31641
vt 0.56250 0.31641
vt 0.55208 0.31641
vt 0.54167 0.31641
vt 0.53125 0.31641
vt 0.52083 0.31641
vt 0.51042 0.31641
vt 0.50000 0.31641
vt 1.00000 0.32812
vt 0.98958 0.32812
vt 0.97917 0.32812
vt 0.96875 0.32812
vt 0.95833 0.32812
vt 0.94792 0.32812
vt 0.93750 0.32812
vt 0.92708 0.32812
vt 0.91667 0.32812
vt 0.90625 0.32812
vt 0.89583 0.32812
vt 0.88542 0.32812
vt 0.87500 0.32812
vt 0.86458 0.32812
vt 0.85417 0.32812
vt 0.84375 0.32812
vt 0.83333 0.32812
vt 0.82292 0.32812
vt 0.81250 0.32812
vt 0.80208 0.32812
vt 0.79167 0.32812
vt 0.78125 0.32812
vt 0.77083 0.32812
vt 0.76042 0.32812
vt 0.75000 0.32812
vt 0.73958 0.32812
vt 0.72917 0.32812
vt 0.71875 0.32812
vt 0.70833 0.32812
vt 0.69792 0.32812
vt 0.68750 0.32812
vt 0.67708 0.32812
vt 0.66667 0.32812
vt 0.65625 0.32812
vt 0.64583 0.32812
vt 0.63542 0.32812
vt 0.62500 0.32812
vt 0.61458 0.32812
vt 0.60417 0.32812
vt 0.59375 0.32812
vt 0.58333 0.32812
vt 0.57292 0.32812
vt 0.56250 0.32812
vt 0.55208 0.32812
vt 0.54167 0.32812
vt 0.53125 0.32812
vt 0.52083 0.32812
vt 0.51042 0.32812
vt 0.50000 0.32812
vt 1.00000 0.33984
vt 0.98958 0.33984
vt 0.97917 0.33984
vt 0.96875 0.33984
vt 0.95833 0.33984
vt 0.94792 0.33984
vt 0.93750 0.33984
vt 0.92708 0.33984
vt 0.91667 0.33984
vt 0.90625 0.33984
vt 0.89583 0.33984
vt 0.88542 0.33984
vt 0.87500 0.33984
vt 0.86458 0.33984
vt 0.85417 0.33984
vt 0.84375 0.33984
vt 0.83333 0.33984
vt 0.82292 0.33984
vt 0.81250 0.33984
vt 0.80208 0.33984
vt 0.79167 0.33984
vt 0.78125 0.33984
vt 0.77083 0.33984
vt 0.76042 0.33984
vt 0.75000 0.33984
vt 0.73958 0.33984
vt 0.72917 0.33984
vt 0.71875 0.33984
vt 0.70833 0.33984
vt 0.69792 0.33984
vt 0.68750 0.33984
vt 0.67708 0.33984
vt 0.66667 0.33984
vt 0.65625 0.33984
vt 0.64583 0.33984
vt 0.63542 0.33984
vt 0.62500 0.33984
vt 0.61458 0.33984
vt 0.60417 0.33984
vt 0.59375 0.33984
vt 0.58333 0.33984
vt 0.57292 0.33984
vt 0.56250 0.33984
vt 0.55208 0.33984
vt 0.54167 0.33984
vt 0.53125 0.33984
vt 0.52083 0.33984
vt 0.51042 0.33984
vt 0.50000 0.33984
vt 1.00000 0.35156
vt 0.98958 0.35156
vt 0.97917 0.35156
vt 0.96875 0.35156
vt 0.95833 0.35156
vt 0.94792 0.35156
vt 0.93750 0.35156
vt 0.92708 0.35156
vt 0.91667 0.35156
vt 0.90625 0.35156
vt 0.89583 0.35156
vt 0.88542 0.35156
vt 0.87500 0.35156
vt 0.86458 0.35156
vt 0.85417 0.35156
vt 0.84375 0.35156
vt 0.83333 0.35156
vt 0.82292 0.35156
vt 0.81250 0.35156
vt 0.80208 0.35156
vt 0.79167 0.35156
vt 0.78125 0.35156
vt 0.77083 0.35156
vt 0.76042 0.35156
vt 0.75000 0.35156
vt 0.73958 0.35156
vt 0.72917 0.35156
vt 0.71875 0.35156
vt 0.70833 0.35156
vt 0.69792 0.35156
vt 0.68750 0.35156
vt 0.67708 0.35156
vt 0.66667 0.35156
vt 0.65625 0.35156
vt 0.64583 0.35156
vt 0.63542 0.35156
vt 0.62500 0.35156
vt 0.61458 0.35156
vt 0.60417 0.35156
vt 0.59375 0.35156
vt 0.58333 0.35156
vt 0.57292 0.35156
vt 0.56250 0.35156
vt 0.55208 0.35156
vt 0.54167 0.35156
vt 0.53125 0.35156
vt 0.52083 0.35156
vt 0.51042 0.35156
vt 0.50000 0.35156
vt 1.00000 0.36328
vt 0.98958 0.36328
vt 0.97917 0.36328
vt 0.96875 0.36328
vt 0.95833 0.36328
vt 0.94792 0.36328
vt 0.93750 0.36328
vt 0.92708 0.36328
vt 0.91667 0.36328
vt 0.90625 0.36328
vt 0.89583 0.36328
vt 0.88542 0.36328
vt 0.87500 0.36328
vt 0.86458 0.36328
vt 0.85417 0.36328
vt 0.84375 0.36328
vt 0.83333 0.36328
vt 0.82292 0.36328
vt 0.81250 0.36328
vt 0.80208 0.36328
vt 0.79167 0.36328
vt 0.78125 0.36328
vt 0.77083 0.36328
vt 0.76042 0.36328
vt 0.75000 0.36328
vt 0.73958 0.36328
vt 0.72917 0.36328
vt 0.71875 0.36328
vt 0.70833 0.36328
vt 0.69792 0.36328
vt 0.68750 0.36328
vt 0.67708 0.36328
vt 0.66667 0.36328
vt 0.65625 0.36328
vt 0.64583 0.36328
vt 0.63542 0.36328
vt 0.62500 0.36328
vt 0.61458 0.36328
vt 0.60417 0.36328
vt 0.59375 0.36328
vt 0.58333 0.36328
vt 0.57292 0.36328
vt 0.56250 0.36328
vt 0.55208 0.36328
vt 0.54167 0.36328
vt 0.53125 0.36328
vt 0.52083 0.36328
vt 0.51042 0.36328
vt 0.50000 0.36328
vt 1.00000 0.37500
vt 0.98958 0.37500
vt 0.97917 0.37500
vt 0.96875 0.37500
vt 0.95833 0.37500
vt 0.94792 0.37500
vt 0.93750 0.37500
vt 0.92708 0.37500
vt 0.91667 0.37500
vt 0.90625 0.37500
vt 0.89583 0.37500
vt 0.88542 0.37500
vt 0.87500 0.37500
vt 0.86458 0.37500
vt 0.85417 0.37500
vt 0.84375 0.37500
vt 0.83333 0.37500
vt 0.82292 0.37500
vt 0.81250 0.37500
vt 0.80208 0.37500
vt 0.79167 0.37500
vt 0.78125 0.37500
vt 0.77083 0.37500
vt 0.76042 0.37500
vt 0.75000 0.37500
vt 0.73958 0.37500
vt 0.72917 0.37500
vt 0.71875 0.37500
vt 0.70833 0.37500
vt 0.69792 0.37500
vt 0.68750 0.37500
vt 0.67708 0.37500
vt 0.66667 0.37500
vt 0.65625 0.37500
vt 0.64583 0.37500
vt 0.63542 0.37500
vt 0.62500 0.37500
vt 0.61458 0.37500
vt 0.60417 0.37500
vt 0.59375 0.37500
vt 0.58333 0.37500
vt 0.57292 0.37500
vt 0.56250 0.37500
vt 0.55208 0.37500
vt 0.54167 0.37500
vt 0.53125 0.37500
vt 0.52083 0.37500
vt 0.51042 0.37500
vt 0.50000 0.37500
vt 0.75000 0.37500
vt 0.73958 0.37500
vt 0.72917 0.37500
vt 0.71875 0.37500
vt 0.70833 0.37500
vt 0.69792 0.37500
vt 0.68750 0.37500
vt 0.67708 0.37500
vt 0.66667 0.37500
vt 0.65625 0.37500
vt 0.64583 0.37500
vt 0.63542 0.37500
vt 0.62500 0.37500
vt 0.75000 0.39062
vt 0.73958 0.39062
vt 0.72917 0.39062
vt 0.71875 0.39062
vt 0.70833 0.39062
vt 0.69792 0.39062
vt 0.68750 0.39062
vt 0.67708 0.39062
vt 0.66667 0.39062
vt 0.65625 0.39062
vt 0.64583 0.39062
vt 0.63542 0.39062
vt 0.62500 0.39062
vt 0.75000 0.40625
vt 0.73958 0.40625
vt 0.72917 0.40625
vt 0.71875 0.40625
vt 0.70833 0.40625
vt 0.69792 0.40625
vt 0.68750 0.40625
vt 0.67708 0.40625
vt 0.66667 0.40625
vt 0.65625 0.40625
vt 0.64583 0.40625
vt 0.63542 0.40625
vt 0.62500 0.40625
vt 0.75000 0.42188
vt 0.73958 0.42188
vt 0.72917 0.42188
vt 0.71875 0.42188
vt 0.70833 0.42188
vt 0.69792 0.42188
vt 0.68750 0.42188
vt 0.67708 0.42188
vt 0.66667 0.42188
vt 0.65625 0.42188
vt 0.64583 0.42188
vt 0.63542 0.42188
vt 0.62500 0.42188
vt 0.75000 0.43750
vt 0.73958 0.43750
vt 0.72917 0.43750
vt 0.71875 0.43750
vt 0.70833 0.43750
vt 0.69792 0.43750
vt 0.68750 0.43750
vt 0.67708 0.43750
vt 0.66667 0.43750
vt 0.65625 0.43750
vt 0.64583 0.43750
vt 0.63542 0.43750
vt 0.62500 0.43750
vt 0.75000 0.45312
vt 0.73958 0.45312
vt 0.72917 0.45312
vt 0.71875 0.45312
vt 0.70833 0.45312
vt 0.69792 0.45312
vt 0.68750 0.45312
vt 0.67708 0.45312
vt 0.66667 0.45312
vt 0.65625 0.45312
vt 0.64583 0.45312
vt 0.63542 0.45312
vt 0.62500 0.45312
vt 0.75000 0.46875
vt 0.73958 0.46875
vt 0.72917 0.46875
vt 0.71875 0.46875
vt 0.70833 0.46875
vt 0.69792 0.46875
vt 0.68750 0.46875
vt 0.67708 0.46875
vt 0.66667 0.46875
vt 0.65625 0.46875
vt 0.64583 0.46875
vt 0.63542 0.46875
vt 0.62500 0.46875
vt 0.75000 0.48438
vt 0.73958 0.48438
vt 0.72917 0.48438
vt 0.71875 0.48438
vt 0.70833 0.48438
vt 0.69792 0.48438
vt 0.68750 0.48438
vt 0.67708 0.48438
vt 0.66667 0.48438
vt 0.65625 0.48438
vt 0.64583 0.48438
vt 0.63542 0.48438
vt 0.62500 0.48438
vt 0.75000 0.50000
vt 0.73958 0.50000
vt 0.72917 0.50000
vt 0.71875 0.50000
vt 0.70833 0.50000
vt 0.69792 0.50000
vt 0.68750 0.50000
vt 0.67708 0.50000
vt 0.66667 0.50000
vt 0.65625 0.50000
vt 0.64583 0.50000
vt 0.63542 0.50000
vt 0.62500 0.50000
vt 0.75000 0.37500
vt 0.73958 0.37500
vt 0.72917 0.37500
vt 0.71875 0.37500
vt 0.70833 0.37500
vt 0.69792 0.37500
vt 0.68750 0.37500
vt 0.67708 0.37500
vt 0.66667 0.37500
vt 0.65625 0.37500
vt 0.64583 0.37500
vt 0.63542 0.37500
vt 0.62500 0.37500
vt 0.75000 0.39062
vt 0.73958 0.39062
vt 0.72917 0.39062
vt 0.71875 0.39062
vt 0.70833 0.39062
vt 0.69792 0.39062
vt 0.68750 0.39062
vt 0.67708 0.39062
vt 0.66667 0.39062
vt 0.65625 0.39062
vt 0.64583 0.39062
vt 0.63542 0.39062
vt 0.62500 0.39062
vt 0.75000 0.40625
vt 0.73958 0.40625
vt 0.72917 0.40625
vt 0.71875 0.40625
vt 0.70833 0.40625
vt 0.69792 0.40625
vt 0.68750 0.40625
vt 0.67708 0.40625
vt 0.66667 0.40625
vt 0.65625 0.40625
vt 0.64583 0.40625
vt 0.63542 0.40625
vt 0.62500 0.40625
vt 0.75000 0.42188
vt 0.73958 0.42188
vt 0.72917 0.42188
vt 0.71875 0.42188
vt 0.70833 0.42188
vt 0.69792 0.42188
vt 0.68750 0.42188
vt 0.67708 0.42188
vt 0.66667 0.42188
vt 0.65625 0.42188
vt 0.64583 0.42188
vt 0.63542 0.42188
vt 0.62500 0.42188
vt 0.75000 0.43750
vt 0.73958 0.43750
vt 0.72917 0.43750
vt 0.71875 0.43750
vt 0.70833 0.43750
vt 0.69792 0.43750
vt 0.68750 0.43750
vt 0.67708 0.43750
vt 0.66667 0.43750
vt 0.65625 0.43750
vt 0.64583 0.43750
vt 0.63542 0.43750
vt 0.62500 0.43750
vt 0.75000 0.45312
vt 0.73958 0.45312
vt 0.72917 0.45312
vt 0.71875 0.45312
vt 0.70833 0.45312
vt 0.69792 0.45312
vt 0.68750 0.45312
vt 0.67708 0.45312
vt 0.66667 0.45312
vt 0.65625 0.45312
vt 0.64583 0.45312
vt 0.63542 0.45312
vt 0.62500 0.45312
vt 0.75000 0.46875
vt 0.73958 0.46875
vt 0.72917 0.46875
vt 0.71875 0.46875
vt 0.70833 0.46875
vt 0.69792 0.46875
vt 0.68750 0.46875
vt 0.67708 0.46875
vt 0.66667 0.46875
vt 0.65625 0.46875
vt 0.64583 0.46875
vt 0.63542 0.46875
vt 0.62500 0.46875
vt 0.75000 0.48438
vt 0.73958 0.48438
vt 0.72917 0.48438
vt 0.71875 0.48438
vt 0.70833 0.48438
vt 0.69792 0.48438
vt 0.68750 0.48438
vt 0.67708 0.48438
vt 0.66667 0.48438
vt 0.65625 0.48438
vt 0.64583 0.48438
vt 0.63542 0.48438
vt 0.62500 0.48438
vt 0.75000 0.50000
vt 0.73958 0.50000
vt 0.72917 0.50000
vt 0.71875 0.50000
vt 0.70833 0.50000
vt 0.69792 0.50000
vt 0.68750 0.50000
vt 0.67708 0.50000
vt 0.66667 0.50000
vt 0.65625 0.50000
vt 0.64583 0.50000
vt 0.63542 0.50000
vt 0.62500 0.50000
vt 0.50000 1.00000
vt 0.51250 1.00000
vt 0.52500 1.00000
vt 0.53750 1.00000
vt 0.55000 1.00000
vt 0.56250 1.00000
vt 0.57500 1.00000
vt 0.58750 1.00000
vt 0.60000 1.00000
vt 0.61250 1.00000
vt 0.62500 1.00000
vt 0.63750 1.00000
vt 0.65000 1.00000
vt 0.66250 1.00000
vt 0.67500 1.00000
vt 0.68750 1.00000
vt 0.70000 1.00000
vt 0.71250 1.00000
vt 0.72500 1.00000
vt 0.73750 1.00000
vt 0.75000 1.00000
vt 0.50000 0.75000
vt 0.51250 0.75000
vt 0.52500 0.75000
vt 0.53750 0.75000
vt 0.55000 0.75000
vt 0.56250 0.75000
vt 0.57500 0.75000
vt 0.58750 0.75000
vt 0.60000 0.75000
vt 0.61250 0.75000
vt 0.62500 0.75000
vt 0.63750 0.75000
vt 0.65000 0.75000
vt 0.66250 0.75000
vt 0.67500 0.75000
vt 0.68750 0.75000
vt 0.70000 0.75000
vt 0.71250 0.75000
vt 0.72500 0.75000
vt 0.73750 0.75000
vt 0.75000 0.75000
vt 0.50000 0.50000
vt 0.51250 0.50000
vt 0.52500 0.50000
vt 0.53750 0.50000
vt 0.55000 0.50000
vt 0.56250 0.50000
vt 0.57500 0.50000
vt 0.58750 0.50000
vt 0.60000 0.50000
vt 0.61250 0.50000
vt 0.62500 0.50000
vt 0.63750 0.50000
vt 0.65000 0.50000
vt 0.66250 0.50000
vt 0.67500 0.50000
vt 0.68750 0.50000
vt 0.70000 0.50000
vt 0.71250 0.50000
vt 0.72500 0.50000
vt 0.73750 0.50000
vt 0.75000 0.50000
vt 0.62500 1.00000
vt 0.62500 1.00000
vt 0.62500 1.00000
vt 0.62500 1.00000
vt 0.62500 1.00000
vt 0.62500 1.00000
vt 0.62500 1.00000
vt 0.62500 1.00000
vt 0.62500 1.00000
vt 0.62500 1.00000
vt 0.62500 1.00000
vt 0.62500 1.00000
vt 0.62500 1.00000
vt 0.62500 1.00000
vt 0.62500 1.00000
vt 0.62500 1.00000
vt 0.62500 1.00000
vt 0.62500 1.00000
vt 0.62500 1.00000
vt 0.62500 1.00000
vt 0.62500 1.00000
vt 0.62500 1.00000
vt 0.62500 0.50000
vt 0.62500 0.50000
vt 0.62500 0.50000
vt 0.62500 0.50000
vt 0.62500 0.50000
vt 0.62500 0.50000
vt 0.62500 0.50000
vt 0.62500 0.50000
vt 0.62500 0.50000
vt 0.62500 0.50000
vt 0.62500 0.50000
vt 0.62500 0.50000
vt 0.62500 0.50000
vt 0.62500 0.50000
vt 0.62500 0.50000
vt 0.62500 0.50000
vt 0.62500 0.50000
vt 0.62500 0.50000
vt 0.62500 0.50000
vt 0.62500 0.50000
vt 0.62500 0.50000
vt 0.62500 0.50000
vt 0.75000 0.37500
vt 0.74219 0.37500
vt 0.73438 0.37500
vt 0.72656 0.37500
vt 0.71875 0.37500
vt 0.71094 0.37500
vt 0.70312 0.37500
vt 0.69531 0.37500
vt 0.68750 0.37500
vt 0.67969 0.37500
vt 0.67188 0.37500
vt 0.66406 0.37500
vt 0.65625 0.37500
vt 0.64844 0.37500
vt 0.64062 0.37500
vt 0.63281 0.37500
vt 0.62500 0.37500
vt 0.75000 0.38750
vt 0.74219 0.38750
vt 0.73438 0.38750
vt 0.72656 0.38750
vt 0.71875 0.38750
vt 0.71094 0.38750
vt 0.70312 0.38750
vt 0.69531 0.38750
vt 0.68750 0.38750
vt 0.67969 0.38750
vt 0.67188 0.38750
vt 0.66406 0.38750
vt 0.65625 0.38750
vt 0.64844 0.38750
vt 0.64062 0.38750
vt 0.63281 0.38750
vt 0.62500 0.38750
vt 0.75000 0.40000
vt 0.74219 0.40000
vt 0.73438 0.40000
vt 0.72656 0.40000
vt 0.71875 0.40000
vt 0.71094 0.40000
vt 0.70312 0.40000
vt 0.69531 0.40000
vt 0.68750 0.40000
vt 0.67969 0.40000
vt 0.67188 0.40000
vt 0.66406 0.40000
vt 0.65625 0.40000
vt 0.64844 0.40000
vt 0.64062 0.40000
vt 0.63281 0.40000
vt 0.62500 0.40000
vt 0.75000 0.41250
vt 0.74219 0.41250
vt 0.73438 0.41250
vt 0.72656 0.41250
vt 0.71875 0.41250
vt 0.71094 0.41250
vt 0.70312 0.41250
vt 0.69531 0.41250
vt 0.68750 0.41250
vt 0.67969 0.41250
vt 0.67188 0.41250
vt 0.66406 0.41250
vt 0.65625 0.41250
vt 0.64844 0.41250
vt 0.64062 0.41250
vt 0.63281 0.41250
vt 0.62500 0.41250
vt 0.75000 0.42500
vt 0.74219 0.42500
vt 0.73438 0.42500
vt 0.72656 0.42500
vt 0.71875 0.42500
vt 0.71094 0.42500
vt 0.70312 0.42500
vt 0.69531 0.42500
vt 0.68750 0.42500
vt 0.67969 0.42500
vt 0.67188 0.42500
vt 0.66406 0.42500
vt 0.65625 0.42500
vt 0.64844 0.42500
vt 0.64062 0.42500
vt 0.63281 0.42500
vt 0.62500 0.42500
vt 0.75000 0.43750
vt 0.74219 0.43750
vt 0.73438 0.43750
vt 0.72656 0.43750
vt 0.71875 0.43750
vt 0.71094 0.43750
vt 0.70312 0.43750
vt 0.69531 0.43750
vt 0.68750 0.43750
vt 0.67969 0.43750
vt 0.67188 0.43750
vt 0.66406 0.43750
vt 0.65625 0.43750
vt 0.64844 0.43750
vt 0.64062 0.43750
vt 0.63281 0.43750
vt 0.62500 0.43750
vt 0.75000 0.45000
vt 0.74219 0.45000
vt 0.73438 0.45000
vt 0.72656 0.45000
vt 0.71875 0.45000
vt 0.71094 0.45000
vt 0.70312 0.45000
vt 0.69531 0.45000
vt 0.68750 0.45000
vt 0.67969 0.45000
vt 0.67188 0.45000
vt 0.66406 0.45000
vt 0.65625 0.45000
vt 0.64844 0.45000
vt 0.64062 0.45000
vt 0.63281 0.45000
vt 0.62500 0.45000
vt 0.75000 0.46250
vt 0.74219 0.46250
vt 0.73438 0.46250
vt 0.72656 0.46250
vt 0.71875 0.46250
vt 0.71094 0.46250
vt 0.70312 0.46250
vt 0.69531 0.46250
vt 0.68750 0.46250
vt 0.67969 0.46250
vt 0.67188 0.46250
vt 0.66406 0.46250
vt 0.65625 0.46250
vt 0.64844 0.46250
vt 0.64062 0.46250
vt 0.63281 0.46250
vt 0.62500 0.46250
vt 0.75000 0.47500
vt 0.74219 0.47500
vt 0.73438 0.47500
vt 0.72656 0.47500
vt 0.71875 0.47500
vt 0.71094 0.47500
vt 0.70312 0.47500
vt 0.69531 0.47500
vt 0.68750 0.47500
vt 0.67969 0.47500
vt 0.67188 0.47500
vt 0.66406 0.47500
vt 0.65625 0.47500
vt 0.64844 0.47500
vt 0.64062 0.47500
vt 0.63281 0.47500
vt 0.62500 0.47500
vt 0.75000 0.48750
vt 0.74219 0.48750
vt 0.73438 0.48750
vt 0.72656 0.48750
vt 0.71875 0.48750
vt 0.71094 0.48750
vt 0.70312 0.48750
vt 0.69531 0.48750
vt 0.68750 0.48750
vt 0.67969 0.48750
vt 0.67188 0.48750
vt 0.66406 0.48750
vt 0.65625 0.48750
vt 0.64844 0.48750
vt 0.64062 0.48750
vt 0.63281 0.48750
vt 0.62500 0.48750
vt 0.75000 0.50000
vt 0.74219 0.50000
vt 0.73438 0.50000
vt 0.72656 0.50000
vt 0.71875 0.50000
vt 0.71094 0.50000
vt 0.70312 0.50000
vt 0.69531 0.50000
vt 0.68750 0.50000
vt 0.67969 0.50000
vt 0.67188 0.50000
vt 0.66406 0.50000
vt 0.65625 0.50000
vt 0.64844 0.50000
vt 0.64062 0.50000
vt 0.63281 0.50000
vt 0.62500 0.50000
vt 0.75000 1.00000
vt 0.76250 1.00000
vt 0.77500 1.00000
vt 0.78750 1.00000
vt 0.80000 1.00000
vt 0.81250 1.00000
vt 0.82500 1.00000
vt 0.83750 1.00000
vt 0.85000 1.00000
vt 0.86250 1.00000
vt 0.87500 1.00000
vt 0.88750 1.00000
vt 0.90000 1.00000
vt 0.91250 1.00000
vt 0.92500 1.00000
vt 0.93750 1.00000
vt 0.95000 1.00000
vt 0.96250 1.00000
vt 0.97500 1.00000
vt 0.98750 1.00000
vt 1.00000 1.00000
vt 0.75000 0.75000
vt 0.76250 0.75000
vt 0.77500 0.75000
vt 0.78750 0.75000
vt 0.80000 0.75000
vt 0.81250 0.75000
vt 0.82500 0.75000
vt 0.83750 0.75000
vt 0.85000 0.75000
vt 0.86250 0.75000
vt 0.87500 0.75000
vt 0.88750 0.75000
vt 0.90000 0.75000
vt 0.91250 0.75000
vt 0.92500 0.75000
vt 0.93750 0.75000
vt 0.95000 0.75000
vt 0.96250 0.75000
vt 0.97500 0.75000
vt 0.98750 0.75000
vt 1.00000 0.75000
vt 0.75000 0.50000
vt 0.76250 0.50000
vt 0.77500 0.50000
vt 0.78750 0.50000
vt 0.80000 0.50000
vt 0.81250 0.50000
vt 0.82500 0.50000
vt 0.83750 0.50000
vt 0.85000 0.50000
vt 0.86250 0.50000
vt 0.87500 0.50000
vt 0.88750 0.50000
vt 0.90000 0.50000
vt 0.91250 0.50000
vt 0.92500 0.50000
vt 0.93750 0.50000
vt 0.95000 0.50000
vt 0.96250 0.50000
vt 0.97500 0.50000
vt 0.98750 0.50000
vt 1.00000 0.50000
vt 0.87500 1.00000
vt 0.87500 1.00000
vt 0.87500 1.00000
vt 0.87500 1.00000
vt 0.87500 1.00000
vt 0.87500 1.00000
vt 0.87500 1.00000
vt 0.87500 1.00000
vt 0.87500 1.00000
vt 0.87500 1.00000
vt 0.87500 1.00000
vt 0.87500 1.00000
vt 0.87500 1.00000
vt 0.87500 1.00000
vt 0.87500 1.00000
vt 0.87500 1.00000
vt 0.87500 1.00000
vt 0.87500 1.00000
vt 0.87500 1.00000
vt 0.87500 1.00000
vt 0.87500 1.00000
vt 0.87500 1.00000
vt 0.87500 0.50000
vt 0.87500 0.50000
vt 0.87500 0.50000
vt 0.87500 0.50000
vt 0.87500 0.50000
vt 0.87500 0.50000
vt 0.87500 0.50000
vt 0.87500 0.50000
vt 0.87500 0.50000
vt 0.87500 0.50000
vt 0.87500 0.50000
vt 0.87500 0.50000
vt 0.87500 0.50000
vt 0.87500 0.50000
vt 0.87500 0.50000
vt 0.87500 0.50000
vt 0.87500 0.50000
vt 0.87500 0.50000
vt 0.87500 0.50000
vt 0.87500 0.50000
vt 0.87500 0.50000
vt 0.87500 0.50000
vt 0.75000 0.37500
vt 0.74375 0.37500
vt 0.73750 0.37500
vt 0.73125 0.37500
vt 0.72500 0.37500
vt 0.71875 0.37500
vt 0.71250 0.37500
vt 0.70625 0.37500
vt 0.70000 0.37500
vt 0.69375 0.37500
vt 0.68750 0.37500
vt 0.68125 0.37500
vt 0.67500 0.37500
vt 0.66875 0.37500
vt 0.66250 0.37500
vt 0.65625 0.37500
vt 0.65000 0.37500
vt 0.64375 0.37500
vt 0.63750 0.37500
vt 0.63125 0.37500
vt 0.62500 0.37500
vt 0.75000 0.38750
vt 0.74375 0.38750
vt 0.73750 0.38750
vt 0.73125 0.38750
vt 0.72500 0.38750
vt 0.71875 0.38750
vt 0.71250 0.38750
vt 0.70625 0.38750
vt 0.70000 0.38750
vt 0.69375 0.38750
vt 0.68750 0.38750
vt 0.68125 0.38750
vt 0.67500 0.38750
vt 0.66875 0.38750
vt 0.66250 0.38750
vt 0.65625 0.38750
vt 0.65000 0.38750
vt 0.64375 0.38750
vt 0.63750 0.38750
vt 0.63125 0.38750
vt 0.62500 0.38750
vt 0.75000 0.40000
vt 0.74375 0.40000
vt 0.73750 0.40000
vt 0.73125 0.40000
vt 0.72500 0.40000
vt 0.71875 0.40000
vt 0.71250 0.40000
vt 0.70625 0.40000
vt 0.70000 0.40000
vt 0.69375 0.40000
vt 0.68750 0.40000
vt 0.68125 0.40000
vt 0.67500 0.40000
vt 0.66875 0.40000
vt 0.66250 0.40000
vt 0.65625 0.40000
vt 0.65000 0.40000
vt 0.64375 0.40000
vt 0.63750 0.40000
vt 0.63125 0.40000
vt 0.62500 0.40000
vt 0.75000 0.41250
vt 0.74375 0.41250
vt 0.73750 0.41250
vt 0.73125 0.41250
vt 0.72500 0.41250
vt 0.71875 0.41250
vt 0.71250 0.41250
vt 0.70625 0.41250
vt 0.70000 0.41250
vt 0.69375 0.41250
vt 0.68750 0.41250
vt 0.68125 0.41250
vt 0.67500 0.41250
vt 0.66875 0.41250
vt 0.66250 0.41250
vt 0.65625 0.41250
vt 0.65000 0.41250
vt 0.64375 0.41250
vt 0.63750 0.41250
vt 0.63125 0.41250
vt 0.62500 0.41250
vt 0.75000 0.42500
vt 0.74375 0.42500
vt 0.73750 0.42500
vt 0.73125 0.42500
vt 0.72500 0.42500
vt 0.71875 0.42500
vt 0.71250 0.42500
vt 0.70625 0.42500
vt 0.70000 0.42500
vt 0.69375 0.42500
vt 0.68750 0.42500
vt 0.68125 0.42500
vt 0.67500 0.42500
vt 0.66875 0.42500
vt 0.66250 0.42500
vt 0.65625 0.42500
vt 0.65000 0.42500
vt 0.64375 0.42500
vt 0.63750 0.42500
vt 0.63125 0.42500
vt 0.62500 0.42500
vt 0.75000 0.43750
vt 0.74375 0.43750
vt 0.73750 0.43750
vt 0.73125 0.43750
vt 0.72500 0.43750
vt 0.71875 0.43750
vt 0.71250 0.43750
vt 0.70625 0.43750
vt 0.70000 0.43750
vt 0.69375 0.43750
vt 0.68750 0.43750
vt 0.68125 0.43750
vt 0.67500 0.43750
vt 0.66875 0.43750
vt 0.66250 0.43750
vt 0.65625 0.43750
vt 0.65000 0.43750
vt 0.64375 0.43750
vt 0.63750 0.43750
vt 0.63125 0.43750
vt 0.62500 0.43750
vt 0.75000 0.45000
vt 0.74375 0.45000
vt 0.73750 0.45000
vt 0.73125 0.45000
vt 0.72500 0.45000
vt 0.71875 0.45000
vt 0.71250 0.45000
vt 0.70625 0.45000
vt 0.70000 0.45000
vt 0.69375 0.45000
vt 0.68750 0.45000
vt 0.68125 0.45000
vt 0.67500 0.45000
vt 0.66875 0.45000
vt 0.66250 0.45000
vt 0.65625 0.45000
vt 0.65000 0.45000
vt 0.64375 0.45000
vt 0.63750 0.45000
vt 0.63125 0.45000
vt 0.62500 0.45000
vt 0.75000 0.46250
vt 0.74375 0.46250
vt 0.73750 0.46250
vt 0.73125 0.46250
vt 0.72500 0.46250
vt 0.71875 0.46250
vt 0.71250 0.46250
vt 0.70625 0.46250
vt 0.70000 0.46250
vt 0.69375 0.46250
vt 0.68750 0.46250
vt 0.68125 0.46250
vt 0.67500 0.46250
vt 0.66875 0.46250
vt 0.66250 0.46250
vt 0.65625 0.46250
vt 0.65000 0.46250
vt 0.64375 0.46250
vt 0.63750 0.46250
vt 0.63125 0.46250
vt 0.62500 0.46250
vt 0.75000 0.47500
vt 0.74375 0.47500
vt 0.73750 0.47500
vt 0.73125 0.47500
vt 0.72500 0.47500
vt 0.71875 0.47500
vt 0.71250 0.47500
vt 0.70625 0.47500
vt 0.70000 0.47500
vt 0.69375 0.47500
vt 0.68750 0.47500
vt 0.68125 0.47500
vt 0.67500 0.47500
vt 0.66875 0.47500
vt 0.66250 0.47500
vt 0.65625 0.47500
vt 0.65000 0.47500
vt 0.64375 0.47500
vt 0.63750 0.47500
vt 0.63125 0.47500
vt 0.62500 0.47500
vt 0.75000 0.48750
vt 0.74375 0.48750
vt 0.73750 0.48750
vt 0.73125 0.48750
vt 0.72500 0.48750
vt 0.71875 0.48750
vt 0.71250 0.48750
vt 0.70625 0.48750
vt 0.70000 0.48750
vt 0.69375 0.48750
vt 0.68750 0.48750
vt 0.68125 0.48750
vt 0.67500 0.48750
vt 0.66875 0.48750
vt 0.66250 0.48750
vt 0.65625 0.48750
vt 0.65000 0.48750
vt 0.64375 0.48750
vt 0.63750 0.48750
vt 0.63125 0.48750
vt 0.62500 0.48750
vt 0.75000 0.50000
vt 0.74375 0.50000
vt 0.73750 0.50000
vt 0.73125 0.50000
vt 0.72500 0.50000
vt 0.71875 0.50000
vt 0.71250 0.50000
vt 0.70625 0.50000
vt 0.70000 0.50000
vt 0.69375 0.50000
vt 0.68750 0.50000
vt 0.68125 0.50000
vt 0.67500 0.50000
vt 0.66875 0.50000
vt 0.66250 0.50000
vt 0.65625 0.50000
vt 0.65000 0.50000
vt 0.64375 0.50000
vt 0.63750 0.50000
vt 0.63125 0.50000
vt 0.62500 0.50000
vt 0.62500 0.50000
vt 0.63750 0.50000
vt 0.65000 0.50000
vt 0.66250 0.50000
vt 0.67500 0.50000
vt 0.68750 0.50000
vt 0.70000 0.50000
vt 0.71250 0.50000
vt 0.72500 0.50000
vt 0.73750 0.50000
vt 0.75000 0.50000
vt 0.62500 0.37500
vt 0.63750 0.37500
vt 0.65000 0.37500
vt 0.66250 0.37500
vt 0.67500 0.37500
vt 0.68750 0.37500
vt 0.70000 0.37500
vt 0.71250 0.37500
vt 0.72500 0.37500
vt 0.73750 0.37500
vt 0.75000 0.37500
vt 0.68750 0.50000
vt 0.68750 0.50000
vt 0.68750 0.50000
vt 0.68750 0.50000
vt 0.68750 0.50000
vt 0.68750 0.50000
vt 0.68750 0.50000
vt 0.68750 0.50000
vt 0.68750 0.50000
vt 0.68750 0.50000
vt 0.68750 0.50000
vt 0.68750 0.50000
vt 0.68750 0.37500
vt 0.68750 0.37500
vt 0.68750 0.37500
vt 0.68750 0.37500
vt 0.68750 0.37500
vt 0.68750 0.37500
vt 0.68750 0.37500
vt 0.68750 0.37500
vt 0.68750 0.37500
vt 0.68750 0.37500
vt 0.68750 0.37500
vt 0.68750 0.37500
vt 0.62500 0.50000
vt 0.63750 0.50000
vt 0.65000 0.50000
vt 0.66250 0.50000
vt 0.67500 0.50000
vt 0.68750 0.50000
vt 0.70000 0.50000
vt 0.71250 0.50000
vt 0.72500 0.50000
vt 0.73750 0.50000
vt 0.75000 0.50000
vt 0.62500 0.37500
vt 0.63750 0.37500
vt 0.65000 0.37500
vt 0.66250 0.37500
vt 0.67500 0.37500
vt 0.68750 0.37500
vt 0.70000 0.37500
vt 0.71250 0.37500
vt 0.72500 0.37500
vt 0.73750 0.37500
vt 0.75000 0.37500
vt 0.68750 0.50000
vt 0.68750 0.50000
vt 0.68750 0.50000
vt 0.68750 0.50000
vt 0.68750 0.50000
vt 0.68750 0.50000
vt 0.68750 0.50000
vt 0.68750 0.50000
vt 0.68750 0.50000
vt 0.68750 0.50000
vt 0.68750 0.50000
vt 0.68750 0.50000
vt 0.68750 0.37500
vt 0.68750 0.37500
vt 0.68750 0.37500
vt 0.68750 0.37500
vt 0.68750 0.37500
vt 0.68750 0.37500
vt 0.68750 0.37500
vt 0.68750 0.37500
vt 0.68750 0.37500
vt 0.68750 0.37500
vt 0.68750 0.37500
vt 0.68750 0.37500
vt 0.62500 0.50000
vt 0.63750 0.50000
vt 0.65000 0.50000
vt 0.66250 0.50000
vt 0.67500 0.50000
vt 0.68750 0.50000
vt 0.70000 0.50000
vt 0.71250 0.50000
vt 0.72500 0.50000
vt 0.73750 0.50000
vt 0.75000 0.50000
vt 0.62500 0.37500
vt 0.63750 0.37500
vt 0.65000 0.37500
vt 0.66250 0.37500
vt 0.67500 0.37500
vt 0.68750 0.37500
vt 0.70000 0.37500
vt 0.71250 0.37500
vt 0.72500 0.37500
vt 0.73750 0.37500
vt 0.75000 0.37500
vt 0.68750 0.50000
vt 0.68750 0.50000
vt 0.68750 0.50000
vt 0.68750 0.50000
vt 0.68750 0.50000
vt 0.68750 0.50000
vt 0.68750 0.50000
vt 0.68750 0.50000
vt 0.68750 0.50000
vt 0.68750 0.50000
vt 0.68750 0.50000
vt 0.68750 0.50000
vt 0.68750 0.37500
vt 0.68750 0.37500
vt 0.68750 0.37500
vt 0.68750 0.37500
vt 0.68750 0.37500
vt 0.68750 0.37500
vt 0.68750 0.37500
vt 0.68750 0.37500
vt 0.68750 0.37500
vt 0.68750 0.37500
vt 0.68750 0.37500
vt 0.68750 0.37500
vt 0.62500 0.50000
vt 0.63750 0.50000
vt 0.65000 0.50000
vt 0.66250 0.50000
vt 0.67500 0.50000
vt 0.68750 0.50000
vt 0.70000 0.50000
vt 0.71250 0.50000
vt 0.72500 0.50000
vt 0.73750 0.50000
vt 0.75000 0.50000
vt 0.62500 0.37500
vt 0.63750 0.37500
vt 0.65000 0.37500
vt 0.66250 0.37500
vt 0.67500 0.37500
vt 0.68750 0.37500
vt 0.70000 0.37500
vt 0.71250 0.37500
vt 0.72500 0.37500
vt 0.73750 0.37500
vt 0.75000 0.37500
vt 0.68750 0.50000
vt 0.68750 0.50000
vt 0.68750 0.50000
vt 0.68750 0.50000
vt 0.68750 0.50000
vt 0.68750 0.50000
vt 0.68750 0.50000
vt 0.68750 0.50000
vt 0.68750 0.50000
vt 0.68750 0.50000
vt 0.68750 0.50000
vt 0.68750 0.50000
vt 0.68750 0.37500
vt 0.68750 0.37500
vt 0.68750 0.37500
vt 0.68750 0.37500
vt 0.68750 0.37500
vt 0.68750 0.37500
vt 0.68750 0.37500
vt 0.68750 0.37500
vt 0.68750 0.37500
vt 0.68750 0.37500
vt 0.68750 0.37500
vt 0.68750 0.37500
vt 0.62500 0.50000
vt 0.63750 0.50000
vt 0.65000 0.50000
vt 0.66250 0.50000
vt 0.67500 0.50000
vt 0.68750 0.50000
vt 0.70000 0.50000
vt 0.71250 0.50000
vt 0.72500 0.50000
vt 0.73750 0.50000
vt 0.75000 0.50000
vt 0.62500 0.37500
vt 0.63750 0.37500
vt 0.65000 0.37500
vt 0.66250 0.37500
vt 0.67500 0.37500
vt 0.68750 0.37500
vt 0.70000 0.37500
vt 0.71250 0.37500
vt 0.72500 0.37500
vt 0.73750 0.37500
vt 0.75000 0.37500
vt 0.68750 0.50000
vt 0.68750 0.50000
vt 0.68750 0.50000
vt 0.68750 0.50000
vt 0.68750 0.50000
vt 0.68750 0.50000
vt 0.68750 0.50000
vt 0.68750 0.50000
vt 0.68750 0.50000
vt 0.68750 0.50000
vt 0.68750 0.50000
vt 0.68750 0.50000
vt 0.68750 0.37500
vt 0.68750 0.37500
vt 0.68750 0.37500
vt 0.68750 0.37500
vt 0.68750 0.37500
vt 0.68750 0.37500
vt 0.68750 0.37500
vt 0.68750 0.37500
vt 0.68750 0.37500
vt 0.68750 0.37500
vt 0.68750 0.37500
vt 0.68750 0.37500
vn -0.0000 -0.0000 -1.0000
vn -0.0000 -0.0000 -1.0000
vn -0.0000 -0.0000 -1.0000
vn -0.0000 -0.0000 -1.0000
vn -0.0000 -0.0000 -1.0000
vn -0.0000 -0.0000 -1.0000
vn -0.0000 -0.0000 -1.0000
vn -0.0000 -0.0000 -1.0000
vn 0.0000 -0.0000 -1.0000
vn 0.0000 -0.0000 -1.0000
vn 0.0000 -0.0000 -1.0000
vn 0.0000 -0.0000 -1.0000
vn 0.0000 -0.0000 -1.0000
vn 0.0000 -0.0000 -1.0000
vn 0.0000 -0.0000 -1.0000
vn 0.0000 -0.0000 -1.0000
vn 0.0000 0.0000 -1.0000
vn 0.0000 0.0000 -1.0000
vn 0.0000 0.0000 -1.0000
vn 0.0000 0.0000 -1.0000
vn 0.0000 0.0000 -1.0000
vn 0.0000 0.0000 -1.0000
vn 0.0000 0.0000 -1.0000
vn 0.0000 0.0000 -1.0000
vn 0.0000 0.0000 -1.0000
vn -0.0000 0.0000 -1.0000
vn -0.0000 0.0000 -1.0000
vn -0.0000 0.0000 -1.0000
vn -0.0000 0.0000 -1.0000
vn -0.0000 0.0000 -1.0000
vn -0.0000 0.0000 -1.0000
vn -0.0000 0.0000 -1.0000
vn -0.0000 0.0000 -1.0000
vn -0.0746 -0.0000 -0.9972
vn -0.0726 -0.0030 -0.9974
vn -0.0668 -0.0076 -0.9977
vn -0.0577 -0.0128 -0.9983
vn -0.0460 -0.0180 -0.9988
vn -0.0328 -0.0226 -0.9992
vn -0.0195 -0.0262 -0.9995
vn -0.0076 -0.0285 -0.9996
vn 0.0000 -0.0293 -0.9996
vn 0.0076 -0.0285 -0.9996
vn 0.0195 -0.0262 -0.9995
vn 0.0328 -0.0226 -0.9992
vn 0.0460 -0.0180 -0.9988
vn 0.0577 -0.0128 -0.9983
vn 0.0668 -0.0076 -0.9977
vn 0.0726 -0.0030 -0.9974
vn 0.0746 0.0000 -0.9972
vn 0.0726 0.0030 -0.9974
vn 0.0668 0.0076 -0.9977
vn 0.0577 0.0128 -0.9983
vn 0.0460 0.0180 -0.9988
vn 0.0328 0.0226 -0.9992
vn 0.0195 0.0262 -0.9995
vn 0.0076 0.0285 -0.9996
vn 0.0000 0.0293 -0.9996
vn -0.0076 0.0285 -0.9996
vn -0.0195 0.0262 -0.9995
vn -0.0328 0.0226 -0.9992
vn -0.0460 0.0180 -0.9988
vn -0.0577 0.0128 -0.9983
vn -0.0668 0.0076 -0.9977
vn -0.0726 0.0030 -0.9974
vn -0.0746 0.0000 -0.9972
vn -0.2118 -0.0000 -0.9773
vn -0.2063 -0.0084 -0.9784
vn -0.1904 -0.0217 -0.9815
vn -0.1649 -0.0367 -0.9856
vn -0.1320 -0.0517 -0.9899
vn -0.0945 -0.0651 -0.9934
vn -0.0562 -0.0756 -0.9956
vn -0.0219 -0.0822 -0.9964
vn 0.0000 -0.0845 -0.9964
vn 0.0219 -0.0822 -0.9964
vn 0.0562 -0.0756 -0.9956
vn 0.0945 -0.0651 -0.9934
vn 0.1320 -0.0517 -0.9899
vn 0.1649 -0.0367 -0.9856
vn 0.1904 -0.0217 -0.9815
vn 0.2063 -0.0084 -0.9784
vn 0.2118 0.0000 -0.9773
vn 0.2063 0.0084 -0.9784
vn 0.1904 0.0217 -0.9815
vn 0.1649 0.0367 -0.9856
vn 0.1320 0.0517 -0.9899
vn 0.0945 0.0651 -0.9934
vn 0.0562 0.0756 -0.9956
vn 0.0219 0.0822 -0.9964
vn 0.0000 0.0845 -0.9964
vn -0.0219 0.0822 -0.9964
vn -0.0562 0.0756 -0.9956
vn -0.0945 0.0651 -0.9934
vn -0.1320 0.0517 -0.9899
vn -0.1649 0.0367 -0.9856
vn -0.1904 0.0217 -0.9815
vn -0.2063 0.0084 -0.9784
vn -0.2118 0.0000 -0.9773
vn -0.3977 -0.0000 -0.9175
vn -0.3886 -0.0159 -0.9213
vn -0.3614 -0.0412 -0.9315
vn -0.3167 -0.0705 -0.9459
vn -0.2565 -0.1004 -0.9613
vn -0.1855 -0.1276 -0.9743
vn -0.1110 -0.1492 -0.9826
vn -0.0434 -0.1627 -0.9857
vn 0.0000 -0.1672 -0.9859
vn 0.0434 -0.1627 -0.9857
vn 0.1110 -0.1492 -0.9826
vn 0.1855 -0.1276 -0.9743
vn 0.2565 -0.1004 -0.9613
vn 0.3167 -0.0705 -0.9459
vn 0.3614 -0.0412 -0.9315
vn 0.3886 -0.0159 -0.9213
vn 0.3977 0.0000 -0.9175
vn 0.3886 0.0159 -0.9213
vn 0.3614 0.0412 -0.9315
vn 0.3167 0.0705 -0.9459
vn 0.2565 0.1004 -0.9613
vn 0.1855 0.1276 -0.9743
vn 0.1110 0.1492 -0.9826
vn 0.0434 0.1627 -0.9857
vn 0.0000 0.1672 -0.9859
vn -0.0434 0.1627 -0.9857
vn -0.1110 0.1492 -0.9826
vn -0.1855 0.1276 -0.9743
vn -0.2565 0.1004 -0.9613
vn -0.3167 0.0705 -0.9459
vn -0.3614 0.0412 -0.9315
vn -0.3886 0.0159 -0.9213
vn -0.3977 0.0000 -0.9175
vn -0.6139 -0.0000 -0.7894
vn -0.6034 -0.0246 -0.7971
vn -0.5701 -0.0650 -0.8190
vn -0.5116 -0.1138 -0.8517
vn -0.4258 -0.1666 -0.8893
vn -0.3155 -0.2171 -0.9237
vn -0.1919 -0.2580 -0.9469
vn -0.0755 -0.2832 -0.9561
vn 0.0000 -0.2912 -0.9567
vn 0.0755 -0.2832 -0.9561
vn 0.1919 -0.2580 -0.9469
vn 0.3155 -0.2171 -0.9237
vn 0.4258 -0.1666 -0.8893
vn 0.5116 -0.1138 -0.8517
vn 0.5701 -0.0650 -0.8190
vn 0.6034 -0.0246 -0.7971
vn 0.6139 0.0000 -0.7894
vn 0.6034 0.0246 -0.7971
vn 0.5701 0.0650 -0.8190
vn 0.5116 0.1138 -0.8517
vn 0.4258 0.1666 -0.8893
vn 0.3155 0.2171 -0.9237
vn 0.1919 0.2580 -0.9469
vn 0.0755 0.2832 -0.9561
vn 0.0000 0.2912 -0.9567
vn -0.0755 0.2832 -0.9561
vn -0.1919 0.2580 -0.9469
vn -0.3155 0.2171 -0.9237
vn -0.4258 0.1666 -0.8893
vn -0.5116 0.1138 -0.8517
vn -0.5701 0.0650 -0.8190
vn -0.6034 0.0246 -0.7971
vn -0.6139 0.0000 -0.7894
vn -0.8129 -0.0000 -0.5824
vn -0.8048 -0.0328 -0.5926
vn -0.7776 -0.0886 -0.6225
vn -0.7235 -0.1610 -0.6713
vn -0.6314 -0.2471 -0.7350
vn -0.4917 -0.3384 -0.8023
vn -0.3106 -0.4174 -0.8540
vn -0.1241 -0.4657 -0.8762
vn 0.0000 -0.4793 -0.8777
vn 0.1241 -0.4657 -0.8762
vn 0.3106 -0.4174 -0.8540
vn 0.4917 -0.3384 -0.8023
vn 0.6314 -0.2471 -0.7350
vn 0.7235 -0.1610 -0.6713
vn 0.7776 -0.0886 -0.6225
vn 0.8048 -0.0328 -0.5926
vn 0.8129 0.0000 -0.5824
vn 0.8048 0.0328 -0.5926
vn 0.7776 0.0886 -0.6225
vn 0.7235 0.1610 -0.6713
vn 0.6314 0.2471 -0.7350
vn 0.4917 0.3384 -0.8023
vn 0.3106 0.4174 -0.8540
vn 0.1241 0.4657 -0.8762
vn 0.0000 0.4793 -0.8777
vn -0.1241 0.4657 -0.8762
vn -0.3106 0.4174 -0.8540
vn -0.4917 0.3384 -0.8023
vn -0.6314 0.2471 -0.7350
vn -0.7235 0.1610 -0.6713
vn -0.7776 0.0886 -0.6225
vn -0.8048 0.0328 -0.5926
vn -0.8129 0.0000 -0.5824
vn -0.9414 -0.0000 -0.3372
vn -0.9378 -0.0383 -0.3452
vn -0.9233 -0.1052 -0.3695
vn -0.8892 -0.1979 -0.4124
vn -0.8188 -0.3204 -0.4764
vn -0.6838 -0.4705 -0.5577
vn -0.4615 -0.6202 -0.6343
vn -0.1905 -0.7151 -0.6726
vn 0.0000 -0.7376 -0.6752
vn 0.1905 -0.7151 -0.6726
vn 0.4615 -0.6202 -0.6343
vn 0.6838 -0.4705 -0.5577
vn 0.8188 -0.3204 -0.4764
vn 0.8892 -0.1979 -0.4124
vn 0.9233 -0.1052 -0.3695
vn 0.9378 -0.0383 -0.3452
vn 0.9414 0.0000 -0.3372
vn 0.9378 0.0383 -0.3452
vn 0.9233 0.1052 -0.3695
vn 0.8892 0.1979 -0.4124
vn 0.8188 0.3204 -0.4764
vn 0.6838 0.4705 -0.5577
vn 0.4615 0.6202 -0.6343
vn 0.1905 0.7151 -0.6726
vn 0.0000 0.7376 -0.6752
vn -0.1905 0.7151 -0.6726
vn -0.4615 0.6202 -0.6343
vn -0.6838 0.4705 -0.5577
vn -0.8188 0.3204 -0.4764
vn -0.8892 0.1979 -0.4124
vn -0.9233 0.1052 -0.3695
vn -0.9378 0.0383 -0.3452
vn -0.9414 0.0000 -0.3372
vn -0.9924 -0.0000 -0.1227
vn -0.9912 -0.0404 -0.1259
vn -0.9843 -0.1121 -0.1360
vn -0.9644 -0.2146 -0.1544
vn -0.9154 -0.3582 -0.1839
vn -0.8025 -0.5522 -0.2260
vn -0.5743 -0.7719 -0.2725
vn -0.2457 -0.9220 -0.2994
vn 0.0000 -0.9535 -0.3013
vn 0.2457 -0.9220 -0.2994
vn 0.5743 -0.7719 -0.2725
vn 0.8025 -0.5522 -0.2260
vn 0.9154 -0.3582 -0.1839
vn 0.9644 -0.2146 -0.1544
vn 0.9843 -0.1121 -0.1360
vn 0.9912 -0.0404 -0.1259
vn 0.9924 0.0000 -0.1227
vn 0.9912 0.0404 -0.1259
vn 0.9843 0.1121 -0.1360
vn 0.9644 0.2146 -0.1544
vn 0.9154 0.3582 -0.1839
vn 0.8025 0.5522 -0.2260
vn 0.5743 0.7719 -0.2725
vn 0.2457 0.9220 -0.2994
vn 0.0000 0.9535 -0.3013
vn -0.2457 0.9220 -0.2994
vn -0.5743 0.7719 -0.2725
vn -0.8025 0.5522 -0.2260
vn -0.9154 0.3582 -0.1839
vn -0.9644 0.2146 -0.1544
vn -0.9843 0.1121 -0.1360
vn -0.9912 0.0404 -0.1259
vn -0.9924 0.0000 -0.1227
vn -1.0000 -0.0000 0.0000
vn -0.9992 -0.0408 0.0000
vn -0.9936 -0.1132 0.0000
vn -0.9761 -0.2172 0.0000
vn -0.9312 -0.3644 0.0000
vn -0.8238 -0.5669 0.0000
vn -0.5969 -0.8023 0.0000
vn -0.2575 -0.9663 0.0000
vn 0.0000 -1.0000 0.0000
vn 0.2575 -0.9663 0.0000
vn 0.5969 -0.8023 0.0000
vn 0.8238 -0.5669 0.0000
vn 0.9312 -0.3644 0.0000
vn 0.9761 -0.2172 0.0000
vn 0.9936 -0.1132 0.0000
vn 0.9992 -0.0408 0.0000
vn 1.0000 0.0000 0.0000
vn 0.9992 0.0408 0.0000
vn 0.9936 0.1132 0.0000
vn 0.9761 0.2172 0.0000
vn 0.9312 0.3644 0.0000
vn 0.8238 0.5669 0.0000
vn 0.5969 0.8023 0.0000
vn 0.2575 0.9663 0.0000
vn 0.0000 1.0000 0.0000
vn -0.2575 0.9663 0.0000
vn -0.5969 0.8023 0.0000
vn -0.8238 0.5669 0.0000
vn -0.9312 0.3644 0.0000
vn -0.9761 0.2172 0.0000
vn -0.9936 0.1132 0.0000
vn -0.9992 0.0408 0.0000
vn -1.0000 0.0000 0.0000
vn -0.9924 -0.0000 0.1227
vn -0.9912 -0.0404 0.1259
vn -0.9843 -0.1121 0.1360
vn -0.9644 -0.2146 0.1544
vn -0.9154 -0.3582 0.1839
vn -0.8025 -0.5522 0.2260
vn -0.5743 -0.7719 0.2725
vn -0.2457 -0.9220 0.2994
vn 0.0000 -0.9535 0.3013
vn 0.2457 -0.9220 0.2994
vn 0.5743 -0.7719 0.2725
vn 0.8025 -0.5522 0.2260
vn 0.9154 -0.3582 0.1839
vn 0.9644 -0.2146 0.1544
vn 0.9843 -0.1121 0.1360
vn 0.9912 -0.0404 0.1259
vn 0.9924 0.0000 0.1227
vn 0.9912 0.0404 0.1259
vn 0.9843 0.1121 0.1360
vn 0.9644 0.2146 0.1544
vn 0.9154 0.3582 0.1839
vn 0.8025 0.5522 0.2260
vn 0.5743 0.7719 0.2725
vn 0.2457 0.9220 0.2994
vn 0.0000 0.9535 0.3013
vn -0.2457 0.9220 0.2994
vn -0.5743 0.7719 0.2725
vn -0.8025 0.5522 0.2260
vn -0.9154 0.3582 0.1839
vn -0.9644 0.2146 0.1544
vn -0.9843 0.1121 0.1360
vn -0.9912 0.0404 0.1259
vn -0.9924 0.0000 0.1227
vn -0.9414 -0.0000 0.3372
vn -0.9378 -0.0383 0.3452
vn -0.9233 -0.1052 0.3695
vn -0.8892 -0.1979 0.4124
vn -0.8188 -0.3204 0.4764
vn -0.6838 -0.4705 0.5577
vn -0.4615 -0.6202 0.6343
vn -0.1905 -0.7151 0.6726
vn 0.0000 -0.7376 0.6752
vn 0.1905 -0.7151 0.6726
vn 0.4615 -0.6202 0.6343
vn 0.6838 -0.4705 0.5577
vn 0.8188 -0.3204 0.4764
vn 0.8892 -0.1979 0.4124
vn 0.9233 -0.1052 0.3695
vn 0.9378 -0.0383 0.3452
vn 0.9414 0.0000 0.3372
vn 0.9378 0.0383 0.3452
vn 0.9233 0.1052 0.3695
vn 0.8892 0.1979 0.4124
vn 0.8188 0.3204 0.4764
vn 0.6838 0.4705 0.5577
vn 0.4615 0.6202 0.6343
vn 0.1905 0.7151 0.6726
vn 0.0000 0.7376 0.6752
vn -0.1905 0.7151 0.6726
vn -0.4615 0.6202 0.6343
vn -0.6838 0.4705 0.5577
vn -0.8188 0.3204 0.4764
vn -0.8892 0.1979 0.4124
vn -0.9233 0.1052 0.3695
vn -0.9378 0.0383 0.3452
vn -0.9414 0.0000 0.3372
vn -0.8129 -0.0000 0.5824
vn -0.8048 -0.0328 0.5926
vn -0.7776 -0.0886 0.6225
vn -0.7235 -0.1610 0.6713
vn -0.6314 -0.2471 0.7350
vn -0.4917 -0.3384 0.8023
vn -0.3106 -0.4174 0.8540
vn -0.1241 -0.4657 0.8762
vn 0.0000 -0.4793 0.8777
vn 0.1241 -0.4657 0.8762
vn 0.3106 -0.4174 0.8540
vn 0.4917 -0.3384 0.8023
vn 0.6314 -0.2471 0.7350
vn 0.7235 -0.1610 0.6713
vn 0.7776 -0.0886 0.6225
vn 0.8048 -0.0328 0.5926
vn 0.8129 0.0000 0.5824
vn 0.8048 0.0328 0.5926
vn 0.7776 0.0886 0.6225
vn 0.7235 0.1610 0.6713
vn 0.6314 0.2471 0.7350
vn 0.4917 0.3384 0.8023
vn 0.3106 0.4174 0.8540
vn 0.1241 0.4657 0.8762
vn 0.0000 0.4793 0.8777
vn -0.1241 0.4657 0.8762
vn -0.3106 0.4174 0.8540
vn -0.4917 0.3384 0.8023
vn -0.6314 0.2471 0.7350
vn -0.7235 0.1610 0.6713
vn -0.7776 0.0886 0.6225
vn -0.8048 0.0328 0.5926
vn -0.8129 0.0000 0.5824
vn -0.6139 -0.0000 0.7894
vn -0.6034 -0.0246 0.7971
vn -0.5701 -0.0650 0.8190
vn -0.5116 -0.1138 0.8517
vn -0.4258 -0.1666 0.8893
vn -0.3155 -0.2171 0.9237
vn -0.1919 -0.2580 0.9469
vn -0.0755 -0.2832 0.9561
vn 0.0000 -0.2912 0.9567
vn 0.0755 -0.2832 0.9561
vn 0.1919 -0.2580 0.9469
vn 0.3155 -0.2171 0.9237
vn 0.4258 -0.1666 0.8893
vn 0.5116 -0.1138 0.8517
vn 0.5701 -0.0650 0.8190
vn 0.6034 -0.0246 0.7971
vn 0.6139 0.0000 0.7894
vn 0.6034 0.0246 0.7971
vn 0.5701 0.0650 0.8190
vn 0.5116 0.1138 0.8517
vn 0.4258 0.1666 0.8893
vn 0.3155 0.2171 0.9237
vn 0.1919 0.2580 0.9469
vn 0.0755 0.2832 0.9561
vn 0.0000 0.2912 0.9567
vn -0.0755 0.2832 0.9561
vn -0.1919 0.2580 0.9469
vn -0.3155 0.2171 0.9237
vn -0.4258 0.1666 0.8893
vn -0.5116 0.1138 0.8517
vn -0.5701 0.0650 0.8190
vn -0.6034 0.0246 0.7971
vn -0.6139 0.0000 0.7894
vn -0.3977 -0.0000 0.9175
vn -0.3886 -0.0159 0.9213
vn -0.3614 -0.0412 0.9315
vn -0.3167 -0.0705 0.9459
vn -0.2565 -0.1004 0.9613
vn -0.1855 -0.1276 0.9743
vn -0.1110 -0.1492 0.9826
vn -0.0434 -0.1627 0.9857
vn 0.0000 -0.1672 0.9859
vn 0.0434 -0.1627 0.9857
vn 0.1110 -0.1492 0.9826
vn 0.1855 -0.1276 0.9743
vn 0.2565 -0.1004 0.9613
vn 0.3167 -0.0705 0.9459
vn 0.3614 -0.0412 0.9315
vn 0.3886 -0.0159 0.9213
vn 0.3977 0.0000 0.9175
vn 0.3886 0.0159 0.9213
vn 0.3614 0.0412 0.9315
vn 0.3167 0.0705 0.9459
vn 0.2565 0.1004 0.9613
vn 0.1855 0.1276 0.9743
vn 0.1110 0.1492 0.9826
vn 0.0434 0.1627 0.9857
vn 0.0000 0.1672 0.9859
vn -0.0434 0.1627 0.9857
vn -0.1110 0.1492 0.9826
vn -0.1855 0.1276 0.9743
vn -0.2565 0.1004 0.9613
vn -0.3167 0.0705 0.9459
vn -0.3614 0.0412 0.9315
vn -0.3886 0.0159 0.9213
vn -0.3977 0.0000 0.9175
vn -0.2118 -0.0000 0.9773
vn -0.2063 -0.0084 0.9784
vn -0.1904 -0.0217 0.9815
vn -0.1649 -0.0367 0.9856
vn -0.1320 -0.0517 0.9899
vn -0.0945 -0.0651 0.9934
vn -0.0562 -0.0756 0.9956
vn -0.0219 -0.0822 0.9964
vn 0.0000 -0.0845 0.9964
vn 0.0219 -0.0822 0.9964
vn 0.0562 -0.0756 0.9956
vn 0.0945 -0.0651 0.9934
vn 0.1320 -0.0517 0.9899
vn 0.1649 -0.0367 0.9856
vn 0.1904 -0.0217 0.9815
vn 0.2063 -0.0084 0.9784
vn 0.2118 0.0000 0.9773
vn 0.2063 0.0084 0.9784
vn 0.1904 0.0217 0.9815
vn 0.1649 0.0367 0.9856
vn 0.1320 0.0517 0.9899
vn 0.0945 0.0651 0.9934
vn 0.0562 0.0756 0.9956
vn 0.0219 0.0822 0.9964
vn 0.0000 0.0845 0.9964
vn -0.0219 0.0822 0.9964
vn -0.0562 0.0756 0.9956
vn -0.0945 0.0651 0.9934
vn -0.1320 0.0517 0.9899
vn -0.1649 0.0367 0.9856
vn -0.1904 0.0217 0.9815
vn -0.2063 0.0084 0.9784
vn -0.2118 0.0000 0.9773
vn -0.0746 -0.0000 0.9972
vn -0.0726 -0.0030 0.9974
vn -0.0668 -0.0076 0.9977
vn -0.0577 -0.0128 0.9983
vn -0.0460 -0.0180 0.9988
vn -0.0328 -0.0226 0.9992
vn -0.0195 -0.0262 0.9995
vn -0.0076 -0.0285 0.9996
vn 0.0000 -0.0293 0.9996
vn 0.0076 -0.0285 0.9996
vn 0.0195 -0.0262 0.9995
vn 0.0328 -0.0226 0.9992
vn 0.0460 -0.0180 0.9988
vn 0.0577 -0.0128 0.9983
vn 0.0668 -0.0076 0.9977
vn 0.0726 -0.0030 0.9974
vn 0.0746 0.0000 0.9972
vn 0.0726 0.0030 0.9974
vn 0.0668 0.0076 0.9977
vn 0.0577 0.0128 0.9983
vn 0.0460 0.0180 0.9988
vn 0.0328 0.0226 0.9992
vn 0.0195 0.0262 0.9995
vn 0.0076 0.0285 0.9996
vn 0.0000 0.0293 0.9996
vn -0.0076 0.0285 0.9996
vn -0.0195 0.0262 0.9995
vn -0.0328 0.0226 0.9992
vn -0.0460 0.0180 0.9988
vn -0.0577 0.0128 0.9983
vn -0.0668 0.0076 0.9977
vn -0.0726 0.0030 0.9974
vn -0.0746 0.0000 0.9972
vn -0.0000 -0.0000 1.0000
vn -0.0000 -0.0000 1.0000
vn -0.0000 -0.0000 1.0000
vn -0.0000 -0.0000 1.0000
vn -0.0000 -0.0000 1.0000
vn -0.0000 -0.0000 1.0000
vn -0.0000 -0.0000 1.0000
vn -0.0000 -0.0000 1.0000
vn 0.0000 -0.0000 1.0000
vn 0.0000 -0.0000 1.0000
vn 0.0000 -0.0000 1.0000
vn 0.0000 -0.0000 1.0000
vn 0.0000 -0.0000 1.0000
vn 0.0000 -0.0000 1.0000
vn 0.0000 -0.0000 1.0000
vn 0.0000 -0.0000 1.0000
vn 0.0000 0.0000 1.0000
vn 0.0000 0.0000 1.0000
vn 0.0000 0.0000 1.0000
vn 0.0000 0.0000 1.0000
vn 0.0000 0.0000 1.0000
vn 0.0000 0.0000 1.0000
vn 0.0000 0.0000 1.0000
vn 0.0000 0.0000 1.0000
vn 0.0000 0.0000 1.0000
vn -0.0000 0.0000 1.0000
vn -0.0000 0.0000 1.0000
vn -0.0000 0.0000 1.0000
vn -0.0000 0.0000 1.0000
vn -0.0000 0.0000 1.0000
vn -0.0000 0.0000 1.0000
vn -0.0000 0.0000 1.0000
vn -0.0000 0.0000 1.0000
vn 1.0000 0.0001 0.0050
vn 0.9659 -0.2587 0.0100
vn 0.8660 -0.4998 0.0143
vn 0.7071 -0.7069 0.0177
vn 0.5000 -0.8658 0.0198
vn 0.2588 -0.9657 0.0206
vn 0.0000 -0.9998 0.0200
vn -0.2588 -0.9658 0.0180
vn -0.5000 -0.8659 0.0148
vn -0.7071 -0.7070 0.0106
vn -0.8660 -0.5000 0.0057
vn -0.9659 -0.2589 0.0003
vn -1.0000 -0.0001 -0.0050
vn -0.9659 0.2587 -0.0100
vn -0.8660 0.4998 -0.0143
vn -0.7071 0.7069 -0.0177
vn -0.5000 0.8658 -0.0198
vn -0.2588 0.9657 -0.0206
vn -0.0000 0.9998 -0.0200
vn 0.2588 0.9658 -0.0180
vn 0.5000 0.8659 -0.0148
vn 0.7071 0.7070 -0.0106
vn 0.8660 0.5000 -0.0057
vn 0.9659 0.2589 -0.0003
vn 1.0000 0.0001 0.0050
vn 1.0000 0.0001 0.0048
vn 0.9659 -0.2587 0.0108
vn 0.8660 -0.4998 0.0160
vn 0.7071 -0.7068 0.0202
vn 0.5000 -0.8657 0.0230
vn 0.2588 -0.9656 0.0242
vn -0.0000 -0.9997 0.0238
vn -0.2588 -0.9657 0.0218
vn -0.5000 -0.8658 0.0182
vn -0.7071 -0.7070 0.0135
vn -0.8660 -0.4999 0.0078
vn -0.9659 -0.2588 0.0016
vn -1.0000 -0.0001 -0.0048
vn -0.9659 0.2587 -0.0108
vn -0.8660 0.4998 -0.0160
vn -0.7071 0.7068 -0.0202
vn -0.5000 0.8657 -0.0230
vn -0.2588 0.9656 -0.0242
vn 0.0000 0.9997 -0.0238
vn 0.2588 0.9657 -0.0218
vn 0.5000 0.8658 -0.0182
vn 0.7071 0.7070 -0.0135
vn 0.8660 0.4999 -0.0078
vn 0.9659 0.2588 -0.0016
vn 1.0000 0.0001 0.0048
vn 1.0000 0.0001 0.0095
vn 0.9659 -0.2587 0.0092
vn 0.8660 -0.4999 0.0082
vn 0.7071 -0.7070 0.0067
vn 0.5001 -0.8660 0.0048
vn 0.2589 -0.9659 0.0025
vn 0.0001 -1.0000 0.0000
vn -0.2587 -0.9660 -0.0025
vn -0.4999 -0.8661 -0.0048
vn -0.7070 -0.7072 -0.0067
vn -0.8659 -0.5001 -0.0082
vn -0.9659 -0.2589 -0.0092
vn -1.0000 -0.0001 -0.0095
vn -0.9659 0.2587 -0.0092
vn -0.8660 0.4999 -0.0082
vn -0.7071 0.7070 -0.0067
vn -0.5001 0.8660 -0.0048
vn -0.2589 0.9659 -0.0025
vn -0.0001 1.0000 -0.0000
vn 0.2587 0.9660 0.0025
vn 0.4999 0.8661 0.0048
vn 0.7070 0.7072 0.0067
vn 0.8659 0.5001 0.0082
vn 0.9659 0.2589 0.0092
vn 1.0000 0.0001 0.0095
vn 0.9999 -0.0000 0.0146
vn 0.9659 -0.2588 0.0078
vn 0.8661 -0.4999 0.0005
vn 0.7073 -0.7069 -0.0069
vn 0.5002 -0.8658 -0.0138
vn 0.2591 -0.9656 -0.0198
vn 0.0003 -0.9997 -0.0244
vn -0.2585 -0.9656 -0.0273
vn -0.4997 -0.8658 -0.0284
vn -0.7068 -0.7069 -0.0276
vn -0.8658 -0.4998 -0.0249
vn -0.9657 -0.2587 -0.0204
vn -0.9999 0.0000 -0.0146
vn -0.9659 0.2588 -0.0078
vn -0.8661 0.4999 -0.0005
vn -0.7073 0.7069 0.0069
vn -0.5002 0.8658 0.0138
vn -0.2591 0.9656 0.0198
vn -0.0003 0.9997 0.0244
vn 0.2585 0.9656 0.0273
vn 0.4997 0.8658 0.0284
vn 0.7068 0.7069 0.0276
vn 0.8658 0.4998 0.0249
vn 0.9657 0.2587 0.0204
vn 0.9999 -0.0000 0.0146
vn 0.9999 -0.0000 0.0143
vn 0.9659 -0.2588 0.0089
vn 0.8661 -0.4999 0.0028
vn 0.7072 -0.7070 -0.0034
vn 0.5002 -0.8659 -0.0093
vn 0.2590 -0.9658 -0.0147
vn 0.0002 -0.9998 -0.0190
vn -0.2586 -0.9657 -0.0221
vn -0.4997 -0.8659 -0.0236
vn -0.7069 -0.7070 -0.0236
vn -0.8658 -0.4999 -0.0219
vn -0.9658 -0.2587 -0.0187
vn -0.9999 0.0000 -0.0143
vn -0.9659 0.2588 -0.0089
vn -0.8661 0.4999 -0.0028
vn -0.7072 0.7070 0.0034
vn -0.5002 0.8659 0.0093
vn -0.2590 0.9658 0.0147
vn -0.0002 0.9998 0.0190
vn 0.2586 0.9657 0.0221
vn 0.4997 0.8659 0.0236
vn 0.7069 0.7070 0.0236
vn 0.8658 0.4999 0.0219
vn 0.9658 0.2587 0.0187
vn 0.9999 -0.0000 0.0143
vn -0.0050 0.0200 0.9998
vn -0.0050 0.0200 0.9998
vn -0.0050 0.0200 0.9998
vn -0.0050 0.0200 0.9998
vn -0.0050 0.0200 0.9998
vn -0.0050 0.0200 0.9998
vn -0.0050 0.0200 0.9998
vn -0.0050 0.0200 0.9998
vn -0.0050 0.0200 0.9998
vn -0.0050 0.0200 0.9998
vn -0.0050 0.0200 0.9998
vn -0.0050 0.0200 0.9998
vn -0.0050 0.0200 0.9998
vn -0.0050 0.0200 0.9998
vn -0.0050 0.0200 0.9998
vn -0.0050 0.0200 0.9998
vn -0.0050 0.0200 0.9998
vn -0.0050 0.0200 0.9998
vn -0.0050 0.0200 0.9998
vn -0.0050 0.0200 0.9998
vn -0.0050 0.0200 0.9998
vn -0.0050 0.0200 0.9998
vn -0.0050 0.0200 0.9998
vn -0.0050 0.0200 0.9998
vn -0.0050 0.0200 0.9998
vn -0.0050 0.0200 0.9998
vn 0.0143 0.0190 -0.9997
vn 0.0143 0.0190 -0.9997
vn 0.0143 0.0190 -0.9997
vn 0.0143 0.0190 -0.9997
vn 0.0143 0.0190 -0.9997
vn 0.0143 0.0190 -0.9997
vn 0.0143 0.0190 -0.9997
vn 0.0143 0.0190 -0.9997
vn 0.0143 0.0190 -0.9997
vn 0.0143 0.0190 -0.9997
vn 0.0143 0.0190 -0.9997
vn 0.0143 0.0190 -0.9997
vn 0.0143 0.0190 -0.9997
vn 0.0143 0.0190 -0.9997
vn 0.0143 0.0190 -0.9997
vn 0.0143 0.0190 -0.9997
vn 0.0143 0.0190 -0.9997
vn 0.0143 0.0190 -0.9997
vn 0.0143 0.0190 -0.9997
vn 0.0143 0.0190 -0.9997
vn 0.0143 0.0190 -0.9997
vn 0.0143 0.0190 -0.9997
vn 0.0143 0.0190 -0.9997
vn 0.0143 0.0190 -0.9997
vn 0.0143 0.0190 -0.9997
vn 0.0143 0.0190 -0.9997
vn -0.0000 -0.0000 -1.0000
vn -0.0000 -0.0000 -1.0000
vn -0.0000 -0.0000 -1.0000
vn -0.0000 -0.0000 -1.0000
vn -0.0000 -0.0000 -1.0000
vn -0.0000 -0.0000 -1.0000
vn -0.0000 -0.0000 -1.0000
vn -0.0000 -0.0000 -1.0000
vn 0.0000 -0.0000 -1.0000
vn 0.0000 -0.0000 -1.0000
vn 0.0000 -0.0000 -1.0000
vn 0.0000 -0.0000 -1.0000
vn 0.0000 -0.0000 -1.0000
vn 0.0000 -0.0000 -1.0000
vn 0.0000 -0.0000 -1.0000
vn 0.0000 -0.0000 -1.0000
vn 0.0000 0.0000 -1.0000
vn 0.0000 0.0000 -1.0000
vn 0.0000 0.0000 -1.0000
vn 0.0000 0.0000 -1.0000
vn 0.0000 0.0000 -1.0000
vn 0.0000 0.0000 -1.0000
vn 0.0000 0.0000 -1.0000
vn 0.0000 0.0000 -1.0000
vn 0.0000 0.0000 -1.0000
vn -0.0000 0.0000 -1.0000
vn -0.0000 0.0000 -1.0000
vn -0.0000 0.0000 -1.0000
vn -0.0000 0.0000 -1.0000
vn -0.0000 0.0000 -1.0000
vn -0.0000 0.0000 -1.0000
vn -0.0000 0.0000 -1.0000
vn -0.0000 0.0000 -1.0000
vn -0.0746 -0.0000 -0.9972
vn -0.0726 -0.0030 -0.9974
vn -0.0668 -0.0076 -0.9977
vn -0.0577 -0.0128 -0.9983
vn -0.0460 -0.0180 -0.9988
vn -0.0328 -0.0226 -0.9992
vn -0.0195 -0.0262 -0.9995
vn -0.0076 -0.0285 -0.9996
vn 0.0000 -0.0293 -0.9996
vn 0.0076 -0.0285 -0.9996
vn 0.0195 -0.0262 -0.9995
vn 0.0328 -0.0226 -0.9992
vn 0.0460 -0.0180 -0.9988
vn 0.0577 -0.0128 -0.9983
vn 0.0668 -0.0076 -0.9977
vn 0.0726 -0.0030 -0.9974
vn 0.0746 0.0000 -0.9972
vn 0.0726 0.0030 -0.9974
vn 0.0668 0.0076 -0.9977
vn 0.0577 0.0128 -0.9983
vn 0.0460 0.0180 -0.9988
vn 0.0328 0.0226 -0.9992
vn 0.0195 0.0262 -0.9995
vn 0.0076 0.0285 -0.9996
vn 0.0000 0.0293 -0.9996
vn -0.0076 0.0285 -0.9996
vn -0.0195 0.0262 -0.9995
vn -0.0328 0.0226 -0.9992
vn -0.0460 0.0180 -0.9988
vn -0.0577 0.0128 -0.9983
vn -0.0668 0.0076 -0.9977
vn -0.0726 0.0030 -0.9974
vn -0.0746 0.0000 -0.9972
vn -0.2118 -0.0000 -0.9773
vn -0.2063 -0.0084 -0.9784
vn -0.1904 -0.0217 -0.9815
vn -0.1649 -0.0367 -0.9856
vn -0.1320 -0.0517 -0.9899
vn -0.0945 -0.0651 -0.9934
vn -0.0562 -0.0756 -0.9956
vn -0.0219 -0.0822 -0.9964
vn 0.0000 -0.0845 -0.9964
vn 0.0219 -0.0822 -0.9964
vn 0.0562 -0.0756 -0.9956
vn 0.0945 -0.0651 -0.9934
vn 0.1320 -0.0517 -0.9899
vn 0.1649 -0.0367 -0.9856
vn 0.1904 -0.0217 -0.9815
vn 0.2063 -0.0084 -0.9784
vn 0.2118 0.0000 -0.9773
vn 0.2063 0.0084 -0.9784
vn 0.1904 0.0217 -0.9815
vn 0.1649 0.0367 -0.9856
vn 0.1320 0.0517 -0.9899
vn 0.0945 0.0651 -0.9934
vn 0.0562 0.0756 -0.9956
vn 0.0219 0.0822 -0.9964
vn 0.0000 0.0845 -0.9964
vn -0.0219 0.0822 -0.9964
vn -0.0562 0.0756 -0.9956
vn -0.0945 0.0651 -0.9934
vn -0.1320 0.0517 -0.9899
vn -0.1649 0.0367 -0.9856
vn -0.1904 0.0217 -0.9815
vn -0.2063 0.0084 -0.9784
vn -0.2118 0.0000 -0.9773
vn -0.3977 -0.0000 -0.9175
vn -0.3886 -0.0159 -0.9213
vn -0.3614 -0.0412 -0.9315
vn -0.3167 -0.0705 -0.9459
vn -0.2565 -0.1004 -0.9613
vn -0.1855 -0.1276 -0.9743
vn -0.1110 -0.1492 -0.9826
vn -0.0434 -0.1627 -0.9857
vn 0.0000 -0.1672 -0.9859
vn 0.0434 -0.1627 -0.9857
vn 0.1110 -0.1492 -0.9826
vn 0.1855 -0.1276 -0.9743
vn 0.2565 -0.1004 -0.9613
vn 0.3167 -0.0705 -0.9459
vn 0.3614 -0.0412 -0.9315
vn 0.3886 -0.0159 -0.9213
vn 0.3977 0.0000 -0.9175
vn 0.3886 0.0159 -0.9213
vn 0.3614 0.0412 -0.9315
vn 0.3167 0.0705 -0.9459
vn 0.2565 0.1004 -0.9613
vn 0.1855 0.1276 -0.9743
vn 0.1110 0.1492 -0.9826
vn 0.0434 0.1627 -0.9857
vn 0.0000 0.1672 -0.9859
vn -0.0434 0.1627 -0.9857
vn -0.1110 0.1492 -0.9826
vn -0.1855 0.1276 -0.9743
vn -0.2565 0.1004 -0.9613
vn -0.3167 0.0705 -0.9459
vn -0.3614 0.0412 -0.9315
vn -0.3886 0.0159 -0.9213
vn -0.3977 0.0000 -0.9175
vn -0.6139 -0.0000 -0.7894
vn -0.6034 -0.0246 -0.7971
vn -0.5701 -0.0650 -0.8190
vn -0.5116 -0.1138 -0.8517
vn -0.4258 -0.1666 -0.8893
vn -0.3155 -0.2171 -0.9237
vn -0.1919 -0.2580 -0.9469
vn -0.0755 -0.2832 -0.9561
vn 0.0000 -0.2912 -0.9567
vn 0.0755 -0.2832 -0.9561
vn 0.1919 -0.2580 -0.9469
vn 0.3155 -0.2171 -0.9237
vn 0.4258 -0.1666 -0.8893
vn 0.5116 -0.1138 -0.8517
vn 0.5701 -0.0650 -0.8190
vn 0.6034 -0.0246 -0.7971
vn 0.6139 0.0000 -0.7894
vn 0.6034 0.0246 -0.7971
vn 0.5701 0.0650 -0.8190
vn 0.5116 0.1138 -0.8517
vn 0.4258 0.1666 -0.8893
vn 0.3155 0.2171 -0.9237
vn 0.1919 0.2580 -0.9469
vn 0.0755 0.2832 -0.9561
vn 0.0000 0.2912 -0.9567
vn -0.0755 0.2832 -0.9561
vn -0.1919 0.2580 -0.9469
vn -0.3155 0.2171 -0.9237
vn -0.4258 0.1666 -0.8893
vn -0.5116 0.1138 -0.8517
vn -0.5701 0.0650 -0.8190
vn -0.6034 0.0246 -0.7971
vn -0.6139 0.0000 -0.7894
vn -0.8129 -0.0000 -0.5824
vn -0.8048 -0.0328 -0.5926
vn -0.7776 -0.0886 -0.6225
vn -0.7235 -0.1610 -0.6713
vn -0.6314 -0.2471 -0.7350
vn -0.4917 -0.3384 -0.8023
vn -0.3106 -0.4174 -0.8540
vn -0.1241 -0.4657 -0.8762
vn 0.0000 -0.4793 -0.8777
vn 0.1241 -0.4657 -0.8762
vn 0.3106 -0.4174 -0.8540
vn 0.4917 -0.3384 -0.8023
vn 0.6314 -0.2471 -0.7350
vn 0.7235 -0.1610 -0.6713
vn 0.7776 -0.0886 -0.6225
vn 0.8048 -0.0328 -0.5926
vn 0.8129 0.0000 -0.5824
vn 0.8048 0.0328 -0.5926
vn 0.7776 0.0886 -0.6225
vn 0.7235 0.1610 -0.6713
vn 0.6314 0.2471 -0.7350
vn 0.4917 0.3384 -0.8023
vn 0.3106 0.4174 -0.8540
vn 0.1241 0.4657 -0.8762
vn 0.0000 0.4793 -0.8777
vn -0.1241 0.4657 -0.8762
vn -0.3106 0.4174 -0.8540
vn -0.4917 0.3384 -0.8023
vn -0.6314 0.2471 -0.7350
vn -0.7235 0.1610 -0.6713
vn -0.7776 0.0886 -0.6225
vn -0.8048 0.0328 -0.5926
vn -0.8129 0.0000 -0.5824
vn -0.9414 -0.0000 -0.3372
vn -0.9378 -0.0383 -0.3452
vn -0.9233 -0.1052 -0.3695
vn -0.8892 -0.1979 -0.4124
vn -0.8188 -0.3204 -0.4764
vn -0.6838 -0.4705 -0.5577
vn -0.4615 -0.6202 -0.6343
vn -0.1905 -0.7151 -0.6726
vn 0.0000 -0.7376 -0.6752
vn 0.1905 -0.7151 -0.6726
vn 0.4615 -0.6202 -0.6343
vn 0.6838 -0.4705 -0.5577
vn 0.8188 -0.3204 -0.4764
vn 0.8892 -0.1979 -0.4124
vn 0.9233 -0.1052 -0.3695
vn 0.9378 -0.0383 -0.3452
vn 0.9414 0.0000 -0.3372
vn 0.9378 0.0383 -0.3452
vn 0.9233 0.1052 -0.3695
vn 0.8892 0.1979 -0.4124
vn 0.8188 0.3204 -0.4764
vn 0.6838 0.4705 -0.5577
vn 0.4615 0.6202 -0.6343
vn 0.1905 0.7151 -0.6726
vn 0.0000 0.7376 -0.6752
vn -0.1905 0.7151 -0.6726
vn -0.4615 0.6202 -0.6343
vn -0.6838 0.4705 -0.5577
vn -0.8188 0.3204 -0.4764
vn -0.8892 0.1979 -0.4124
vn -0.9233 0.1052 -0.3695
vn -0.9378 0.0383 -0.3452
vn -0.9414 0.0000 -0.3372
vn -0.9924 -0.0000 -0.1227
vn -0.9912 -0.0404 -0.1259
vn -0.9843 -0.1121 -0.1360
vn -0.9644 -0.2146 -0.1544
vn -0.9154 -0.3582 -0.1839
vn -0.8025 -0.5522 -0.2260
vn -0.5743 -0.7719 -0.2725
vn -0.2457 -0.9220 -0.2994
vn 0.0000 -0.9535 -0.3013
vn 0.2457 -0.9220 -0.2994
vn 0.5743 -0.7719 -0.2725
vn 0.8025 -0.5522 -0.2260
vn 0.9154 -0.3582 -0.1839
vn 0.9644 -0.2146 -0.1544
vn 0.9843 -0.1121 -0.1360
vn 0.9912 -0.0404 -0.1259
vn 0.9924 0.0000 -0.1227
vn 0.9912 0.0404 -0.1259
vn 0.9843 0.1121 -0.1360
vn 0.9644 0.2146 -0.1544
vn 0.9154 0.3582 -0.1839
vn 0.8025 0.5522 -0.2260
vn 0.5743 0.7719 -0.2725
vn 0.2457 0.9220 -0.2994
vn 0.0000 0.9535 -0.3013
vn -0.2457 0.9220 -0.2994
vn -0.5743 0.7719 -0.2725
vn -0.8025 0.5522 -0.2260
vn -0.9154 0.3582 -0.1839
vn -0.9644 0.2146 -0.1544
vn -0.9843 0.1121 -0.1360
vn -0.9912 0.0404 -0.1259
vn -0.9924 0.0000 -0.1227
vn -1.0000 -0.0000 0.0000
vn -0.9992 -0.0408 0.0000
vn -0.9936 -0.1132 0.0000
vn -0.9761 -0.2172 0.0000
vn -0.9312 -0.3644 0.0000
vn -0.8238 -0.5669 0.0000
vn -0.5969 -0.8023 0.0000
vn -0.2575 -0.9663 0.0000
vn 0.0000 -1.0000 0.0000
vn 0.2575 -0.9663 0.0000
vn 0.5969 -0.8023 0.0000
vn 0.8238 -0.5669 0.0000
vn 0.9312 -0.3644 0.0000
vn 0.9761 -0.2172 0.0000
vn 0.9936 -0.1132 0.0000
vn 0.9992 -0.0408 0.0000
vn 1.0000 0.0000 0.0000
vn 0.9992 0.0408 0.0000
vn 0.9936 0.1132 0.0000
vn 0.9761 0.2172 0.0000
vn 0.9312 0.3644 0.0000
vn 0.8238 0.5669 0.0000
vn 0.5969 0.8023 0.0000
vn 0.2575 0.9663 0.0000
vn 0.0000 1.0000 0.0000
vn -0.2575 0.9663 0.0000
vn -0.5969 0.8023 0.0000
vn -0.8238 0.5669 0.0000
vn -0.9312 0.3644 0.0000
vn -0.9761 0.2172 0.0000
vn -0.9936 0.1132 0.0000
vn -0.9992 0.0408 0.0000
vn -1.0000 0.0000 0.0000
vn -0.9924 -0.0000 0.1227
vn -0.9912 -0.0404 0.1259
vn -0.9843 -0.1121 0.1360
vn -0.9644 -0.2146 0.1544
vn -0.9154 -0.3582 0.1839
vn -0.8025 -0.5522 0.2260
vn -0.5743 -0.7719 0.2725
vn -0.2457 -0.9220 0.2994
vn 0.0000 -0.9535 0.3013
vn 0.2457 -0.9220 0.2994
vn 0.5743 -0.7719 0.2725
vn 0.8025 -0.5522 0.2260
vn 0.9154 -0.3582 0.1839
vn 0.9644 -0.2146 0.1544
vn 0.9843 -0.1121 0.1360
vn 0.9912 -0.0404 0.1259
vn 0.9924 0.0000 0.1227
vn 0.9912 0.0404 0.1259
vn 0.9843 0.1121 0.1360
vn 0.9644 0.2146 0.1544
vn 0.9154 0.3582 0.1839
vn 0.8025 0.5522 0.2260
vn 0.5743 0.7719 0.2725
vn 0.2457 0.9220 0.2994
vn 0.0000 0.9535 0.3013
vn -0.2457 0.9220 0.2994
vn -0.5743 0.7719 0.2725
vn -0.8025 0.5522 0.2260
vn -0.9154 0.3582 0.1839
vn -0.9644 0.2146 0.1544
vn -0.9843 0.1121 0.1360
vn -0.9912 0.0404 0.1259
vn -0.9924 0.0000 0.1227
vn -0.9414 -0.0000 0.3372
vn -0.9378 -0.0383 0.3452
vn -0.9233 -0.1052 0.3695
vn -0.8892 -0.1979 0.4124
vn -0.8188 -0.3204 0.4764
vn -0.6838 -0.4705 0.5577
vn -0.4615 -0.6202 0.6343
vn -0.1905 -0.7151 0.6726
vn 0.0000 -0.7376 0.6752
vn 0.1905 -0.7151 0.6726
vn 0.4615 -0.6202 0.6343
vn 0.6838 -0.4705 0.5577
vn 0.8188 -0.3204 0.4764
vn 0.8892 -0.1979 0.4124
vn 0.9233 -0.1052 0.3695
vn 0.9378 -0.0383 0.3452
vn 0.9414 0.0000 0.3372
vn 0.9378 0.0383 0.3452
vn 0.9233 0.1052 0.3695
vn 0.8892 0.1979 0.4124
vn 0.8188 0.3204 0.4764
vn 0.6838 0.4705 0.5577
vn 0.4615 0.6202 0.6343
vn 0.1905 0.7151 0.6726
vn 0.0000 0.7376 0.6752
vn -0.1905 0.7151 0.6726
vn -0.4615 0.6202 0.6343
vn -0.6838 0.4705 0.5577
vn -0.8188 0.3204 0.4764
vn -0.8892 0.1979 0.4124
vn -0.9233 0.1052 0.3695
vn -0.9378 0.0383 0.3452
vn -0.9414 0.0000 0.3372
vn -0.8129 -0.0000 0.5824
vn -0.8048 -0.0328 0.5926
vn -0.7776 -0.0886 0.6225
vn -0.7235 -0.1610 0.6713
vn -0.6314 -0.2471 0.7350
vn -0.4917 -0.3384 0.8023
vn -0.3106 -0.4174 0.8540
vn -0.1241 -0.4657 0.8762
vn 0.0000 -0.4793 0.8777
vn 0.1241 -0.4657 0.8762
vn 0.3106 -0.4174 0.8540
vn 0.4917 -0.3384 0.8023
vn 0.6314 -0.2471 0.7350
vn 0.7235 -0.1610 0.6713
vn 0.7776 -0.0886 0.6225
vn 0.8048 -0.0328 0.5926
vn 0.8129 0.0000 0.5824
vn 0.8048 0.0328 0.5926
vn 0.7776 0.0886 0.6225
vn 0.7235 0.1610 0.6713
vn 0.6314 0.2471 0.7350
vn 0.4917 0.3384 0.8023
vn 0.3106 0.4174 0.8540
vn 0.1241 0.4657 0.8762
vn 0.0000 0.4793 0.8777
vn -0.1241 0.4657 0.8762
vn -0.3106 0.4174 0.8540
vn -0.4917 0.3384 0.8023
vn -0.6314 0.2471 0.7350
vn -0.7235 0.1610 0.6713
vn -0.7776 0.0886 0.6225
vn -0.8048 0.0328 0.5926
vn -0.8129 0.0000 0.5824
vn -0.6139 -0.0000 0.7894
vn -0.6034 -0.0246 0.7971
vn -0.5701 -0.0650 0.8190
vn -0.5116 -0.1138 0.8517
vn -0.4258 -0.1666 0.8893
vn -0.3155 -0.2171 0.9237
vn -0.1919 -0.2580 0.9469
vn -0.0755 -0.2832 0.9561
vn 0.0000 -0.2912 0.9567
vn 0.0755 -0.2832 0.9561
vn 0.1919 -0.2580 0.9469
vn 0.3155 -0.2171 0.9237
vn 0.4258 -0.1666 0.8893
vn 0.5116 -0.1138 0.8517
vn 0.5701 -0.0650 0.8190
vn 0.6034 -0.0246 0.7971
vn 0.6139 0.0000 0.7894
vn 0.6034 0.0246 0.7971
vn 0.5701 0.0650 0.8190
vn 0.5116 0.1138 0.8517
vn 0.4258 0.1666 0.8893
vn 0.3155 0.2171 0.9237
vn 0.1919 0.2580 0.9469
vn 0.0755 0.2832 0.9561
vn 0.0000 0.2912 0.9567
vn -0.0755 0.2832 0.9561
vn -0.1919 0.2580 0.9469
vn -0.3155 0.2171 0.9237
vn -0.4258 0.1666 0.8893
vn -0.5116 0.1138 0.8517
vn -0.5701 0.0650 0.8190
vn -0.6034 0.0246 0.7971
vn -0.6139 0.0000 0.7894
vn -0.3977 -0.0000 0.9175
vn -0.3886 -0.0159 0.9213
vn -0.3614 -0.0412 0.9315
vn -0.3167 -0.0705 0.9459
vn -0.2565 -0.1004 0.9613
vn -0.1855 -0.1276 0.9743
vn -0.1110 -0.1492 0.9826
vn -0.0434 -0.1627 0.9857
vn 0.0000 -0.1672 0.9859
vn 0.0434 -0.1627 0.9857
vn 0.1110 -0.1492 0.9826
vn 0.1855 -0.1276 0.9743
vn 0.2565 -0.1004 0.9613
vn 0.3167 -0.0705 0.9459
vn 0.3614 -0.0412 0.9315
vn 0.3886 -0.0159 0.9213
vn 0.3977 0.0000 0.9175
vn 0.3886 0.0159 0.9213
vn 0.3614 0.0412 0.9315
vn 0.3167 0.0705 0.9459
vn 0.2565 0.1004 0.9613
vn 0.1855 0.1276 0.9743
vn 0.1110 0.1492 0.9826
vn 0.0434 0.1627 0.9857
vn 0.0000 0.1672 0.9859
vn -0.0434 0.1627 0.9857
vn -0.1110 0.1492 0.9826
vn -0.1855 0.1276 0.9743
vn -0.2565 0.1004 0.9613
vn -0.3167 0.0705 0.9459
vn -0.3614 0.0412 0.9315
vn -0.3886 0.0159 0.9213
vn -0.3977 0.0000 0.9175
vn -0.2118 -0.0000 0.9773
vn -0.2063 -0.0084 0.9784
vn -0.1904 -0.0217 0.9815
vn -0.1649 -0.0367 0.9856
vn -0.1320 -0.0517 0.9899
vn -0.0945 -0.0651 0.9934
vn -0.0562 -0.0756 0.9956
vn -0.0219 -0.0822 0.9964
vn 0.0000 -0.0845 0.9964
vn 0.0219 -0.0822 0.9964
vn 0.0562 -0.0756 0.9956
vn 0.0945 -0.0651 0.9934
vn 0.1320 -0.0517 0.9899
vn 0.1649 -0.0367 0.9856
vn 0.1904 -0.0217 0.9815
vn 0.2063 -0.0084 0.9784
vn 0.2118 0.0000 0.9773
vn 0.2063 0.0084 0.9784
vn 0.1904 0.0217 0.9815
vn 0.1649 0.0367 0.9856
vn 0.1320 0.0517 0.9899
vn 0.0945 0.0651 0.9934
vn 0.0562 0.0756 0.9956
vn 0.0219 0.0822 0.9964
vn 0.0000 0.0845 0.9964
vn -0.0219 0.0822 0.9964
vn -0.0562 0.0756 0.9956
vn -0.0945 0.0651 0.9934
vn -0.1320 0.0517 0.9899
vn -0.1649 0.0367 0.9856
vn -0.1904 0.0217 0.9815
vn -0.2063 0.0084 0.9784
vn -0.2118 0.0000 0.9773
vn -0.0746 -0.0000 0.9972
vn -0.0726 -0.0030 0.9974
vn -0.0668 -0.0076 0.9977
vn -0.0577 -0.0128 0.9983
vn -0.0460 -0.0180 0.9988
vn -0.0328 -0.0226 0.9992
vn -0.0195 -0.0262 0.9995
vn -0.0076 -0.0285 0.9996
vn 0.0000 -0.0293 0.9996
vn 0.0076 -0.0285 0.9996
vn 0.0195 -0.0262 0.9995
vn 0.0328 -0.0226 0.9992
vn 0.0460 -0.0180 0.9988
vn 0.0577 -0.0128 0.9983
vn 0.0668 -0.0076 0.9977
vn 0.0726 -0.0030 0.9974
vn 0.0746 0.0000 0.9972
vn 0.0726 0.0030 0.9974
vn 0.0668 0.0076 0.9977
vn 0.0577 0.0128 0.9983
vn 0.0460 0.0180 0.9988
vn 0.0328 0.0226 0.9992
vn 0.0195 0.0262 0.9995
vn 0.0076 0.0285 0.9996
vn 0.0000 0.0293 0.9996
vn -0.0076 0.0285 0.9996
vn -0.0195 0.0262 0.9995
vn -0.0328 0.0226 0.9992
vn -0.0460 0.0180 0.9988
vn -0.0577 0.0128 0.9983
vn -0.0668 0.0076 0.9977
vn -0.0726 0.0030 0.9974
vn -0.0746 0.0000 0.9972
vn -0.0000 -0.0000 1.0000
vn -0.0000 -0.0000 1.0000
vn -0.0000 -0.0000 1.0000
vn -0.0000 -0.0000 1.0000
vn -0.0000 -0.0000 1.0000
vn -0.0000 -0.0000 1.0000
vn -0.0000 -0.0000 1.0000
vn -0.0000 -0.0000 1.0000
vn 0.0000 -0.0000 1.0000
vn 0.0000 -0.0000 1.0000
vn 0.0000 -0.0000 1.0000
vn 0.0000 -0.0000 1.0000
vn 0.0000 -0.0000 1.0000
vn 0.0000 -0.0000 1.0000
vn 0.0000 -0.0000 1.0000
vn 0.0000 -0.0000 1.0000
vn 0.0000 0.0000 1.0000
vn 0.0000 0.0000 1.0000
vn 0.0000 0.0000 1.0000
vn 0.0000 0.0000 1.0000
vn 0.0000 0.0000 1.0000
vn 0.0000 0.0000 1.0000
vn 0.0000 0.0000 1.0000
vn 0.0000 0.0000 1.0000
vn 0.0000 0.0000 1.0000
vn -0.0000 0.0000 1.0000
vn -0.0000 0.0000 1.0000
vn -0.0000 0.0000 1.0000
vn -0.0000 0.0000 1.0000
vn -0.0000 0.0000 1.0000
vn -0.0000 0.0000 1.0000
vn -0.0000 0.0000 1.0000
vn -0.0000 0.0000 1.0000
vn 1.0000 -0.0001 -0.0050
vn 0.9659 -0.2589 0.0003
vn 0.8660 -0.5000 0.0057
vn 0.7071 -0.7070 0.0106
vn 0.5000 -0.8659 0.0148
vn 0.2588 -0.9658 0.0180
vn 0.0000 -0.9998 0.0200
vn -0.2588 -0.9657 0.0206
vn -0.5000 -0.8658 0.0198
vn -0.7071 -0.7069 0.0177
vn -0.8660 -0.4998 0.0143
vn -0.9659 -0.2587 0.0100
vn -1.0000 0.0001 0.0050
vn -0.9659 0.2589 -0.0003
vn -0.8660 0.5000 -0.0057
vn -0.7071 0.7070 -0.0106
vn -0.5000 0.8659 -0.0148
vn -0.2588 0.9658 -0.0180
vn -0.0000 0.9998 -0.0200
vn 0.2588 0.9657 -0.0206
vn 0.5000 0.8658 -0.0198
vn 0.7071 0.7069 -0.0177
vn 0.8660 0.4998 -0.0143
vn 0.9659 0.2587 -0.0100
vn 1.0000 -0.0001 -0.0050
vn 1.0000 -0.0001 -0.0048
vn 0.9659 -0.2588 0.0016
vn 0.8660 -0.4999 0.0078
vn 0.7071 -0.7070 0.0135
vn 0.5000 -0.8658 0.0182
vn 0.2588 -0.9657 0.0218
vn 0.0000 -0.9997 0.0238
vn -0.2588 -0.9656 0.0242
vn -0.5000 -0.8657 0.0230
vn -0.7071 -0.7068 0.0202
vn -0.8660 -0.4998 0.0160
vn -0.9659 -0.2587 0.0108
vn -1.0000 0.0001 0.0048
vn -0.9659 0.2588 -0.0016
vn -0.8660 0.4999 -0.0078
vn -0.7071 0.7070 -0.0135
vn -0.5000 0.8658 -0.0182
vn -0.2588 0.9657 -0.0218
vn -0.0000 0.9997 -0.0238
vn 0.2588 0.9656 -0.0242
vn 0.5000 0.8657 -0.0230
vn 0.7071 0.7068 -0.0202
vn 0.8660 0.4998 -0.0160
vn 0.9659 0.2587 -0.0108
vn 1.0000 -0.0001 -0.0048
vn 1.0000 -0.0001 -0.0095
vn 0.9659 -0.2589 -0.0092
vn 0.8659 -0.5001 -0.0082
vn 0.7070 -0.7072 -0.0067
vn 0.4999 -0.8661 -0.0048
vn 0.2587 -0.9660 -0.0025
vn -0.0001 -1.0000 0.0000
vn -0.2589 -0.9659 0.0025
vn -0.5001 -0.8660 0.0048
vn -0.7071 -0.7070 0.0067
vn -0.8660 -0.4999 0.0082
vn -0.9659 -0.2587 0.0092
vn -1.0000 0.0001 0.0095
vn -0.9659 0.2589 0.0092
vn -0.8659 0.5001 0.0082
vn -0.7070 0.7072 0.0067
vn -0.4999 0.8661 0.0048
vn -0.2587 0.9660 0.0025
vn 0.0001 1.0000 -0.0000
vn 0.2589 0.9659 -0.0025
vn 0.5001 0.8660 -0.0048
vn 0.7071 0.7070 -0.0067
vn 0.8660 0.4999 -0.0082
vn 0.9659 0.2587 -0.0092
vn 1.0000 -0.0001 -0.0095
vn 0.9999 0.0000 -0.0146
vn 0.9657 -0.2587 -0.0204
vn 0.8658 -0.4998 -0.0249
vn 0.7068 -0.7069 -0.0276
vn 0.4997 -0.8658 -0.0284
vn 0.2585 -0.9656 -0.0273
vn -0.0003 -0.9997 -0.0244
vn -0.2591 -0.9656 -0.0198
vn -0.5002 -0.8658 -0.0138
vn -0.7073 -0.7069 -0.0069
vn -0.8661 -0.4999 0.0005
vn -0.9659 -0.2588 0.0078
vn -0.9999 -0.0000 0.0146
vn -0.9657 0.2587 0.0204
vn -0.8658 0.4998 0.0249
vn -0.7068 0.7069 0.0276
vn -0.4997 0.8658 0.0284
vn -0.2585 0.9656 0.0273
vn 0.0003 0.9997 0.0244
vn 0.2591 0.9656 0.0198
vn 0.5002 0.8658 0.0138
vn 0.7073 0.7069 0.0069
vn 0.8661 0.4999 -0.0005
vn 0.9659 0.2588 -0.0078
vn 0.9999 0.0000 -0.0146
vn 0.9999 0.0000 -0.0143
vn 0.9658 -0.2587 -0.0187
vn 0.8658 -0.4999 -0.0219
vn 0.7069 -0.7070 -0.0236
vn 0.4997 -0.8659 -0.0236
vn 0.2586 -0.9657 -0.0221
vn -0.0002 -0.9998 -0.0190
vn -0.2590 -0.9658 -0.0147
vn -0.5002 -0.8659 -0.0093
vn -0.7072 -0.7070 -0.0034
vn -0.8661 -0.4999 0.0028
vn -0.9659 -0.2588 0.0089
vn -0.9999 -0.0000 0.0143
vn -0.9658 0.2587 0.0187
vn -0.8658 0.4999 0.0219
vn -0.7069 0.7070 0.0236
vn -0.4997 0.8659 0.0236
vn -0.2586 0.9657 0.0221
vn 0.0002 0.9998 0.0190
vn 0.2590 0.9658 0.0147
vn 0.5002 0.8659 0.0093
vn 0.7072 0.7070 0.0034
vn 0.8661 0.4999 -0.0028
vn 0.9659 0.2588 -0.0089
vn 0.9999 0.0000 -0.0143
vn 0.0050 0.0200 0.9998
vn 0.0050 0.0200 0.9998
vn 0.0050 0.0200 0.9998
vn 0.0050 0.0200 0.9998
vn 0.0050 0.0200 0.9998
vn 0.0050 0.0200 0.9998
vn 0.0050 0.0200 0.9998
vn 0.0050 0.0200 0.9998
vn 0.0050 0.0200 0.9998
vn 0.0050 0.0200 0.9998
vn 0.0050 0.0200 0.9998
vn 0.0050 0.0200 0.9998
vn 0.0050 0.0200 0.9998
vn 0.0050 0.0200 0.9998
vn 0.0050 0.0200 0.9998
vn 0.0050 0.0200 0.9998
vn 0.0050 0.0200 0.9998
vn 0.0050 0.0200 0.9998
vn 0.0050 0.0200 0.9998
vn 0.0050 0.0200 0.9998
vn 0.0050 0.0200 0.9998
vn 0.0050 0.0200 0.9998
vn 0.0050 0.0200 0.9998
vn 0.0050 0.0200 0.9998
vn 0.0050 0.0200 0.9998
vn 0.0050 0.0200 0.9998
vn -0.0143 0.0190 -0.9997
vn -0.0143 0.0190 -0.9997
vn -0.0143 0.0190 -0.9997
vn -0.0143 0.0190 -0.9997
vn -0.0143 0.0190 -0.9997
vn -0.0143 0.0190 -0.9997
vn -0.0143 0.0190 -0.9997
vn -0.0143 0.0190 -0.9997
vn -0.0143 0.0190 -0.9997
vn -0.0143 0.0190 -0.9997
vn -0.0143 0.0190 -0.9997
vn -0.0143 0.0190 -0.9997
vn -0.0143 0.0190 -0.9997
vn -0.0143 0.0190 -0.9997
vn -0.0143 0.0190 -0.9997
vn -0.0143 0.0190 -0.9997
vn -0.0143 0.0190 -0.9997
vn -0.0143 0.0190 -0.9997
vn -0.0143 0.0190 -0.9997
vn -0.0143 0.0190 -0.9997
vn -0.0143 0.0190 -0.9997
vn -0.0143 0.0190 -0.9997
vn -0.0143 0.0190 -0.9997
vn -0.0143 0.0190 -0.9997
vn -0.0143 0.0190 -0.9997
vn -0.0143 0.0190 -0.9997
vn -0.0000 -0.0000 -1.0000
vn -0.0000 -0.0000 -1.0000
vn -0.0000 -0.0000 -1.0000
vn -0.0000 -0.0000 -1.0000
vn -0.0000 -0.0000 -1.0000
vn -0.0000 -0.0000 -1.0000
vn -0.0000 -0.0000 -1.0000
vn -0.0000 -0.0000 -1.0000
vn -0.0000 -0.0000 -1.0000
vn -0.0000 -0.0000 -1.0000
vn 0.0000 -0.0000 -1.0000
vn 0.0000 -0.0000 -1.0000
vn 0.0000 -0.0000 -1.0000
vn 0.0000 -0.0000 -1.0000
vn 0.0000 -0.0000 -1.0000
vn 0.0000 -0.0000 -1.0000
vn 0.0000 -0.0000 -1.0000
vn 0.0000 -0.0000 -1.0000
vn 0.0000 -0.0000 -1.0000
vn 0.0000 -0.0000 -1.0000
vn 0.0000 0.0000 -1.0000
vn 0.0000 0.0000 -1.0000
vn 0.0000 0.0000 -1.0000
vn 0.0000 0.0000 -1.0000
vn 0.0000 0.0000 -1.0000
vn 0.0000 0.0000 -1.0000
vn 0.0000 0.0000 -1.0000
vn 0.0000 0.0000 -1.0000
vn 0.0000 0.0000 -1.0000
vn 0.0000 0.0000 -1.0000
vn 0.0000 0.0000 -1.0000
vn -0.0000 0.0000 -1.0000
vn -0.0000 0.0000 -1.0000
vn -0.0000 0.0000 -1.0000
vn -0.0000 0.0000 -1.0000
vn -0.0000 0.0000 -1.0000
vn -0.0000 0.0000 -1.0000
vn -0.0000 0.0000 -1.0000
vn -0.0000 0.0000 -1.0000
vn -0.0000 0.0000 -1.0000
vn -0.0000 0.0000 -1.0000
vn -0.0671 -0.0000 -0.9977
vn -0.0660 -0.0098 -0.9978
vn -0.0629 -0.0238 -0.9977
vn -0.0578 -0.0392 -0.9976
vn -0.0509 -0.0548 -0.9972
vn -0.0427 -0.0697 -0.9967
vn -0.0336 -0.0830 -0.9960
vn -0.0240 -0.0940 -0.9953
vn -0.0145 -0.1023 -0.9947
vn -0.0060 -0.1074 -0.9942
vn 0.0000 -0.1091 -0.9940
vn 0.0060 -0.1074 -0.9942
vn 0.0145 -0.1023 -0.9947
vn 0.0240 -0.0940 -0.9953
vn 0.0336 -0.0830 -0.9960
vn 0.0427 -0.0697 -0.9967
vn 0.0509 -0.0548 -0.9972
vn 0.0578 -0.0392 -0.9976
vn 0.0629 -0.0238 -0.9977
vn 0.0660 -0.0098 -0.9978
vn 0.0671 0.0000 -0.9977
vn 0.0660 0.0098 -0.9978
vn 0.0629 0.0238 -0.9977
vn 0.0578 0.0392 -0.9976
vn 0.0509 0.0548 -0.9972
vn 0.0427 0.0697 -0.9967
vn 0.0336 0.0830 -0.9960
vn 0.0240 0.0940 -0.9953
vn 0.0145 0.1023 -0.9947
vn 0.0060 0.1074 -0.9942
vn 0.0000 0.1091 -0.9940
vn -0.0060 0.1074 -0.9942
vn -0.0145 0.1023 -0.9947
vn -0.0240 0.0940 -0.9953
vn -0.0336 0.0830 -0.9960
vn -0.0427 0.0697 -0.9967
vn -0.0509 0.0548 -0.9972
vn -0.0578 0.0392 -0.9976
vn -0.0629 0.0238 -0.9977
vn -0.0660 0.0098 -0.9978
vn -0.0671 0.0000 -0.9977
vn -0.1846 -0.0000 -0.9828
vn -0.1817 -0.0270 -0.9830
vn -0.1729 -0.0654 -0.9828
vn -0.1587 -0.1077 -0.9814
vn -0.1396 -0.1503 -0.9787
vn -0.1167 -0.1904 -0.9748
vn -0.0913 -0.2257 -0.9699
vn -0.0649 -0.2545 -0.9649
vn -0.0392 -0.2758 -0.9604
vn -0.0161 -0.2887 -0.9573
vn 0.0000 -0.2930 -0.9561
vn 0.0161 -0.2887 -0.9573
vn 0.0392 -0.2758 -0.9604
vn 0.0649 -0.2545 -0.9649
vn 0.0913 -0.2257 -0.9699
vn 0.1167 -0.1904 -0.9748
vn 0.1396 -0.1503 -0.9787
vn 0.1587 -0.1077 -0.9814
vn 0.1729 -0.0654 -0.9828
vn 0.1817 -0.0270 -0.9830
vn 0.1846 0.0000 -0.9828
vn 0.1817 0.0270 -0.9830
vn 0.1729 0.0654 -0.9828
vn 0.1587 0.1077 -0.9814
vn 0.1396 0.1503 -0.9787
vn 0.1167 0.1904 -0.9748
vn 0.0913 0.2257 -0.9699
vn 0.0649 0.2545 -0.9649
vn 0.0392 0.2758 -0.9604
vn 0.0161 0.2887 -0.9573
vn 0.0000 0.2930 -0.9561
vn -0.0161 0.2887 -0.9573
vn -0.0392 0.2758 -0.9604
vn -0.0649 0.2545 -0.9649
vn -0.0913 0.2257 -0.9699
vn -0.1167 0.1904 -0.9748
vn -0.1396 0.1503 -0.9787
vn -0.1587 0.1077 -0.9814
vn -0.1729 0.0654 -0.9828
vn -0.1817 0.0270 -0.9830
vn -0.1846 0.0000 -0.9828
vn -0.3444 -0.0000 -0.9388
vn -0.3391 -0.0504 -0.9394
vn -0.3226 -0.1221 -0.9386
vn -0.2950 -0.2003 -0.9343
vn -0.2578 -0.2776 -0.9255
vn -0.2134 -0.3482 -0.9128
vn -0.1651 -0.4080 -0.8979
vn -0.1160 -0.4549 -0.8830
vn -0.0694 -0.4879 -0.8701
vn -0.0283 -0.5073 -0.8613
vn 0.0000 -0.5136 -0.8580
vn 0.0283 -0.5073 -0.8613
vn 0.0694 -0.4879 -0.8701
vn 0.1160 -0.4549 -0.8830
vn 0.1651 -0.4080 -0.8979
vn 0.2134 -0.3482 -0.9128
vn 0.2578 -0.2776 -0.9255
vn 0.2950 -0.2003 -0.9343
vn 0.3226 -0.1221 -0.9386
vn 0.3391 -0.0504 -0.9394
vn 0.3444 0.0000 -0.9388
vn 0.3391 0.0504 -0.9394
vn 0.3226 0.1221 -0.9386
vn 0.2950 0.2003 -0.9343
vn 0.2578 0.2776 -0.9255
vn 0.2134 0.3482 -0.9128
vn 0.1651 0.4080 -0.8979
vn 0.1160 0.4549 -0.8830
vn 0.0694 0.4879 -0.8701
vn 0.0283 0.5073 -0.8613
vn 0.0000 0.5136 -0.8580
vn -0.0283 0.5073 -0.8613
vn -0.0694 0.4879 -0.8701
vn -0.1160 0.4549 -0.8830
vn -0.1651 0.4080 -0.8979
vn -0.2134 0.3482 -0.9128
vn -0.2578 0.2776 -0.9255
vn -0.2950 0.2003 -0.9343
vn -0.3226 0.1221 -0.9386
vn -0.3391 0.0504 -0.9394
vn -0.3444 0.0000 -0.9388
vn -0.5421 -0.0000 -0.8403
vn -0.5343 -0.0794 -0.8416
vn -0.5076 -0.1921 -0.8399
vn -0.4611 -0.3131 -0.8303
vn -0.3975 -0.4281 -0.8116
vn -0.3231 -0.5272 -0.7859
vn -0.2449 -0.6053 -0.7574
vn -0.1688 -0.6618 -0.7304
vn -0.0993 -0.6987 -0.7085
vn -0.0401 -0.7189 -0.6940
vn 0.0000 -0.7250 -0.6887
vn 0.0401 -0.7189 -0.6940
vn 0.0993 -0.6987 -0.7085
vn 0.1688 -0.6618 -0.7304
vn 0.2449 -0.6053 -0.7574
vn 0.3231 -0.5272 -0.7859
vn 0.3975 -0.4281 -0.8116
vn 0.4611 -0.3131 -0.8303
vn 0.5076 -0.1921 -0.8399
vn 0.5343 -0.0794 -0.8416
vn 0.5421 0.0000 -0.8403
vn 0.5343 0.0794 -0.8416
vn 0.5076 0.1921 -0.8399
vn 0.4611 0.3131 -0.8303
vn 0.3975 0.4281 -0.8116
vn 0.3231 0.5272 -0.7859
vn 0.2449 0.6053 -0.7574
vn 0.1688 0.6618 -0.7304
vn 0.0993 0.6987 -0.7085
vn 0.0401 0.7189 -0.6940
vn 0.0000 0.7250 -0.6887
vn -0.0401 0.7189 -0.6940
vn -0.0993 0.6987 -0.7085
vn -0.1688 0.6618 -0.7304
vn -0.2449 0.6053 -0.7574
vn -0.3231 0.5272 -0.7859
vn -0.3975 0.4281 -0.8116
vn -0.4611 0.3131 -0.8303
vn -0.5076 0.1921 -0.8399
vn -0.5343 0.0794 -0.8416
vn -0.5421 0.0000 -0.8403
vn -0.7502 -0.0000 -0.6612
vn -0.7403 -0.1101 -0.6632
vn -0.7022 -0.2657 -0.6606
vn -0.6312 -0.4286 -0.6464
vn -0.5339 -0.5751 -0.6199
vn -0.4235 -0.6910 -0.5858
vn -0.3131 -0.7738 -0.5506
vn -0.2112 -0.8279 -0.5196
vn -0.1222 -0.8598 -0.4958
vn -0.0489 -0.8755 -0.4807
vn 0.0000 -0.8798 -0.4753
vn 0.0489 -0.8755 -0.4807
vn 0.1222 -0.8598 -0.4958
vn 0.2112 -0.8279 -0.5196
vn 0.3131 -0.7738 -0.5506
vn 0.4235 -0.6910 -0.5858
vn 0.5339 -0.5751 -0.6199
vn 0.6312 -0.4286 -0.6464
vn 0.7022 -0.2657 -0.6606
vn 0.7403 -0.1101 -0.6632
vn 0.7502 0.0000 -0.6612
vn 0.7403 0.1101 -0.6632
vn 0.7022 0.2657 -0.6606
vn 0.6312 0.4286 -0.6464
vn 0.5339 0.5751 -0.6199
vn 0.4235 0.6910 -0.5858
vn 0.3131 0.7738 -0.5506
vn 0.2112 0.8279 -0.5196
vn 0.1222 0.8598 -0.4958
vn 0.0489 0.8755 -0.4807
vn 0.0000 0.8798 -0.4753
vn -0.0489 0.8755 -0.4807
vn -0.1222 0.8598 -0.4958
vn -0.2112 0.8279 -0.5196
vn -0.3131 0.7738 -0.5506
vn -0.4235 0.6910 -0.5858
vn -0.5339 0.5751 -0.6199
vn -0.6312 0.4286 -0.6464
vn -0.7022 0.2657 -0.6606
vn -0.7403 0.1101 -0.6632
vn -0.7502 0.0000 -0.6612
vn -0.9115 -0.0000 -0.4113
vn -0.9008 -0.1339 -0.4131
vn -0.8527 -0.3227 -0.4108
vn -0.7590 -0.5154 -0.3979
vn -0.6308 -0.6794 -0.3749
vn -0.4901 -0.7996 -0.3470
vn -0.3553 -0.8783 -0.3200
vn -0.2360 -0.9252 -0.2973
vn -0.1351 -0.9503 -0.2806
vn -0.0537 -0.9613 -0.2702
vn 0.0000 -0.9638 -0.2666
vn 0.0537 -0.9613 -0.2702
vn 0.1351 -0.9503 -0.2806
vn 0.2360 -0.9252 -0.2973
vn 0.3553 -0.8783 -0.3200
vn 0.4901 -0.7996 -0.3470
vn 0.6308 -0.6794 -0.3749
vn 0.7590 -0.5154 -0.3979
vn 0.8527 -0.3227 -0.4108
vn 0.9008 -0.1339 -0.4131
vn 0.9115 0.0000 -0.4113
vn 0.9008 0.1339 -0.4131
vn 0.8527 0.3227 -0.4108
vn 0.7590 0.5154 -0.3979
vn 0.6308 0.6794 -0.3749
vn 0.4901 0.7996 -0.3470
vn 0.3553 0.8783 -0.3200
vn 0.2360 0.9252 -0.2973
vn 0.1351 0.9503 -0.2806
vn 0.0537 0.9613 -0.2702
vn 0.0000 0.9638 -0.2666
vn -0.0537 0.9613 -0.2702
vn -0.1351 0.9503 -0.2806
vn -0.2360 0.9252 -0.2973
vn -0.3553 0.8783 -0.3200
vn -0.4901 0.7996 -0.3470
vn -0.6308 0.6794 -0.3749
vn -0.7590 0.5154 -0.3979
vn -0.8527 0.3227 -0.4108
vn -0.9008 0.1339 -0.4131
vn -0.9115 0.0000 -0.4113
vn -0.9872 -0.0000 -0.1595
vn -0.9763 -0.1452 -0.1603
vn -0.9233 -0.3494 -0.1593
vn -0.8175 -0.5551 -0.1535
vn -0.6734 -0.7253 -0.1433
vn -0.5180 -0.8452 -0.1314
vn -0.3724 -0.9203 -0.1201
vn -0.2457 -0.9630 -0.1108
vn -0.1400 -0.9847 -0.1041
vn -0.0555 -0.9934 -0.1000
vn 0.0000 -0.9951 -0.0986
vn 0.0555 -0.9934 -0.1000
vn 0.1400 -0.9847 -0.1041
vn 0.2457 -0.9630 -0.1108
vn 0.3724 -0.9203 -0.1201
vn 0.5180 -0.8452 -0.1314
vn 0.6734 -0.7253 -0.1433
vn 0.8175 -0.5551 -0.1535
vn 0.9233 -0.3494 -0.1593
vn 0.9763 -0.1452 -0.1603
vn 0.9872 0.0000 -0.1595
vn 0.9763 0.1452 -0.1603
vn 0.9233 0.3494 -0.1593
vn 0.8175 0.5551 -0.1535
vn 0.6734 0.7253 -0.1433
vn 0.5180 0.8452 -0.1314
vn 0.3724 0.9203 -0.1201
vn 0.2457 0.9630 -0.1108
vn 0.1400 0.9847 -0.1041
vn 0.0555 0.9934 -0.1000
vn 0.0000 0.9951 -0.0986
vn -0.0555 0.9934 -0.1000
vn -0.1400 0.9847 -0.1041
vn -0.2457 0.9630 -0.1108
vn -0.3724 0.9203 -0.1201
vn -0.5180 0.8452 -0.1314
vn -0.6734 0.7253 -0.1433
vn -0.8175 0.5551 -0.1535
vn -0.9233 0.3494 -0.1593
vn -0.9763 0.1452 -0.1603
vn -0.9872 0.0000 -0.1595
vn -1.0000 -0.0000 0.0000
vn -0.9891 -0.1471 0.0000
vn -0.9353 -0.3539 0.0000
vn -0.8273 -0.5618 0.0000
vn -0.6804 -0.7328 0.0000
vn -0.5226 -0.8526 0.0000
vn -0.3751 -0.9270 0.0000
vn -0.2472 -0.9690 0.0000
vn -0.1407 -0.9900 0.0000
vn -0.0558 -0.9984 0.0000
vn 0.0000 -1.0000 0.0000
vn 0.0558 -0.9984 0.0000
vn 0.1407 -0.9900 0.0000
vn 0.2472 -0.9690 0.0000
vn 0.3751 -0.9270 0.0000
vn 0.5226 -0.8526 0.0000
vn 0.6804 -0.7328 0.0000
vn 0.8273 -0.5618 0.0000
vn 0.9353 -0.3539 0.0000
vn 0.9891 -0.1471 0.0000
vn 1.0000 0.0000 0.0000
vn 0.9891 0.1471 0.0000
vn 0.9353 0.3539 0.0000
vn 0.8273 0.5618 0.0000
vn 0.6804 0.7328 0.0000
vn 0.5226 0.8526 0.0000
vn 0.3751 0.9270 0.0000
vn 0.2472 0.9690 0.0000
vn 0.1407 0.9900 0.0000
vn 0.0558 0.9984 0.0000
vn 0.0000 1.0000 0.0000
vn -0.0558 0.9984 0.0000
vn -0.1407 0.9900 0.0000
vn -0.2472 0.9690 0.0000
vn -0.3751 0.9270 0.0000
vn -0.5226 0.8526 0.0000
vn -0.6804 0.7328 0.0000
vn -0.8273 0.5618 0.0000
vn -0.9353 0.3539 0.0000
vn -0.9891 0.1471 0.0000
vn -1.0000 0.0000 0.0000
vn -0.9872 -0.0000 0.1595
vn -0.9763 -0.1452 0.1603
vn -0.9233 -0.3494 0.1593
vn -0.8175 -0.5551 0.1535
vn -0.6734 -0.7253 0.1433
vn -0.5180 -0.8452 0.1314
vn -0.3724 -0.9203 0.1201
vn -0.2457 -0.9630 0.1108
vn -0.1400 -0.9847 0.1041
vn -0.0555 -0.9934 0.1000
vn 0.0000 -0.9951 0.0986
vn 0.0555 -0.9934 0.1000
vn 0.1400 -0.9847 0.1041
vn 0.2457 -0.9630 0.1108
vn 0.3724 -0.9203 0.1201
vn 0.5180 -0.8452 0.1314
vn 0.6734 -0.7253 0.1433
vn 0.8175 -0.5551 0.1535
vn 0.9233 -0.3494 0.1593
vn 0.9763 -0.1452 0.1603
vn 0.9872 0.0000 0.1595
vn 0.9763 0.1452 0.1603
vn 0.9233 0.3494 0.1593
vn 0.8175 0.5551 0.1535
vn 0.6734 0.7253 0.1433
vn 0.5180 0.8452 0.1314
vn 0.3724 0.9203 0.1201
vn 0.2457 0.9630 0.1108
vn 0.1400 0.9847 0.1041
vn 0.0555 0.9934 0.1000
vn 0.0000 0.9951 0.0986
vn -0.0555 0.9934 0.1000
vn -0.1400 0.9847 0.1041
vn -0.2457 0.9630 0.1108
vn -0.3724 0.9203 0.1201
vn -0.5180 0.8452 0.1314
vn -0.6734 0.7253 0.1433
vn -0.8175 0.5551 0.1535
vn -0.9233 0.3494 0.1593
vn -0.9763 0.1452 0.1603
vn -0.9872 0.0000 0.1595
vn -0.9115 -0.0000 0.4113
vn -0.9008 -0.1339 0.4131
vn -0.8527 -0.3227 0.4108
vn -0.7590 -0.5154 0.3979
vn -0.6308 -0.6794 0.3749
vn -0.4901 -0.7996 0.3470
vn -0.3553 -0.8783 0.3200
vn -0.2360 -0.9252 0.2973
vn -0.1351 -0.9503 0.2806
vn -0.0537 -0.9613 0.2702
vn 0.0000 -0.9638 0.2666
vn 0.0537 -0.9613 0.2702
vn 0.1351 -0.9503 0.2806
vn 0.2360 -0.9252 0.2973
vn 0.3553 -0.8783 0.3200
vn 0.4901 -0.7996 0.3470
vn 0.6308 -0.6794 0.3749
vn 0.7590 -0.5154 0.3979
vn 0.8527 -0.3227 0.4108
vn 0.9008 -0.1339 0.4131
vn 0.9115 0.0000 0.4113
vn 0.9008 0.1339 0.4131
vn 0.8527 0.3227 0.4108
vn 0.7590 0.5154 0.3979
vn 0.6308 0.6794 0.3749
vn 0.4901 0.7996 0.3470
vn 0.3553 0.8783 0.3200
vn 0.2360 0.9252 0.2973
vn 0.1351 0.9503 0.2806
vn 0.0537 0.9613 0.2702
vn 0.0000 0.9638 0.2666
vn -0.0537 0.9613 0.2702
vn -0.1351 0.9503 0.2806
vn -0.2360 0.9252 0.2973
vn -0.3553 0.8783 0.3200
vn -0.4901 0.7996 0.3470
vn -0.6308 0.6794 0.3749
vn -0.7590 0.5154 0.3979
vn -0.8527 0.3227 0.4108
vn -0.9008 0.1339 0.4131
vn -0.9115 0.0000 0.4113
vn -0.7502 -0.0000 0.6612
vn -0.7403 -0.1101 0.6632
vn -0.7022 -0.2657 0.6606
vn -0.6312 -0.4286 0.6464
vn -0.5339 -0.5751 0.6199
vn -0.4235 -0.6910 0.5858
vn -0.3131 -0.7738 0.5506
vn -0.2112 -0.8279 0.5196
vn -0.1222 -0.8598 0.4958
vn -0.0489 -0.8755 0.4807
vn 0.0000 -0.8798 0.4753
vn 0.0489 -0.8755 0.4807
vn 0.1222 -0.8598 0.4958
vn 0.2112 -0.8279 0.5196
vn 0.3131 -0.7738 0.5506
vn 0.4235 -0.6910 0.5858
vn 0.5339 -0.5751 0.6199
vn 0.6312 -0.4286 0.6464
vn 0.7022 -0.2657 0.6606
vn 0.7403 -0.1101 0.6632
vn 0.7502 0.0000 0.6612
vn 0.7403 0.1101 0.6632
vn 0.7022 0.2657 0.6606
vn 0.6312 0.4286 0.6464
vn 0.5339 0.5751 0.6199
vn 0.4235 0.6910 0.5858
vn 0.3131 0.7738 0.5506
vn 0.2112 0.8279 0.5196
vn 0.1222 0.8598 0.4958
vn 0.0489 0.8755 0.4807
vn 0.0000 0.8798 0.4753
vn -0.0489 0.8755 0.4807
vn -0.1222 0.8598 0.4958
vn -0.2112 0.8279 0.5196
vn -0.3131 0.7738 0.5506
vn -0.4235 0.6910 0.5858
vn -0.5339 0.5751 0.6199
vn -0.6312 0.4286 0.6464
vn -0.7022 0.2657 0.6606
vn -0.7403 0.1101 0.6632
vn -0.7502 0.0000 0.6612
vn -0.5421 -0.0000 0.8403
vn -0.5343 -0.0794 0.8416
vn -0.5076 -0.1921 0.8399
vn -0.4611 -0.3131 0.8303
vn -0.3975 -0.4281 0.8116
vn -0.3231 -0.5272 0.7859
vn -0.2449 -0.6053 0.7574
vn -0.1688 -0.6618 0.7304
vn -0.0993 -0.6987 0.7085
vn -0.0401 -0.7189 0.6940
vn 0.0000 -0.7250 0.6887
vn 0.0401 -0.7189 0.6940
vn 0.0993 -0.6987 0.7085
vn 0.1688 -0.6618 0.7304
vn 0.2449 -0.6053 0.7574
vn 0.3231 -0.5272 0.7859
vn 0.3975 -0.4281 0.8116
vn 0.4611 -0.3131 0.8303
vn 0.5076 -0.1921 0.8399
vn 0.5343 -0.0794 0.8416
vn 0.5421 0.0000 0.8403
vn 0.5343 0.0794 0.8416
vn 0.5076 0.1921 0.8399
vn 0.4611 0.3131 0.8303
vn 0.3975 0.4281 0.8116
vn 0.3231 0.5272 0.7859
vn 0.2449 0.6053 0.7574
vn 0.1688 0.6618 0.7304
vn 0.0993 0.6987 0.7085
vn 0.0401 0.7189 0.6940
vn 0.0000 0.7250 0.6887
vn -0.0401 0.7189 0.6940
vn -0.0993 0.6987 0.7085
vn -0.1688 0.6618 0.7304
vn -0.2449 0.6053 0.7574
vn -0.3231 0.5272 0.7859
vn -0.3975 0.4281 0.8116
vn -0.4611 0.3131 0.8303
vn -0.5076 0.1921 0.8399
vn -0.5343 0.0794 0.8416
vn -0.5421 0.0000 0.8403
vn -0.3444 -0.0000 0.9388
vn -0.3391 -0.0504 0.9394
vn -0.3226 -0.1221 0.9386
vn -0.2950 -0.2003 0.9343
vn -0.2578 -0.2776 0.9255
vn -0.2134 -0.3482 0.9128
vn -0.1651 -0.4080 0.8979
vn -0.1160 -0.4549 0.8830
vn -0.0694 -0.4879 0.8701
vn -0.0283 -0.5073 0.8613
vn 0.0000 -0.5136 0.8580
vn 0.0283 -0.5073 0.8613
vn 0.0694 -0.4879 0.8701
vn 0.1160 -0.4549 0.8830
vn 0.1651 -0.4080 0.8979
vn 0.2134 -0.3482 0.9128
vn 0.2578 -0.2776 0.9255
vn 0.2950 -0.2003 0.9343
vn 0.3226 -0.1221 0.9386
vn 0.3391 -0.0504 0.9394
vn 0.3444 0.0000 0.9388
vn 0.3391 0.0504 0.9394
vn 0.3226 0.1221 0.9386
vn 0.2950 0.2003 0.9343
vn 0.2578 0.2776 0.9255
vn 0.2134 0.3482 0.9128
vn 0.1651 0.4080 0.8979
vn 0.1160 0.4549 0.8830
vn 0.0694 0.4879 0.8701
vn 0.0283 0.5073 0.8613
vn 0.0000 0.5136 0.8580
vn -0.0283 0.5073 0.8613
vn -0.0694 0.4879 0.8701
vn -0.1160 0.4549 0.8830
vn -0.1651 0.4080 0.8979
vn -0.2134 0.3482 0.9128
vn -0.2578 0.2776 0.9255
vn -0.2950 0.2003 0.9343
vn -0.3226 0.1221 0.9386
vn -0.3391 0.0504 0.9394
vn -0.3444 0.0000 0.9388
vn -0.1846 -0.0000 0.9828
vn -0.1817 -0.0270 0.9830
vn -0.1729 -0.0654 0.9828
vn -0.1587 -0.1077 0.9814
vn -0.1396 -0.1503 0.9787
vn -0.1167 -0.1904 0.9748
vn -0.0913 -0.2257 0.9699
vn -0.0649 -0.2545 0.9649
vn -0.0392 -0.2758 0.9604
vn -0.0161 -0.2887 0.9573
vn 0.0000 -0.2930 0.9561
vn 0.0161 -0.2887 0.9573
vn 0.0392 -0.2758 0.9604
vn 0.0649 -0.2545 0.9649
vn 0.0913 -0.2257 0.9699
vn 0.1167 -0.1904 0.9748
vn 0.1396 -0.1503 0.9787
vn 0.1587 -0.1077 0.9814
vn 0.1729 -0.0654 0.9828
vn 0.1817 -0.0270 0.9830
vn 0.1846 0.0000 0.9828
vn 0.1817 0.0270 0.9830
vn 0.1729 0.0654 0.9828
vn 0.1587 0.1077 0.9814
vn 0.1396 0.1503 0.9787
vn 0.1167 0.1904 0.9748
vn 0.0913 0.2257 0.9699
vn 0.0649 0.2545 0.9649
vn 0.0392 0.2758 0.9604
vn 0.0161 0.2887 0.9573
vn 0.0000 0.2930 0.9561
vn -0.0161 0.2887 0.9573
vn -0.0392 0.2758 0.9604
vn -0.0649 0.2545 0.9649
vn -0.0913 0.2257 0.9699
vn -0.1167 0.1904 0.9748
vn -0.1396 0.1503 0.9787
vn -0.1587 0.1077 0.9814
vn -0.1729 0.0654 0.9828
vn -0.1817 0.0270 0.9830
vn -0.1846 0.0000 0.9828
vn -0.0671 -0.0000 0.9977
vn -0.0660 -0.0098 0.9978
vn -0.0629 -0.0238 0.9977
vn -0.0578 -0.0392 0.9976
vn -0.0509 -0.0548 0.9972
vn -0.0427 -0.0697 0.9967
vn -0.0336 -0.0830 0.9960
vn -0.0240 -0.0940 0.9953
vn -0.0145 -0.1023 0.9947
vn -0.0060 -0.1074 0.9942
vn 0.0000 -0.1091 0.9940
vn 0.0060 -0.1074 0.9942
vn 0.0145 -0.1023 0.9947
vn 0.0240 -0.0940 0.9953
vn 0.0336 -0.0830 0.9960
vn 0.0427 -0.0697 0.9967
vn 0.0509 -0.0548 0.9972
vn 0.0578 -0.0392 0.9976
vn 0.0629 -0.0238 0.9977
vn 0.0660 -0.0098 0.9978
vn 0.0671 0.0000 0.9977
vn 0.0660 0.0098 0.9978
vn 0.0629 0.0238 0.9977
vn 0.0578 0.0392 0.9976
vn 0.0509 0.0548 0.9972
vn 0.0427 0.0697 0.9967
vn 0.0336 0.0830 0.9960
vn 0.0240 0.0940 0.9953
vn 0.0145 0.1023 0.9947
vn 0.0060 0.1074 0.9942
vn 0.0000 0.1091 0.9940
vn -0.0060 0.1074 0.9942
vn -0.0145 0.1023 0.9947
vn -0.0240 0.0940 0.9953
vn -0.0336 0.0830 0.9960
vn -0.0427 0.0697 0.9967
vn -0.0509 0.0548 0.9972
vn -0.0578 0.0392 0.9976
vn -0.0629 0.0238 0.9977
vn -0.0660 0.0098 0.9978
vn -0.0671 0.0000 0.9977
vn -0.0000 -0.0000 1.0000
vn -0.0000 -0.0000 1.0000
vn -0.0000 -0.0000 1.0000
vn -0.0000 -0.0000 1.0000
vn -0.0000 -0.0000 1.0000
vn -0.0000 -0.0000 1.0000
vn -0.0000 -0.0000 1.0000
vn -0.0000 -0.0000 1.0000
vn -0.0000 -0.0000 1.0000
vn -0.0000 -0.0000 1.0000
vn 0.0000 -0.0000 1.0000
vn 0.0000 -0.0000 1.0000
vn 0.0000 -0.0000 1.0000
vn 0.0000 -0.0000 1.0000
vn 0.0000 -0.0000 1.0000
vn 0.0000 -0.0000 1.0000
vn 0.0000 -0.0000 1.0000
vn 0.0000 -0.0000 1.0000
vn 0.0000 -0.0000 1.0000
vn 0.0000 -0.0000 1.0000
vn 0.0000 0.0000 1.0000
vn 0.0000 0.0000 1.0000
vn 0.0000 0.0000 1.0000
vn 0.0000 0.0000 1.0000
vn 0.0000 0.0000 1.0000
vn 0.0000 0.0000 1.0000
vn 0.0000 0.0000 1.0000
vn 0.0000 0.0000 1.0000
vn 0.0000 0.0000 1.0000
vn 0.0000 0.0000 1.0000
vn 0.0000 0.0000 1.0000
vn -0.0000 0.0000 1.0000
vn -0.0000 0.0000 1.0000
vn -0.0000 0.0000 1.0000
vn -0.0000 0.0000 1.0000
vn -0.0000 0.0000 1.0000
vn -0.0000 0.0000 1.0000
vn -0.0000 0.0000 1.0000
vn -0.0000 0.0000 1.0000
vn -0.0000 0.0000 1.0000
vn -0.0000 0.0000 1.0000
vn -0.0000 -0.0000 -1.0000
vn -0.0000 -0.0000 -1.0000
vn -0.0000 -0.0000 -1.0000
vn -0.0000 -0.0000 -1.0000
vn -0.0000 -0.0000 -1.0000
vn -0.0000 -0.0000 -1.0000
vn -0.0000 -0.0000 -1.0000
vn -0.0000 -0.0000 -1.0000
vn -0.0000 -0.0000 -1.0000
vn -0.0000 -0.0000 -1.0000
vn -0.0000 -0.0000 -1.0000
vn -0.0000 -0.0000 -1.0000
vn 0.0000 -0.0000 -1.0000
vn 0.0000 -0.0000 -1.0000
vn 0.0000 -0.0000 -1.0000
vn 0.0000 -0.0000 -1.0000
vn 0.0000 -0.0000 -1.0000
vn 0.0000 -0.0000 -1.0000
vn 0.0000 -0.0000 -1.0000
vn 0.0000 -0.0000 -1.0000
vn 0.0000 -0.0000 -1.0000
vn 0.0000 -0.0000 -1.0000
vn 0.0000 -0.0000 -1.0000
vn 0.0000 -0.0000 -1.0000
vn 0.0000 0.0000 -1.0000
vn 0.0000 0.0000 -1.0000
vn 0.0000 0.0000 -1.0000
vn 0.0000 0.0000 -1.0000
vn 0.0000 0.0000 -1.0000
vn 0.0000 0.0000 -1.0000
vn 0.0000 0.0000 -1.0000
vn 0.0000 0.0000 -1.0000
vn 0.0000 0.0000 -1.0000
vn 0.0000 0.0000 -1.0000
vn 0.0000 0.0000 -1.0000
vn 0.0000 0.0000 -1.0000
vn 0.0000 0.0000 -1.0000
vn -0.0000 0.0000 -1.0000
vn -0.0000 0.0000 -1.0000
vn -0.0000 0.0000 -1.0000
vn -0.0000 0.0000 -1.0000
vn -0.0000 0.0000 -1.0000
vn -0.0000 0.0000 -1.0000
vn -0.0000 0.0000 -1.0000
vn -0.0000 0.0000 -1.0000
vn -0.0000 0.0000 -1.0000
vn -0.0000 0.0000 -1.0000
vn -0.0000 0.0000 -1.0000
vn -0.0000 0.0000 -1.0000
vn -0.0940 -0.0000 -0.9956
vn -0.0929 -0.0098 -0.9956
vn -0.0899 -0.0239 -0.9957
vn -0.0848 -0.0397 -0.9956
vn -0.0779 -0.0562 -0.9954
vn -0.0695 -0.0726 -0.9949
vn -0.0598 -0.0882 -0.9943
vn -0.0492 -0.1023 -0.9935
vn -0.0381 -0.1145 -0.9927
vn -0.0269 -0.1245 -0.9919
vn -0.0161 -0.1318 -0.9911
vn -0.0066 -0.1363 -0.9906
vn 0.0000 -0.1378 -0.9905
vn 0.0066 -0.1363 -0.9906
vn 0.0161 -0.1318 -0.9911
vn 0.0269 -0.1245 -0.9919
vn 0.0381 -0.1145 -0.9927
vn 0.0492 -0.1023 -0.9935
vn 0.0598 -0.0882 -0.9943
vn 0.0695 -0.0726 -0.9949
vn 0.0779 -0.0562 -0.9954
vn 0.0848 -0.0397 -0.9956
vn 0.0899 -0.0239 -0.9957
vn 0.0929 -0.0098 -0.9956
vn 0.0940 0.0000 -0.9956
vn 0.0929 0.0098 -0.9956
vn 0.0899 0.0239 -0.9957
vn 0.0848 0.0397 -0.9956
vn 0.0779 0.0562 -0.9954
vn 0.0695 0.0726 -0.9949
vn 0.0598 0.0882 -0.9943
vn 0.0492 0.1023 -0.9935
vn 0.0381 0.1145 -0.9927
vn 0.0269 0.1245 -0.9919
vn 0.0161 0.1318 -0.9911
vn 0.0066 0.1363 -0.9906
vn 0.0000 0.1378 -0.9905
vn -0.0066 0.1363 -0.9906
vn -0.0161 0.1318 -0.9911
vn -0.0269 0.1245 -0.9919
vn -0.0381 0.1145 -0.9927
vn -0.0492 0.1023 -0.9935
vn -0.0598 0.0882 -0.9943
vn -0.0695 0.0726 -0.9949
vn -0.0779 0.0562 -0.9954
vn -0.0848 0.0397 -0.9956
vn -0.0899 0.0239 -0.9957
vn -0.0929 0.0098 -0.9956
vn -0.0940 0.0000 -0.9956
vn -0.2557 -0.0000 -0.9667
vn -0.2530 -0.0267 -0.9671
vn -0.2446 -0.0651 -0.9674
vn -0.2308 -0.1081 -0.9670
vn -0.2118 -0.1528 -0.9653
vn -0.1884 -0.1968 -0.9622
vn -0.1615 -0.2379 -0.9578
vn -0.1322 -0.2748 -0.9524
vn -0.1017 -0.3061 -0.9466
vn -0.0714 -0.3309 -0.9409
vn -0.0427 -0.3489 -0.9362
vn -0.0175 -0.3597 -0.9329
vn 0.0000 -0.3632 -0.9317
vn 0.0175 -0.3597 -0.9329
vn 0.0427 -0.3489 -0.9362
vn 0.0714 -0.3309 -0.9409
vn 0.1017 -0.3061 -0.9466
vn 0.1322 -0.2748 -0.9524
vn 0.1615 -0.2379 -0.9578
vn 0.1884 -0.1968 -0.9622
vn 0.2118 -0.1528 -0.9653
vn 0.2308 -0.1081 -0.9670
vn 0.2446 -0.0651 -0.9674
vn 0.2530 -0.0267 -0.9671
vn 0.2557 0.0000 -0.9667
vn 0.2530 0.0267 -0.9671
vn 0.2446 0.0651 -0.9674
vn 0.2308 0.1081 -0.9670
vn 0.2118 0.1528 -0.9653
vn 0.1884 0.1968 -0.9622
vn 0.1615 0.2379 -0.9578
vn 0.1322 0.2748 -0.9524
vn 0.1017 0.3061 -0.9466
vn 0.0714 0.3309 -0.9409
vn 0.0427 0.3489 -0.9362
vn 0.0175 0.3597 -0.9329
vn 0.0000 0.3632 -0.9317
vn -0.0175 0.3597 -0.9329
vn -0.0427 0.3489 -0.9362
vn -0.0714 0.3309 -0.9409
vn -0.1017 0.3061 -0.9466
vn -0.1322 0.2748 -0.9524
vn -0.1615 0.2379 -0.9578
vn -0.1884 0.1968 -0.9622
vn -0.2118 0.1528 -0.9653
vn -0.2308 0.1081 -0.9670
vn -0.2446 0.0651 -0.9674
vn -0.2530 0.0267 -0.9671
vn -0.2557 0.0000 -0.9667
vn -0.4454 -0.0000 -0.8953
vn -0.4410 -0.0466 -0.8963
vn -0.4267 -0.1135 -0.8972
vn -0.4021 -0.1884 -0.8960
vn -0.3678 -0.2654 -0.8912
vn -0.3250 -0.3395 -0.8827
vn -0.2761 -0.4068 -0.8708
vn -0.2236 -0.4649 -0.8567
vn -0.1701 -0.5120 -0.8420
vn -0.1182 -0.5478 -0.8282
vn -0.0701 -0.5725 -0.8169
vn -0.0285 -0.5867 -0.8093
vn 0.0000 -0.5913 -0.8065
vn 0.0285 -0.5867 -0.8093
vn 0.0701 -0.5725 -0.8169
vn 0.1182 -0.5478 -0.8282
vn 0.1701 -0.5120 -0.8420
vn 0.2236 -0.4649 -0.8567
vn 0.2761 -0.4068 -0.8708
vn 0.3250 -0.3395 -0.8827
vn 0.3678 -0.2654 -0.8912
vn 0.4021 -0.1884 -0.8960
vn 0.4267 -0.1135 -0.8972
vn 0.4410 -0.0466 -0.8963
vn 0.4454 0.0000 -0.8953
vn 0.4410 0.0466 -0.8963
vn 0.4267 0.1135 -0.8972
vn 0.4021 0.1884 -0.8960
vn 0.3678 0.2654 -0.8912
vn 0.3250 0.3395 -0.8827
vn 0.2761 0.4068 -0.8708
vn 0.2236 0.4649 -0.8567
vn 0.1701 0.5120 -0.8420
vn 0.1182 0.5478 -0.8282
vn 0.0701 0.5725 -0.8169
vn 0.0285 0.5867 -0.8093
vn 0.0000 0.5913 -0.8065
vn -0.0285 0.5867 -0.8093
vn -0.0701 0.5725 -0.8169
vn -0.1182 0.5478 -0.8282
vn -0.1701 0.5120 -0.8420
vn -0.2236 0.4649 -0.8567
vn -0.2761 0.4068 -0.8708
vn -0.3250 0.3395 -0.8827
vn -0.3678 0.2654 -0.8912
vn -0.4021 0.1884 -0.8960
vn -0.4267 0.1135 -0.8972
vn -0.4410 0.0466 -0.8963
vn -0.4454 0.0000 -0.8953
vn -0.6272 -0.0000 -0.7789
vn -0.6216 -0.0656 -0.7806
vn -0.6021 -0.1601 -0.7822
vn -0.5666 -0.2655 -0.7800
vn -0.5155 -0.3720 -0.7719
vn -0.4515 -0.4715 -0.7575
vn -0.3788 -0.5582 -0.7382
vn -0.3025 -0.6290 -0.7162
vn -0.2270 -0.6832 -0.6941
vn -0.1558 -0.7219 -0.6743
vn -0.0915 -0.7470 -0.6585
vn -0.0370 -0.7606 -0.6482
vn 0.0000 -0.7647 -0.6444
vn 0.0370 -0.7606 -0.6482
vn 0.0915 -0.7470 -0.6585
vn 0.1558 -0.7219 -0.6743
vn 0.2270 -0.6832 -0.6941
vn 0.3025 -0.6290 -0.7162
vn 0.3788 -0.5582 -0.7382
vn 0.4515 -0.4715 -0.7575
vn 0.5155 -0.3720 -0.7719
vn 0.5666 -0.2655 -0.7800
vn 0.6021 -0.1601 -0.7822
vn 0.6216 -0.0656 -0.7806
vn 0.6272 0.0000 -0.7789
vn 0.6216 0.0656 -0.7806
vn 0.6021 0.1601 -0.7822
vn 0.5666 0.2655 -0.7800
vn 0.5155 0.3720 -0.7719
vn 0.4515 0.4715 -0.7575
vn 0.3788 0.5582 -0.7382
vn 0.3025 0.6290 -0.7162
vn 0.2270 0.6832 -0.6941
vn 0.1558 0.7219 -0.6743
vn 0.0915 0.7470 -0.6585
vn 0.0370 0.7606 -0.6482
vn 0.0000 0.7647 -0.6444
vn -0.0370 0.7606 -0.6482
vn -0.0915 0.7470 -0.6585
vn -0.1558 0.7219 -0.6743
vn -0.2270 0.6832 -0.6941
vn -0.3025 0.6290 -0.7162
vn -0.3788 0.5582 -0.7382
vn -0.4515 0.4715 -0.7575
vn -0.5155 0.3720 -0.7719
vn -0.5666 0.2655 -0.7800
vn -0.6021 0.1601 -0.7822
vn -0.6216 0.0656 -0.7806
vn -0.6272 0.0000 -0.7789
vn -0.7724 -0.0000 -0.6351
vn -0.7664 -0.0809 -0.6372
vn -0.7432 -0.1977 -0.6392
vn -0.6984 -0.3273 -0.6365
vn -0.6321 -0.4561 -0.6265
vn -0.5484 -0.5728 -0.6092
vn -0.4547 -0.6701 -0.5867
vn -0.3585 -0.7455 -0.5619
vn -0.2658 -0.7999 -0.5380
vn -0.1805 -0.8365 -0.5173
vn -0.1052 -0.8589 -0.5013
vn -0.0423 -0.8702 -0.4909
vn 0.0000 -0.8733 -0.4872
vn 0.0423 -0.8702 -0.4909
vn 0.1052 -0.8589 -0.5013
vn 0.1805 -0.8365 -0.5173
vn 0.2658 -0.7999 -0.5380
vn 0.3585 -0.7455 -0.5619
vn 0.4547 -0.6701 -0.5867
vn 0.5484 -0.5728 -0.6092
vn 0.6321 -0.4561 -0.6265
vn 0.6984 -0.3273 -0.6365
vn 0.7432 -0.1977 -0.6392
vn 0.7664 -0.0809 -0.6372
vn 0.7724 0.0000 -0.6351
vn 0.7664 0.0809 -0.6372
vn 0.7432 0.1977 -0.6392
vn 0.6984 0.3273 -0.6365
vn 0.6321 0.4561 -0.6265
vn 0.5484 0.5728 -0.6092
vn 0.4547 0.6701 -0.5867
vn 0.3585 0.7455 -0.5619
vn 0.2658 0.7999 -0.5380
vn 0.1805 0.8365 -0.5173
vn 0.1052 0.8589 -0.5013
vn 0.0423 0.8702 -0.4909
vn 0.0000 0.8733 -0.4872
vn -0.0423 0.8702 -0.4909
vn -0.1052 0.8589 -0.5013
vn -0.1805 0.8365 -0.5173
vn -0.2658 0.7999 -0.5380
vn -0.3585 0.7455 -0.5619
vn -0.4547 0.6701 -0.5867
vn -0.5484 0.5728 -0.6092
vn -0.6321 0.4561 -0.6265
vn -0.6984 0.3273 -0.6365
vn -0.7432 0.1977 -0.6392
vn -0.7664 0.0809 -0.6372
vn -0.7724 0.0000 -0.6351
vn -0.8725 -0.0000 -0.4886
vn -0.8665 -0.0915 -0.4907
vn -0.8410 -0.2237 -0.4927
vn -0.7894 -0.3699 -0.4900
vn -0.7113 -0.5133 -0.4802
vn -0.6128 -0.6400 -0.4636
vn -0.5035 -0.7421 -0.4425
vn -0.3933 -0.8179 -0.4199
vn -0.2892 -0.8703 -0.3987
vn -0.1950 -0.9039 -0.3807
vn -0.1131 -0.9233 -0.3670
vn -0.0453 -0.9325 -0.3583
vn 0.0000 -0.9348 -0.3552
vn 0.0453 -0.9325 -0.3583
vn 0.1131 -0.9233 -0.3670
vn 0.1950 -0.9039 -0.3807
vn 0.2892 -0.8703 -0.3987
vn 0.3933 -0.8179 -0.4199
vn 0.5035 -0.7421 -0.4425
vn 0.6128 -0.6400 -0.4636
vn 0.7113 -0.5133 -0.4802
vn 0.7894 -0.3699 -0.4900
vn 0.8410 -0.2237 -0.4927
vn 0.8665 -0.0915 -0.4907
vn 0.8725 0.0000 -0.4886
vn 0.8665 0.0915 -0.4907
vn 0.8410 0.2237 -0.4927
vn 0.7894 0.3699 -0.4900
vn 0.7113 0.5133 -0.4802
vn 0.6128 0.6400 -0.4636
vn 0.5035 0.7421 -0.4425
vn 0.3933 0.8179 -0.4199
vn 0.2892 0.8703 -0.3987
vn 0.1950 0.9039 -0.3807
vn 0.1131 0.9233 -0.3670
vn 0.0453 0.9325 -0.3583
vn 0.0000 0.9348 -0.3552
vn -0.0453 0.9325 -0.3583
vn -0.1131 0.9233 -0.3670
vn -0.1950 0.9039 -0.3807
vn -0.2892 0.8703 -0.3987
vn -0.3933 0.8179 -0.4199
vn -0.5035 0.7421 -0.4425
vn -0.6128 0.6400 -0.4636
vn -0.7113 0.5133 -0.4802
vn -0.7894 0.3699 -0.4900
vn -0.8410 0.2237 -0.4927
vn -0.8665 0.0915 -0.4907
vn -0.8725 0.0000 -0.4886
vn -0.9343 -0.0000 -0.3564
vn -0.9285 -0.0981 -0.3581
vn -0.9017 -0.2398 -0.3598
vn -0.8457 -0.3963 -0.3575
vn -0.7598 -0.5483 -0.3494
vn -0.6514 -0.6804 -0.3357
vn -0.5322 -0.7844 -0.3186
vn -0.4134 -0.8595 -0.3006
vn -0.3023 -0.9099 -0.2839
vn -0.2031 -0.9412 -0.2700
vn -0.1174 -0.9586 -0.2595
vn -0.0470 -0.9663 -0.2529
vn 0.0000 -0.9681 -0.2506
vn 0.0470 -0.9663 -0.2529
vn 0.1174 -0.9586 -0.2595
vn 0.2031 -0.9412 -0.2700
vn 0.3023 -0.9099 -0.2839
vn 0.4134 -0.8595 -0.3006
vn 0.5322 -0.7844 -0.3186
vn 0.6514 -0.6804 -0.3357
vn 0.7598 -0.5483 -0.3494
vn 0.8457 -0.3963 -0.3575
vn 0.9017 -0.2398 -0.3598
vn 0.9285 -0.0981 -0.3581
vn 0.9343 0.0000 -0.3564
vn 0.9285 0.0981 -0.3581
vn 0.9017 0.2398 -0.3598
vn 0.8457 0.3963 -0.3575
vn 0.7598 0.5483 -0.3494
vn 0.6514 0.6804 -0.3357
vn 0.5322 0.7844 -0.3186
vn 0.4134 0.8595 -0.3006
vn 0.3023 0.9099 -0.2839
vn 0.2031 0.9412 -0.2700
vn 0.1174 0.9586 -0.2595
vn 0.0470 0.9663 -0.2529
vn 0.0000 0.9681 -0.2506
vn -0.0470 0.9663 -0.2529
vn -0.1174 0.9586 -0.2595
vn -0.2031 0.9412 -0.2700
vn -0.3023 0.9099 -0.2839
vn -0.4134 0.8595 -0.3006
vn -0.5322 0.7844 -0.3186
vn -0.6514 0.6804 -0.3357
vn -0.7598 0.5483 -0.3494
vn -0.8457 0.3963 -0.3575
vn -0.9017 0.2398 -0.3598
vn -0.9285 0.0981 -0.3581
vn -0.9343 0.0000 -0.3564
vn -0.9696 -0.0000 -0.2448
vn -0.9639 -0.1018 -0.2461
vn -0.9364 -0.2491 -0.2473
vn -0.8778 -0.4113 -0.2457
vn -0.7873 -0.5681 -0.2397
vn -0.6731 -0.7030 -0.2296
vn -0.5481 -0.8077 -0.2172
vn -0.4243 -0.8822 -0.2042
vn -0.3094 -0.9313 -0.1924
vn -0.2074 -0.9611 -0.1825
vn -0.1197 -0.9772 -0.1752
vn -0.0479 -0.9842 -0.1705
vn 0.0000 -0.9856 -0.1689
vn 0.0479 -0.9842 -0.1705
vn 0.1197 -0.9772 -0.1752
vn 0.2074 -0.9611 -0.1825
vn 0.3094 -0.9313 -0.1924
vn 0.4243 -0.8822 -0.2042
vn 0.5481 -0.8077 -0.2172
vn 0.6731 -0.7030 -0.2296
vn 0.7873 -0.5681 -0.2397
vn 0.8778 -0.4113 -0.2457
vn 0.9364 -0.2491 -0.2473
vn 0.9639 -0.1018 -0.2461
vn 0.9696 0.0000 -0.2448
vn 0.9639 0.1018 -0.2461
vn 0.9364 0.2491 -0.2473
vn 0.8778 0.4113 -0.2457
vn 0.7873 0.5681 -0.2397
vn 0.6731 0.7030 -0.2296
vn 0.5481 0.8077 -0.2172
vn 0.4243 0.8822 -0.2042
vn 0.3094 0.9313 -0.1924
vn 0.2074 0.9611 -0.1825
vn 0.1197 0.9772 -0.1752
vn 0.0479 0.9842 -0.1705
vn 0.0000 0.9856 -0.1689
vn -0.0479 0.9842 -0.1705
vn -0.1197 0.9772 -0.1752
vn -0.2074 0.9611 -0.1825
vn -0.3094 0.9313 -0.1924
vn -0.4243 0.8822 -0.2042
vn -0.5481 0.8077 -0.2172
vn -0.6731 0.7030 -0.2296
vn -0.7873 0.5681 -0.2397
vn -0.8778 0.4113 -0.2457
vn -0.9364 0.2491 -0.2473
vn -0.9639 0.1018 -0.2461
vn -0.9696 0.0000 -0.2448
vn -0.9880 -0.0000 -0.1541
vn -0.9825 -0.1037 -0.1550
vn -0.9546 -0.2539 -0.1558
vn -0.8946 -0.4192 -0.1547
vn -0.8017 -0.5785 -0.1508
vn -0.6843 -0.7147 -0.1443
vn -0.5563 -0.8198 -0.1362
vn -0.4298 -0.8938 -0.1278
vn -0.3130 -0.9421 -0.1202
vn -0.2095 -0.9711 -0.1140
vn -0.1208 -0.9866 -0.1093
vn -0.0483 -0.9932 -0.1063
vn 0.0000 -0.9944 -0.1053
vn 0.0483 -0.9932 -0.1063
vn 0.1208 -0.9866 -0.1093
vn 0.2095 -0.9711 -0.1140
vn 0.3130 -0.9421 -0.1202
vn 0.4298 -0.8938 -0.1278
vn 0.5563 -0.8198 -0.1362
vn 0.6843 -0.7147 -0.1443
vn 0.8017 -0.5785 -0.1508
vn 0.8946 -0.4192 -0.1547
vn 0.9546 -0.2539 -0.1558
vn 0.9825 -0.1037 -0.1550
vn 0.9880 0.0000 -0.1541
vn 0.9825 0.1037 -0.1550
vn 0.9546 0.2539 -0.1558
vn 0.8946 0.4192 -0.1547
vn 0.8017 0.5785 -0.1508
vn 0.6843 0.7147 -0.1443
vn 0.5563 0.8198 -0.1362
vn 0.4298 0.8938 -0.1278
vn 0.3130 0.9421 -0.1202
vn 0.2095 0.9711 -0.1140
vn 0.1208 0.9866 -0.1093
vn 0.0483 0.9932 -0.1063
vn 0.0000 0.9944 -0.1053
vn -0.0483 0.9932 -0.1063
vn -0.1208 0.9866 -0.1093
vn -0.2095 0.9711 -0.1140
vn -0.3130 0.9421 -0.1202
vn -0.4298 0.8938 -0.1278
vn -0.5563 0.8198 -0.1362
vn -0.6843 0.7147 -0.1443
vn -0.8017 0.5785 -0.1508
vn -0.8946 0.4192 -0.1547
vn -0.9546 0.2539 -0.1558
vn -0.9825 0.1037 -0.1550
vn -0.9880 0.0000 -0.1541
vn -0.9966 -0.0000 -0.0827
vn -0.9910 -0.1047 -0.0831
vn -0.9630 -0.2562 -0.0836
vn -0.9024 -0.4229 -0.0830
vn -0.8083 -0.5832 -0.0808
vn -0.6895 -0.7201 -0.0773
vn -0.5600 -0.8253 -0.0729
vn -0.4324 -0.8991 -0.0684
vn -0.3147 -0.9470 -0.0643
vn -0.2105 -0.9757 -0.0609
vn -0.1214 -0.9909 -0.0584
vn -0.0485 -0.9972 -0.0568
vn 0.0000 -0.9984 -0.0562
vn 0.0485 -0.9972 -0.0568
vn 0.1214 -0.9909 -0.0584
vn 0.2105 -0.9757 -0.0609
vn 0.3147 -0.9470 -0.0643
vn 0.4324 -0.8991 -0.0684
vn 0.5600 -0.8253 -0.0729
vn 0.6895 -0.7201 -0.0773
vn 0.8083 -0.5832 -0.0808
vn 0.9024 -0.4229 -0.0830
vn 0.9630 -0.2562 -0.0836
vn 0.9910 -0.1047 -0.0831
vn 0.9966 0.0000 -0.0827
vn 0.9910 0.1047 -0.0831
vn 0.9630 0.2562 -0.0836
vn 0.9024 0.4229 -0.0830
vn 0.8083 0.5832 -0.0808
vn 0.6895 0.7201 -0.0773
vn 0.5600 0.8253 -0.0729
vn 0.4324 0.8991 -0.0684
vn 0.3147 0.9470 -0.0643
vn 0.2105 0.9757 -0.0609
vn 0.1214 0.9909 -0.0584
vn 0.0485 0.9972 -0.0568
vn 0.0000 0.9984 -0.0562
vn -0.0485 0.9972 -0.0568
vn -0.1214 0.9909 -0.0584
vn -0.2105 0.9757 -0.0609
vn -0.3147 0.9470 -0.0643
vn -0.4324 0.8991 -0.0684
vn -0.5600 0.8253 -0.0729
vn -0.6895 0.7201 -0.0773
vn -0.8083 0.5832 -0.0808
vn -0.9024 0.4229 -0.0830
vn -0.9630 0.2562 -0.0836
vn -0.9910 0.1047 -0.0831
vn -0.9966 0.0000 -0.0827
vn -0.9996 -0.0000 -0.0296
vn -0.9940 -0.1050 -0.0298
vn -0.9660 -0.2569 -0.0299
vn -0.9051 -0.4241 -0.0297
vn -0.8106 -0.5849 -0.0289
vn -0.6913 -0.7220 -0.0277
vn -0.5613 -0.8272 -0.0261
vn -0.4333 -0.9009 -0.0245
vn -0.3152 -0.9487 -0.0230
vn -0.2109 -0.9773 -0.0218
vn -0.1215 -0.9924 -0.0209
vn -0.0486 -0.9986 -0.0203
vn 0.0000 -0.9998 -0.0201
vn 0.0486 -0.9986 -0.0203
vn 0.1215 -0.9924 -0.0209
vn 0.2109 -0.9773 -0.0218
vn 0.3152 -0.9487 -0.0230
vn 0.4333 -0.9009 -0.0245
vn 0.5613 -0.8272 -0.0261
vn 0.6913 -0.7220 -0.0277
vn 0.8106 -0.5849 -0.0289
vn 0.9051 -0.4241 -0.0297
vn 0.9660 -0.2569 -0.0299
vn 0.9940 -0.1050 -0.0298
vn 0.9996 0.0000 -0.0296
vn 0.9940 0.1050 -0.0298
vn 0.9660 0.2569 -0.0299
vn 0.9051 0.4241 -0.0297
vn 0.8106 0.5849 -0.0289
vn 0.6913 0.7220 -0.0277
vn 0.5613 0.8272 -0.0261
vn 0.4333 0.9009 -0.0245
vn 0.3152 0.9487 -0.0230
vn 0.2109 0.9773 -0.0218
vn 0.1215 0.9924 -0.0209
vn 0.0486 0.9986 -0.0203
vn 0.0000 0.9998 -0.0201
vn -0.0486 0.9986 -0.0203
vn -0.1215 0.9924 -0.0209
vn -0.2109 0.9773 -0.0218
vn -0.3152 0.9487 -0.0230
vn -0.4333 0.9009 -0.0245
vn -0.5613 0.8272 -0.0261
vn -0.6913 0.7220 -0.0277
vn -0.8106 0.5849 -0.0289
vn -0.9051 0.4241 -0.0297
vn -0.9660 0.2569 -0.0299
vn -0.9940 0.1050 -0.0298
vn -0.9996 0.0000 -0.0296
vn -1.0000 -0.0000 0.0000
vn -0.9945 -0.1050 0.0000
vn -0.9664 -0.2571 0.0000
vn -0.9055 -0.4243 0.0000
vn -0.8109 -0.5851 0.0000
vn -0.6916 -0.7223 0.0000
vn -0.5615 -0.8275 0.0000
vn -0.4334 -0.9012 0.0000
vn -0.3153 -0.9490 0.0000
vn -0.2109 -0.9775 0.0000
vn -0.1216 -0.9926 0.0000
vn -0.0486 -0.9988 0.0000
vn 0.0000 -1.0000 0.0000
vn 0.0486 -0.9988 0.0000
vn 0.1216 -0.9926 0.0000
vn 0.2109 -0.9775 0.0000
vn 0.3153 -0.9490 0.0000
vn 0.4334 -0.9012 0.0000
vn 0.5615 -0.8275 0.0000
vn 0.6916 -0.7223 0.0000
vn 0.8109 -0.5851 0.0000
vn 0.9055 -0.4243 0.0000
vn 0.9664 -0.2571 0.0000
vn 0.9945 -0.1050 0.0000
vn 1.0000 0.0000 0.0000
vn 0.9945 0.1050 0.0000
vn 0.9664 0.2571 0.0000
vn 0.9055 0.4243 0.0000
vn 0.8109 0.5851 0.0000
vn 0.6916 0.7223 0.0000
vn 0.5615 0.8275 0.0000
vn 0.4334 0.9012 0.0000
vn 0.3153 0.9490 0.0000
vn 0.2109 0.9775 0.0000
vn 0.1216 0.9926 0.0000
vn 0.0486 0.9988 0.0000
vn 0.0000 1.0000 0.0000
vn -0.0486 0.9988 0.0000
vn -0.1216 0.9926 0.0000
vn -0.2109 0.9775 0.0000
vn -0.3153 0.9490 0.0000
vn -0.4334 0.9012 0.0000
vn -0.5615 0.8275 0.0000
vn -0.6916 0.7223 0.0000
vn -0.8109 0.5851 0.0000
vn -0.9055 0.4243 0.0000
vn -0.9664 0.2571 0.0000
vn -0.9945 0.1050 0.0000
vn -1.0000 0.0000 0.0000
vn -0.9996 -0.0000 0.0296
vn -0.9940 -0.1050 0.0298
vn -0.9660 -0.2569 0.0299
vn -0.9051 -0.4241 0.0297
vn -0.8106 -0.5849 0.0289
vn -0.6913 -0.7220 0.0277
vn -0.5613 -0.8272 0.0261
vn -0.4333 -0.9009 0.0245
vn -0.3152 -0.9487 0.0230
vn -0.2109 -0.9773 0.0218
vn -0.1215 -0.9924 0.0209
vn -0.0486 -0.9986 0.0203
vn 0.0000 -0.9998 0.0201
vn 0.0486 -0.9986 0.0203
vn 0.1215 -0.9924 0.0209
vn 0.2109 -0.9773 0.0218
vn 0.3152 -0.9487 0.0230
vn 0.4333 -0.9009 0.0245
vn 0.5613 -0.8272 0.0261
vn 0.6913 -0.7220 0.0277
vn 0.8106 -0.5849 0.0289
vn 0.9051 -0.4241 0.0297
vn 0.9660 -0.2569 0.0299
vn 0.9940 -0.1050 0.0298
vn 0.9996 0.0000 0.0296
vn 0.9940 0.1050 0.0298
vn 0.9660 0.2569 0.0299
vn 0.9051 0.4241 0.0297
vn 0.8106 0.5849 0.0289
vn 0.6913 0.7220 0.0277
vn 0.5613 0.8272 0.0261
vn 0.4333 0.9009 0.0245
vn 0.3152 0.9487 0.0230
vn 0.2109 0.9773 0.0218
vn 0.1215 0.9924 0.0209
vn 0.0486 0.9986 0.0203
vn 0.0000 0.9998 0.0201
vn -0.0486 0.9986 0.0203
vn -0.1215 0.9924 0.0209
vn -0.2109 0.9773 0.0218
vn -0.3152 0.9487 0.0230
vn -0.4333 0.9009 0.0245
vn -0.5613 0.8272 0.0261
vn -0.6913 0.7220 0.0277
vn -0.8106 0.5849 0.0289
vn -0.9051 0.4241 0.0297
vn -0.9660 0.2569 0.0299
vn -0.9940 0.1050 0.0298
vn -0.9996 0.0000 0.0296
vn -0.9966 -0.0000 0.0827
vn -0.9910 -0.1047 0.0831
vn -0.9630 -0.2562 0.0836
vn -0.9024 -0.4229 0.0830
vn -0.8083 -0.5832 0.0808
vn -0.6895 -0.7201 0.0773
vn -0.5600 -0.8253 0.0729
vn -0.4324 -0.8991 0.0684
vn -0.3147 -0.9470 0.0643
vn -0.2105 -0.9757 0.0609
vn -0.1214 -0.9909 0.0584
vn -0.0485 -0.9972 0.0568
vn 0.0000 -0.9984 0.0562
vn 0.0485 -0.9972 0.0568
vn 0.1214 -0.9909 0.0584
vn 0.2105 -0.9757 0.0609
vn 0.3147 -0.9470 0.0643
vn 0.4324 -0.8991 0.0684
vn 0.5600 -0.8253 0.0729
vn 0.6895 -0.7201 0.0773
vn 0.8083 -0.5832 0.0808
vn 0.9024 -0.4229 0.0830
vn 0.9630 -0.2562 0.0836
vn 0.9910 -0.1047 0.0831
vn 0.9966 0.0000 0.0827
vn 0.9910 0.1047 0.0831
vn 0.9630 0.2562 0.0836
vn 0.9024 0.4229 0.0830
vn 0.8083 0.5832 0.0808
vn 0.6895 0.7201 0.0773
vn 0.5600 0.8253 0.0729
vn 0.4324 0.8991 0.0684
vn 0.3147 0.9470 0.0643
vn 0.2105 0.9757 0.0609
vn 0.1214 0.9909 0.0584
vn 0.0485 0.9972 0.0568
vn 0.0000 0.9984 0.0562
vn -0.0485 0.9972 0.0568
vn -0.1214 0.9909 0.0584
vn -0.2105 0.9757 0.0609
vn -0.3147 0.9470 0.0643
vn -0.4324 0.8991 0.0684
vn -0.5600 0.8253 0.0729
vn -0.6895 0.7201 0.0773
vn -0.8083 0.5832 0.0808
vn -0.9024 0.4229 0.0830
vn -0.9630 0.2562 0.0836
vn -0.9910 0.1047 0.0831
vn -0.9966 0.0000 0.0827
vn -0.9880 -0.0000 0.1541
vn -0.9825 -0.1037 0.1550
vn -0.9546 -0.2539 0.1558
vn -0.8946 -0.4192 0.1547
vn -0.8017 -0.5785 0.1508
vn -0.6843 -0.7147 0.1443
vn -0.5563 -0.8198 0.1362
vn -0.4298 -0.8938 0.1278
vn -0.3130 -0.9421 0.1202
vn -0.2095 -0.9711 0.1140
vn -0.1208 -0.9866 0.1093
vn -0.0483 -0.9932 0.1063
vn 0.0000 -0.9944 0.1053
vn 0.0483 -0.9932 0.1063
vn 0.1208 -0.9866 0.1093
vn 0.2095 -0.9711 0.1140
vn 0.3130 -0.9421 0.1202
vn 0.4298 -0.8938 0.1278
vn 0.5563 -0.8198 0.1362
vn 0.6843 -0.7147 0.1443
vn 0.8017 -0.5785 0.1508
vn 0.8946 -0.4192 0.1547
vn 0.9546 -0.2539 0.1558
vn 0.9825 -0.1037 0.1550
vn 0.9880 0.0000 0.1541
vn 0.9825 0.1037 0.1550
vn 0.9546 0.2539 0.1558
vn 0.8946 0.4192 0.1547
vn 0.8017 0.5785 0.1508
vn 0.6843 0.7147 0.1443
vn 0.5563 0.8198 0.1362
vn 0.4298 0.8938 0.1278
vn 0.3130 0.9421 0.1202
vn 0.2095 0.9711 0.1140
vn 0.1208 0.9866 0.1093
vn 0.0483 0.9932 0.1063
vn 0.0000 0.9944 0.1053
vn -0.0483 0.9932 0.1063
vn -0.1208 0.9866 0.1093
vn -0.2095 0.9711 0.1140
vn -0.3130 0.9421 0.1202
vn -0.4298 0.8938 0.1278
vn -0.5563 0.8198 0.1362
vn -0.6843 0.7147 0.1443
vn -0.8017 0.5785 0.1508
vn -0.8946 0.4192 0.1547
vn -0.9546 0.2539 0.1558
vn -0.9825 0.1037 0.1550
vn -0.9880 0.0000 0.1541
vn -0.9696 -0.0000 0.2448
vn -0.9639 -0.1018 0.2461
vn -0.9364 -0.2491 0.2473
vn -0.8778 -0.4113 0.2457
vn -0.7873 -0.5681 0.2397
vn -0.6731 -0.7030 0.2296
vn -0.5481 -0.8077 0.2172
vn -0.4243 -0.8822 0.2042
vn -0.3094 -0.9313 0.1924
vn -0.2074 -0.9611 0.1825
vn -0.1197 -0.9772 0.1752
vn -0.0479 -0.9842 0.1705
vn 0.0000 -0.9856 0.1689
vn 0.0479 -0.9842 0.1705
vn 0.1197 -0.9772 0.1752
vn 0.2074 -0.9611 0.1825
vn 0.3094 -0.9313 0.1924
vn 0.4243 -0.8822 0.2042
vn 0.5481 -0.8077 0.2172
vn 0.6731 -0.7030 0.2296
vn 0.7873 -0.5681 0.2397
vn 0.8778 -0.4113 0.2457
vn 0.9364 -0.2491 0.2473
vn 0.9639 -0.1018 0.2461
vn 0.9696 0.0000 0.2448
vn 0.9639 0.1018 0.2461
vn 0.9364 0.2491 0.2473
vn 0.8778 0.4113 0.2457
vn 0.7873 0.5681 0.2397
vn 0.6731 0.7030 0.2296
vn 0.5481 0.8077 0.2172
vn 0.4243 0.8822 0.2042
vn 0.3094 0.9313 0.1924
vn 0.2074 0.9611 0.1825
vn 0.1197 0.9772 0.1752
vn 0.0479 0.9842 0.1705
vn 0.0000 0.9856 0.1689
vn -0.0479 0.9842 0.1705
vn -0.1197 0.9772 0.1752
vn -0.2074 0.9611 0.1825
vn -0.3094 0.9313 0.1924
vn -0.4243 0.8822 0.2042
vn -0.5481 0.8077 0.2172
vn -0.6731 0.7030 0.2296
vn -0.7873 0.5681 0.2397
vn -0.8778 0.4113 0.2457
vn -0.9364 0.2491 0.2473
vn -0.9639 0.1018 0.2461
vn -0.9696 0.0000 0.2448
vn -0.9343 -0.0000 0.3564
vn -0.9285 -0.0981 0.3581
vn -0.9017 -0.2398 0.3598
vn -0.8457 -0.3963 0.3575
vn -0.7598 -0.5483 0.3494
vn -0.6514 -0.6804 0.3357
vn -0.5322 -0.7844 0.3186
vn -0.4134 -0.8595 0.3006
vn -0.3023 -0.9099 0.2839
vn -0.2031 -0.9412 0.2700
vn -0.1174 -0.9586 0.2595
vn -0.0470 -0.9663 0.2529
vn 0.0000 -0.9681 0.2506
vn 0.0470 -0.9663 0.2529
vn 0.1174 -0.9586 0.2595
vn 0.2031 -0.9412 0.2700
vn 0.3023 -0.9099 0.2839
vn 0.4134 -0.8595 0.3006
vn 0.5322 -0.7844 0.3186
vn 0.6514 -0.6804 0.3357
vn 0.7598 -0.5483 0.3494
vn 0.8457 -0.3963 0.3575
vn 0.9017 -0.2398 0.3598
vn 0.9285 -0.0981 0.3581
vn 0.9343 0.0000 0.3564
vn 0.9285 0.0981 0.3581
vn 0.9017 0.2398 0.3598
vn 0.8457 0.3963 0.3575
vn 0.7598 0.5483 0.3494
vn 0.6514 0.6804 0.3357
vn 0.5322 0.7844 0.3186
vn 0.4134 0.8595 0.3006
vn 0.3023 0.9099 0.2839
vn 0.2031 0.9412 0.2700
vn 0.1174 0.9586 0.2595
vn 0.0470 0.9663 0.2529
vn 0.0000 0.9681 0.2506
vn -0.0470 0.9663 0.2529
vn -0.1174 0.9586 0.2595
vn -0.2031 0.9412 0.2700
vn -0.3023 0.9099 0.2839
vn -0.4134 0.8595 0.3006
vn -0.5322 0.7844 0.3186
vn -0.6514 0.6804 0.3357
vn -0.7598 0.5483 0.3494
vn -0.8457 0.3963 0.3575
vn -0.9017 0.2398 0.3598
vn -0.9285 0.0981 0.3581
vn -0.9343 0.0000 0.3564
vn -0.8725 -0.0000 0.4886
vn -0.8665 -0.0915 0.4907
vn -0.8410 -0.2237 0.4927
vn -0.7894 -0.3699 0.4900
vn -0.7113 -0.5133 0.4802
vn -0.6128 -0.6400 0.4636
vn -0.5035 -0.7421 0.4425
vn -0.3933 -0.8179 0.4199
vn -0.2892 -0.8703 0.3987
vn -0.1950 -0.9039 0.3807
vn -0.1131 -0.9233 0.3670
vn -0.0453 -0.9325 0.3583
vn 0.0000 -0.9348 0.3552
vn 0.0453 -0.9325 0.3583
vn 0.1131 -0.9233 0.3670
vn 0.1950 -0.9039 0.3807
vn 0.2892 -0.8703 0.3987
vn 0.3933 -0.8179 0.4199
vn 0.5035 -0.7421 0.4425
vn 0.6128 -0.6400 0.4636
vn 0.7113 -0.5133 0.4802
vn 0.7894 -0.3699 0.4900
vn 0.8410 -0.2237 0.4927
vn 0.8665 -0.0915 0.4907
vn 0.8725 0.0000 0.4886
vn 0.8665 0.0915 0.4907
vn 0.8410 0.2237 0.4927
vn 0.7894 0.3699 0.4900
vn 0.7113 0.5133 0.4802
vn 0.6128 0.6400 0.4636
vn 0.5035 0.7421 0.4425
vn 0.3933 0.8179 0.4199
vn 0.2892 0.8703 0.3987
vn 0.1950 0.9039 0.3807
vn 0.1131 0.9233 0.3670
vn 0.0453 0.9325 0.3583
vn 0.0000 0.9348 0.3552
vn -0.0453 0.9325 0.3583
vn -0.1131 0.9233 0.3670
vn -0.1950 0.9039 0.3807
vn -0.2892 0.8703 0.3987
vn -0.3933 0.8179 0.4199
vn -0.5035 0.7421 0.4425
vn -0.6128 0.6400 0.4636
vn -0.7113 0.5133 0.4802
vn -0.7894 0.3699 0.4900
vn -0.8410 0.2237 0.4927
vn -0.8665 0.0915 0.4907
vn -0.8725 0.0000 0.4886
vn -0.7724 -0.0000 0.6351
vn -0.7664 -0.0809 0.6372
vn -0.7432 -0.1977 0.6392
vn -0.6984 -0.3273 0.6365
vn -0.6321 -0.4561 0.6265
vn -0.5484 -0.5728 0.6092
vn -0.4547 -0.6701 0.5867
vn -0.3585 -0.7455 0.5619
vn -0.2658 -0.7999 0.5380
vn -0.1805 -0.8365 0.5173
vn -0.1052 -0.8589 0.5013
vn -0.0423 -0.8702 0.4909
vn 0.0000 -0.8733 0.4872
vn 0.0423 -0.8702 0.4909
vn 0.1052 -0.8589 0.5013
vn 0.1805 -0.8365 0.5173
vn 0.2658 -0.7999 0.5380
vn 0.3585 -0.7455 0.5619
vn 0.4547 -0.6701 0.5867
vn 0.5484 -0.5728 0.6092
vn 0.6321 -0.4561 0.6265
vn 0.6984 -0.3273 0.6365
vn 0.7432 -0.1977 0.6392
vn 0.7664 -0.0809 0.6372
vn 0.7724 0.0000 0.6351
vn 0.7664 0.0809 0.6372
vn 0.7432 0.1977 0.6392
vn 0.6984 0.3273 0.6365
vn 0.6321 0.4561 0.6265
vn 0.5484 0.5728 0.6092
vn 0.4547 0.6701 0.5867
vn 0.3585 0.7455 0.5619
vn 0.2658 0.7999 0.5380
vn 0.1805 0.8365 0.5173
vn 0.1052 0.8589 0.5013
vn 0.0423 0.8702 0.4909
vn 0.0000 0.8733 0.4872
vn -0.0423 0.8702 0.4909
vn -0.1052 0.8589 0.5013
vn -0.1805 0.8365 0.5173
vn -0.2658 0.7999 0.5380
vn -0.3585 0.7455 0.5619
vn -0.4547 0.6701 0.5867
vn -0.5484 0.5728 0.6092
vn -0.6321 0.4561 0.6265
vn -0.6984 0.3273 0.6365
vn -0.7432 0.1977 0.6392
vn -0.7664 0.0809 0.6372
vn -0.7724 0.0000 0.6351
vn -0.6272 -0.0000 0.7789
vn -0.6216 -0.0656 0.7806
vn -0.6021 -0.1601 0.7822
vn -0.5666 -0.2655 0.7800
vn -0.5155 -0.3720 0.7719
vn -0.4515 -0.4715 0.7575
vn -0.3788 -0.5582 0.7382
vn -0.3025 -0.6290 0.7162
vn -0.2270 -0.6832 0.6941
vn -0.1558 -0.7219 0.6743
vn -0.0915 -0.7470 0.6585
vn -0.0370 -0.7606 0.6482
vn 0.0000 -0.7647 0.6444
vn 0.0370 -0.7606 0.6482
vn 0.0915 -0.7470 0.6585
vn 0.1558 -0.7219 0.6743
vn 0.2270 -0.6832 0.6941
vn 0.3025 -0.6290 0.7162
vn 0.3788 -0.5582 0.7382
vn 0.4515 -0.4715 0.7575
vn 0.5155 -0.3720 0.7719
vn 0.5666 -0.2655 0.7800
vn 0.6021 -0.1601 0.7822
vn 0.6216 -0.0656 0.7806
vn 0.6272 0.0000 0.7789
vn 0.6216 0.0656 0.7806
vn 0.6021 0.1601 0.7822
vn 0.5666 0.2655 0.7800
vn 0.5155 0.3720 0.7719
vn 0.4515 0.4715 0.7575
vn 0.3788 0.5582 0.7382
vn 0.3025 0.6290 0.7162
vn 0.2270 0.6832 0.6941
vn 0.1558 0.7219 0.6743
vn 0.0915 0.7470 0.6585
vn 0.0370 0.7606 0.6482
vn 0.0000 0.7647 0.6444
vn -0.0370 0.7606 0.6482
vn -0.0915 0.7470 0.6585
vn -0.1558 0.7219 0.6743
vn -0.2270 0.6832 0.6941
vn -0.3025 0.6290 0.7162
vn -0.3788 0.5582 0.7382
vn -0.4515 0.4715 0.7575
vn -0.5155 0.3720 0.7719
vn -0.5666 0.2655 0.7800
vn -0.6021 0.1601 0.7822
vn -0.6216 0.0656 0.7806
vn -0.6272 0.0000 0.7789
vn -0.4454 -0.0000 0.8953
vn -0.4410 -0.0466 0.8963
vn -0.4267 -0.1135 0.8972
vn -0.4021 -0.1884 0.8960
vn -0.3678 -0.2654 0.8912
vn -0.3250 -0.3395 0.8827
vn -0.2761 -0.4068 0.8708
vn -0.2236 -0.4649 0.8567
vn -0.1701 -0.5120 0.8420
vn -0.1182 -0.5478 0.8282
vn -0.0701 -0.5725 0.8169
vn -0.0285 -0.5867 0.8093
vn 0.0000 -0.5913 0.8065
vn 0.0285 -0.5867 0.8093
vn 0.0701 -0.5725 0.8169
vn 0.1182 -0.5478 0.8282
vn 0.1701 -0.5120 0.8420
vn 0.2236 -0.4649 0.8567
vn 0.2761 -0.4068 0.8708
vn 0.3250 -0.3395 0.8827
vn 0.3678 -0.2654 0.8912
vn 0.4021 -0.1884 0.8960
vn 0.4267 -0.1135 0.8972
vn 0.4410 -0.0466 0.8963
vn 0.4454 0.0000 0.8953
vn 0.4410 0.0466 0.8963
vn 0.4267 0.1135 0.8972
vn 0.4021 0.1884 0.8960
vn 0.3678 0.2654 0.8912
vn 0.3250 0.3395 0.8827
vn 0.2761 0.4068 0.8708
vn 0.2236 0.4649 0.8567
vn 0.1701 0.5120 0.8420
vn 0.1182 0.5478 0.8282
vn 0.0701 0.5725 0.8169
vn 0.0285 0.5867 0.8093
vn 0.0000 0.5913 0.8065
vn -0.0285 0.5867 0.8093
vn -0.0701 0.5725 0.8169
vn -0.1182 0.5478 0.8282
vn -0.1701 0.5120 0.8420
vn -0.2236 0.4649 0.8567
vn -0.2761 0.4068 0.8708
vn -0.3250 0.3395 0.8827
vn -0.3678 0.2654 0.8912
vn -0.4021 0.1884 0.8960
vn -0.4267 0.1135 0.8972
vn -0.4410 0.0466 0.8963
vn -0.4454 0.0000 0.8953
vn -0.2557 -0.0000 0.9667
vn -0.2530 -0.0267 0.9671
vn -0.2446 -0.0651 0.9674
vn -0.2308 -0.1081 0.9670
vn -0.2118 -0.1528 0.9653
vn -0.1884 -0.1968 0.9622
vn -0.1615 -0.2379 0.9578
vn -0.1322 -0.2748 0.9524
vn -0.1017 -0.3061 0.9466
vn -0.0714 -0.3309 0.9409
vn -0.0427 -0.3489 0.9362
vn -0.0175 -0.3597 0.9329
vn 0.0000 -0.3632 0.9317
vn 0.0175 -0.3597 0.9329
vn 0.0427 -0.3489 0.9362
vn 0.0714 -0.3309 0.9409
vn 0.1017 -0.3061 0.9466
vn 0.1322 -0.2748 0.9524
vn 0.1615 -0.2379 0.9578
vn 0.1884 -0.1968 0.9622
vn 0.2118 -0.1528 0.9653
vn 0.2308 -0.1081 0.9670
vn 0.2446 -0.0651 0.9674
vn 0.2530 -0.0267 0.9671
vn 0.2557 0.0000 0.9667
vn 0.2530 0.0267 0.9671
vn 0.2446 0.0651 0.9674
vn 0.2308 0.1081 0.9670
vn 0.2118 0.1528 0.9653
vn 0.1884 0.1968 0.9622
vn 0.1615 0.2379 0.9578
vn 0.1322 0.2748 0.9524
vn 0.1017 0.3061 0.9466
vn 0.0714 0.3309 0.9409
vn 0.0427 0.3489 0.9362
vn 0.0175 0.3597 0.9329
vn 0.0000 0.3632 0.9317
vn -0.0175 0.3597 0.9329
vn -0.0427 0.3489 0.9362
vn -0.0714 0.3309 0.9409
vn -0.1017 0.3061 0.9466
vn -0.1322 0.2748 0.9524
vn -0.1615 0.2379 0.9578
vn -0.1884 0.1968 0.9622
vn -0.2118 0.1528 0.9653
vn -0.2308 0.1081 0.9670
vn -0.2446 0.0651 0.9674
vn -0.2530 0.0267 0.9671
vn -0.2557 0.0000 0.9667
vn -0.0940 -0.0000 0.9956
vn -0.0929 -0.0098 0.9956
vn -0.0899 -0.0239 0.9957
vn -0.0848 -0.0397 0.9956
vn -0.0779 -0.0562 0.9954
vn -0.0695 -0.0726 0.9949
vn -0.0598 -0.0882 0.9943
vn -0.0492 -0.1023 0.9935
vn -0.0381 -0.1145 0.9927
vn -0.0269 -0.1245 0.9919
vn -0.0161 -0.1318 0.9911
vn -0.0066 -0.1363 0.9906
vn 0.0000 -0.1378 0.9905
vn 0.0066 -0.1363 0.9906
vn 0.0161 -0.1318 0.9911
vn 0.0269 -0.1245 0.9919
vn 0.0381 -0.1145 0.9927
vn 0.0492 -0.1023 0.9935
vn 0.0598 -0.0882 0.9943
vn 0.0695 -0.0726 0.9949
vn 0.0779 -0.0562 0.9954
vn 0.0848 -0.0397 0.9956
vn 0.0899 -0.0239 0.9957
vn 0.0929 -0.0098 0.9956
vn 0.0940 0.0000 0.9956
vn 0.0929 0.0098 0.9956
vn 0.0899 0.0239 0.9957
vn 0.0848 0.0397 0.9956
vn 0.0779 0.0562 0.9954
vn 0.0695 0.0726 0.9949
vn 0.0598 0.0882 0.9943
vn 0.0492 0.1023 0.9935
vn 0.0381 0.1145 0.9927
vn 0.0269 0.1245 0.9919
vn 0.0161 0.1318 0.9911
vn 0.0066 0.1363 0.9906
vn 0.0000 0.1378 0.9905
vn -0.0066 0.1363 0.9906
vn -0.0161 0.1318 0.9911
vn -0.0269 0.1245 0.9919
vn -0.0381 0.1145 0.9927
vn -0.0492 0.1023 0.9935
vn -0.0598 0.0882 0.9943
vn -0.0695 0.0726 0.9949
vn -0.0779 0.0562 0.9954
vn -0.0848 0.0397 0.9956
vn -0.0899 0.0239 0.9957
vn -0.0929 0.0098 0.9956
vn -0.0940 0.0000 0.9956
vn -0.0000 -0.0000 1.0000
vn -0.0000 -0.0000 1.0000
vn -0.0000 -0.0000 1.0000
vn -0.0000 -0.0000 1.0000
vn -0.0000 -0.0000 1.0000
vn -0.0000 -0.0000 1.0000
vn -0.0000 -0.0000 1.0000
vn -0.0000 -0.0000 1.0000
vn -0.0000 -0.0000 1.0000
vn -0.0000 -0.0000 1.0000
vn -0.0000 -0.0000 1.0000
vn -0.0000 -0.0000 1.0000
vn 0.0000 -0.0000 1.0000
vn 0.0000 -0.0000 1.0000
vn 0.0000 -0.0000 1.0000
vn 0.0000 -0.0000 1.0000
vn 0.0000 -0.0000 1.0000
vn 0.0000 -0.0000 1.0000
vn 0.0000 -0.0000 1.0000
vn 0.0000 -0.0000 1.0000
vn 0.0000 -0.0000 1.0000
vn 0.0000 -0.0000 1.0000
vn 0.0000 -0.0000 1.0000
vn 0.0000 -0.0000 1.0000
vn 0.0000 0.0000 1.0000
vn 0.0000 0.0000 1.0000
vn 0.0000 0.0000 1.0000
vn 0.0000 0.0000 1.0000
vn 0.0000 0.0000 1.0000
vn 0.0000 0.0000 1.0000
vn 0.0000 0.0000 1.0000
vn 0.0000 0.0000 1.0000
vn 0.0000 0.0000 1.0000
vn 0.0000 0.0000 1.0000
vn 0.0000 0.0000 1.0000
vn 0.0000 0.0000 1.0000
vn 0.0000 0.0000 1.0000
vn -0.0000 0.0000 1.0000
vn -0.0000 0.0000 1.0000
vn -0.0000 0.0000 1.0000
vn -0.0000 0.0000 1.0000
vn -0.0000 0.0000 1.0000
vn -0.0000 0.0000 1.0000
vn -0.0000 0.0000 1.0000
vn -0.0000 0.0000 1.0000
vn -0.0000 0.0000 1.0000
vn -0.0000 0.0000 1.0000
vn -0.0000 0.0000 1.0000
vn -0.0000 0.0000 1.0000
vn 1.0000 0.0000 0.0000
vn 0.9511 0.3090 0.0000
vn 0.8090 0.5878 0.0000
vn 0.5878 0.8090 0.0000
vn 0.3090 0.9511 0.0000
vn 0.0000 1.0000 0.0000
vn -0.3090 0.9511 0.0000
vn -0.5878 0.8090 0.0000
vn -0.8090 0.5878 0.0000
vn -0.9511 0.3090 0.0000
vn -1.0000 0.0000 0.0000
vn -0.9511 -0.3090 -0.0000
vn -0.8090 -0.5878 -0.0000
vn -0.5878 -0.8090 -0.0000
vn -0.3090 -0.9511 -0.0000
vn -0.0000 -1.0000 -0.0000
vn 0.3090 -0.9511 0.0000
vn 0.5878 -0.8090 0.0000
vn 0.8090 -0.5878 0.0000
vn 0.9511 -0.3090 0.0000
vn 1.0000 -0.0000 0.0000
vn 1.0000 0.0000 0.0000
vn 0.9511 0.3090 0.0000
vn 0.8090 0.5878 0.0000
vn 0.5878 0.8090 0.0000
vn 0.3090 0.9511 0.0000
vn 0.0000 1.0000 0.0000
vn -0.3090 0.9511 0.0000
vn -0.5878 0.8090 0.0000
vn -0.8090 0.5878 0.0000
vn -0.9511 0.3090 0.0000
vn -1.0000 0.0000 0.0000
vn -0.9511 -0.3090 -0.0000
vn -0.8090 -0.5878 -0.0000
vn -0.5878 -0.8090 -0.0000
vn -0.3090 -0.9511 -0.0000
vn -0.0000 -1.0000 -0.0000
vn 0.3090 -0.9511 0.0000
vn 0.5878 -0.8090 0.0000
vn 0.8090 -0.5878 0.0000
vn 0.9511 -0.3090 0.0000
vn 1.0000 -0.0000 0.0000
vn -0.0000 -0.0000 -1.0000
vn -0.0000 -0.0000 -1.0000
vn -0.0000 -0.0000 -1.0000
vn -0.0000 -0.0000 -1.0000
vn -0.0000 -0.0000 -1.0000
vn -0.0000 -0.0000 -1.0000
vn -0.0000 -0.0000 -1.0000
vn -0.0000 -0.0000 -1.0000
vn -0.0000 -0.0000 -1.0000
vn -0.0000 -0.0000 -1.0000
vn -0.0000 -0.0000 -1.0000
vn -0.0000 -0.0000 -1.0000
vn -0.0000 -0.0000 -1.0000
vn -0.0000 -0.0000 -1.0000
vn -0.0000 -0.0000 -1.0000
vn -0.0000 -0.0000 -1.0000
vn -0.0000 -0.0000 -1.0000
vn -0.0000 -0.0000 -1.0000
vn -0.0000 -0.0000 -1.0000
vn -0.0000 -0.0000 -1.0000
vn -0.0000 -0.0000 -1.0000
vn -0.0000 -0.0000 -1.0000
vn 0.0000 0.0000 1.0000
vn 0.0000 0.0000 1.0000
vn 0.0000 0.0000 1.0000
vn 0.0000 0.0000 1.0000
vn 0.0000 0.0000 1.0000
vn 0.0000 0.0000 1.0000
vn 0.0000 0.0000 1.0000
vn 0.0000 0.0000 1.0000
vn 0.0000 0.0000 1.0000
vn 0.0000 0.0000 1.0000
vn 0.0000 0.0000 1.0000
vn 0.0000 0.0000 1.0000
vn 0.0000 0.0000 1.0000
vn 0.0000 0.0000 1.0000
vn 0.0000 0.0000 1.0000
vn 0.0000 0.0000 1.0000
vn 0.0000 0.0000 1.0000
vn 0.0000 0.0000 1.0000
vn 0.0000 0.0000 1.0000
vn 0.0000 0.0000 1.0000
vn 0.0000 0.0000 1.0000
vn 0.0000 0.0000 1.0000
vn -0.0000 -0.0000 -1.0000
vn -0.0000 -0.0000 -1.0000
vn -0.0000 -0.0000 -1.0000
vn -0.0000 -0.0000 -1.0000
vn -0.0000 -0.0000 -1.0000
vn -0.0000 -0.0000 -1.0000
vn -0.0000 -0.0000 -1.0000
vn -0.0000 -0.0000 -1.0000
vn -0.0000 -0.0000 -1.0000
vn -0.0000 -0.0000 -1.0000
vn -0.0000 -0.0000 -1.0000
vn -0.0000 -0.0000 -1.0000
vn 0.0000 -0.0000 -1.0000
vn 0.0000 -0.0000 -1.0000
vn 0.0000 -0.0000 -1.0000
vn 0.0000 -0.0000 -1.0000
vn 0.0000 -0.0000 -1.0000
vn 0.0000 -0.0000 -1.0000
vn 0.0000 -0.0000 -1.0000
vn 0.0000 -0.0000 -1.0000
vn 0.0000 -0.0000 -1.0000
vn 0.0000 -0.0000 -1.0000
vn 0.0000 -0.0000 -1.0000
vn 0.0000 -0.0000 -1.0000
vn 0.0000 0.0000 -1.0000
vn 0.0000 0.0000 -1.0000
vn 0.0000 0.0000 -1.0000
vn 0.0000 0.0000 -1.0000
vn 0.0000 0.0000 -1.0000
vn 0.0000 0.0000 -1.0000
vn 0.0000 0.0000 -1.0000
vn 0.0000 0.0000 -1.0000
vn 0.0000 0.0000 -1.0000
vn 0.0000 0.0000 -1.0000
vn 0.0000 0.0000 -1.0000
vn 0.0000 0.0000 -1.0000
vn 0.0000 0.0000 -1.0000
vn -0.0000 0.0000 -1.0000
vn -0.0000 0.0000 -1.0000
vn -0.0000 0.0000 -1.0000
vn -0.0000 0.0000 -1.0000
vn -0.0000 0.0000 -1.0000
vn -0.0000 0.0000 -1.0000
vn -0.0000 0.0000 -1.0000
vn -0.0000 0.0000 -1.0000
vn -0.0000 0.0000 -1.0000
vn -0.0000 0.0000 -1.0000
vn -0.0000 0.0000 -1.0000
vn -0.0000 0.0000 -1.0000
vn -0.1404 -0.0000 -0.9901
vn -0.1392 -0.0153 -0.9901
vn -0.1357 -0.0303 -0.9903
vn -0.1298 -0.0448 -0.9905
vn -0.1217 -0.0586 -0.9908
vn -0.1115 -0.0713 -0.9912
vn -0.0994 -0.0829 -0.9916
vn -0.0856 -0.0930 -0.9920
vn -0.0704 -0.1016 -0.9923
vn -0.0539 -0.1084 -0.9926
vn -0.0364 -0.1134 -0.9929
vn -0.0184 -0.1164 -0.9930
vn 0.0000 -0.1174 -0.9931
vn 0.0184 -0.1164 -0.9930
vn 0.0364 -0.1134 -0.9929
vn 0.0539 -0.1084 -0.9926
vn 0.0704 -0.1016 -0.9923
vn 0.0856 -0.0930 -0.9920
vn 0.0994 -0.0829 -0.9916
vn 0.1115 -0.0713 -0.9912
vn 0.1217 -0.0586 -0.9908
vn 0.1298 -0.0448 -0.9905
vn 0.1357 -0.0303 -0.9903
vn 0.1392 -0.0153 -0.9901
vn 0.1404 0.0000 -0.9901
vn 0.1392 0.0153 -0.9901
vn 0.1357 0.0303 -0.9903
vn 0.1298 0.0448 -0.9905
vn 0.1217 0.0586 -0.9908
vn 0.1115 0.0713 -0.9912
vn 0.0994 0.0829 -0.9916
vn 0.0856 0.0930 -0.9920
vn 0.0704 0.1016 -0.9923
vn 0.0539 0.1084 -0.9926
vn 0.0364 0.1134 -0.9929
vn 0.0184 0.1164 -0.9930
vn 0.0000 0.1174 -0.9931
vn -0.0184 0.1164 -0.9930
vn -0.0364 0.1134 -0.9929
vn -0.0539 0.1084 -0.9926
vn -0.0704 0.1016 -0.9923
vn -0.0856 0.0930 -0.9920
vn -0.0994 0.0829 -0.9916
vn -0.1115 0.0713 -0.9912
vn -0.1217 0.0586 -0.9908
vn -0.1298 0.0448 -0.9905
vn -0.1357 0.0303 -0.9903
vn -0.1392 0.0153 -0.9901
vn -0.1404 0.0000 -0.9901
vn -0.2754 -0.0000 -0.9613
vn -0.2731 -0.0300 -0.9615
vn -0.2662 -0.0594 -0.9621
vn -0.2548 -0.0880 -0.9630
vn -0.2392 -0.1151 -0.9641
vn -0.2194 -0.1403 -0.9655
vn -0.1958 -0.1632 -0.9670
vn -0.1689 -0.1834 -0.9684
vn -0.1389 -0.2005 -0.9698
vn -0.1064 -0.2141 -0.9710
vn -0.0721 -0.2241 -0.9719
vn -0.0364 -0.2301 -0.9725
vn 0.0000 -0.2322 -0.9727
vn 0.0364 -0.2301 -0.9725
vn 0.0721 -0.2241 -0.9719
vn 0.1064 -0.2141 -0.9710
vn 0.1389 -0.2005 -0.9698
vn 0.1689 -0.1834 -0.9684
vn 0.1958 -0.1632 -0.9670
vn 0.2194 -0.1403 -0.9655
vn 0.2392 -0.1151 -0.9641
vn 0.2548 -0.0880 -0.9630
vn 0.2662 -0.0594 -0.9621
vn 0.2731 -0.0300 -0.9615
vn 0.2754 0.0000 -0.9613
vn 0.2731 0.0300 -0.9615
vn 0.2662 0.0594 -0.9621
vn 0.2548 0.0880 -0.9630
vn 0.2392 0.1151 -0.9641
vn 0.2194 0.1403 -0.9655
vn 0.1958 0.1632 -0.9670
vn 0.1689 0.1834 -0.9684
vn 0.1389 0.2005 -0.9698
vn 0.1064 0.2141 -0.9710
vn 0.0721 0.2241 -0.9719
vn 0.0364 0.2301 -0.9725
vn 0.0000 0.2322 -0.9727
vn -0.0364 0.2301 -0.9725
vn -0.0721 0.2241 -0.9719
vn -0.1064 0.2141 -0.9710
vn -0.1389 0.2005 -0.9698
vn -0.1689 0.1834 -0.9684
vn -0.1958 0.1632 -0.9670
vn -0.2194 0.1403 -0.9655
vn -0.2392 0.1151 -0.9641
vn -0.2548 0.0880 -0.9630
vn -0.2662 0.0594 -0.9621
vn -0.2731 0.0300 -0.9615
vn -0.2754 0.0000 -0.9613
vn -0.4003 -0.0000 -0.9164
vn -0.3970 -0.0436 -0.9168
vn -0.3873 -0.0865 -0.9179
vn -0.3712 -0.1281 -0.9197
vn -0.3488 -0.1678 -0.9220
vn -0.3205 -0.2049 -0.9248
vn -0.2866 -0.2388 -0.9278
vn -0.2475 -0.2688 -0.9308
vn -0.2039 -0.2943 -0.9337
vn -0.1565 -0.3148 -0.9362
vn -0.1061 -0.3298 -0.9381
vn -0.0536 -0.3390 -0.9393
vn 0.0000 -0.3421 -0.9397
vn 0.0536 -0.3390 -0.9393
vn 0.1061 -0.3298 -0.9381
vn 0.1565 -0.3148 -0.9362
vn 0.2039 -0.2943 -0.9337
vn 0.2475 -0.2688 -0.9308
vn 0.2866 -0.2388 -0.9278
vn 0.3205 -0.2049 -0.9248
vn 0.3488 -0.1678 -0.9220
vn 0.3712 -0.1281 -0.9197
vn 0.3873 -0.0865 -0.9179
vn 0.3970 -0.0436 -0.9168
vn 0.4003 0.0000 -0.9164
vn 0.3970 0.0436 -0.9168
vn 0.3873 0.0865 -0.9179
vn 0.3712 0.1281 -0.9197
vn 0.3488 0.1678 -0.9220
vn 0.3205 0.2049 -0.9248
vn 0.2866 0.2388 -0.9278
vn 0.2475 0.2688 -0.9308
vn 0.2039 0.2943 -0.9337
vn 0.1565 0.3148 -0.9362
vn 0.1061 0.3298 -0.9381
vn 0.0536 0.3390 -0.9393
vn 0.0000 0.3421 -0.9397
vn -0.0536 0.3390 -0.9393
vn -0.1061 0.3298 -0.9381
vn -0.1565 0.3148 -0.9362
vn -0.2039 0.2943 -0.9337
vn -0.2475 0.2688 -0.9308
vn -0.2866 0.2388 -0.9278
vn -0.3205 0.2049 -0.9248
vn -0.3488 0.1678 -0.9220
vn -0.3712 0.1281 -0.9197
vn -0.3873 0.0865 -0.9179
vn -0.3970 0.0436 -0.9168
vn -0.4003 0.0000 -0.9164
vn -0.5123 -0.0000 -0.8588
vn -0.5082 -0.0558 -0.8594
vn -0.4961 -0.1108 -0.8611
vn -0.4761 -0.1643 -0.8639
vn -0.4481 -0.2156 -0.8676
vn -0.4126 -0.2638 -0.8719
vn -0.3697 -0.3081 -0.8766
vn -0.3200 -0.3476 -0.8814
vn -0.2642 -0.3813 -0.8859
vn -0.2031 -0.4086 -0.8898
vn -0.1378 -0.4287 -0.8929
vn -0.0697 -0.4410 -0.8948
vn 0.0000 -0.4451 -0.8955
vn 0.0697 -0.4410 -0.8948
vn 0.1378 -0.4287 -0.8929
vn 0.2031 -0.4086 -0.8898
vn 0.2642 -0.3813 -0.8859
vn 0.3200 -0.3476 -0.8814
vn 0.3697 -0.3081 -0.8766
vn 0.4126 -0.2638 -0.8719
vn 0.4481 -0.2156 -0.8676
vn 0.4761 -0.1643 -0.8639
vn 0.4961 -0.1108 -0.8611
vn 0.5082 -0.0558 -0.8594
vn 0.5123 0.0000 -0.8588
vn 0.5082 0.0558 -0.8594
vn 0.4961 0.1108 -0.8611
vn 0.4761 0.1643 -0.8639
vn 0.4481 0.2156 -0.8676
vn 0.4126 0.2638 -0.8719
vn 0.3697 0.3081 -0.8766
vn 0.3200 0.3476 -0.8814
vn 0.2642 0.3813 -0.8859
vn 0.2031 0.4086 -0.8898
vn 0.1378 0.4287 -0.8929
vn 0.0697 0.4410 -0.8948
vn 0.0000 0.4451 -0.8955
vn -0.0697 0.4410 -0.8948
vn -0.1378 0.4287 -0.8929
vn -0.2031 0.4086 -0.8898
vn -0.2642 0.3813 -0.8859
vn -0.3200 0.3476 -0.8814
vn -0.3697 0.3081 -0.8766
vn -0.4126 0.2638 -0.8719
vn -0.4481 0.2156 -0.8676
vn -0.4761 0.1643 -0.8639
vn -0.4961 0.1108 -0.8611
vn -0.5082 0.0558 -0.8594
vn -0.5123 0.0000 -0.8588
vn -0.6099 -0.0000 -0.7924
vn -0.6053 -0.0664 -0.7932
vn -0.5914 -0.1321 -0.7955
vn -0.5683 -0.1962 -0.7991
vn -0.5359 -0.2578 -0.8040
vn -0.4944 -0.3162 -0.8097
vn -0.4441 -0.3701 -0.8160
vn -0.3854 -0.4185 -0.8224
vn -0.3189 -0.4602 -0.8286
vn -0.2456 -0.4942 -0.8339
vn -0.1670 -0.5193 -0.8381
vn -0.0845 -0.5347 -0.8408
vn 0.0000 -0.5399 -0.8417
vn 0.0845 -0.5347 -0.8408
vn 0.1670 -0.5193 -0.8381
vn 0.2456 -0.4942 -0.8339
vn 0.3189 -0.4602 -0.8286
vn 0.3854 -0.4185 -0.8224
vn 0.4441 -0.3701 -0.8160
vn 0.4944 -0.3162 -0.8097
vn 0.5359 -0.2578 -0.8040
vn 0.5683 -0.1962 -0.7991
vn 0.5914 -0.1321 -0.7955
vn 0.6053 -0.0664 -0.7932
vn 0.6099 0.0000 -0.7924
vn 0.6053 0.0664 -0.7932
vn 0.5914 0.1321 -0.7955
vn 0.5683 0.1962 -0.7991
vn 0.5359 0.2578 -0.8040
vn 0.4944 0.3162 -0.8097
vn 0.4441 0.3701 -0.8160
vn 0.3854 0.4185 -0.8224
vn 0.3189 0.4602 -0.8286
vn 0.2456 0.4942 -0.8339
vn 0.1670 0.5193 -0.8381
vn 0.0845 0.5347 -0.8408
vn 0.0000 0.5399 -0.8417
vn -0.0845 0.5347 -0.8408
vn -0.1670 0.5193 -0.8381
vn -0.2456 0.4942 -0.8339
vn -0.3189 0.4602 -0.8286
vn -0.3854 0.4185 -0.8224
vn -0.4441 0.3701 -0.8160
vn -0.4944 0.3162 -0.8097
vn -0.5359 0.2578 -0.8040
vn -0.5683 0.1962 -0.7991
vn -0.5914 0.1321 -0.7955
vn -0.6053 0.0664 -0.7932
vn -0.6099 0.0000 -0.7924
vn -0.6933 -0.0000 -0.7206
vn -0.6883 -0.0755 -0.7215
vn -0.6730 -0.1503 -0.7242
vn -0.6476 -0.2235 -0.7285
vn -0.6118 -0.2944 -0.7342
vn -0.5657 -0.3617 -0.7411
vn -0.5093 -0.4244 -0.7486
vn -0.4431 -0.4812 -0.7564
vn -0.3675 -0.5305 -0.7639
vn -0.2837 -0.5708 -0.7705
vn -0.1932 -0.6008 -0.7757
vn -0.0978 -0.6193 -0.7790
vn 0.0000 -0.6256 -0.7802
vn 0.0978 -0.6193 -0.7790
vn 0.1932 -0.6008 -0.7757
vn 0.2837 -0.5708 -0.7705
vn 0.3675 -0.5305 -0.7639
vn 0.4431 -0.4812 -0.7564
vn 0.5093 -0.4244 -0.7486
vn 0.5657 -0.3617 -0.7411
vn 0.6118 -0.2944 -0.7342
vn 0.6476 -0.2235 -0.7285
vn 0.6730 -0.1503 -0.7242
vn 0.6883 -0.0755 -0.7215
vn 0.6933 0.0000 -0.7206
vn 0.6883 0.0755 -0.7215
vn 0.6730 0.1503 -0.7242
vn 0.6476 0.2235 -0.7285
vn 0.6118 0.2944 -0.7342
vn 0.5657 0.3617 -0.7411
vn 0.5093 0.4244 -0.7486
vn 0.4431 0.4812 -0.7564
vn 0.3675 0.5305 -0.7639
vn 0.2837 0.5708 -0.7705
vn 0.1932 0.6008 -0.7757
vn 0.0978 0.6193 -0.7790
vn 0.0000 0.6256 -0.7802
vn -0.0978 0.6193 -0.7790
vn -0.1932 0.6008 -0.7757
vn -0.2837 0.5708 -0.7705
vn -0.3675 0.5305 -0.7639
vn -0.4431 0.4812 -0.7564
vn -0.5093 0.4244 -0.7486
vn -0.5657 0.3617 -0.7411
vn -0.6118 0.2944 -0.7342
vn -0.6476 0.2235 -0.7285
vn -0.6730 0.1503 -0.7242
vn -0.6883 0.0755 -0.7215
vn -0.6933 0.0000 -0.7206
vn -0.7634 -0.0000 -0.6460
vn -0.7580 -0.0832 -0.6469
vn -0.7418 -0.1656 -0.6498
vn -0.7146 -0.2467 -0.6545
vn -0.6763 -0.3254 -0.6608
vn -0.6267 -0.4007 -0.6684
vn -0.5656 -0.4713 -0.6768
vn -0.4932 -0.5356 -0.6855
vn -0.4100 -0.5919 -0.6940
vn -0.3172 -0.6382 -0.7015
vn -0.2164 -0.6729 -0.7074
vn -0.1097 -0.6944 -0.7112
vn 0.0000 -0.7017 -0.7125
vn 0.1097 -0.6944 -0.7112
vn 0.2164 -0.6729 -0.7074
vn 0.3172 -0.6382 -0.7015
vn 0.4100 -0.5919 -0.6940
vn 0.4932 -0.5356 -0.6855
vn 0.5656 -0.4713 -0.6768
vn 0.6267 -0.4007 -0.6684
vn 0.6763 -0.3254 -0.6608
vn 0.7146 -0.2467 -0.6545
vn 0.7418 -0.1656 -0.6498
vn 0.7580 -0.0832 -0.6469
vn 0.7634 0.0000 -0.6460
vn 0.7580 0.0832 -0.6469
vn 0.7418 0.1656 -0.6498
vn 0.7146 0.2467 -0.6545
vn 0.6763 0.3254 -0.6608
vn 0.6267 0.4007 -0.6684
vn 0.5656 0.4713 -0.6768
vn 0.4932 0.5356 -0.6855
vn 0.4100 0.5919 -0.6940
vn 0.3172 0.6382 -0.7015
vn 0.2164 0.6729 -0.7074
vn 0.1097 0.6944 -0.7112
vn 0.0000 0.7017 -0.7125
vn -0.1097 0.6944 -0.7112
vn -0.2164 0.6729 -0.7074
vn -0.3172 0.6382 -0.7015
vn -0.4100 0.5919 -0.6940
vn -0.4932 0.5356 -0.6855
vn -0.5656 0.4713 -0.6768
vn -0.6267 0.4007 -0.6684
vn -0.6763 0.3254 -0.6608
vn -0.7146 0.2467 -0.6545
vn -0.7418 0.1656 -0.6498
vn -0.7580 0.0832 -0.6469
vn -0.7634 0.0000 -0.6460
vn -0.8214 -0.0000 -0.5704
vn -0.8158 -0.0895 -0.5714
vn -0.7989 -0.1784 -0.5744
vn -0.7706 -0.2660 -0.5792
vn -0.7304 -0.3514 -0.5857
vn -0.6781 -0.4336 -0.5935
vn -0.6133 -0.5111 -0.6023
vn -0.5360 -0.5821 -0.6114
vn -0.4467 -0.6447 -0.6204
vn -0.3463 -0.6966 -0.6283
vn -0.2365 -0.7357 -0.6347
vn -0.1201 -0.7600 -0.6388
vn 0.0000 -0.7682 -0.6402
vn 0.1201 -0.7600 -0.6388
vn 0.2365 -0.7357 -0.6347
vn 0.3463 -0.6966 -0.6283
vn 0.4467 -0.6447 -0.6204
vn 0.5360 -0.5821 -0.6114
vn 0.6133 -0.5111 -0.6023
vn 0.6781 -0.4336 -0.5935
vn 0.7304 -0.3514 -0.5857
vn 0.7706 -0.2660 -0.5792
vn 0.7989 -0.1784 -0.5744
vn 0.8158 -0.0895 -0.5714
vn 0.8214 0.0000 -0.5704
vn 0.8158 0.0895 -0.5714
vn 0.7989 0.1784 -0.5744
vn 0.7706 0.2660 -0.5792
vn 0.7304 0.3514 -0.5857
vn 0.6781 0.4336 -0.5935
vn 0.6133 0.5111 -0.6023
vn 0.5360 0.5821 -0.6114
vn 0.4467 0.6447 -0.6204
vn 0.3463 0.6966 -0.6283
vn 0.2365 0.7357 -0.6347
vn 0.1201 0.7600 -0.6388
vn 0.0000 0.7682 -0.6402
vn -0.1201 0.7600 -0.6388
vn -0.2365 0.7357 -0.6347
vn -0.3463 0.6966 -0.6283
vn -0.4467 0.6447 -0.6204
vn -0.5360 0.5821 -0.6114
vn -0.6133 0.5111 -0.6023
vn -0.6781 0.4336 -0.5935
vn -0.7304 0.3514 -0.5857
vn -0.7706 0.2660 -0.5792
vn -0.7989 0.1784 -0.5744
vn -0.8158 0.0895 -0.5714
vn -0.8214 0.0000 -0.5704
vn -0.8688 -0.0000 -0.4951
vn -0.8631 -0.0947 -0.4961
vn -0.8458 -0.1889 -0.4990
vn -0.8166 -0.2819 -0.5037
vn -0.7751 -0.3729 -0.5101
vn -0.7208 -0.4609 -0.5178
vn -0.6532 -0.5443 -0.5264
vn -0.5720 -0.6213 -0.5355
vn -0.4777 -0.6895 -0.5445
vn -0.3710 -0.7464 -0.5525
vn -0.2538 -0.7894 -0.5589
vn -0.1290 -0.8163 -0.5631
vn 0.0000 -0.8254 -0.5645
vn 0.1290 -0.8163 -0.5631
vn 0.2538 -0.7894 -0.5589
vn 0.3710 -0.7464 -0.5525
vn 0.4777 -0.6895 -0.5445
vn 0.5720 -0.6213 -0.5355
vn 0.6532 -0.5443 -0.5264
vn 0.7208 -0.4609 -0.5178
vn 0.7751 -0.3729 -0.5101
vn 0.8166 -0.2819 -0.5037
vn 0.8458 -0.1889 -0.4990
vn 0.8631 -0.0947 -0.4961
vn 0.8688 0.0000 -0.4951
vn 0.8631 0.0947 -0.4961
vn 0.8458 0.1889 -0.4990
vn 0.8166 0.2819 -0.5037
vn 0.7751 0.3729 -0.5101
vn 0.7208 0.4609 -0.5178
vn 0.6532 0.5443 -0.5264
vn 0.5720 0.6213 -0.5355
vn 0.4777 0.6895 -0.5445
vn 0.3710 0.7464 -0.5525
vn 0.2538 0.7894 -0.5589
vn 0.1290 0.8163 -0.5631
vn 0.0000 0.8254 -0.5645
vn -0.1290 0.8163 -0.5631
vn -0.2538 0.7894 -0.5589
vn -0.3710 0.7464 -0.5525
vn -0.4777 0.6895 -0.5445
vn -0.5720 0.6213 -0.5355
vn -0.6532 0.5443 -0.5264
vn -0.7208 0.4609 -0.5178
vn -0.7751 0.3729 -0.5101
vn -0.8166 0.2819 -0.5037
vn -0.8458 0.1889 -0.4990
vn -0.8631 0.0947 -0.4961
vn -0.8688 0.0000 -0.4951
vn -0.9071 -0.0000 -0.4209
vn -0.9013 -0.0989 -0.4218
vn -0.8837 -0.1973 -0.4245
vn -0.8539 -0.2948 -0.4289
vn -0.8115 -0.3904 -0.4348
vn -0.7557 -0.4832 -0.4420
vn -0.6860 -0.5717 -0.4502
vn -0.6019 -0.6537 -0.4588
vn -0.5035 -0.7267 -0.4673
vn -0.3917 -0.7880 -0.4749
vn -0.2684 -0.8346 -0.4811
vn -0.1365 -0.8637 -0.4851
vn 0.0000 -0.8737 -0.4865
vn 0.1365 -0.8637 -0.4851
vn 0.2684 -0.8346 -0.4811
vn 0.3917 -0.7880 -0.4749
vn 0.5035 -0.7267 -0.4673
vn 0.6019 -0.6537 -0.4588
vn 0.6860 -0.5717 -0.4502
vn 0.7557 -0.4832 -0.4420
vn 0.8115 -0.3904 -0.4348
vn 0.8539 -0.2948 -0.4289
vn 0.8837 -0.1973 -0.4245
vn 0.9013 -0.0989 -0.4218
vn 0.9071 0.0000 -0.4209
vn 0.9013 0.0989 -0.4218
vn 0.8837 0.1973 -0.4245
vn 0.8539 0.2948 -0.4289
vn 0.8115 0.3904 -0.4348
vn 0.7557 0.4832 -0.4420
vn 0.6860 0.5717 -0.4502
vn 0.6019 0.6537 -0.4588
vn 0.5035 0.7267 -0.4673
vn 0.3917 0.7880 -0.4749
vn 0.2684 0.8346 -0.4811
vn 0.1365 0.8637 -0.4851
vn 0.0000 0.8737 -0.4865
vn -0.1365 0.8637 -0.4851
vn -0.2684 0.8346 -0.4811
vn -0.3917 0.7880 -0.4749
vn -0.5035 0.7267 -0.4673
vn -0.6019 0.6537 -0.4588
vn -0.6860 0.5717 -0.4502
vn -0.7557 0.4832 -0.4420
vn -0.8115 0.3904 -0.4348
vn -0.8539 0.2948 -0.4289
vn -0.8837 0.1973 -0.4245
vn -0.9013 0.0989 -0.4218
vn -0.9071 0.0000 -0.4209
vn -0.9375 -0.0000 -0.3480
vn -0.9316 -0.1022 -0.3488
vn -0.9138 -0.2040 -0.3512
vn -0.8837 -0.3050 -0.3550
vn -0.8406 -0.4044 -0.3603
vn -0.7838 -0.5012 -0.3667
vn -0.7125 -0.5937 -0.3740
vn -0.6261 -0.6799 -0.3817
vn -0.5245 -0.7571 -0.3894
vn -0.4086 -0.8221 -0.3964
vn -0.2803 -0.8717 -0.4020
vn -0.1426 -0.9028 -0.4056
vn 0.0000 -0.9135 -0.4069
vn 0.1426 -0.9028 -0.4056
vn 0.2803 -0.8717 -0.4020
vn 0.4086 -0.8221 -0.3964
vn 0.5245 -0.7571 -0.3894
vn 0.6261 -0.6799 -0.3817
vn 0.7125 -0.5937 -0.3740
vn 0.7838 -0.5012 -0.3667
vn 0.8406 -0.4044 -0.3603
vn 0.8837 -0.3050 -0.3550
vn 0.9138 -0.2040 -0.3512
vn 0.9316 -0.1022 -0.3488
vn 0.9375 0.0000 -0.3480
vn 0.9316 0.1022 -0.3488
vn 0.9138 0.2040 -0.3512
vn 0.8837 0.3050 -0.3550
vn 0.8406 0.4044 -0.3603
vn 0.7838 0.5012 -0.3667
vn 0.7125 0.5937 -0.3740
vn 0.6261 0.6799 -0.3817
vn 0.5245 0.7571 -0.3894
vn 0.4086 0.8221 -0.3964
vn 0.2803 0.8717 -0.4020
vn 0.1426 0.9028 -0.4056
vn 0.0000 0.9135 -0.4069
vn -0.1426 0.9028 -0.4056
vn -0.2803 0.8717 -0.4020
vn -0.4086 0.8221 -0.3964
vn -0.5245 0.7571 -0.3894
vn -0.6261 0.6799 -0.3817
vn -0.7125 0.5937 -0.3740
vn -0.7838 0.5012 -0.3667
vn -0.8406 0.4044 -0.3603
vn -0.8837 0.3050 -0.3550
vn -0.9138 0.2040 -0.3512
vn -0.9316 0.1022 -0.3488
vn -0.9375 0.0000 -0.3480
vn -0.9610 -0.0000 -0.2764
vn -0.9551 -0.1048 -0.2771
vn -0.9372 -0.2093 -0.2791
vn -0.9068 -0.3130 -0.2823
vn -0.8633 -0.4153 -0.2867
vn -0.8057 -0.5152 -0.2921
vn -0.7332 -0.6110 -0.2983
vn -0.6451 -0.7006 -0.3048
vn -0.5412 -0.7811 -0.3113
vn -0.4221 -0.8492 -0.3173
vn -0.2898 -0.9013 -0.3221
vn -0.1476 -0.9341 -0.3252
vn 0.0000 -0.9453 -0.3263
vn 0.1476 -0.9341 -0.3252
vn 0.2898 -0.9013 -0.3221
vn 0.4221 -0.8492 -0.3173
vn 0.5412 -0.7811 -0.3113
vn 0.6451 -0.7006 -0.3048
vn 0.7332 -0.6110 -0.2983
vn 0.8057 -0.5152 -0.2921
vn 0.8633 -0.4153 -0.2867
vn 0.9068 -0.3130 -0.2823
vn 0.9372 -0.2093 -0.2791
vn 0.9551 -0.1048 -0.2771
vn 0.9610 0.0000 -0.2764
vn 0.9551 0.1048 -0.2771
vn 0.9372 0.2093 -0.2791
vn 0.9068 0.3130 -0.2823
vn 0.8633 0.4153 -0.2867
vn 0.8057 0.5152 -0.2921
vn 0.7332 0.6110 -0.2983
vn 0.6451 0.7006 -0.3048
vn 0.5412 0.7811 -0.3113
vn 0.4221 0.8492 -0.3173
vn 0.2898 0.9013 -0.3221
vn 0.1476 0.9341 -0.3252
vn 0.0000 0.9453 -0.3263
vn -0.1476 0.9341 -0.3252
vn -0.2898 0.9013 -0.3221
vn -0.4221 0.8492 -0.3173
vn -0.5412 0.7811 -0.3113
vn -0.6451 0.7006 -0.3048
vn -0.7332 0.6110 -0.2983
vn -0.8057 0.5152 -0.2921
vn -0.8633 0.4153 -0.2867
vn -0.9068 0.3130 -0.2823
vn -0.9372 0.2093 -0.2791
vn -0.9551 0.1048 -0.2771
vn -0.9610 0.0000 -0.2764
vn -0.9785 -0.0000 -0.2061
vn -0.9726 -0.1067 -0.2066
vn -0.9546 -0.2131 -0.2082
vn -0.9241 -0.3190 -0.2107
vn -0.8802 -0.4235 -0.2141
vn -0.8222 -0.5257 -0.2183
vn -0.7489 -0.6240 -0.2231
vn -0.6595 -0.7162 -0.2282
vn -0.5538 -0.7993 -0.2333
vn -0.4323 -0.8698 -0.2380
vn -0.2970 -0.9238 -0.2418
vn -0.1513 -0.9578 -0.2442
vn 0.0000 -0.9695 -0.2451
vn 0.1513 -0.9578 -0.2442
vn 0.2970 -0.9238 -0.2418
vn 0.4323 -0.8698 -0.2380
vn 0.5538 -0.7993 -0.2333
vn 0.6595 -0.7162 -0.2282
vn 0.7489 -0.6240 -0.2231
vn 0.8222 -0.5257 -0.2183
vn 0.8802 -0.4235 -0.2141
vn 0.9241 -0.3190 -0.2107
vn 0.9546 -0.2131 -0.2082
vn 0.9726 -0.1067 -0.2066
vn 0.9785 0.0000 -0.2061
vn 0.9726 0.1067 -0.2066
vn 0.9546 0.2131 -0.2082
vn 0.9241 0.3190 -0.2107
vn 0.8802 0.4235 -0.2141
vn 0.8222 0.5257 -0.2183
vn 0.7489 0.6240 -0.2231
vn 0.6595 0.7162 -0.2282
vn 0.5538 0.7993 -0.2333
vn 0.4323 0.8698 -0.2380
vn 0.2970 0.9238 -0.2418
vn 0.1513 0.9578 -0.2442
vn 0.0000 0.9695 -0.2451
vn -0.1513 0.9578 -0.2442
vn -0.2970 0.9238 -0.2418
vn -0.4323 0.8698 -0.2380
vn -0.5538 0.7993 -0.2333
vn -0.6595 0.7162 -0.2282
vn -0.7489 0.6240 -0.2231
vn -0.8222 0.5257 -0.2183
vn -0.8802 0.4235 -0.2141
vn -0.9241 0.3190 -0.2107
vn -0.9546 0.2131 -0.2082
vn -0.9726 0.1067 -0.2066
vn -0.9785 0.0000 -0.2061
vn -0.9906 -0.0000 -0.1368
vn -0.9846 -0.1080 -0.1372
vn -0.9666 -0.2158 -0.1382
vn -0.9360 -0.3231 -0.1399
vn -0.8920 -0.4291 -0.1423
vn -0.8336 -0.5330 -0.1451
vn -0.7597 -0.6331 -0.1484
vn -0.6695 -0.7271 -0.1519
vn -0.5626 -0.8120 -0.1554
vn -0.4395 -0.8841 -0.1586
vn -0.3021 -0.9395 -0.1612
vn -0.1540 -0.9745 -0.1629
vn 0.0000 -0.9865 -0.1635
vn 0.1540 -0.9745 -0.1629
vn 0.3021 -0.9395 -0.1612
vn 0.4395 -0.8841 -0.1586
vn 0.5626 -0.8120 -0.1554
vn 0.6695 -0.7271 -0.1519
vn 0.7597 -0.6331 -0.1484
vn 0.8336 -0.5330 -0.1451
vn 0.8920 -0.4291 -0.1423
vn 0.9360 -0.3231 -0.1399
vn 0.9666 -0.2158 -0.1382
vn 0.9846 -0.1080 -0.1372
vn 0.9906 0.0000 -0.1368
vn 0.9846 0.1080 -0.1372
vn 0.9666 0.2158 -0.1382
vn 0.9360 0.3231 -0.1399
vn 0.8920 0.4291 -0.1423
vn 0.8336 0.5330 -0.1451
vn 0.7597 0.6331 -0.1484
vn 0.6695 0.7271 -0.1519
vn 0.5626 0.8120 -0.1554
vn 0.4395 0.8841 -0.1586
vn 0.3021 0.9395 -0.1612
vn 0.1540 0.9745 -0.1629
vn 0.0000 0.9865 -0.1635
vn -0.1540 0.9745 -0.1629
vn -0.3021 0.9395 -0.1612
vn -0.4395 0.8841 -0.1586
vn -0.5626 0.8120 -0.1554
vn -0.6695 0.7271 -0.1519
vn -0.7597 0.6331 -0.1484
vn -0.8336 0.5330 -0.1451
vn -0.8920 0.4291 -0.1423
vn -0.9360 0.3231 -0.1399
vn -0.9666 0.2158 -0.1382
vn -0.9846 0.1080 -0.1372
vn -0.9906 0.0000 -0.1368
vn -0.9977 -0.0000 -0.0682
vn -0.9917 -0.1088 -0.0684
vn -0.9736 -0.2174 -0.0689
vn -0.9430 -0.3255 -0.0698
vn -0.8989 -0.4325 -0.0710
vn -0.8403 -0.5373 -0.0724
vn -0.7661 -0.6384 -0.0741
vn -0.6754 -0.7335 -0.0759
vn -0.5678 -0.8195 -0.0777
vn -0.4437 -0.8927 -0.0793
vn -0.3051 -0.9489 -0.0806
vn -0.1555 -0.9845 -0.0815
vn 0.0000 -0.9966 -0.0818
vn 0.1555 -0.9845 -0.0815
vn 0.3051 -0.9489 -0.0806
vn 0.4437 -0.8927 -0.0793
vn 0.5678 -0.8195 -0.0777
vn 0.6754 -0.7335 -0.0759
vn 0.7661 -0.6384 -0.0741
vn 0.8403 -0.5373 -0.0724
vn 0.8989 -0.4325 -0.0710
vn 0.9430 -0.3255 -0.0698
vn 0.9736 -0.2174 -0.0689
vn 0.9917 -0.1088 -0.0684
vn 0.9977 0.0000 -0.0682
vn 0.9917 0.1088 -0.0684
vn 0.9736 0.2174 -0.0689
vn 0.9430 0.3255 -0.0698
vn 0.8989 0.4325 -0.0710
vn 0.8403 0.5373 -0.0724
vn 0.7661 0.6384 -0.0741
vn 0.6754 0.7335 -0.0759
vn 0.5678 0.8195 -0.0777
vn 0.4437 0.8927 -0.0793
vn 0.3051 0.9489 -0.0806
vn 0.1555 0.9845 -0.0815
vn 0.0000 0.9966 -0.0818
vn -0.1555 0.9845 -0.0815
vn -0.3051 0.9489 -0.0806
vn -0.4437 0.8927 -0.0793
vn -0.5678 0.8195 -0.0777
vn -0.6754 0.7335 -0.0759
vn -0.7661 0.6384 -0.0741
vn -0.8403 0.5373 -0.0724
vn -0.8989 0.4325 -0.0710
vn -0.9430 0.3255 -0.0698
vn -0.9736 0.2174 -0.0689
vn -0.9917 0.1088 -0.0684
vn -0.9977 0.0000 -0.0682
vn -1.0000 -0.0000 0.0000
vn -0.9940 -0.1091 0.0000
vn -0.9760 -0.2179 0.0000
vn -0.9453 -0.3263 0.0000
vn -0.9011 -0.4336 0.0000
vn -0.8425 -0.5387 0.0000
vn -0.7682 -0.6402 0.0000
vn -0.6774 -0.7356 0.0000
vn -0.5695 -0.8220 0.0000
vn -0.4451 -0.8955 0.0000
vn -0.3061 -0.9520 0.0000
vn -0.1560 -0.9877 0.0000
vn 0.0000 -1.0000 0.0000
vn 0.1560 -0.9877 0.0000
vn 0.3061 -0.9520 0.0000
vn 0.4451 -0.8955 0.0000
vn 0.5695 -0.8220 0.0000
vn 0.6774 -0.7356 0.0000
vn 0.7682 -0.6402 0.0000
vn 0.8425 -0.5387 0.0000
vn 0.9011 -0.4336 0.0000
vn 0.9453 -0.3263 0.0000
vn 0.9760 -0.2179 0.0000
vn 0.9940 -0.1091 0.0000
vn 1.0000 0.0000 0.0000
vn 0.9940 0.1091 0.0000
vn 0.9760 0.2179 0.0000
vn 0.9453 0.3263 0.0000
vn 0.9011 0.4336 0.0000
vn 0.8425 0.5387 0.0000
vn 0.7682 0.6402 0.0000
vn 0.6774 0.7356 0.0000
vn 0.5695 0.8220 0.0000
vn 0.4451 0.8955 0.0000
vn 0.3061 0.9520 0.0000
vn 0.1560 0.9877 0.0000
vn 0.0000 1.0000 0.0000
vn -0.1560 0.9877 0.0000
vn -0.3061 0.9520 0.0000
vn -0.4451 0.8955 0.0000
vn -0.5695 0.8220 0.0000
vn -0.6774 0.7356 0.0000
vn -0.7682 0.6402 0.0000
vn -0.8425 0.5387 0.0000
vn -0.9011 0.4336 0.0000
vn -0.9453 0.3263 0.0000
vn -0.9760 0.2179 0.0000
vn -0.9940 0.1091 0.0000
vn -1.0000 0.0000 0.0000
vn -0.9977 -0.0000 0.0682
vn -0.9917 -0.1088 0.0684
vn -0.9736 -0.2174 0.0689
vn -0.9430 -0.3255 0.0698
vn -0.8989 -0.4325 0.0710
vn -0.8403 -0.5373 0.0724
vn -0.7661 -0.6384 0.0741
vn -0.6754 -0.7335 0.0759
vn -0.5678 -0.8195 0.0777
vn -0.4437 -0.8927 0.0793
vn -0.3051 -0.9489 0.0806
vn -0.1555 -0.9845 0.0815
vn 0.0000 -0.9966 0.0818
vn 0.1555 -0.9845 0.0815
vn 0.3051 -0.9489 0.0806
vn 0.4437 -0.8927 0.0793
vn 0.5678 -0.8195 0.0777
vn 0.6754 -0.7335 0.0759
vn 0.7661 -0.6384 0.0741
vn 0.8403 -0.5373 0.0724
vn 0.8989 -0.4325 0.0710
vn 0.9430 -0.3255 0.0698
vn 0.9736 -0.2174 0.0689
vn 0.9917 -0.1088 0.0684
vn 0.9977 0.0000 0.0682
vn 0.9917 0.1088 0.0684
vn 0.9736 0.2174 0.0689
vn 0.9430 0.3255 0.0698
vn 0.8989 0.4325 0.0710
vn 0.8403 0.5373 0.0724
vn 0.7661 0.6384 0.0741
vn 0.6754 0.7335 0.0759
vn 0.5678 0.8195 0.0777
vn 0.4437 0.8927 0.0793
vn 0.3051 0.9489 0.0806
vn 0.1555 0.9845 0.0815
vn 0.0000 0.9966 0.0818
vn -0.1555 0.9845 0.0815
vn -0.3051 0.9489 0.0806
vn -0.4437 0.8927 0.0793
vn -0.5678 0.8195 0.0777
vn -0.6754 0.7335 0.0759
vn -0.7661 0.6384 0.0741
vn -0.8403 0.5373 0.0724
vn -0.8989 0.4325 0.0710
vn -0.9430 0.3255 0.0698
vn -0.9736 0.2174 0.0689
vn -0.9917 0.1088 0.0684
vn -0.9977 0.0000 0.0682
vn -0.9906 -0.0000 0.1368
vn -0.9846 -0.1080 0.1372
vn -0.9666 -0.2158 0.1382
vn -0.9360 -0.3231 0.1399
vn -0.8920 -0.4291 0.1423
vn -0.8336 -0.5330 0.1451
vn -0.7597 -0.6331 0.1484
vn -0.6695 -0.7271 0.1519
vn -0.5626 -0.8120 0.1554
vn -0.4395 -0.8841 0.1586
vn -0.3021 -0.9395 0.1612
vn -0.1540 -0.9745 0.1629
vn 0.0000 -0.9865 0.1635
vn 0.1540 -0.9745 0.1629
vn 0.3021 -0.9395 0.1612
vn 0.4395 -0.8841 0.1586
vn 0.5626 -0.8120 0.1554
vn 0.6695 -0.7271 0.1519
vn 0.7597 -0.6331 0.1484
vn 0.8336 -0.5330 0.1451
vn 0.8920 -0.4291 0.1423
vn 0.9360 -0.3231 0.1399
vn 0.9666 -0.2158 0.1382
vn 0.9846 -0.1080 0.1372
vn 0.9906 0.0000 0.1368
vn 0.9846 0.1080 0.1372
vn 0.9666 0.2158 0.1382
vn 0.9360 0.3231 0.1399
vn 0.8920 0.4291 0.1423
vn 0.8336 0.5330 0.1451
vn 0.7597 0.6331 0.1484
vn 0.6695 0.7271 0.1519
vn 0.5626 0.8120 0.1554
vn 0.4395 0.8841 0.1586
vn 0.3021 0.9395 0.1612
vn 0.1540 0.9745 0.1629
vn 0.0000 0.9865 0.1635
vn -0.1540 0.9745 0.1629
vn -0.3021 0.9395 0.1612
vn -0.4395 0.8841 0.1586
vn -0.5626 0.8120 0.1554
vn -0.6695 0.7271 0.1519
vn -0.7597 0.6331 0.1484
vn -0.8336 0.5330 0.1451
vn -0.8920 0.4291 0.1423
vn -0.9360 0.3231 0.1399
vn -0.9666 0.2158 0.1382
vn -0.9846 0.1080 0.1372
vn -0.9906 0.0000 0.1368
vn -0.9785 -0.0000 0.2061
vn -0.9726 -0.1067 0.2066
vn -0.9546 -0.2131 0.2082
vn -0.9241 -0.3190 0.2107
vn -0.8802 -0.4235 0.2141
vn -0.8222 -0.5257 0.2183
vn -0.7489 -0.6240 0.2231
vn -0.6595 -0.7162 0.2282
vn -0.5538 -0.7993 0.2333
vn -0.4323 -0.8698 0.2380
vn -0.2970 -0.9238 0.2418
vn -0.1513 -0.9578 0.2442
vn 0.0000 -0.9695 0.2451
vn 0.1513 -0.9578 0.2442
vn 0.2970 -0.9238 0.2418
vn 0.4323 -0.8698 0.2380
vn 0.5538 -0.7993 0.2333
vn 0.6595 -0.7162 0.2282
vn 0.7489 -0.6240 0.2231
vn 0.8222 -0.5257 0.2183
vn 0.8802 -0.4235 0.2141
vn 0.9241 -0.3190 0.2107
vn 0.9546 -0.2131 0.2082
vn 0.9726 -0.1067 0.2066
vn 0.9785 0.0000 0.2061
vn 0.9726 0.1067 0.2066
vn 0.9546 0.2131 0.2082
vn 0.9241 0.3190 0.2107
vn 0.8802 0.4235 0.2141
vn 0.8222 0.5257 0.2183
vn 0.7489 0.6240 0.2231
vn 0.6595 0.7162 0.2282
vn 0.5538 0.7993 0.2333
vn 0.4323 0.8698 0.2380
vn 0.2970 0.9238 0.2418
vn 0.1513 0.9578 0.2442
vn 0.0000 0.9695 0.2451
vn -0.1513 0.9578 0.2442
vn -0.2970 0.9238 0.2418
vn -0.4323 0.8698 0.2380
vn -0.5538 0.7993 0.2333
vn -0.6595 0.7162 0.2282
vn -0.7489 0.6240 0.2231
vn -0.8222 0.5257 0.2183
vn -0.8802 0.4235 0.2141
vn -0.9241 0.3190 0.2107
vn -0.9546 0.2131 0.2082
vn -0.9726 0.1067 0.2066
vn -0.9785 0.0000 0.2061
vn -0.9610 -0.0000 0.2764
vn -0.9551 -0.1048 0.2771
vn -0.9372 -0.2093 0.2791
vn -0.9068 -0.3130 0.2823
vn -0.8633 -0.4153 0.2867
vn -0.8057 -0.5152 0.2921
vn -0.7332 -0.6110 0.2983
vn -0.6451 -0.7006 0.3048
vn -0.5412 -0.7811 0.3113
vn -0.4221 -0.8492 0.3173
vn -0.2898 -0.9013 0.3221
vn -0.1476 -0.9341 0.3252
vn 0.0000 -0.9453 0.3263
vn 0.1476 -0.9341 0.3252
vn 0.2898 -0.9013 0.3221
vn 0.4221 -0.8492 0.3173
vn 0.5412 -0.7811 0.3113
vn 0.6451 -0.7006 0.3048
vn 0.7332 -0.6110 0.2983
vn 0.8057 -0.5152 0.2921
vn 0.8633 -0.4153 0.2867
vn 0.9068 -0.3130 0.2823
vn 0.9372 -0.2093 0.2791
vn 0.9551 -0.1048 0.2771
vn 0.9610 0.0000 0.2764
vn 0.9551 0.1048 0.2771
vn 0.9372 0.2093 0.2791
vn 0.9068 0.3130 0.2823
vn 0.8633 0.4153 0.2867
vn 0.8057 0.5152 0.2921
vn 0.7332 0.6110 0.2983
vn 0.6451 0.7006 0.3048
vn 0.5412 0.7811 0.3113
vn 0.4221 0.8492 0.3173
vn 0.2898 0.9013 0.3221
vn 0.1476 0.9341 0.3252
vn 0.0000 0.9453 0.3263
vn -0.1476 0.9341 0.3252
vn -0.2898 0.9013 0.3221
vn -0.4221 0.8492 0.3173
vn -0.5412 0.7811 0.3113
vn -0.6451 0.7006 0.3048
vn -0.7332 0.6110 0.2983
vn -0.8057 0.5152 0.2921
vn -0.8633 0.4153 0.2867
vn -0.9068 0.3130 0.2823
vn -0.9372 0.2093 0.2791
vn -0.9551 0.1048 0.2771
vn -0.9610 0.0000 0.2764
vn -0.9375 -0.0000 0.3480
vn -0.9316 -0.1022 0.3488
vn -0.9138 -0.2040 0.3512
vn -0.8837 -0.3050 0.3550
vn -0.8406 -0.4044 0.3603
vn -0.7838 -0.5012 0.3667
vn -0.7125 -0.5937 0.3740
vn -0.6261 -0.6799 0.3817
vn -0.5245 -0.7571 0.3894
vn -0.4086 -0.8221 0.3964
vn -0.2803 -0.8717 0.4020
vn -0.1426 -0.9028 0.4056
vn 0.0000 -0.9135 0.4069
vn 0.1426 -0.9028 0.4056
vn 0.2803 -0.8717 0.4020
vn 0.4086 -0.8221 0.3964
vn 0.5245 -0.7571 0.3894
vn 0.6261 -0.6799 0.3817
vn 0.7125 -0.5937 0.3740
vn 0.7838 -0.5012 0.3667
vn 0.8406 -0.4044 0.3603
vn 0.8837 -0.3050 0.3550
vn 0.9138 -0.2040 0.3512
vn 0.9316 -0.1022 0.3488
vn 0.9375 0.0000 0.3480
vn 0.9316 0.1022 0.3488
vn 0.9138 0.2040 0.3512
vn 0.8837 0.3050 0.3550
vn 0.8406 0.4044 0.3603
vn 0.7838 0.5012 0.3667
vn 0.7125 0.5937 0.3740
vn 0.6261 0.6799 0.3817
vn 0.5245 0.7571 0.3894
vn 0.4086 0.8221 0.3964
vn 0.2803 0.8717 0.4020
vn 0.1426 0.9028 0.4056
vn 0.0000 0.9135 0.4069
vn -0.1426 0.9028 0.4056
vn -0.2803 0.8717 0.4020
vn -0.4086 0.8221 0.3964
vn -0.5245 0.7571 0.3894
vn -0.6261 0.6799 0.3817
vn -0.7125 0.5937 0.3740
vn -0.7838 0.5012 0.3667
vn -0.8406 0.4044 0.3603
vn -0.8837 0.3050 0.3550
vn -0.9138 0.2040 0.3512
vn -0.9316 0.1022 0.3488
vn -0.9375 0.0000 0.3480
vn -0.9071 -0.0000 0.4209
vn -0.9013 -0.0989 0.4218
vn -0.8837 -0.1973 0.4245
vn -0.8539 -0.2948 0.4289
vn -0.8115 -0.3904 0.4348
vn -0.7557 -0.4832 0.4420
vn -0.6860 -0.5717 0.4502
vn -0.6019 -0.6537 0.4588
vn -0.5035 -0.7267 0.4673
vn -0.3917 -0.7880 0.4749
vn -0.2684 -0.8346 0.4811
vn -0.1365 -0.8637 0.4851
vn 0.0000 -0.8737 0.4865
vn 0.1365 -0.8637 0.4851
vn 0.2684 -0.8346 0.4811
vn 0.3917 -0.7880 0.4749
vn 0.5035 -0.7267 0.4673
vn 0.6019 -0.6537 0.4588
vn 0.6860 -0.5717 0.4502
vn 0.7557 -0.4832 0.4420
vn 0.8115 -0.3904 0.4348
vn 0.8539 -0.2948 0.4289
vn 0.8837 -0.1973 0.4245
vn 0.9013 -0.0989 0.4218
vn 0.9071 0.0000 0.4209
vn 0.9013 0.0989 0.4218
vn 0.8837 0.1973 0.4245
vn 0.8539 0.2948 0.4289
vn 0.8115 0.3904 0.4348
vn 0.7557 0.4832 0.4420
vn 0.6860 0.5717 0.4502
vn 0.6019 0.6537 0.4588
vn 0.5035 0.7267 0.4673
vn 0.3917 0.7880 0.4749
vn 0.2684 0.8346 0.4811
vn 0.1365 0.8637 0.4851
vn 0.0000 0.8737 0.4865
vn -0.1365 0.8637 0.4851
vn -0.2684 0.8346 0.4811
vn -0.3917 0.7880 0.4749
vn -0.5035 0.7267 0.4673
vn -0.6019 0.6537 0.4588
vn -0.6860 0.5717 0.4502
vn -0.7557 0.4832 0.4420
vn -0.8115 0.3904 0.4348
vn -0.8539 0.2948 0.4289
vn -0.8837 0.1973 0.4245
vn -0.9013 0.0989 0.4218
vn -0.9071 0.0000 0.4209
vn -0.8688 -0.0000 0.4951
vn -0.8631 -0.0947 0.4961
vn -0.8458 -0.1889 0.4990
vn -0.8166 -0.2819 0.5037
vn -0.7751 -0.3729 0.5101
vn -0.7208 -0.4609 0.5178
vn -0.6532 -0.5443 0.5264
vn -0.5720 -0.6213 0.5355
vn -0.4777 -0.6895 0.5445
vn -0.3710 -0.7464 0.5525
vn -0.2538 -0.7894 0.5589
vn -0.1290 -0.8163 0.5631
vn 0.0000 -0.8254 0.5645
vn 0.1290 -0.8163 0.5631
vn 0.2538 -0.7894 0.5589
vn 0.3710 -0.7464 0.5525
vn 0.4777 -0.6895 0.5445
vn 0.5720 -0.6213 0.5355
vn 0.6532 -0.5443 0.5264
vn 0.7208 -0.4609 0.5178
vn 0.7751 -0.3729 0.5101
vn 0.8166 -0.2819 0.5037
vn 0.8458 -0.1889 0.4990
vn 0.8631 -0.0947 0.4961
vn 0.8688 0.0000 0.4951
vn 0.8631 0.0947 0.4961
vn 0.8458 0.1889 0.4990
vn 0.8166 0.2819 0.5037
vn 0.7751 0.3729 0.5101
vn 0.7208 0.4609 0.5178
vn 0.6532 0.5443 0.5264
vn 0.5720 0.6213 0.5355
vn 0.4777 0.6895 0.5445
vn 0.3710 0.7464 0.5525
vn 0.2538 0.7894 0.5589
vn 0.1290 0.8163 0.5631
vn 0.0000 0.8254 0.5645
vn -0.1290 0.8163 0.5631
vn -0.2538 0.7894 0.5589
vn -0.3710 0.7464 0.5525
vn -0.4777 0.6895 0.5445
vn -0.5720 0.6213 0.5355
vn -0.6532 0.5443 0.5264
vn -0.7208 0.4609 0.5178
vn -0.7751 0.3729 0.5101
vn -0.8166 0.2819 0.5037
vn -0.8458 0.1889 0.4990
vn -0.8631 0.0947 0.4961
vn -0.8688 0.0000 0.4951
vn -0.8214 -0.0000 0.5704
vn -0.8158 -0.0895 0.5714
vn -0.7989 -0.1784 0.5744
vn -0.7706 -0.2660 0.5792
vn -0.7304 -0.3514 0.5857
vn -0.6781 -0.4336 0.5935
vn -0.6133 -0.5111 0.6023
vn -0.5360 -0.5821 0.6114
vn -0.4467 -0.6447 0.6204
vn -0.3463 -0.6966 0.6283
vn -0.2365 -0.7357 0.6347
vn -0.1201 -0.7600 0.6388
vn 0.0000 -0.7682 0.6402
vn 0.1201 -0.7600 0.6388
vn 0.2365 -0.7357 0.6347
vn 0.3463 -0.6966 0.6283
vn 0.4467 -0.6447 0.6204
vn 0.5360 -0.5821 0.6114
vn 0.6133 -0.5111 0.6023
vn 0.6781 -0.4336 0.5935
vn 0.7304 -0.3514 0.5857
vn 0.7706 -0.2660 0.5792
vn 0.7989 -0.1784 0.5744
vn 0.8158 -0.0895 0.5714
vn 0.8214 0.0000 0.5704
vn 0.8158 0.0895 0.5714
vn 0.7989 0.1784 0.5744
vn 0.7706 0.2660 0.5792
vn 0.7304 0.3514 0.5857
vn 0.6781 0.4336 0.5935
vn 0.6133 0.5111 0.6023
vn 0.5360 0.5821 0.6114
vn 0.4467 0.6447 0.6204
vn 0.3463 0.6966 0.6283
vn 0.2365 0.7357 0.6347
vn 0.1201 0.7600 0.6388
vn 0.0000 0.7682 0.6402
vn -0.1201 0.7600 0.6388
vn -0.2365 0.7357 0.6347
vn -0.3463 0.6966 0.6283
vn -0.4467 0.6447 0.6204
vn -0.5360 0.5821 0.6114
vn -0.6133 0.5111 0.6023
vn -0.6781 0.4336 0.5935
vn -0.7304 0.3514 0.5857
vn -0.7706 0.2660 0.5792
vn -0.7989 0.1784 0.5744
vn -0.8158 0.0895 0.5714
vn -0.8214 0.0000 0.5704
vn -0.7634 -0.0000 0.6460
vn -0.7580 -0.0832 0.6469
vn -0.7418 -0.1656 0.6498
vn -0.7146 -0.2467 0.6545
vn -0.6763 -0.3254 0.6608
vn -0.6267 -0.4007 0.6684
vn -0.5656 -0.4713 0.6768
vn -0.4932 -0.5356 0.6855
vn -0.4100 -0.5919 0.6940
vn -0.3172 -0.6382 0.7015
vn -0.2164 -0.6729 0.7074
vn -0.1097 -0.6944 0.7112
vn 0.0000 -0.7017 0.7125
vn 0.1097 -0.6944 0.7112
vn 0.2164 -0.6729 0.7074
vn 0.3172 -0.6382 0.7015
vn 0.4100 -0.5919 0.6940
vn 0.4932 -0.5356 0.6855
vn 0.5656 -0.4713 0.6768
vn 0.6267 -0.4007 0.6684
vn 0.6763 -0.3254 0.6608
vn 0.7146 -0.2467 0.6545
vn 0.7418 -0.1656 0.6498
vn 0.7580 -0.0832 0.6469
vn 0.7634 0.0000 0.6460
vn 0.7580 0.0832 0.6469
vn 0.7418 0.1656 0.6498
vn 0.7146 0.2467 0.6545
vn 0.6763 0.3254 0.6608
vn 0.6267 0.4007 0.6684
vn 0.5656 0.4713 0.6768
vn 0.4932 0.5356 0.6855
vn 0.4100 0.5919 0.6940
vn 0.3172 0.6382 0.7015
vn 0.2164 0.6729 0.7074
vn 0.1097 0.6944 0.7112
vn 0.0000 0.7017 0.7125
vn -0.1097 0.6944 0.7112
vn -0.2164 0.6729 0.7074
vn -0.3172 0.6382 0.7015
vn -0.4100 0.5919 0.6940
vn -0.4932 0.5356 0.6855
vn -0.5656 0.4713 0.6768
vn -0.6267 0.4007 0.6684
vn -0.6763 0.3254 0.6608
vn -0.7146 0.2467 0.6545
vn -0.7418 0.1656 0.6498
vn -0.7580 0.0832 0.6469
vn -0.7634 0.0000 0.6460
vn -0.6933 -0.0000 0.7206
vn -0.6883 -0.0755 0.7215
vn -0.6730 -0.1503 0.7242
vn -0.6476 -0.2235 0.7285
vn -0.6118 -0.2944 0.7342
vn -0.5657 -0.3617 0.7411
vn -0.5093 -0.4244 0.7486
vn -0.4431 -0.4812 0.7564
vn -0.3675 -0.5305 0.7639
vn -0.2837 -0.5708 0.7705
vn -0.1932 -0.6008 0.7757
vn -0.0978 -0.6193 0.7790
vn 0.0000 -0.6256 0.7802
vn 0.0978 -0.6193 0.7790
vn 0.1932 -0.6008 0.7757
vn 0.2837 -0.5708 0.7705
vn 0.3675 -0.5305 0.7639
vn 0.4431 -0.4812 0.7564
vn 0.5093 -0.4244 0.7486
vn 0.5657 -0.3617 0.7411
vn 0.6118 -0.2944 0.7342
vn 0.6476 -0.2235 0.7285
vn 0.6730 -0.1503 0.7242
vn 0.6883 -0.0755 0.7215
vn 0.6933 0.0000 0.7206
vn 0.6883 0.0755 0.7215
vn 0.6730 0.1503 0.7242
vn 0.6476 0.2235 0.7285
vn 0.6118 0.2944 0.7342
vn 0.5657 0.3617 0.7411
vn 0.5093 0.4244 0.7486
vn 0.4431 0.4812 0.7564
vn 0.3675 0.5305 0.7639
vn 0.2837 0.5708 0.7705
vn 0.1932 0.6008 0.7757
vn 0.0978 0.6193 0.7790
vn 0.0000 0.6256 0.7802
vn -0.0978 0.6193 0.7790
vn -0.1932 0.6008 0.7757
vn -0.2837 0.5708 0.7705
vn -0.3675 0.5305 0.7639
vn -0.4431 0.4812 0.7564
vn -0.5093 0.4244 0.7486
vn -0.5657 0.3617 0.7411
vn -0.6118 0.2944 0.7342
vn -0.6476 0.2235 0.7285
vn -0.6730 0.1503 0.7242
vn -0.6883 0.0755 0.7215
vn -0.6933 0.0000 0.7206
vn -0.6099 -0.0000 0.7924
vn -0.6053 -0.0664 0.7932
vn -0.5914 -0.1321 0.7955
vn -0.5683 -0.1962 0.7991
vn -0.5359 -0.2578 0.8040
vn -0.4944 -0.3162 0.8097
vn -0.4441 -0.3701 0.8160
vn -0.3854 -0.4185 0.8224
vn -0.3189 -0.4602 0.8286
vn -0.2456 -0.4942 0.8339
vn -0.1670 -0.5193 0.8381
vn -0.0845 -0.5347 0.8408
vn 0.0000 -0.5399 0.8417
vn 0.0845 -0.5347 0.8408
vn 0.1670 -0.5193 0.8381
vn 0.2456 -0.4942 0.8339
vn 0.3189 -0.4602 0.8286
vn 0.3854 -0.4185 0.8224
vn 0.4441 -0.3701 0.8160
vn 0.4944 -0.3162 0.8097
vn 0.5359 -0.2578 0.8040
vn 0.5683 -0.1962 0.7991
vn 0.5914 -0.1321 0.7955
vn 0.6053 -0.0664 0.7932
vn 0.6099 0.0000 0.7924
vn 0.6053 0.0664 0.7932
vn 0.5914 0.1321 0.7955
vn 0.5683 0.1962 0.7991
vn 0.5359 0.2578 0.8040
vn 0.4944 0.3162 0.8097
vn 0.4441 0.3701 0.8160
vn 0.3854 0.4185 0.8224
vn 0.3189 0.4602 0.8286
vn 0.2456 0.4942 0.8339
vn 0.1670 0.5193 0.8381
vn 0.0845 0.5347 0.8408
vn 0.0000 0.5399 0.8417
vn -0.0845 0.5347 0.8408
vn -0.1670 0.5193 0.8381
vn -0.2456 0.4942 0.8339
vn -0.3189 0.4602 0.8286
vn -0.3854 0.4185 0.8224
vn -0.4441 0.3701 0.8160
vn -0.4944 0.3162 0.8097
vn -0.5359 0.2578 0.8040
vn -0.5683 0.1962 0.7991
vn -0.5914 0.1321 0.7955
vn -0.6053 0.0664 0.7932
vn -0.6099 0.0000 0.7924
vn -0.5123 -0.0000 0.8588
vn -0.5082 -0.0558 0.8594
vn -0.4961 -0.1108 0.8611
vn -0.4761 -0.1643 0.8639
vn -0.4481 -0.2156 0.8676
vn -0.4126 -0.2638 0.8719
vn -0.3697 -0.3081 0.8766
vn -0.3200 -0.3476 0.8814
vn -0.2642 -0.3813 0.8859
vn -0.2031 -0.4086 0.8898
vn -0.1378 -0.4287 0.8929
vn -0.0697 -0.4410 0.8948
vn 0.0000 -0.4451 0.8955
vn 0.0697 -0.4410 0.8948
vn 0.1378 -0.4287 0.8929
vn 0.2031 -0.4086 0.8898
vn 0.2642 -0.3813 0.8859
vn 0.3200 -0.3476 0.8814
vn 0.3697 -0.3081 0.8766
vn 0.4126 -0.2638 0.8719
vn 0.4481 -0.2156 0.8676
vn 0.4761 -0.1643 0.8639
vn 0.4961 -0.1108 0.8611
vn 0.5082 -0.0558 0.8594
vn 0.5123 0.0000 0.8588
vn 0.5082 0.0558 0.8594
vn 0.4961 0.1108 0.8611
vn 0.4761 0.1643 0.8639
vn 0.4481 0.2156 0.8676
vn 0.4126 0.2638 0.8719
vn 0.3697 0.3081 0.8766
vn 0.3200 0.3476 0.8814
vn 0.2642 0.3813 0.8859
vn 0.2031 0.4086 0.8898
vn 0.1378 0.4287 0.8929
vn 0.0697 0.4410 0.8948
vn 0.0000 0.4451 0.8955
vn -0.0697 0.4410 0.8948
vn -0.1378 0.4287 0.8929
vn -0.2031 0.4086 0.8898
vn -0.2642 0.3813 0.8859
vn -0.3200 0.3476 0.8814
vn -0.3697 0.3081 0.8766
vn -0.4126 0.2638 0.8719
vn -0.4481 0.2156 0.8676
vn -0.4761 0.1643 0.8639
vn -0.4961 0.1108 0.8611
vn -0.5082 0.0558 0.8594
vn -0.5123 0.0000 0.8588
vn -0.4003 -0.0000 0.9164
vn -0.3970 -0.0436 0.9168
vn -0.3873 -0.0865 0.9179
vn -0.3712 -0.1281 0.9197
vn -0.3488 -0.1678 0.9220
vn -0.3205 -0.2049 0.9248
vn -0.2866 -0.2388 0.9278
vn -0.2475 -0.2688 0.9308
vn -0.2039 -0.2943 0.9337
vn -0.1565 -0.3148 0.9362
vn -0.1061 -0.3298 0.9381
vn -0.0536 -0.3390 0.9393
vn 0.0000 -0.3421 0.9397
vn 0.0536 -0.3390 0.9393
vn 0.1061 -0.3298 0.9381
vn 0.1565 -0.3148 0.9362
vn 0.2039 -0.2943 0.9337
vn 0.2475 -0.2688 0.9308
vn 0.2866 -0.2388 0.9278
vn 0.3205 -0.2049 0.9248
vn 0.3488 -0.1678 0.9220
vn 0.3712 -0.1281 0.9197
vn 0.3873 -0.0865 0.9179
vn 0.3970 -0.0436 0.9168
vn 0.4003 0.0000 0.9164
vn 0.3970 0.0436 0.9168
vn 0.3873 0.0865 0.9179
vn 0.3712 0.1281 0.9197
vn 0.3488 0.1678 0.9220
vn 0.3205 0.2049 0.9248
vn 0.2866 0.2388 0.9278
vn 0.2475 0.2688 0.9308
vn 0.2039 0.2943 0.9337
vn 0.1565 0.3148 0.9362
vn 0.1061 0.3298 0.9381
vn 0.0536 0.3390 0.9393
vn 0.0000 0.3421 0.9397
vn -0.0536 0.3390 0.9393
vn -0.1061 0.3298 0.9381
vn -0.1565 0.3148 0.9362
vn -0.2039 0.2943 0.9337
vn -0.2475 0.2688 0.9308
vn -0.2866 0.2388 0.9278
vn -0.3205 0.2049 0.9248
vn -0.3488 0.1678 0.9220
vn -0.3712 0.1281 0.9197
vn -0.3873 0.0865 0.9179
vn -0.3970 0.0436 0.9168
vn -0.4003 0.0000 0.9164
vn -0.2754 -0.0000 0.9613
vn -0.2731 -0.0300 0.9615
vn -0.2662 -0.0594 0.9621
vn -0.2548 -0.0880 0.9630
vn -0.2392 -0.1151 0.9641
vn -0.2194 -0.1403 0.9655
vn -0.1958 -0.1632 0.9670
vn -0.1689 -0.1834 0.9684
vn -0.1389 -0.2005 0.9698
vn -0.1064 -0.2141 0.9710
vn -0.0721 -0.2241 0.9719
vn -0.0364 -0.2301 0.9725
vn 0.0000 -0.2322 0.9727
vn 0.0364 -0.2301 0.9725
vn 0.0721 -0.2241 0.9719
vn 0.1064 -0.2141 0.9710
vn 0.1389 -0.2005 0.9698
vn 0.1689 -0.1834 0.9684
vn 0.1958 -0.1632 0.9670
vn 0.2194 -0.1403 0.9655
vn 0.2392 -0.1151 0.9641
vn 0.2548 -0.0880 0.9630
vn 0.2662 -0.0594 0.9621
vn 0.2731 -0.0300 0.9615
vn 0.2754 0.0000 0.9613
vn 0.2731 0.0300 0.9615
vn 0.2662 0.0594 0.9621
vn 0.2548 0.0880 0.9630
vn 0.2392 0.1151 0.9641
vn 0.2194 0.1403 0.9655
vn 0.1958 0.1632 0.9670
vn 0.1689 0.1834 0.9684
vn 0.1389 0.2005 0.9698
vn 0.1064 0.2141 0.9710
vn 0.0721 0.2241 0.9719
vn 0.0364 0.2301 0.9725
vn 0.0000 0.2322 0.9727
vn -0.0364 0.2301 0.9725
vn -0.0721 0.2241 0.9719
vn -0.1064 0.2141 0.9710
vn -0.1389 0.2005 0.9698
vn -0.1689 0.1834 0.9684
vn -0.1958 0.1632 0.9670
vn -0.2194 0.1403 0.9655
vn -0.2392 0.1151 0.9641
vn -0.2548 0.0880 0.9630
vn -0.2662 0.0594 0.9621
vn -0.2731 0.0300 0.9615
vn -0.2754 0.0000 0.9613
vn -0.1404 -0.0000 0.9901
vn -0.1392 -0.0153 0.9901
vn -0.1357 -0.0303 0.9903
vn -0.1298 -0.0448 0.9905
vn -0.1217 -0.0586 0.9908
vn -0.1115 -0.0713 0.9912
vn -0.0994 -0.0829 0.9916
vn -0.0856 -0.0930 0.9920
vn -0.0704 -0.1016 0.9923
vn -0.0539 -0.1084 0.9926
vn -0.0364 -0.1134 0.9929
vn -0.0184 -0.1164 0.9930
vn 0.0000 -0.1174 0.9931
vn 0.0184 -0.1164 0.9930
vn 0.0364 -0.1134 0.9929
vn 0.0539 -0.1084 0.9926
vn 0.0704 -0.1016 0.9923
vn 0.0856 -0.0930 0.9920
vn 0.0994 -0.0829 0.9916
vn 0.1115 -0.0713 0.9912
vn 0.1217 -0.0586 0.9908
vn 0.1298 -0.0448 0.9905
vn 0.1357 -0.0303 0.9903
vn 0.1392 -0.0153 0.9901
vn 0.1404 0.0000 0.9901
vn 0.1392 0.0153 0.9901
vn 0.1357 0.0303 0.9903
vn 0.1298 0.0448 0.9905
vn 0.1217 0.0586 0.9908
vn 0.1115 0.0713 0.9912
vn 0.0994 0.0829 0.9916
vn 0.0856 0.0930 0.9920
vn 0.0704 0.1016 0.9923
vn 0.0539 0.1084 0.9926
vn 0.0364 0.1134 0.9929
vn 0.0184 0.1164 0.9930
vn 0.0000 0.1174 0.9931
vn -0.0184 0.1164 0.9930
vn -0.0364 0.1134 0.9929
vn -0.0539 0.1084 0.9926
vn -0.0704 0.1016 0.9923
vn -0.0856 0.0930 0.9920
vn -0.0994 0.0829 0.9916
vn -0.1115 0.0713 0.9912
vn -0.1217 0.0586 0.9908
vn -0.1298 0.0448 0.9905
vn -0.1357 0.0303 0.9903
vn -0.1392 0.0153 0.9901
vn -0.1404 0.0000 0.9901
vn -0.0000 -0.0000 1.0000
vn -0.0000 -0.0000 1.0000
vn -0.0000 -0.0000 1.0000
vn -0.0000 -0.0000 1.0000
vn -0.0000 -0.0000 1.0000
vn -0.0000 -0.0000 1.0000
vn -0.0000 -0.0000 1.0000
vn -0.0000 -0.0000 1.0000
vn -0.0000 -0.0000 1.0000
vn -0.0000 -0.0000 1.0000
vn -0.0000 -0.0000 1.0000
vn -0.0000 -0.0000 1.0000
vn 0.0000 -0.0000 1.0000
vn 0.0000 -0.0000 1.0000
vn 0.0000 -0.0000 1.0000
vn 0.0000 -0.0000 1.0000
vn 0.0000 -0.0000 1.0000
vn 0.0000 -0.0000 1.0000
vn 0.0000 -0.0000 1.0000
vn 0.0000 -0.0000 1.0000
vn 0.0000 -0.0000 1.0000
vn 0.0000 -0.0000 1.0000
vn 0.0000 -0.0000 1.0000
vn 0.0000 -0.0000 1.0000
vn 0.0000 0.0000 1.0000
vn 0.0000 0.0000 1.0000
vn 0.0000 0.0000 1.0000
vn 0.0000 0.0000 1.0000
vn 0.0000 0.0000 1.0000
vn 0.0000 0.0000 1.0000
vn 0.0000 0.0000 1.0000
vn 0.0000 0.0000 1.0000
vn 0.0000 0.0000 1.0000
vn 0.0000 0.0000 1.0000
vn 0.0000 0.0000 1.0000
vn 0.0000 0.0000 1.0000
vn 0.0000 0.0000 1.0000
vn -0.0000 0.0000 1.0000
vn -0.0000 0.0000 1.0000
vn -0.0000 0.0000 1.0000
vn -0.0000 0.0000 1.0000
vn -0.0000 0.0000 1.0000
vn -0.0000 0.0000 1.0000
vn -0.0000 0.0000 1.0000
vn -0.0000 0.0000 1.0000
vn -0.0000 0.0000 1.0000
vn -0.0000 0.0000 1.0000
vn -0.0000 0.0000 1.0000
vn -0.0000 0.0000 1.0000
vn -0.0000 -0.0000 -1.0000
vn -0.0000 -0.0000 -1.0000
vn -0.0000 -0.0000 -1.0000
vn 0.0000 -0.0000 -1.0000
vn 0.0000 -0.0000 -1.0000
vn 0.0000 -0.0000 -1.0000
vn 0.0000 0.0000 -1.0000
vn 0.0000 0.0000 -1.0000
vn 0.0000 0.0000 -1.0000
vn 0.0000 0.0000 -1.0000
vn -0.0000 0.0000 -1.0000
vn -0.0000 0.0000 -1.0000
vn -0.0000 0.0000 -1.0000
vn -0.6950 -0.0000 -0.7190
vn -0.6265 -0.2170 -0.7486
vn -0.3965 -0.4120 -0.8204
vn 0.0000 -0.5017 -0.8651
vn 0.3965 -0.4120 -0.8204
vn 0.6265 -0.2170 -0.7486
vn 0.6950 0.0000 -0.7190
vn 0.6265 0.2170 -0.7486
vn 0.3965 0.4120 -0.8204
vn 0.0000 0.5017 -0.8651
vn -0.3965 0.4120 -0.8204
vn -0.6265 0.2170 -0.7486
vn -0.6950 0.0000 -0.7190
vn -0.9191 -0.0000 -0.3939
vn -0.8560 -0.2965 -0.4236
vn -0.5961 -0.6194 -0.5109
vn 0.0000 -0.8137 -0.5812
vn 0.5961 -0.6194 -0.5109
vn 0.8560 -0.2965 -0.4236
vn 0.9191 0.0000 -0.3939
vn 0.8560 0.2965 -0.4236
vn 0.5961 0.6194 -0.5109
vn 0.0000 0.8137 -0.5812
vn -0.5961 0.6194 -0.5109
vn -0.8560 0.2965 -0.4236
vn -0.9191 0.0000 -0.3939
vn -0.9846 -0.0000 -0.1748
vn -0.9277 -0.3214 -0.1902
vn -0.6733 -0.6997 -0.2390
vn 0.0000 -0.9589 -0.2837
vn 0.6733 -0.6997 -0.2390
vn 0.9277 -0.3214 -0.1902
vn 0.9846 0.0000 -0.1748
vn 0.9277 0.3214 -0.1902
vn 0.6733 0.6997 -0.2390
vn 0.0000 0.9589 -0.2837
vn -0.6733 0.6997 -0.2390
vn -0.9277 0.3214 -0.1902
vn -0.9846 0.0000 -0.1748
vn -1.0000 -0.0000 0.0000
vn -0.9449 -0.3273 0.0000
vn -0.6934 -0.7206 0.0000
vn 0.0000 -1.0000 0.0000
vn 0.6934 -0.7206 0.0000
vn 0.9449 -0.3273 0.0000
vn 1.0000 0.0000 0.0000
vn 0.9449 0.3273 0.0000
vn 0.6934 0.7206 0.0000
vn 0.0000 1.0000 0.0000
vn -0.6934 0.7206 0.0000
vn -0.9449 0.3273 0.0000
vn -1.0000 0.0000 0.0000
vn -0.9846 -0.0000 0.1748
vn -0.9277 -0.3214 0.1902
vn -0.6733 -0.6997 0.2390
vn 0.0000 -0.9589 0.2837
vn 0.6733 -0.6997 0.2390
vn 0.9277 -0.3214 0.1902
vn 0.9846 0.0000 0.1748
vn 0.9277 0.3214 0.1902
vn 0.6733 0.6997 0.2390
vn 0.0000 0.9589 0.2837
vn -0.6733 0.6997 0.2390
vn -0.9277 0.3214 0.1902
vn -0.9846 0.0000 0.1748
vn -0.9191 -0.0000 0.3939
vn -0.8560 -0.2965 0.4236
vn -0.5961 -0.6194 0.5109
vn 0.0000 -0.8137 0.5812
vn 0.5961 -0.6194 0.5109
vn 0.8560 -0.2965 0.4236
vn 0.9191 0.0000 0.3939
vn 0.8560 0.2965 0.4236
vn 0.5961 0.6194 0.5109
vn 0.0000 0.8137 0.5812
vn -0.5961 0.6194 0.5109
vn -0.8560 0.2965 0.4236
vn -0.9191 0.0000 0.3939
vn -0.6950 -0.0000 0.7190
vn -0.6265 -0.2170 0.7486
vn -0.3965 -0.4120 0.8204
vn 0.0000 -0.5017 0.8651
vn 0.3965 -0.4120 0.8204
vn 0.6265 -0.2170 0.7486
vn 0.6950 0.0000 0.7190
vn 0.6265 0.2170 0.7486
vn 0.3965 0.4120 0.8204
vn 0.0000 0.5017 0.8651
vn -0.3965 0.4120 0.8204
vn -0.6265 0.2170 0.7486
vn -0.6950 0.0000 0.7190
vn -0.0000 -0.0000 1.0000
vn -0.0000 -0.0000 1.0000
vn -0.0000 -0.0000 1.0000
vn 0.0000 -0.0000 1.0000
vn 0.0000 -0.0000 1.0000
vn 0.0000 -0.0000 1.0000
vn 0.0000 0.0000 1.0000
vn 0.0000 0.0000 1.0000
vn 0.0000 0.0000 1.0000
vn 0.0000 0.0000 1.0000
vn -0.0000 0.0000 1.0000
vn -0.0000 0.0000 1.0000
vn -0.0000 0.0000 1.0000
vn -0.0000 -0.0000 -1.0000
vn -0.0000 -0.0000 -1.0000
vn -0.0000 -0.0000 -1.0000
vn 0.0000 -0.0000 -1.0000
vn 0.0000 -0.0000 -1.0000
vn 0.0000 -0.0000 -1.0000
vn 0.0000 0.0000 -1.0000
vn 0.0000 0.0000 -1.0000
vn 0.0000 0.0000 -1.0000
vn 0.0000 0.0000 -1.0000
vn -0.0000 0.0000 -1.0000
vn -0.0000 0.0000 -1.0000
vn -0.0000 0.0000 -1.0000
vn -0.6950 -0.0000 -0.7190
vn -0.6265 -0.2170 -0.7486
vn -0.3965 -0.4120 -0.8204
vn 0.0000 -0.5017 -0.8651
vn 0.3965 -0.4120 -0.8204
vn 0.6265 -0.2170 -0.7486
vn 0.6950 0.0000 -0.7190
vn 0.6265 0.2170 -0.7486
vn 0.3965 0.4120 -0.8204
vn 0.0000 0.5017 -0.8651
vn -0.3965 0.4120 -0.8204
vn -0.6265 0.2170 -0.7486
vn -0.6950 0.0000 -0.7190
vn -0.9191 -0.0000 -0.3939
vn -0.8560 -0.2965 -0.4236
vn -0.5961 -0.6194 -0.5109
vn 0.0000 -0.8137 -0.5812
vn 0.5961 -0.6194 -0.5109
vn 0.8560 -0.2965 -0.4236
vn 0.9191 0.0000 -0.3939
vn 0.8560 0.2965 -0.4236
vn 0.5961 0.6194 -0.5109
vn 0.0000 0.8137 -0.5812
vn -0.5961 0.6194 -0.5109
vn -0.8560 0.2965 -0.4236
vn -0.9191 0.0000 -0.3939
vn -0.9846 -0.0000 -0.1748
vn -0.9277 -0.3214 -0.1902
vn -0.6733 -0.6997 -0.2390
vn 0.0000 -0.9589 -0.2837
vn 0.6733 -0.6997 -0.2390
vn 0.9277 -0.3214 -0.1902
vn 0.9846 0.0000 -0.1748
vn 0.9277 0.3214 -0.1902
vn 0.6733 0.6997 -0.2390
vn 0.0000 0.9589 -0.2837
vn -0.6733 0.6997 -0.2390
vn -0.9277 0.3214 -0.1902
vn -0.9846 0.0000 -0.1748
vn -1.0000 -0.0000 0.0000
vn -0.9449 -0.3273 0.0000
vn -0.6934 -0.7206 0.0000
vn 0.0000 -1.0000 0.0000
vn 0.6934 -0.7206 0.0000
vn 0.9449 -0.3273 0.0000
vn 1.0000 0.0000 0.0000
vn 0.9449 0.3273 0.0000
vn 0.6934 0.7206 0.0000
vn 0.0000 1.0000 0.0000
vn -0.6934 0.7206 0.0000
vn -0.9449 0.3273 0.0000
vn -1.0000 0.0000 0.0000
vn -0.9846 -0.0000 0.1748
vn -0.9277 -0.3214 0.1902
vn -0.6733 -0.6997 0.2390
vn 0.0000 -0.9589 0.2837
vn 0.6733 -0.6997 0.2390
vn 0.9277 -0.3214 0.1902
vn 0.9846 0.0000 0.1748
vn 0.9277 0.3214 0.1902
vn 0.6733 0.6997 0.2390
vn 0.0000 0.9589 0.2837
vn -0.6733 0.6997 0.2390
vn -0.9277 0.3214 0.1902
vn -0.9846 0.0000 0.1748
vn -0.9191 -0.0000 0.3939
vn -0.8560 -0.2965 0.4236
vn -0.5961 -0.6194 0.5109
vn 0.0000 -0.8137 0.5812
vn 0.5961 -0.6194 0.5109
vn 0.8560 -0.2965 0.4236
vn 0.9191 0.0000 0.3939
vn 0.8560 0.2965 0.4236
vn 0.5961 0.6194 0.5109
vn 0.0000 0.8137 0.5812
vn -0.5961 0.6194 0.5109
vn -0.8560 0.2965 0.4236
vn -0.9191 0.0000 0.3939
vn -0.6950 -0.0000 0.7190
vn -0.6265 -0.2170 0.7486
vn -0.3965 -0.4120 0.8204
vn 0.0000 -0.5017 0.8651
vn 0.3965 -0.4120 0.8204
vn 0.6265 -0.2170 0.7486
vn 0.6950 0.0000 0.7190
vn 0.6265 0.2170 0.7486
vn 0.3965 0.4120 0.8204
vn 0.0000 0.5017 0.8651
vn -0.3965 0.4120 0.8204
vn -0.6265 0.2170 0.7486
vn -0.6950 0.0000 0.7190
vn -0.0000 -0.0000 1.0000
vn -0.0000 -0.0000 1.0000
vn -0.0000 -0.0000 1.0000
vn 0.0000 -0.0000 1.0000
vn 0.0000 -0.0000 1.0000
vn 0.0000 -0.0000 1.0000
vn 0.0000 0.0000 1.0000
vn 0.0000 0.0000 1.0000
vn 0.0000 0.0000 1.0000
vn 0.0000 0.0000 1.0000
vn -0.0000 0.0000 1.0000
vn -0.0000 0.0000 1.0000
vn -0.0000 0.0000 1.0000
vn 0.9999 0.0005 -0.0148
vn 0.9510 -0.3083 -0.0255
vn 0.8089 -0.5869 -0.0337
vn 0.5877 -0.8081 -0.0386
vn 0.3090 -0.9502 -0.0398
vn 0.0000 -0.9993 -0.0370
vn -0.3090 -0.9506 -0.0306
vn -0.5877 -0.8088 -0.0212
vn -0.8089 -0.5878 -0.0098
vn -0.9510 -0.3093 0.0026
vn -0.9999 -0.0005 0.0148
vn -0.9510 0.3083 0.0255
vn -0.8089 0.5869 0.0337
vn -0.5877 0.8081 0.0386
vn -0.3090 0.9502 0.0398
vn -0.0000 0.9993 0.0370
vn 0.3090 0.9506 0.0306
vn 0.5877 0.8088 0.0212
vn 0.8089 0.5878 0.0098
vn 0.9510 0.3093 -0.0026
vn 0.9999 0.0005 -0.0148
vn 1.0000 0.0008 -0.0000
vn 0.9513 -0.3082 0.0060
vn 0.8095 -0.5870 0.0115
vn 0.5885 -0.8084 0.0159
vn 0.3098 -0.9506 0.0186
vn 0.0008 -0.9998 0.0196
vn -0.3082 -0.9511 0.0186
vn -0.5871 -0.8094 0.0159
vn -0.8085 -0.5883 0.0115
vn -0.9508 -0.3098 0.0061
vn -1.0000 -0.0008 0.0000
vn -0.9513 0.3082 -0.0060
vn -0.8095 0.5870 -0.0115
vn -0.5885 0.8084 -0.0159
vn -0.3098 0.9506 -0.0186
vn -0.0008 0.9998 -0.0196
vn 0.3082 0.9511 -0.0186
vn 0.5871 0.8094 -0.0159
vn 0.8085 0.5883 -0.0115
vn 0.9508 0.3098 -0.0061
vn 1.0000 0.0008 -0.0000
vn 0.9999 0.0022 0.0165
vn 0.9512 -0.3058 0.0413
vn 0.8094 -0.5840 0.0622
vn 0.5884 -0.8049 0.0769
vn 0.3098 -0.9471 0.0841
vn 0.0008 -0.9965 0.0831
vn -0.3082 -0.9485 0.0739
vn -0.5870 -0.8075 0.0575
vn -0.8084 -0.5875 0.0355
vn -0.9507 -0.3101 0.0100
vn -0.9999 -0.0022 -0.0165
vn -0.9512 0.3058 -0.0413
vn -0.8094 0.5840 -0.0622
vn -0.5884 0.8049 -0.0769
vn -0.3098 0.9471 -0.0841
vn -0.0008 0.9965 -0.0831
vn 0.3082 0.9485 -0.0739
vn 0.5870 0.8075 -0.0575
vn 0.8084 0.5875 -0.0355
vn 0.9507 0.3101 -0.0100
vn 0.9999 0.0022 0.0165
vn 0.0148 -0.0370 0.9992
vn 0.0148 -0.0370 0.9992
vn 0.0148 -0.0370 0.9992
vn 0.0148 -0.0370 0.9992
vn 0.0148 -0.0370 0.9992
vn 0.0148 -0.0370 0.9992
vn 0.0148 -0.0370 0.9992
vn 0.0148 -0.0370 0.9992
vn 0.0148 -0.0370 0.9992
vn 0.0148 -0.0370 0.9992
vn 0.0148 -0.0370 0.9992
vn 0.0148 -0.0370 0.9992
vn 0.0148 -0.0370 0.9992
vn 0.0148 -0.0370 0.9992
vn 0.0148 -0.0370 0.9992
vn 0.0148 -0.0370 0.9992
vn 0.0148 -0.0370 0.9992
vn 0.0148 -0.0370 0.9992
vn 0.0148 -0.0370 0.9992
vn 0.0148 -0.0370 0.9992
vn 0.0148 -0.0370 0.9992
vn 0.0148 -0.0370 0.9992
vn 0.0166 -0.0830 -0.9964
vn 0.0166 -0.0830 -0.9964
vn 0.0166 -0.0830 -0.9964
vn 0.0166 -0.0830 -0.9964
vn 0.0166 -0.0830 -0.9964
vn 0.0166 -0.0830 -0.9964
vn 0.0166 -0.0830 -0.9964
vn 0.0166 -0.0830 -0.9964
vn 0.0166 -0.0830 -0.9964
vn 0.0166 -0.0830 -0.9964
vn 0.0166 -0.0830 -0.9964
vn 0.0166 -0.0830 -0.9964
vn 0.0166 -0.0830 -0.9964
vn 0.0166 -0.0830 -0.9964
vn 0.0166 -0.0830 -0.9964
vn 0.0166 -0.0830 -0.9964
vn 0.0166 -0.0830 -0.9964
vn 0.0166 -0.0830 -0.9964
vn 0.0166 -0.0830 -0.9964
vn 0.0166 -0.0830 -0.9964
vn 0.0166 -0.0830 -0.9964
vn 0.0166 -0.0830 -0.9964
vn -0.0000 -0.0000 -1.0000
vn -0.0000 -0.0000 -1.0000
vn -0.0000 -0.0000 -1.0000
vn -0.0000 -0.0000 -1.0000
vn 0.0000 -0.0000 -1.0000
vn 0.0000 -0.0000 -1.0000
vn 0.0000 -0.0000 -1.0000
vn 0.0000 -0.0000 -1.0000
vn 0.0000 0.0000 -1.0000
vn 0.0000 0.0000 -1.0000
vn 0.0000 0.0000 -1.0000
vn 0.0000 0.0000 -1.0000
vn 0.0000 0.0000 -1.0000
vn -0.0000 0.0000 -1.0000
vn -0.0000 0.0000 -1.0000
vn -0.0000 0.0000 -1.0000
vn -0.0000 0.0000 -1.0000
vn -0.6974 -0.0000 -0.7167
vn -0.6584 -0.1143 -0.7440
vn -0.5216 -0.2608 -0.8124
vn -0.2705 -0.3895 -0.8804
vn 0.0000 -0.4375 -0.8992
vn 0.2705 -0.3895 -0.8804
vn 0.5216 -0.2608 -0.8124
vn 0.6584 -0.1143 -0.7440
vn 0.6974 0.0000 -0.7167
vn 0.6584 0.1143 -0.7440
vn 0.5216 0.2608 -0.8124
vn 0.2705 0.3895 -0.8804
vn 0.0000 0.4375 -0.8992
vn -0.2705 0.3895 -0.8804
vn -0.5216 0.2608 -0.8124
vn -0.6584 0.1143 -0.7440
vn -0.6974 0.0000 -0.7167
vn -0.9313 -0.0000 -0.3644
vn -0.9071 -0.1575 -0.3903
vn -0.7902 -0.3951 -0.4686
vn -0.4658 -0.6707 -0.5772
vn 0.0000 -0.7875 -0.6163
vn 0.4658 -0.6707 -0.5772
vn 0.7902 -0.3951 -0.4686
vn 0.9071 -0.1575 -0.3903
vn 0.9313 0.0000 -0.3644
vn 0.9071 0.1575 -0.3903
vn 0.7902 0.3951 -0.4686
vn 0.4658 0.6707 -0.5772
vn 0.0000 0.7875 -0.6163
vn -0.4658 0.6707 -0.5772
vn -0.7902 0.3951 -0.4686
vn -0.9071 0.1575 -0.3903
vn -0.9313 0.0000 -0.3644
vn -0.9839 -0.0000 -0.1788
vn -0.9667 -0.1679 -0.1932
vn -0.8685 -0.4342 -0.2392
vn -0.5420 -0.7804 -0.3119
vn 0.0000 -0.9398 -0.3416
vn 0.5420 -0.7804 -0.3119
vn 0.8685 -0.4342 -0.2392
vn 0.9667 -0.1679 -0.1932
vn 0.9839 0.0000 -0.1788
vn 0.9667 0.1679 -0.1932
vn 0.8685 0.4342 -0.2392
vn 0.5420 0.7804 -0.3119
vn 0.0000 0.9398 -0.3416
vn -0.5420 0.7804 -0.3119
vn -0.8685 0.4342 -0.2392
vn -0.9667 0.1679 -0.1932
vn -0.9839 0.0000 -0.1788
vn -0.9976 -0.0000 -0.0690
vn -0.9825 -0.1706 -0.0748
vn -0.8905 -0.4453 -0.0934
vn -0.5660 -0.8150 -0.1240
vn 0.0000 -0.9906 -0.1371
vn 0.5660 -0.8150 -0.1240
vn 0.8905 -0.4453 -0.0934
vn 0.9825 -0.1706 -0.0748
vn 0.9976 0.0000 -0.0690
vn 0.9825 0.1706 -0.0748
vn 0.8905 0.4453 -0.0934
vn 0.5660 0.8150 -0.1240
vn 0.0000 0.9906 -0.1371
vn -0.5660 0.8150 -0.1240
vn -0.8905 0.4453 -0.0934
vn -0.9825 0.1706 -0.0748
vn -0.9976 0.0000 -0.0690
vn -1.0000 -0.0000 0.0000
vn -0.9853 -0.1711 0.0000
vn -0.8944 -0.4472 0.0000
vn -0.5705 -0.8213 0.0000
vn 0.0000 -1.0000 0.0000
vn 0.5705 -0.8213 0.0000
vn 0.8944 -0.4472 0.0000
vn 0.9853 -0.1711 0.0000
vn 1.0000 0.0000 0.0000
vn 0.9853 0.1711 0.0000
vn 0.8944 0.4472 0.0000
vn 0.5705 0.8213 0.0000
vn 0.0000 1.0000 0.0000
vn -0.5705 0.8213 0.0000
vn -0.8944 0.4472 0.0000
vn -0.9853 0.1711 0.0000
vn -1.0000 0.0000 0.0000
vn -0.9976 -0.0000 0.0690
vn -0.9825 -0.1706 0.0748
vn -0.8905 -0.4453 0.0934
vn -0.5660 -0.8150 0.1240
vn 0.0000 -0.9906 0.1371
vn 0.5660 -0.8150 0.1240
vn 0.8905 -0.4453 0.0934
vn 0.9825 -0.1706 0.0748
vn 0.9976 0.0000 0.0690
vn 0.9825 0.1706 0.0748
vn 0.8905 0.4453 0.0934
vn 0.5660 0.8150 0.1240
vn 0.0000 0.9906 0.1371
vn -0.5660 0.8150 0.1240
vn -0.8905 0.4453 0.0934
vn -0.9825 0.1706 0.0748
vn -0.9976 0.0000 0.0690
vn -0.9839 -0.0000 0.1788
vn -0.9667 -0.1679 0.1932
vn -0.8685 -0.4342 0.2392
vn -0.5420 -0.7804 0.3119
vn 0.0000 -0.9398 0.3416
vn 0.5420 -0.7804 0.3119
vn 0.8685 -0.4342 0.2392
vn 0.9667 -0.1679 0.1932
vn 0.9839 0.0000 0.1788
vn 0.9667 0.1679 0.1932
vn 0.8685 0.4342 0.2392
vn 0.5420 0.7804 0.3119
vn 0.0000 0.9398 0.3416
vn -0.5420 0.7804 0.3119
vn -0.8685 0.4342 0.2392
vn -0.9667 0.1679 0.1932
vn -0.9839 0.0000 0.1788
vn -0.9313 -0.0000 0.3644
vn -0.9071 -0.1575 0.3903
vn -0.7902 -0.3951 0.4686
vn -0.4658 -0.6707 0.5772
vn 0.0000 -0.7875 0.6163
vn 0.4658 -0.6707 0.5772
vn 0.7902 -0.3951 0.4686
vn 0.9071 -0.1575 0.3903
vn 0.9313 0.0000 0.3644
vn 0.9071 0.1575 0.3903
vn 0.7902 0.3951 0.4686
vn 0.4658 0.6707 0.5772
vn 0.0000 0.7875 0.6163
vn -0.4658 0.6707 0.5772
vn -0.7902 0.3951 0.4686
vn -0.9071 0.1575 0.3903
vn -0.9313 0.0000 0.3644
vn -0.6974 -0.0000 0.7167
vn -0.6584 -0.1143 0.7440
vn -0.5216 -0.2608 0.8124
vn -0.2705 -0.3895 0.8804
vn 0.0000 -0.4375 0.8992
vn 0.2705 -0.3895 0.8804
vn 0.5216 -0.2608 0.8124
vn 0.6584 -0.1143 0.7440
vn 0.6974 0.0000 0.7167
vn 0.6584 0.1143 0.7440
vn 0.5216 0.2608 0.8124
vn 0.2705 0.3895 0.8804
vn 0.0000 0.4375 0.8992
vn -0.2705 0.3895 0.8804
vn -0.5216 0.2608 0.8124
vn -0.6584 0.1143 0.7440
vn -0.6974 0.0000 0.7167
vn -0.0000 -0.0000 1.0000
vn -0.0000 -0.0000 1.0000
vn -0.0000 -0.0000 1.0000
vn -0.0000 -0.0000 1.0000
vn 0.0000 -0.0000 1.0000
vn 0.0000 -0.0000 1.0000
vn 0.0000 -0.0000 1.0000
vn 0.0000 -0.0000 1.0000
vn 0.0000 0.0000 1.0000
vn 0.0000 0.0000 1.0000
vn 0.0000 0.0000 1.0000
vn 0.0000 0.0000 1.0000
vn 0.0000 0.0000 1.0000
vn -0.0000 0.0000 1.0000
vn -0.0000 0.0000 1.0000
vn -0.0000 0.0000 1.0000
vn -0.0000 0.0000 1.0000
vn 0.9962 -0.0419 -0.0768
vn 0.9474 -0.3111 0.0750
vn 0.8059 -0.5499 0.2194
vn 0.5855 -0.7348 0.3423
vn 0.3078 -0.8479 0.4317
vn 0.0000 -0.8779 0.4789
vn -0.3078 -0.8220 0.4791
vn -0.5855 -0.6856 0.4325
vn -0.8059 -0.4821 0.3436
vn -0.9474 -0.2315 0.2210
vn -0.9962 0.0419 0.0768
vn -0.9474 0.3111 -0.0750
vn -0.8059 0.5499 -0.2194
vn -0.5855 0.7348 -0.3423
vn -0.3078 0.8479 -0.4317
vn -0.0000 0.8779 -0.4789
vn 0.3078 0.8220 -0.4791
vn 0.5855 0.6856 -0.4325
vn 0.8059 0.4821 -0.3436
vn 0.9474 0.2315 -0.2210
vn 0.9962 -0.0419 -0.0768
vn 0.9908 -0.0636 -0.1191
vn 0.9417 -0.3354 0.0278
vn 0.8003 -0.5744 0.1721
vn 0.5806 -0.7571 0.2995
vn 0.3041 -0.8657 0.3975
vn -0.0022 -0.8896 0.4567
vn -0.3083 -0.8264 0.4712
vn -0.5842 -0.6823 0.4395
vn -0.8029 -0.4714 0.3648
vn -0.9430 -0.2144 0.2544
vn -0.9908 0.0636 0.1191
vn -0.9417 0.3354 -0.0278
vn -0.8003 0.5744 -0.1721
vn -0.5806 0.7571 -0.2995
vn -0.3041 0.8657 -0.3975
vn 0.0022 0.8896 -0.4567
vn 0.3083 0.8264 -0.4712
vn 0.5842 0.6823 -0.4395
vn 0.8029 0.4714 -0.3648
vn 0.9430 0.2144 -0.2544
vn 0.9908 -0.0636 -0.1191
vn 0.9839 -0.0826 -0.1585
vn 0.9341 -0.3567 -0.0159
vn 0.7929 -0.5958 0.1281
vn 0.5740 -0.7766 0.2597
vn 0.2990 -0.8814 0.3658
vn -0.0053 -0.8999 0.4361
vn -0.3091 -0.8303 0.4637
vn -0.5826 -0.6795 0.4460
vn -0.7991 -0.4621 0.3845
vn -0.9374 -0.1995 0.2855
vn -0.9839 0.0826 0.1585
vn -0.9341 0.3567 0.0159
vn -0.7929 0.5958 -0.1281
vn -0.5740 0.7766 -0.2597
vn -0.2990 0.8814 -0.3658
vn 0.0053 0.8999 -0.4361
vn 0.3091 0.8303 -0.4637
vn 0.5826 0.6795 -0.4460
vn 0.7991 0.4621 -0.3845
vn 0.9374 0.1995 -0.2855
vn 0.9839 -0.0826 -0.1585
vn 0.0875 0.4770 0.8745
vn 0.0875 0.4770 0.8745
vn 0.0875 0.4770 0.8745
vn 0.0875 0.4770 0.8745
vn 0.0875 0.4770 0.8745
vn 0.0875 0.4770 0.8745
vn 0.0875 0.4770 0.8745
vn 0.0875 0.4770 0.8745
vn 0.0875 0.4770 0.8745
vn 0.0875 0.4770 0.8745
vn 0.0875 0.4770 0.8745
vn 0.0875 0.4770 0.8745
vn 0.0875 0.4770 0.8745
vn 0.0875 0.4770 0.8745
vn 0.0875 0.4770 0.8745
vn 0.0875 0.4770 0.8745
vn 0.0875 0.4770 0.8745
vn 0.0875 0.4770 0.8745
vn 0.0875 0.4770 0.8745
vn 0.0875 0.4770 0.8745
vn 0.0875 0.4770 0.8745
vn 0.0875 0.4770 0.8745
vn -0.1786 -0.4282 -0.8858
vn -0.1786 -0.4282 -0.8858
vn -0.1786 -0.4282 -0.8858
vn -0.1786 -0.4282 -0.8858
vn -0.1786 -0.4282 -0.8858
vn -0.1786 -0.4282 -0.8858
vn -0.1786 -0.4282 -0.8858
vn -0.1786 -0.4282 -0.8858
vn -0.1786 -0.4282 -0.8858
vn -0.1786 -0.4282 -0.8858
vn -0.1786 -0.4282 -0.8858
vn -0.1786 -0.4282 -0.8858
vn -0.1786 -0.4282 -0.8858
vn -0.1786 -0.4282 -0.8858
vn -0.1786 -0.4282 -0.8858
vn -0.1786 -0.4282 -0.8858
vn -0.1786 -0.4282 -0.8858
vn -0.1786 -0.4282 -0.8858
vn -0.1786 -0.4282 -0.8858
vn -0.1786 -0.4282 -0.8858
vn -0.1786 -0.4282 -0.8858
vn -0.1786 -0.4282 -0.8858
vn -0.0000 -0.0000 -1.0000
vn -0.0000 -0.0000 -1.0000
vn -0.0000 -0.0000 -1.0000
vn -0.0000 -0.0000 -1.0000
vn -0.0000 -0.0000 -1.0000
vn 0.0000 -0.0000 -1.0000
vn 0.0000 -0.0000 -1.0000
vn 0.0000 -0.0000 -1.0000
vn 0.0000 -0.0000 -1.0000
vn 0.0000 -0.0000 -1.0000
vn 0.0000 0.0000 -1.0000
vn 0.0000 0.0000 -1.0000
vn 0.0000 0.0000 -1.0000
vn 0.0000 0.0000 -1.0000
vn 0.0000 0.0000 -1.0000
vn 0.0000 0.0000 -1.0000
vn -0.0000 0.0000 -1.0000
vn -0.0000 0.0000 -1.0000
vn -0.0000 0.0000 -1.0000
vn -0.0000 0.0000 -1.0000
vn -0.0000 0.0000 -1.0000
vn -0.0569 -0.0000 -0.9984
vn -0.0530 -0.0098 -0.9985
vn -0.0423 -0.0240 -0.9988
vn -0.0271 -0.0376 -0.9989
vn -0.0110 -0.0472 -0.9988
vn 0.0000 -0.0506 -0.9987
vn 0.0110 -0.0472 -0.9988
vn 0.0271 -0.0376 -0.9989
vn 0.0423 -0.0240 -0.9988
vn 0.0530 -0.0098 -0.9985
vn 0.0569 0.0000 -0.9984
vn 0.0530 0.0098 -0.9985
vn 0.0423 0.0240 -0.9988
vn 0.0271 0.0376 -0.9989
vn 0.0110 0.0472 -0.9988
vn 0.0000 0.0506 -0.9987
vn -0.0110 0.0472 -0.9988
vn -0.0271 0.0376 -0.9989
vn -0.0423 0.0240 -0.9988
vn -0.0530 0.0098 -0.9985
vn -0.0569 0.0000 -0.9984
vn -0.1732 -0.0000 -0.9849
vn -0.1617 -0.0298 -0.9864
vn -0.1292 -0.0735 -0.9889
vn -0.0827 -0.1150 -0.9899
vn -0.0336 -0.1441 -0.9890
vn 0.0000 -0.1544 -0.9880
vn 0.0336 -0.1441 -0.9890
vn 0.0827 -0.1150 -0.9899
vn 0.1292 -0.0735 -0.9889
vn 0.1617 -0.0298 -0.9864
vn 0.1732 0.0000 -0.9849
vn 0.1617 0.0298 -0.9864
vn 0.1292 0.0735 -0.9889
vn 0.0827 0.1150 -0.9899
vn 0.0336 0.1441 -0.9890
vn 0.0000 0.1544 -0.9880
vn -0.0336 0.1441 -0.9890
vn -0.0827 0.1150 -0.9899
vn -0.1292 0.0735 -0.9889
vn -0.1617 0.0298 -0.9864
vn -0.1732 0.0000 -0.9849
vn -0.3951 -0.0000 -0.9186
vn -0.3713 -0.0684 -0.9260
vn -0.3000 -0.1705 -0.9386
vn -0.1929 -0.2682 -0.9438
vn -0.0780 -0.3347 -0.9391
vn 0.0000 -0.3571 -0.9341
vn 0.0780 -0.3347 -0.9391
vn 0.1929 -0.2682 -0.9438
vn 0.3000 -0.1705 -0.9386
vn 0.3713 -0.0684 -0.9260
vn 0.3951 0.0000 -0.9186
vn 0.3713 0.0684 -0.9260
vn 0.3000 0.1705 -0.9386
vn 0.1929 0.2682 -0.9438
vn 0.0780 0.3347 -0.9391
vn 0.0000 0.3571 -0.9341
vn -0.0780 0.3347 -0.9391
vn -0.1929 0.2682 -0.9438
vn -0.3000 0.1705 -0.9386
vn -0.3713 0.0684 -0.9260
vn -0.3951 0.0000 -0.9186
vn -0.7986 -0.0000 -0.6018
vn -0.7698 -0.1418 -0.6224
vn -0.6522 -0.3707 -0.6613
vn -0.4285 -0.5956 -0.6794
vn -0.1700 -0.7290 -0.6631
vn 0.0000 -0.7628 -0.6467
vn 0.1700 -0.7290 -0.6631
vn 0.4285 -0.5956 -0.6794
vn 0.6522 -0.3707 -0.6613
vn 0.7698 -0.1418 -0.6224
vn 0.7986 0.0000 -0.6018
vn 0.7698 0.1418 -0.6224
vn 0.6522 0.3707 -0.6613
vn 0.4285 0.5956 -0.6794
vn 0.1700 0.7290 -0.6631
vn 0.0000 0.7628 -0.6467
vn -0.1700 0.7290 -0.6631
vn -0.4285 0.5956 -0.6794
vn -0.6522 0.3707 -0.6613
vn -0.7698 0.1418 -0.6224
vn -0.7986 0.0000 -0.6018
vn -1.0000 -0.0000 0.0000
vn -0.9835 -0.1812 0.0000
vn -0.8694 -0.4941 0.0000
vn -0.5839 -0.8118 0.0000
vn -0.2271 -0.9739 0.0000
vn 0.0000 -1.0000 0.0000
vn 0.2271 -0.9739 0.0000
vn 0.5839 -0.8118 0.0000
vn 0.8694 -0.4941 0.0000
vn 0.9835 -0.1812 0.0000
vn 1.0000 0.0000 0.0000
vn 0.9835 0.1812 0.0000
vn 0.8694 0.4941 0.0000
vn 0.5839 0.8118 0.0000
vn 0.2271 0.9739 0.0000
vn 0.0000 1.0000 0.0000
vn -0.2271 0.9739 0.0000
vn -0.5839 0.8118 0.0000
vn -0.8694 0.4941 0.0000
vn -0.9835 0.1812 0.0000
vn -1.0000 0.0000 0.0000
vn -0.7986 -0.0000 0.6018
vn -0.7698 -0.1418 0.6224
vn -0.6522 -0.3707 0.6613
vn -0.4285 -0.5956 0.6794
vn -0.1700 -0.7290 0.6631
vn 0.0000 -0.7628 0.6467
vn 0.1700 -0.7290 0.6631
vn 0.4285 -0.5956 0.6794
vn 0.6522 -0.3707 0.6613
vn 0.7698 -0.1418 0.6224
vn 0.7986 0.0000 0.6018
vn 0.7698 0.1418 0.6224
vn 0.6522 0.3707 0.6613
vn 0.4285 0.5956 0.6794
vn 0.1700 0.7290 0.6631
vn 0.0000 0.7628 0.6467
vn -0.1700 0.7290 0.6631
vn -0.4285 0.5956 0.6794
vn -0.6522 0.3707 0.6613
vn -0.7698 0.1418 0.6224
vn -0.7986 0.0000 0.6018
vn -0.3951 -0.0000 0.9186
vn -0.3713 -0.0684 0.9260
vn -0.3000 -0.1705 0.9386
vn -0.1929 -0.2682 0.9438
vn -0.0780 -0.3347 0.9391
vn 0.0000 -0.3571 0.9341
vn 0.0780 -0.3347 0.9391
vn 0.1929 -0.2682 0.9438
vn 0.3000 -0.1705 0.9386
vn 0.3713 -0.0684 0.9260
vn 0.3951 0.0000 0.9186
vn 0.3713 0.0684 0.9260
vn 0.3000 0.1705 0.9386
vn 0.1929 0.2682 0.9438
vn 0.0780 0.3347 0.9391
vn 0.0000 0.3571 0.9341
vn -0.0780 0.3347 0.9391
vn -0.1929 0.2682 0.9438
vn -0.3000 0.1705 0.9386
vn -0.3713 0.0684 0.9260
vn -0.3951 0.0000 0.9186
vn -0.1732 -0.0000 0.9849
vn -0.1617 -0.0298 0.9864
vn -0.1292 -0.0735 0.9889
vn -0.0827 -0.1150 0.9899
vn -0.0336 -0.1441 0.9890
vn 0.0000 -0.1544 0.9880
vn 0.0336 -0.1441 0.9890
vn 0.0827 -0.1150 0.9899
vn 0.1292 -0.0735 0.9889
vn 0.1617 -0.0298 0.9864
vn 0.1732 0.0000 0.9849
vn 0.1617 0.0298 0.9864
vn 0.1292 0.0735 0.9889
vn 0.0827 0.1150 0.9899
vn 0.0336 0.1441 0.9890
vn 0.0000 0.1544 0.9880
vn -0.0336 0.1441 0.9890
vn -0.0827 0.1150 0.9899
vn -0.1292 0.0735 0.9889
vn -0.1617 0.0298 0.9864
vn -0.1732 0.0000 0.9849
vn -0.0569 -0.0000 0.9984
vn -0.0530 -0.0098 0.9985
vn -0.0423 -0.0240 0.9988
vn -0.0271 -0.0376 0.9989
vn -0.0110 -0.0472 0.9988
vn 0.0000 -0.0506 0.9987
vn 0.0110 -0.0472 0.9988
vn 0.0271 -0.0376 0.9989
vn 0.0423 -0.0240 0.9988
vn 0.0530 -0.0098 0.9985
vn 0.0569 0.0000 0.9984
vn 0.0530 0.0098 0.9985
vn 0.0423 0.0240 0.9988
vn 0.0271 0.0376 0.9989
vn 0.0110 0.0472 0.9988
vn 0.0000 0.0506 0.9987
vn -0.0110 0.0472 0.9988
vn -0.0271 0.0376 0.9989
vn -0.0423 0.0240 0.9988
vn -0.0530 0.0098 0.9985
vn -0.0569 0.0000 0.9984
vn -0.0000 -0.0000 1.0000
vn -0.0000 -0.0000 1.0000
vn -0.0000 -0.0000 1.0000
vn -0.0000 -0.0000 1.0000
vn -0.0000 -0.0000 1.0000
vn 0.0000 -0.0000 1.0000
vn 0.0000 -0.0000 1.0000
vn 0.0000 -0.0000 1.0000
vn 0.0000 -0.0000 1.0000
vn 0.0000 -0.0000 1.0000
vn 0.0000 0.0000 1.0000
vn 0.0000 0.0000 1.0000
vn 0.0000 0.0000 1.0000
vn 0.0000 0.0000 1.0000
vn 0.0000 0.0000 1.0000
vn 0.0000 0.0000 1.0000
vn -0.0000 0.0000 1.0000
vn -0.0000 0.0000 1.0000
vn -0.0000 0.0000 1.0000
vn -0.0000 0.0000 1.0000
vn -0.0000 0.0000 1.0000
vn 1.0000 0.0000 0.0000
vn 0.8090 0.0000 0.5878
vn 0.3090 0.0000 0.9511
vn -0.3090 0.0000 0.9511
vn -0.8090 0.0000 0.5878
vn -1.0000 0.0000 0.0000
vn -0.8090 -0.0000 -0.5878
vn -0.3090 -0.0000 -0.9511
vn 0.3090 0.0000 -0.9511
vn 0.8090 0.0000 -0.5878
vn 1.0000 0.0000 -0.0000
vn 1.0000 0.0000 0.0000
vn 0.8090 0.0000 0.5878
vn 0.3090 0.0000 0.9511
vn -0.3090 0.0000 0.9511
vn -0.8090 0.0000 0.5878
vn -1.0000 0.0000 0.0000
vn -0.8090 -0.0000 -0.5878
vn -0.3090 -0.0000 -0.9511
vn 0.3090 0.0000 -0.9511
vn 0.8090 0.0000 -0.5878
vn 1.0000 0.0000 -0.0000
vn -0.0000 1.0000 -0.0000
vn -0.0000 1.0000 -0.0000
vn -0.0000 1.0000 -0.0000
vn -0.0000 1.0000 -0.0000
vn -0.0000 1.0000 -0.0000
vn -0.0000 1.0000 -0.0000
vn -0.0000 1.0000 -0.0000
vn -0.0000 1.0000 -0.0000
vn -0.0000 1.0000 -0.0000
vn -0.0000 1.0000 -0.0000
vn -0.0000 1.0000 -0.0000
vn -0.0000 1.0000 -0.0000
vn 0.0000 -1.0000 0.0000
vn 0.0000 -1.0000 0.0000
vn 0.0000 -1.0000 0.0000
vn 0.0000 -1.0000 0.0000
vn 0.0000 -1.0000 0.0000
vn 0.0000 -1.0000 0.0000
vn 0.0000 -1.0000 0.0000
vn 0.0000 -1.0000 0.0000
vn 0.0000 -1.0000 0.0000
vn 0.0000 -1.0000 0.0000
vn 0.0000 -1.0000 0.0000
vn 0.0000 -1.0000 0.0000
vn 1.0000 0.0000 0.0000
vn 0.8090 0.0000 0.5878
vn 0.3090 0.0000 0.9511
vn -0.3090 0.0000 0.9511
vn -0.8090 0.0000 0.5878
vn -1.0000 0.0000 0.0000
vn -0.8090 -0.0000 -0.5878
vn -0.3090 -0.0000 -0.9511
vn 0.3090 0.0000 -0.9511
vn 0.8090 0.0000 -0.5878
vn 1.0000 0.0000 -0.0000
vn 1.0000 0.0000 0.0000
vn 0.8090 0.0000 0.5878
vn 0.3090 0.0000 0.9511
vn -0.3090 0.0000 0.9511
vn -0.8090 0.0000 0.5878
vn -1.0000 0.0000 0.0000
vn -0.8090 -0.0000 -0.5878
vn -0.3090 -0.0000 -0.9511
vn 0.3090 0.0000 -0.9511
vn 0.8090 0.0000 -0.5878
vn 1.0000 0.0000 -0.0000
vn -0.0000 1.0000 -0.0000
vn -0.0000 1.0000 -0.0000
vn -0.0000 1.0000 -0.0000
vn -0.0000 1.0000 -0.0000
vn -0.0000 1.0000 -0.0000
vn -0.0000 1.0000 -0.0000
vn -0.0000 1.0000 -0.0000
vn -0.0000 1.0000 -0.0000
vn -0.0000 1.0000 -0.0000
vn -0.0000 1.0000 -0.0000
vn -0.0000 1.0000 -0.0000
vn -0.0000 1.0000 -0.0000
vn 0.0000 -1.0000 0.0000
vn 0.0000 -1.0000 0.0000
vn 0.0000 -1.0000 0.0000
vn 0.0000 -1.0000 0.0000
vn 0.0000 -1.0000 0.0000
vn 0.0000 -1.0000 0.0000
vn 0.0000 -1.0000 0.0000
vn 0.0000 -1.0000 0.0000
vn 0.0000 -1.0000 0.0000
vn 0.0000 -1.0000 0.0000
vn 0.0000 -1.0000 0.0000
vn 0.0000 -1.0000 0.0000
vn 1.0000 0.0000 0.0000
vn 0.8090 0.0000 0.5878
vn 0.3090 0.0000 0.9511
vn -0.3090 0.0000 0.9511
vn -0.8090 0.0000 0.5878
vn -1.0000 0.0000 0.0000
vn -0.8090 -0.0000 -0.5878
vn -0.3090 -0.0000 -0.9511
vn 0.3090 0.0000 -0.9511
vn 0.8090 0.0000 -0.5878
vn 1.0000 0.0000 -0.0000
vn 1.0000 0.0000 0.0000
vn 0.8090 0.0000 0.5878
vn 0.3090 0.0000 0.9511
vn -0.3090 0.0000 0.9511
vn -0.8090 0.0000 0.5878
vn -1.0000 0.0000 0.0000
vn -0.8090 -0.0000 -0.5878
vn -0.3090 -0.0000 -0.9511
vn 0.3090 0.0000 -0.9511
vn 0.8090 0.0000 -0.5878
vn 1.0000 0.0000 -0.0000
vn -0.0000 1.0000 -0.0000
vn -0.0000 1.0000 -0.0000
vn -0.0000 1.0000 -0.0000
vn -0.0000 1.0000 -0.0000
vn -0.0000 1.0000 -0.0000
vn -0.0000 1.0000 -0.0000
vn -0.0000 1.0000 -0.0000
vn -0.0000 1.0000 -0.0000
vn -0.0000 1.0000 -0.0000
vn -0.0000 1.0000 -0.0000
vn -0.0000 1.0000 -0.0000
vn -0.0000 1.0000 -0.0000
vn 0.0000 -1.0000 0.0000
vn 0.0000 -1.0000 0.0000
vn 0.0000 -1.0000 0.0000
vn 0.0000 -1.0000 0.0000
vn 0.0000 -1.0000 0.0000
vn 0.0000 -1.0000 0.0000
vn 0.0000 -1.0000 0.0000
vn 0.0000 -1.0000 0.0000
vn 0.0000 -1.0000 0.0000
vn 0.0000 -1.0000 0.0000
vn 0.0000 -1.0000 0.0000
vn 0.0000 -1.0000 0.0000
vn 1.0000 0.0000 0.0000
vn 0.8090 0.0000 0.5878
vn 0.3090 0.0000 0.9511
vn -0.3090 0.0000 0.9511
vn -0.8090 0.0000 0.5878
vn -1.0000 0.0000 0.0000
vn -0.8090 -0.0000 -0.5878
vn -0.3090 -0.0000 -0.9511
vn 0.3090 0.0000 -0.9511
vn 0.8090 0.0000 -0.5878
vn 1.0000 0.0000 -0.0000
vn 1.0000 0.0000 0.0000
vn 0.8090 0.0000 0.5878
vn 0.3090 0.0000 0.9511
vn -0.3090 0.0000 0.9511
vn -0.8090 0.0000 0.5878
vn -1.0000 0.0000 0.0000
vn -0.8090 -0.0000 -0.5878
vn -0.3090 -0.0000 -0.9511
vn 0.3090 0.0000 -0.9511
vn 0.8090 0.0000 -0.5878
vn 1.0000 0.0000 -0.0000
vn -0.0000 1.0000 -0.0000
vn -0.0000 1.0000 -0.0000
vn -0.0000 1.0000 -0.0000
vn -0.0000 1.0000 -0.0000
vn -0.0000 1.0000 -0.0000
vn -0.0000 1.0000 -0.0000
vn -0.0000 1.0000 -0.0000
vn -0.0000 1.0000 -0.0000
vn -0.0000 1.0000 -0.0000
vn -0.0000 1.0000 -0.0000
vn -0.0000 1.0000 -0.0000
vn -0.0000 1.0000 -0.0000
vn 0.0000 -1.0000 0.0000
vn 0.0000 -1.0000 0.0000
vn 0.0000 -1.0000 0.0000
vn 0.0000 -1.0000 0.0000
vn 0.0000 -1.0000 0.0000
vn 0.0000 -1.0000 0.0000
vn 0.0000 -1.0000 0.0000
vn 0.0000 -1.0000 0.0000
vn 0.0000 -1.0000 0.0000
vn 0.0000 -1.0000 0.0000
vn 0.0000 -1.0000 0.0000
vn 0.0000 -1.0000 0.0000
vn 0.8915 0.4500 -0.0523
vn 0.7212 0.4320 0.5415
vn 0.2755 0.2489 0.9285
vn -0.2755 -0.0292 0.9609
vn -0.7212 -0.2962 0.6262
vn -0.8915 -0.4500 0.0523
vn -0.7212 -0.4320 -0.5415
vn -0.2755 -0.2489 -0.9285
vn 0.2755 0.0292 -0.9609
vn 0.7212 0.2962 -0.6262
vn 0.8915 0.4500 -0.0523
vn 0.8915 0.4500 -0.0523
vn 0.7212 0.4320 0.5415
vn 0.2755 0.2489 0.9285
vn -0.2755 -0.0292 0.9609
vn -0.7212 -0.2962 0.6262
vn -0.8915 -0.4500 0.0523
vn -0.7212 -0.4320 -0.5415
vn -0.2755 -0.2489 -0.9285
vn 0.2755 0.0292 -0.9609
vn 0.7212 0.2962 -0.6262
vn 0.8915 0.4500 -0.0523
vn -0.4531 0.8855 -0.1030
vn -0.4531 0.8855 -0.1030
vn -0.4531 0.8855 -0.1030
vn -0.4531 0.8855 -0.1030
vn -0.4531 0.8855 -0.1030
vn -0.4531 0.8855 -0.1030
vn -0.4531 0.8855 -0.1030
vn -0.4531 0.8855 -0.1030
vn -0.4531 0.8855 -0.1030
vn -0.4531 0.8855 -0.1030
vn -0.4531 0.8855 -0.1030
vn -0.4531 0.8855 -0.1030
vn 0.4531 -0.8855 0.1030
vn 0.4531 -0.8855 0.1030
vn 0.4531 -0.8855 0.1030
vn 0.4531 -0.8855 0.1030
vn 0.4531 -0.8855 0.1030
vn 0.4531 -0.8855 0.1030
vn 0.4531 -0.8855 0.1030
vn 0.4531 -0.8855 0.1030
vn 0.4531 -0.8855 0.1030
vn 0.4531 -0.8855 0.1030
vn 0.4531 -0.8855 0.1030
vn 0.4531 -0.8855 0.1030
f 1/1/1 2/2/2 35/35/35
f 2/2/2 3/3/3 36/36/36
f 3/3/3 4/4/4 37/37/37
f 4/4/4 5/5/5 38/38/38
f 5/5/5 6/6/6 39/39/39
f 6/6/6 7/7/7 40/40/40
f 7/7/7 8/8/8 41/41/41
f 8/8/8 9/9/9 42/42/42
f 9/9/9 10/10/10 43/43/43
f 10/10/10 11/11/11 44/44/44
f 11/11/11 12/12/12 45/45/45
f 12/12/12 13/13/13 46/46/46
f 13/13/13 14/14/14 47/47/47
f 14/14/14 15/15/15 48/48/48
f 15/15/15 16/16/16 49/49/49
f 16/16/16 17/17/17 50/50/50
f 17/17/17 18/18/18 51/51/51
f 18/18/18 19/19/19 52/52/52
f 19/19/19 20/20/20 53/53/53
f 20/20/20 21/21/21 54/54/54
f 21/21/21 22/22/22 55/55/55
f 22/22/22 23/23/23 56/56/56
f 23/23/23 24/24/24 57/57/57
f 24/24/24 25/25/25 58/58/58
f 25/25/25 26/26/26 59/59/59
f 26/26/26 27/27/27 60/60/60
f 27/27/27 28/28/28 61/61/61
f 28/28/28 29/29/29 62/62/62
f 29/29/29 30/30/30 63/63/63
f 30/30/30 31/31/31 64/64/64
f 31/31/31 32/32/32 65/65/65
f 32/32/32 33/33/33 66/66/66
f 34/34/34 35/35/35 68/68/68
f 35/35/35 36/36/36 69/69/69
f 36/36/36 37/37/37 70/70/70
f 37/37/37 38/38/38 71/71/71
f 38/38/38 39/39/39 72/72/72
f 39/39/39 40/40/40 73/73/73
f 40/40/40 41/41/41 74/74/74
f 41/41/41 42/42/42 75/75/75
f 42/42/42 43/43/43 76/76/76
f 43/43/43 44/44/44 77/77/77
f 44/44/44 45/45/45 78/78/78
f 45/45/45 46/46/46 79/79/79
f 46/46/46 47/47/47 80/80/80
f 47/47/47 48/48/48 81/81/81
f 48/48/48 49/49/49 82/82/82
f 49/49/49 50/50/50 83/83/83
f 50/50/50 51/51/51 84/84/84
f 51/51/51 52/52/52 85/85/85
f 52/52/52 53/53/53 86/86/86
f 53/53/53 54/54/54 87/87/87
f 54/54/54 55/55/55 88/88/88
f 55/55/55 56/56/56 89/89/89
f 56/56/56 57/57/57 90/90/90
f 57/57/57 58/58/58 91/91/91
f 58/58/58 59/59/59 92/92/92
f 59/59/59 60/60/60 93/93/93
f 60/60/60 61/61/61 94/94/94
f 61/61/61 62/62/62 95/95/95
f 62/62/62 63/63/63 96/96/96
f 63/63/63 64/64/64 97/97/97
f 64/64/64 65/65/65 98/98/98
f 65/65/65 66/66/66 99/99/99
f 67/67/67 68/68/68 101/101/101
f 68/68/68 69/69/69 102/102/102
f 69/69/69 70/70/70 103/103/103
f 70/70/70 71/71/71 104/104/104
f 71/71/71 72/72/72 105/105/105
f 72/72/72 73/73/73 106/106/106
f 73/73/73 74/74/74 107/107/107
f 74/74/74 75/75/75 108/108/108
f 75/75/75 76/76/76 109/109/109
f 76/76/76 77/77/77 110/110/110
f 77/77/77 78/78/78 111/111/111
f 78/78/78 79/79/79 112/112/112
f 79/79/79 80/80/80 113/113/113
f 80/80/80 81/81/81 114/114/114
f 81/81/81 82/82/82 115/115/115
f 82/82/82 83/83/83 116/116/116
f 83/83/83 84/84/84 117/117/117
f 84/84/84 85/85/85 118/118/118
f 85/85/85 86/86/86 119/119/119
f 86/86/86 87/87/87 120/120/120
f 87/87/87 88/88/88 121/121/121
f 88/88/88 89/89/89 122/122/122
f 89/89/89 90/90/90 123/123/123
f 90/90/90 91/91/91 124/124/124
f 91/91/91 92/92/92 125/125/125
f 92/92/92 93/93/93 126/126/126
f 93/93/93 94/94/94 127/127/127
f 94/94/94 95/95/95 128/128/128
f 95/95/95 96/96/96 129/129/129
f 96/96/96 97/97/97 130/130/130
f 97/97/97 98/98/98 131/131/131
f 98/98/98 99/99/99 132/132/132
f 100/100/100 101/101/101 134/134/134
f 101/101/101 102/102/102 135/135/135
f 102/102/102 103/103/103 136/136/136
f 103/103/103 104/104/104 137/137/137
f 104/104/104 105/105/105 138/138/138
f 105/105/105 106/106/106 139/139/139
f 106/106/106 107/107/107 140/140/140
f 107/107/107 108/108/108 141/141/141
f 108/108/108 109/109/109 142/142/142
f 109/109/109 110/110/110 143/143/143
f 110/110/110 111/111/111 144/144/144
f 111/111/111 112/112/112 145/145/145
f 112/112/112 113/113/113 146/146/146
f 113/113/113 114/114/114 147/147/147
f 114/114/114 115/115/115 148/148/148
f 115/115/115 116/116/116 149/149/149
f 116/116/116 117/117/117 150/150/150
f 117/117/117 118/118/118 151/151/151
f 118/118/118 119/119/119 152/152/152
f 119/119/119 120/120/120 153/153/153
f 120/120/120 121/121/121 154/154/154
f 121/121/121 122/122/122 155/155/155
f 122/122/122 123/123/123 156/156/156
f 123/123/123 124/124/124 157/157/157
f 124/124/124 125/125/125 158/158/158
f 125/125/125 126/126/126 159/159/159
f 126/126/126 127/127/127 160/160/160
f 127/127/127 128/128/128 161/161/161
f 128/128/128 129/129/129 162/162/162
f 129/129/129 130/130/130 163/163/163
f 130/130/130 131/131/131 164/164/164
f 131/131/131 132/132/132 165/165/165
f 133/133/133 134/134/134 167/167/167
f 134/134/134 135/135/135 168/168/168
f 135/135/135 136/136/136 169/169/169
f 136/136/136 137/137/137 170/170/170
f 137/137/137 138/138/138 171/171/171
f 138/138/138 139/139/139 172/172/172
f 139/139/139 140/140/140 173/173/173
f 140/140/140 141/141/141 174/174/174
f 141/141/141 142/142/142 175/175/175
f 142/142/142 143/143/143 176/176/176
f 143/143/143 144/144/144 177/177/177
f 144/144/144 145/145/145 178/178/178
f 145/145/145 146/146/146 179/179/179
f 146/146/146 147/147/147 180/180/180
f 147/147/147 148/148/148 181/181/181
f 148/148/148 149/149/149 182/182/182
f 149/149/149 150/150/150 183/183/183
f 150/150/150 151/151/151 184/184/184
f 151/151/151 152/152/152 185/185/185
f 152/152/152 153/153/153 186/186/186
f 153/153/153 154/154/154 187/187/187
f 154/154/154 155/155/155 188/188/188
f 155/155/155 156/156/156 189/189/189
f 156/156/156 157/157/157 190/190/190
f 157/157/157 158/158/158 191/191/191
f 158/158/158 159/159/159 192/192/192
f 159/159/159 160/160/160 193/193/193
f 160/160/160 161/161/161 194/194/194
f 161/161/161 162/162/162 195/195/195
f 162/162/162 163/163/163 196/196/196
f 163/163/163 164/164/164 197/197/197
f 164/164/164 165/165/165 198/198/198
f 166/166/166 167/167/167 200/200/200
f 167/167/167 168/168/168 201/201/201
f 168/168/168 169/169/169 202/202/202
f 169/169/169 170/170/170 203/203/203
f 170/170/170 171/171/171 204/204/204
f 171/171/171 172/172/172 205/205/205
f 172/172/172 173/173/173 206/206/206
f 173/173/173 174/174/174 207/207/207
f 174/174/174 175/175/175 208/208/208
f 175/175/175 176/176/176 209/209/209
f 176/176/176 177/177/177 210/210/210
f 177/177/177 178/178/178 211/211/211
f 178/178/178 179/179/179 212/212/212
f 179/179/179 180/180/180 213/213/213
f 180/180/180 181/181/181 214/214/214
f 181/181/181 182/182/182 215/215/215
f 182/182/182 183/183/183 216/216/216
f 183/183/183 184/184/184 217/217/217
f 184/184/184 185/185/185 218/218/218
f 185/185/185 186/186/186 219/219/219
f 186/186/186 187/187/187 220/220/220
f 187/187/187 188/188/188 221/221/221
f 188/188/188 189/189/189 222/222/222
f 189/189/189 190/190/190 223/223/223
f 190/190/190 191/191/191 224/224/224
f 191/191/191 192/192/192 225/225/225
f 192/192/192 193/193/193 226/226/226
f 193/193/193 194/194/194 227/227/227
f 194/194/194 195/195/195 228/228/228
f 195/195/195 196/196/196 229/229/229
f 196/196/196 197/197/197 230/230/230
f 197/197/197 198/198/198 231/231/231
f 199/199/199 200/200/200 233/233/233
f 200/200/200 201/201/201 234/234/234
f 201/201/201 202/202/202 235/235/235
f 202/202/202 203/203/203 236/236/236
f 203/203/203 204/204/204 237/237/237
f 204/204/204 205/205/205 238/238/238
f 205/205/205 206/206/206 239/239/239
f 206/206/206 207/207/207 240/240/240
f 207/207/207 208/208/208 241/241/241
f 208/208/208 209/209/209 242/242/242
f 209/209/209 210/210/210 243/243/243
f 210/210/210 211/211/211 244/244/244
f 211/211/211 212/212/212 245/245/245
f 212/212/212 213/213/213 246/246/246
f 213/213/213 214/214/214 247/247/247
f 214/214/214 215/215/215 248/248/248
f 215/215/215 216/216/216 249/249/249
f 216/216/216 217/217/217 250/250/250
f 217/217/217 218/218/218 251/251/251
f 218/218/218 219/219/219 252/252/252
f 219/219/219 220/220/220 253/253/253
f 220/220/220 221/221/221 254/254/254
f 221/221/221 222/222/222 255/255/255
f 222/222/222 223/223/223 256/256/256
f 223/223/223 224/224/224 257/257/257
f 224/224/224 225/225/225 258/258/258
f 225/225/225 226/226/226 259/259/259
f 226/226/226 227/227/227 260/260/260
f 227/227/227 228/228/228 261/261/261
f 228/228/228 229/229/229 262/262/262
f 229/229/229 230/230/230 263/263/263
f 230/230/230 231/231/231 264/264/264
f 232/232/232 233/233/233 266/266/266
f 233/233/233 234/234/234 267/267/267
f 234/234/234 235/235/235 268/268/268
f 235/235/235 236/236/236 269/269/269
f 236/236/236 237/237/237 270/270/270
f 237/237/237 238/238/238 271/271/271
f 238/238/238 239/239/239 272/272/272
f 239/239/239 240/240/240 273/273/273
f 240/240/240 241/241/241 274/274/274
f 241/241/241 242/242/242 275/275/275
f 242/242/242 243/243/243 276/276/276
f 243/243/243 244/244/244 277/277/277
f 244/244/244 245/245/245 278/278/278
f 245/245/245 246/246/246 279/279/279
f 246/246/246 247/247/247 280/280/280
f 247/247/247 248/248/248 281/281/281
f 248/248/248 249/249/249 282/282/282
f 249/249/249 250/250/250 283/283/283
f 250/250/250 251/251/251 284/284/284
f 251/251/251 252/252/252 285/285/285
f 252/252/252 253/253/253 286/286/286
f 253/253/253 254/254/254 287/287/287
f 254/254/254 255/255/255 288/288/288
f 255/255/255 256/256/256 289/289/289
f 256/256/256 257/257/257 290/290/290
f 257/257/257 258/258/258 291/291/291
f 258/258/258 259/259/259 292/292/292
f 259/259/259 260/260/260 293/293/293
f 260/260/260 261/261/261 294/294/294
f 261/261/261 262/262/262 295/295/295
f 262/262/262 263/263/263 296/296/296
f 263/263/263 264/264/264 297/297/297
f 265/265/265 266/266/266 299/299/299
f 266/266/266 267/267/267 300/300/300
f 267/267/267 268/268/268 301/301/301
f 268/268/268 269/269/269 302/302/302
f 269/269/269 270/270/270 303/303/303
f 270/270/270 271/271/271 304/304/304
f 271/271/271 272/272/272 305/305/305
f 272/272/272 273/273/273 306/306/306
f 273/273/273 274/274/274 307/307/307
f 274/274/274 275/275/275 308/308/308
f 275/275/275 276/276/276 309/309/309
f 276/276/276 277/277/277 310/310/310
f 277/277/277 278/278/278 311/311/311
f 278/278/278 279/279/279 312/312/312
f 279/279/279 280/280/280 313/313/313
f 280/280/280 281/281/281 314/314/314
f 281/281/281 282/282/282 315/315/315
f 282/282/282 283/283/283 316/316/316
f 283/283/283 284/284/284 317/317/317
f 284/284/284 285/285/285 318/318/318
f 285/285/285 286/286/286 319/319/319
f 286/286/286 287/287/287 320/320/320
f 287/287/287 288/288/288 321/321/321
f 288/288/288 289/289/289 322/322/322
f 289/289/289 290/290/290 323/323/323
f 290/290/290 291/291/291 324/324/324
f 291/291/291 292/292/292 325/325/325
f 292/292/292 293/293/293 326/326/326
f 293/293/293 294/294/294 327/327/327
f 294/294/294 295/295/295 328/328/328
f 295/295/295 296/296/296 329/329/329
f 296/296/296 297/297/297 330/330/330
f 298/298/298 299/299/299 332/332/332
f 299/299/299 300/300/300 333/333/333
f 300/300/300 301/301/301 334/334/334
f 301/301/301 302/302/302 335/335/335
f 302/302/302 303/303/303 336/336/336
f 303/303/303 304/304/304 337/337/337
f 304/304/304 305/305/305 338/338/338
f 305/305/305 306/306/306 339/339/339
f 306/306/306 307/307/307 340/340/340
f 307/307/307 308/308/308 341/341/341
f 308/308/308 309/309/309 342/342/342
f 309/309/309 310/310/310 343/343/343
f 310/310/310 311/311/311 344/344/344
f 311/311/311 312/312/312 345/345/345
f 312/312/312 313/313/313 346/346/346
f 313/313/313 314/314/314 347/347/347
f 314/314/314 315/315/315 348/348/348
f 315/315/315 316/316/316 349/349/349
f 316/316/316 317/317/317 350/350/350
f 317/317/317 318/318/318 351/351/351
f 318/318/318 319/319/319 352/352/352
f 319/319/319 320/320/320 353/353/353
f 320/320/320 321/321/321 354/354/354
f 321/321/321 322/322/322 355/355/355
f 322/322/322 323/323/323 356/356/356
f 323/323/323 324/324/324 357/357/357
f 324/324/324 325/325/325 358/358/358
f 325/325/325 326/326/326 359/359/359
f 326/326/326 327/327/327 360/360/360
f 327/327/327 328/328/328 361/361/361
f 328/328/328 329/329/329 362/362/362
f 329/329/329 330/330/330 363/363/363
f 331/331/331 332/332/332 365/365/365
f 332/332/332 333/333/333 366/366/366
f 333/333/333 334/334/334 367/367/367
f 334/334/334 335/335/335 368/368/368
f 335/335/335 336/336/336 369/369/369
f 336/336/336 337/337/337 370/370/370
f 337/337/337 338/338/338 371/371/371
f 338/338/338 339/339/339 372/372/372
f 339/339/339 340/340/340 373/373/373
f 340/340/340 341/341/341 374/374/374
f 341/341/341 342/342/342 375/375/375
f 342/342/342 343/343/343 376/376/376
f 343/343/343 344/344/344 377/377/377
f 344/344/344 345/345/345 378/378/378
f 345/345/345 346/346/346 379/379/379
f 346/346/346 347/347/347 380/380/380
f 347/347/347 348/348/348 381/381/381
f 348/348/348 349/349/349 382/382/382
f 349/349/349 350/350/350 383/383/383
f 350/350/350 351/351/351 384/384/384
f 351/351/351 352/352/352 385/385/385
f 352/352/352 353/353/353 386/386/386
f 353/353/353 354/354/354 387/387/387
f 354/354/354 355/355/355 388/388/388
f 355/355/355 356/356/356 389/389/389
f 356/356/356 357/357/357 390/390/390
f 357/357/357 358/358/358 391/391/391
f 358/358/358 359/359/359 392/392/392
f 359/359/359 360/360/360 393/393/393
f 360/360/360 361/361/361 394/394/394
f 361/361/361 362/362/362 395/395/395
f 362/362/362 363/363/363 396/396/396
f 364/364/364 365/365/365 398/398/398
f 365/365/365 366/366/366 399/399/399
f 366/366/366 367/367/367 400/400/400
f 367/367/367 368/368/368 401/401/401
f 368/368/368 369/369/369 402/402/402
f 369/369/369 370/370/370 403/403/403
f 370/370/370 371/371/371 404/404/404
f 371/371/371 372/372/372 405/405/405
f 372/372/372 373/373/373 406/406/406
f 373/373/373 374/374/374 407/407/407
f 374/374/374 375/375/375 408/408/408
f 375/375/375 376/376/376 409/409/409
f 376/376/376 377/377/377 410/410/410
f 377/377/377 378/378/378 411/411/411
f 378/378/378 379/379/379 412/412/412
f 379/379/379 380/380/380 413/413/413
f 380/380/380 381/381/381 414/414/414
f 381/381/381 382/382/382 415/415/415
f 382/382/382 383/383/383 416/416/416
f 383/383/383 384/384/384 417/417/417
f 384/384/384 385/385/385 418/418/418
f 385/385/385 386/386/386 419/419/419
f 386/386/386 387/387/387 420/420/420
f 387/387/387 388/388/388 421/421/421
f 388/388/388 389/389/389 422/422/422
f 389/389/389 390/390/390 423/423/423
f 390/390/390 391/391/391 424/424/424
f 391/391/391 392/392/392 425/425/425
f 392/392/392 393/393/393 426/426/426
f 393/393/393 394/394/394 427/427/427
f 394/394/394 395/395/395 428/428/428
f 395/395/395 396/396/396 429/429/429
f 397/397/397 398/398/398 431/431/431
f 398/398/398 399/399/399 432/432/432
f 399/399/399 400/400/400 433/433/433
f 400/400/400 401/401/401 434/434/434
f 401/401/401 402/402/402 435/435/435
f 402/402/402 403/403/403 436/436/436
f 403/403/403 404/404/404 437/437/437
f 404/404/404 405/405/405 438/438/438
f 405/405/405 406/406/406 439/439/439
f 406/406/406 407/407/407 440/440/440
f 407/407/407 408/408/408 441/441/441
f 408/408/408 409/409/409 442/442/442
f 409/409/409 410/410/410 443/443/443
f 410/410/410 411/411/411 444/444/444
f 411/411/411 412/412/412 445/445/445
f 412/412/412 413/413/413 446/446/446
f 413/413/413 414/414/414 447/447/447
f 414/414/414 415/415/415 448/448/448
f 415/415/415 416/416/416 449/449/449
f 416/416/416 417/417/417 450/450/450
f 417/417/417 418/418/418 451/451/451
f 418/418/418 419/419/419 452/452/452
f 419/419/419 420/420/420 453/453/453
f 420/420/420 421/421/421 454/454/454
f 421/421/421 422/422/422 455/455/455
f 422/422/422 423/423/423 456/456/456
f 423/423/423 424/424/424 457/457/457
f 424/424/424 425/425/425 458/458/458
f 425/425/425 426/426/426 459/459/459
f 426/426/426 427/427/427 460/460/460
f 427/427/427 428/428/428 461/461/461
f 428/428/428 429/429/429 462/462/462
f 430/430/430 431/431/431 464/464/464
f 431/431/431 432/432/432 465/465/465
f 432/432/432 433/433/433 466/466/466
f 433/433/433 434/434/434 467/467/467
f 434/434/434 435/435/435 468/468/468
f 435/435/435 436/436/436 469/469/469
f 436/436/436 437/437/437 470/470/470
f 437/437/437 438/438/438 471/471/471
f 438/438/438 439/439/439 472/472/472
f 439/439/439 440/440/440 473/473/473
f 440/440/440 441/441/441 474/474/474
f 441/441/441 442/442/442 475/475/475
f 442/442/442 443/443/443 476/476/476
f 443/443/443 444/444/444 477/477/477
f 444/444/444 445/445/445 478/478/478
f 445/445/445 446/446/446 479/479/479
f 446/446/446 447/447/447 480/480/480
f 447/447/447 448/448/448 481/481/481
f 448/448/448 449/449/449 482/482/482
f 449/449/449 450/450/450 483/483/483
f 450/450/450 451/451/451 484/484/484
f 451/451/451 452/452/452 485/485/485
f 452/452/452 453/453/453 486/486/486
f 453/453/453 454/454/454 487/487/487
f 454/454/454 455/455/455 488/488/488
f 455/455/455 456/456/456 489/489/489
f 456/456/456 457/457/457 490/490/490
f 457/457/457 458/458/458 491/491/491
f 458/458/458 459/459/459 492/492/492
f 459/459/459 460/460/460 493/493/493
f 460/460/460 461/461/461 494/494/494
f 461/461/461 462/462/462 495/495/495
f 463/463/463 464/464/464 497/497/497
f 464/464/464 465/465/465 498/498/498
f 465/465/465 466/466/466 499/499/499
f 466/466/466 467/467/467 500/500/500
f 467/467/467 468/468/468 501/501/501
f 468/468/468 469/469/469 502/502/502
f 469/469/469 470/470/470 503/503/503
f 470/470/470 471/471/471 504/504/504
f 471/471/471 472/472/472 505/505/505
f 472/472/472 473/473/473 506/506/506
f 473/473/473 474/474/474 507/507/507
f 474/474/474 475/475/475 508/508/508
f 475/475/475 476/476/476 509/509/509
f 476/476/476 477/477/477 510/510/510
f 477/477/477 478/478/478 511/511/511
f 478/478/478 479/479/479 512/512/512
f 479/479/479 480/480/480 513/513/513
f 480/480/480 481/481/481 514/514/514
f 481/481/481 482/482/482 515/515/515
f 482/482/482 483/483/483 516/516/516
f 483/483/483 484/484/484 517/517/517
f 484/484/484 485/485/485 518/518/518
f 485/485/485 486/486/486 519/519/519
f 486/486/486 487/487/487 520/520/520
f 487/487/487 488/488/488 521/521/521
f 488/488/488 489/489/489 522/522/522
f 489/489/489 490/490/490 523/523/523
f 490/490/490 491/491/491 524/524/524
f 491/491/491 492/492/492 525/525/525
f 492/492/492 493/493/493 526/526/526
f 493/493/493 494/494/494 527/527/527
f 494/494/494 495/495/495 528/528/528
f 496/496/496 497/497/497 530/530/530
f 497/497/497 498/498/498 531/531/531
f 498/498/498 499/499/499 532/532/532
f 499/499/499 500/500/500 533/533/533
f 500/500/500 501/501/501 534/534/534
f 501/501/501 502/502/502 535/535/535
f 502/502/502 503/503/503 536/536/536
f 503/503/503 504/504/504 537/537/537
f 504/504/504 505/505/505 538/538/538
f 505/505/505 506/506/506 539/539/539
f 506/506/506 507/507/507 540/540/540
f 507/507/507 508/508/508 541/541/541
f 508/508/508 509/509/509 542/542/542
f 509/509/509 510/510/510 543/543/543
f 510/510/510 511/511/511 544/544/544
f 511/511/511 512/512/512 545/545/545
f 512/512/512 513/513/513 546/546/546
f 513/513/513 514/514/514 547/547/547
f 514/514/514 515/515/515 548/548/548
f 515/515/515 516/516/516 549/549/549
f 516/516/516 517/517/517 550/550/550
f 517/517/517 518/518/518 551/551/551
f 518/518/518 519/519/519 552/552/552
f 519/519/519 520/520/520 553/553/553
f 520/520/520 521/521/521 554/554/554
f 521/521/521 522/522/522 555/555/555
f 522/522/522 523/523/523 556/556/556
f 523/523/523 524/524/524 557/557/557
f 524/524/524 525/525/525 558/558/558
f 525/525/525 526/526/526 559/559/559
f 526/526/526 527/527/527 560/560/560
f 527/527/527 528/528/528 561/561/561
f 1/1/1 35/35/35 34/34/34
f 2/2/2 36/36/36 35/35/35
f 3/3/3 37/37/37 36/36/36
f 4/4/4 38/38/38 37/37/37
f 5/5/5 39/39/39 38/38/38
f 6/6/6 40/40/40 39/39/39
f 7/7/7 41/41/41 40/40/40
f 8/8/8 42/42/42 41/41/41
f 9/9/9 43/43/43 42/42/42
f 10/10/10 44/44/44 43/43/43
f 11/11/11 45/45/45 44/44/44
f 12/12/12 46/46/46 45/45/45
f 13/13/13 47/47/47 46/46/46
f 14/14/14 48/48/48 47/47/47
f 15/15/15 49/49/49 48/48/48
f 16/16/16 50/50/50 49/49/49
f 17/17/17 51/51/51 50/50/50
f 18/18/18 52/52/52 51/51/51
f 19/19/19 53/53/53 52/52/52
f 20/20/20 54/54/54 53/53/53
f 21/21/21 55/55/55 54/54/54
f 22/22/22 56/56/56 55/55/55
f 23/23/23 57/57/57 56/56/56
f 24/24/24 58/58/58 57/57/57
f 25/25/25 59/59/59 58/58/58
f 26/26/26 60/60/60 59/59/59
f 27/27/27 61/61/61 60/60/60
f 28/28/28 62/62/62 61/61/61
f 29/29/29 63/63/63 62/62/62
f 30/30/30 64/64/64 63/63/63
f 31/31/31 65/65/65 64/64/64
f 32/32/32 66/66/66 65/65/65
f 34/34/34 68/68/68 67/67/67
f 35/35/35 69/69/69 68/68/68
f 36/36/36 70/70/70 69/69/69
f 37/37/37 71/71/71 70/70/70
f 38/38/38 72/72/72 71/71/71
f 39/39/39 73/73/73 72/72/72
f 40/40/40 74/74/74 73/73/73
f 41/41/41 75/75/75 74/74/74
f 42/42/42 76/76/76 75/75/75
f 43/43/43 77/77/77 76/76/76
f 44/44/44 78/78/78 77/77/77
f 45/45/45 79/79/79 78/78/78
f 46/46/46 80/80/80 79/79/79
f 47/47/47 81/81/81 80/80/80
f 48/48/48 82/82/82 81/81/81
f 49/49/49 83/83/83 82/82/82
f 50/50/50 84/84/84 83/83/83
f 51/51/51 85/85/85 84/84/84
f 52/52/52 86/86/86 85/85/85
f 53/53/53 87/87/87 86/86/86
f 54/54/54 88/88/88 87/87/87
f 55/55/55 89/89/89 88/88/88
f 56/56/56 90/90/90 89/89/89
f 57/57/57 91/91/91 90/90/90
f 58/58/58 92/92/92 91/91/91
f 59/59/59 93/93/93 92/92/92
f 60/60/60 94/94/94 93/93/93
f 61/61/61 95/95/95 94/94/94
f 62/62/62 96/96/96 95/95/95
f 63/63/63 97/97/97 96/96/96
f 64/64/64 98/98/98 97/97/97
f 65/65/65 99/99/99 98/98/98
f 67/67/67 101/101/101 100/100/100
f 68/68/68 102/102/102 101/101/101
f 69/69/69 103/103/103 102/102/102
f 70/70/70 104/104/104 103/103/103
f 71/71/71 105/105/105 104/104/104
f 72/72/72 106/106/106 105/105/105
f 73/73/73 107/107/107 106/106/106
f 74/74/74 108/108/108 107/107/107
f 75/75/75 109/109/109 108/108/108
f 76/76/76 110/110/110 109/109/109
f 77/77/77 111/111/111 110/110/110
f 78/78/78 112/112/112 111/111/111
f 79/79/79 113/113/113 112/112/112
f 80/80/80 114/114/114 113/113/113
f 81/81/81 115/115/115 114/114/114
f 82/82/82 116/116/116 115/115/115
f 83/83/83 117/117/117 116/116/116
f 84/84/84 118/118/118 117/117/117
f 85/85/85 119/119/119 118/118/118
f 86/86/86 120/120/120 119/119/119
f 87/87/87 121/121/121 120/120/120
f 88/88/88 122/122/122 121/121/121
f 89/89/89 123/123/123 122/122/122
f 90/90/90 124/124/124 123/123/123
f 91/91/91 125/125/125 124/124/124
f 92/92/92 126/126/126 125/125/125
f 93/93/93 127/127/127 126/126/126
f 94/94/94 128/128/128 127/127/127
f 95/95/95 129/129/129 128/128/128
f 96/96/96 130/130/130 129/129/129
f 97/97/97 131/131/131 130/130/130
f 98/98/98 132/132/132 131/131/131
f 100/100/100 134/134/134 133/133/133
f 101/101/101 135/135/135 134/134/134
f 102/102/102 136/136/136 135/135/135
f 103/103/103 137/137/137 136/136/136
f 104/104/104 138/138/138 137/137/137
f 105/105/105 139/139/139 138/138/138
f 106/106/106 140/140/140 139/139/139
f 107/107/107 141/141/141 140/140/140
f 108/108/108 142/142/142 141/141/141
f 109/109/109 143/143/143 142/142/142
f 110/110/110 144/144/144 143/143/143
f 111/111/111 145/145/145 144/144/144
f 112/112/112 146/146/146 145/145/145
f 113/113/113 147/147/147 146/146/146
f 114/114/114 148/148/148 147/147/147
f 115/115/115 149/149/149 148/148/148
f 116/116/116 150/150/150 149/149/149
f 117/117/117 151/151/151 150/150/150
f 118/118/118 152/152/152 151/151/151
f 119/119/119 153/153/153 152/152/152
f 120/120/120 154/154/154 153/153/153
f 121/121/121 155/155/155 154/154/154
f 122/122/122 156/156/156 155/155/155
f 123/123/123 157/157/157 156/156/156
f 124/124/124 158/158/158 157/157/157
f 125/125/125 159/159/159 158/158/158
f 126/126/126 160/160/160 159/159/159
f 127/127/127 161/161/161 160/160/160
f 128/128/128 162/162/162 161/161/161
f 129/129/129 163/163/163 162/162/162
f 130/130/130 164/164/164 163/163/163
f 131/131/131 165/165/165 164/164/164
f 133/133/133 167/167/167 166/166/166
f 134/134/134 168/168/168 167/167/167
f 135/135/135 169/169/169 168/168/168
f 136/136/136 170/170/170 169/169/169
f 137/137/137 171/171/171 170/170/170
f 138/138/138 172/172/172 171/171/171
f 139/139/139 173/173/173 172/172/172
f 140/140/140 174/174/174 173/173/173
f 141/141/141 175/175/175 174/174/174
f 142/142/142 176/176/176 175/175/175
f 143/143/143 177/177/177 176/176/176
f 144/144/144 178/178/178 177/177/177
f 145/145/145 179/179/179 178/178/178
f 146/146/146 180/180/180 179/179/179
f 147/147/147 181/181/181 180/180/180
f 148/148/148 182/182/182 181/181/181
f 149/149/149 183/183/183 182/182/182
f 150/150/150 184/184/184 183/183/183
f 151/151/151 185/185/185 184/184/184
f 152/152/152 186/186/186 185/185/185
f 153/153/153 187/187/187 186/186/186
f 154/154/154 188/188/188 187/187/187
f 155/155/155 189/189/189 188/188/188
f 156/156/156 190/190/190 189/189/189
f 157/157/157 191/191/191 190/190/190
f 158/158/158 192/192/192 191/191/191
f 159/159/159 193/193/193 192/192/192
f 160/160/160 194/194/194 193/193/193
f 161/161/161 195/195/195 194/194/194
f 162/162/162 196/196/196 195/195/195
f 163/163/163 197/197/197 196/196/196
f 164/164/164 198/198/198 197/197/197
f 166/166/166 200/200/200 199/199/199
f 167/167/167 201/201/201 200/200/200
f 168/168/168 202/202/202 201/201/201
f 169/169/169 203/203/203 202/202/202
f 170/170/170 204/204/204 203/203/203
f 171/171/171 205/205/205 204/204/204
f 172/172/172 206/206/206 205/205/205
f 173/173/173 207/207/207 206/206/206
f 174/174/174 208/208/208 207/207/207
f 175/175/175 209/209/209 208/208/208
f 176/176/176 210/210/210 209/209/209
f 177/177/177 211/211/211 210/210/210
f 178/178/178 212/212/212 211/211/211
f 179/179/179 213/213/213 212/212/212
f 180/180/180 214/214/214 213/213/213
f 181/181/181 215/215/215 214/214/214
f 182/182/182 216/216/216 215/215/215
f 183/183/183 217/217/217 216/216/216
f 184/184/184 218/218/218 217/217/217
f 185/185/185 219/219/219 218/218/218
f 186/186/186 220/220/220 219/219/219
f 187/187/187 221/221/221 220/220/220
f 188/188/188 222/222/222 221/221/221
f 189/189/189 223/223/223 222/222/222
f 190/190/190 224/224/224 223/223/223
f 191/191/191 225/225/225 224/224/224
f 192/192/192 226/226/226 225/225/225
f 193/193/193 227/227/227 226/226/226
f 194/194/194 228/228/228 227/227/227
f 195/195/195 229/229/229 228/228/228
f 196/196/196 230/230/230 229/229/229
f 197/197/197 231/231/231 230/230/230
f 199/199/199 233/233/233 232/232/232
f 200/200/200 234/234/234 233/233/233
f 201/201/201 235/235/235 234/234/234
f 202/202/202 236/236/236 235/235/235
f 203/203/203 237/237/237 236/236/236
f 204/204/204 238/238/238 237/237/237
f 205/205/205 239/239/239 238/238/238
f 206/206/206 240/240/240 239/239/239
f 207/207/207 241/241/241 240/240/240
f 208/208/208 242/242/242 241/241/241
f 209/209/209 243/243/243 242/242/242
f 210/210/210 244/244/244 243/243/243
f 211/211/211 245/245/245 244/244/244
f 212/212/212 246/246/246 245/245/245
f 213/213/213 247/247/247 246/246/246
f 214/214/214 248/248/248 247/247/247
f 215/215/215 249/249/249 248/248/248
f 216/216/216 250/250/250 249/249/249
f 217/217/217 251/251/251 250/250/250
f 218/218/218 252/252/252 251/251/251
f 219/219/219 253/253/253 252/252/252
f 220/220/220 254/254/254 253/253/253
f 221/221/221 255/255/255 254/254/254
f 222/222/222 256/256/256 255/255/255
f 223/223/223 257/257/257 256/256/256
f 224/224/224 258/258/258 257/257/257
f 225/225/225 259/259/259 258/258/258
f 226/226/226 260/260/260 259/259/259
f 227/227/227 261/261/261 260/260/260
f 228/228/228 262/262/262 261/261/261
f 229/229/229 263/263/263 262/262/262
f 230/230/230 264/264/264 263/263/263
f 232/232/232 266/266/266 265/265/265
f 233/233/233 267/267/267 266/266/266
f 234/234/234 268/268/268 267/267/267
f 235/235/235 269/269/269 268/268/268
f 236/236/236 270/270/270 269/269/269
f 237/237/237 271/271/271 270/270/270
f 238/238/238 272/272/272 271/271/271
f 239/239/239 273/273/273 272/272/272
f 240/240/240 274/274/274 273/273/273
f 241/241/241 275/275/275 274/274/274
f 242/242/242 276/276/276 275/275/275
f 243/243/243 277/277/277 276/276/276
f 244/244/244 278/278/278 277/277/277
f 245/245/245 279/279/279 278/278/278
f 246/246/246 280/280/280 279/279/279
f 247/247/247 281/281/281 280/280/280
f 248/248/248 282/282/282 281/281/281
f 249/249/249 283/283/283 282/282/282
f 250/250/250 284/284/284 283/283/283
f 251/251/251 285/285/285 284/284/284
f 252/252/252 286/286/286 285/285/285
f 253/253/253 287/287/287 286/286/286
f 254/254/254 288/288/288 287/287/287
f 255/255/255 289/289/289 288/288/288
f 256/256/256 290/290/290 289/289/289
f 257/257/257 291/291/291 290/290/290
f 258/258/258 292/292/292 291/291/291
f 259/259/259 293/293/293 292/292/292
f 260/260/260 294/294/294 293/293/293
f 261/261/261 295/295/295 294/294/294
f 262/262/262 296/296/296 295/295/295
f 263/263/263 297/297/297 296/296/296
f 265/265/265 299/299/299 298/298/298
f 266/266/266 300/300/300 299/299/299
f 267/267/267 301/301/301 300/300/300
f 268/268/268 302/302/302 301/301/301
f 269/269/269 303/303/303 302/302/302
f 270/270/270 304/304/304 303/303/303
f 271/271/271 305/305/305 304/304/304
f 272/272/272 306/306/306 305/305/305
f 273/273/273 307/307/307 306/306/306
f 274/274/274 308/308/308 307/307/307
f 275/275/275 309/309/309 308/308/308
f 276/276/276 310/310/310 309/309/309
f 277/277/277 311/311/311 310/310/310
f 278/278/278 312/312/312 311/311/311
f 279/279/279 313/313/313 312/312/312
f 280/280/280 314/314/314 313/313/313
f 281/281/281 315/315/315 314/314/314
f 282/282/282 316/316/316 315/315/315
f 283/283/283 317/317/317 316/316/316
f 284/284/284 318/318/318 317/317/317
f 285/285/285 319/319/319 318/318/318
f 286/286/286 320/320/320 319/319/319
f 287/287/287 321/321/321 320/320/320
f 288/288/288 322/322/322 321/321/321
f 289/289/289 323/323/323 322/322/322
f 290/290/290 324/324/324 323/323/323
f 291/291/291 325/325/325 324/324/324
f 292/292/292 326/326/326 325/325/325
f 293/293/293 327/327/327 326/326/326
f 294/294/294 328/328/328 327/327/327
f 295/295/295 329/329/329 328/328/328
f 296/296/296 330/330/330 329/329/329
f 298/298/298 332/332/332 331/331/331
f 299/299/299 333/333/333 332/332/332
f 300/300/300 334/334/334 333/333/333
f 301/301/301 335/335/335 334/334/334
f 302/302/302 336/336/336 335/335/335
f 303/303/303 337/337/337 336/336/336
f 304/304/304 338/338/338 337/337/337
f 305/305/305 339/339/339 338/338/338
f 306/306/306 340/340/340 339/339/339
f 307/307/307 341/341/341 340/340/340
f 308/308/308 342/342/342 341/341/341
f 309/309/309 343/343/343 342/342/342
f 310/310/310 344/344/344 343/343/343
f 311/311/311 345/345/345 344/344/344
f 312/312/312 346/346/346 345/345/345
f 313/313/313 347/347/347 346/346/346
f 314/314/314 348/348/348 347/347/347
f 315/315/315 349/349/349 348/348/348
f 316/316/316 350/350/350 349/349/349
f 317/317/317 351/351/351 350/350/350
f 318/318/318 352/352/352 351/351/351
f 319/319/319 353/353/353 352/352/352
f 320/320/320 354/354/354 353/353/353
f 321/321/321 355/355/355 354/354/354
f 322/322/322 356/356/356 355/355/355
f 323/323/323 357/357/357 356/356/356
f 324/324/324 358/358/358 357/357/357
f 325/325/325 359/359/359 358/358/358
f 326/326/326 360/360/360 359/359/359
f 327/327/327 361/361/361 360/360/360
f 328/328/328 362/362/362 361/361/361
f 329/329/329 363/363/363 362/362/362
f 331/331/331 365/365/365 364/364/364
f 332/332/332 366/366/366 365/365/365
f 333/333/333 367/367/367 366/366/366
f 334/334/334 368/368/368 367/367/367
f 335/335/335 369/369/369 368/368/368
f 336/336/336 370/370/370 369/369/369
f 337/337/337 371/371/371 370/370/370
f 338/338/338 372/372/372 371/371/371
f 339/339/339 373/373/373 372/372/372
f 340/340/340 374/374/374 373/373/373
f 341/341/341 375/375/375 374/374/374
f 342/342/342 376/376/376 375/375/375
f 343/343/343 377/377/377 376/376/376
f 344/344/344 378/378/378 377/377/377
f 345/345/345 379/379/379 378/378/378
f 346/346/346 380/380/380 379/379/379
f 347/347/347 381/381/381 380/380/380
f 348/348/348 382/382/382 381/381/381
f 349/349/349 383/383/383 382/382/382
f 350/350/350 384/384/384 383/383/383
f 351/351/351 385/385/385 384/384/384
f 352/352/352 386/386/386 385/385/385
f 353/353/353 387/387/387 386/386/386
f 354/354/354 388/388/388 387/387/387
f 355/355/355 389/389/389 388/388/388
f 356/356/356 390/390/390 389/389/389
f 357/357/357 391/391/391 390/390/390
f 358/358/358 392/392/392 391/391/391
f 359/359/359 393/393/393 392/392/392
f 360/360/360 394/394/394 393/393/393
f 361/361/361 395/395/395 394/394/394
f 362/362/362 396/396/396 395/395/395
f 364/364/364 398/398/398 397/397/397
f 365/365/365 399/399/399 398/398/398
f 366/366/366 400/400/400 399/399/399
f 367/367/367 401/401/401 400/400/400
f 368/368/368 402/402/402 401/401/401
f 369/369/369 403/403/403 402/402/402
f 370/370/370 404/404/404 403/403/403
f 371/371/371 405/405/405 404/404/404
f 372/372/372 406/406/406 405/405/405
f 373/373/373 407/407/407 406/406/406
f 374/374/374 408/408/408 407/407/407
f 375/375/375 409/409/409 408/408/408
f 376/376/376 410/410/410 409/409/409
f 377/377/377 411/411/411 410/410/410
f 378/378/378 412/412/412 411/411/411
f 379/379/379 413/413/413 412/412/412
f 380/380/380 414/414/414 413/413/413
f 381/381/381 415/415/415 414/414/414
f 382/382/382 416/416/416 415/415/415
f 383/383/383 417/417/417 416/416/416
f 384/384/384 418/418/418 417/417/417
f 385/385/385 419/419/419 418/418/418
f 386/386/386 420/420/420 419/419/419
f 387/387/387 421/421/421 420/420/420
f 388/388/388 422/422/422 421/421/421
f 389/389/389 423/423/423 422/422/422
f 390/390/390 424/424/424 423/423/423
f 391/391/391 425/425/425 424/424/424
f 392/392/392 426/426/426 425/425/425
f 393/393/393 427/427/427 426/426/426
f 394/394/394 428/428/428 427/427/427
f 395/395/395 429/429/429 428/428/428
f 397/397/397 431/431/431 430/430/430
f 398/398/398 432/432/432 431/431/431
f 399/399/399 433/433/433 432/432/432
f 400/400/400 434/434/434 433/433/433
f 401/401/401 435/435/435 434/434/434
f 402/402/402 436/436/436 435/435/435
f 403/403/403 437/437/437 436/436/436
f 404/404/404 438/438/438 437/437/437
f 405/405/405 439/439/439 438/438/438
f 406/406/406 440/440/440 439/439/439
f 407/407/407 441/441/441 440/440/440
f 408/408/408 442/442/442 441/441/441
f 409/409/409 443/443/443 442/442/442
f 410/410/410 444/444/444 443/443/443
f 411/411/411 445/445/445 444/444/444
f 412/412/412 446/446/446 445/445/445
f 413/413/413 447/447/447 446/446/446
f 414/414/414 448/448/448 447/447/447
f 415/415/415 449/449/449 448/448/448
f 416/416/416 450/450/450 449/449/449
f 417/417/417 451/451/451 450/450/450
f 418/418/418 452/452/452 451/451/451
f 419/419/419 453/453/453 452/452/452
f 420/420/420 454/454/454 453/453/453
f 421/421/421 455/455/455 454/454/454
f 422/422/422 456/456/456 455/455/455
f 423/423/423 457/457/457 456/456/456
f 424/424/424 458/458/458 457/457/457
f 425/425/425 459/459/459 458/458/458
f 426/426/426 460/460/460 459/459/459
f 427/427/427 461/461/461 460/460/460
f 428/428/428 462/462/462 461/461/461
f 430/430/430 464/464/464 463/463/463
f 431/431/431 465/465/465 464/464/464
f 432/432/432 466/466/466 465/465/465
f 433/433/433 467/467/467 466/466/466
f 434/434/434 468/468/468 467/467/467
f 435/435/435 469/469/469 468/468/468
f 436/436/436 470/470/470 469/469/469
f 437/437/437 471/471/471 470/470/470
f 438/438/438 472/472/472 471/471/471
f 439/439/439 473/473/473 472/472/472
f 440/440/440 474/474/474 473/473/473
f 441/441/441 475/475/475 474/474/474
f 442/442/442 476/476/476 475/475/475
f 443/443/443 477/477/477 476/476/476
f 444/444/444 478/478/478 477/477/477
f 445/445/445 479/479/479 478/478/478
f 446/446/446 480/480/480 479/479/479
f 447/447/447 481/481/481 480/480/480
f 448/448/448 482/482/482 481/481/481
f 449/449/449 483/483/483 482/482/482
f 450/450/450 484/484/484 483/483/483
f 451/451/451 485/485/485 484/484/484
f 452/452/452 486/486/486 485/485/485
f 453/453/453 487/487/487 486/486/486
f 454/454/454 488/488/488 487/487/487
f 455/455/455 489/489/489 488/488/488
f 456/456/456 490/490/490 489/489/489
f 457/457/457 491/491/491 490/490/490
f 458/458/458 492/492/492 491/491/491
f 459/459/459 493/493/493 492/492/492
f 460/460/460 494/494/494 493/493/493
f 461/461/461 495/495/495 494/494/494
f 463/463/463 497/497/497 496/496/496
f 464/464/464 498/498/498 497/497/497
f 465/465/465 499/499/499 498/498/498
f 466/466/466 500/500/500 499/499/499
f 467/467/467 501/501/501 500/500/500
f 468/468/468 502/502/502 501/501/501
f 469/469/469 503/503/503 502/502/502
f 470/470/470 504/504/504 503/503/503
f 471/471/471 505/505/505 504/504/504
f 472/472/472 506/506/506 505/505/505
f 473/473/473 507/507/507 506/506/506
f 474/474/474 508/508/508 507/507/507
f 475/475/475 509/509/509 508/508/508
f 476/476/476 510/510/510 509/509/509
f 477/477/477 511/511/511 510/510/510
f 478/478/478 512/512/512 511/511/511
f 479/479/479 513/513/513 512/512/512
f 480/480/480 514/514/514 513/513/513
f 481/481/481 515/515/515 514/514/514
f 482/482/482 516/516/516 515/515/515
f 483/483/483 517/517/517 516/516/516
f 484/484/484 518/518/518 517/517/517
f 485/485/485 519/519/519 518/518/518
f 486/486/486 520/520/520 519/519/519
f 487/487/487 521/521/521 520/520/520
f 488/488/488 522/522/522 521/521/521
f 489/489/489 523/523/523 522/522/522
f 490/490/490 524/524/524 523/523/523
f 491/491/491 525/525/525 524/524/524
f 492/492/492 526/526/526 525/525/525
f 493/493/493 527/527/527 526/526/526
f 494/494/494 528/528/528 527/527/527
f 496/496/496 530/530/530 529/529/529
f 497/497/497 531/531/531 530/530/530
f 498/498/498 532/532/532 531/531/531
f 499/499/499 533/533/533 532/532/532
f 500/500/500 534/534/534 533/533/533
f 501/501/501 535/535/535 534/534/534
f 502/502/502 536/536/536 535/535/535
f 503/503/503 537/537/537 536/536/536
f 504/504/504 538/538/538 537/537/537
f 505/505/505 539/539/539 538/538/538
f 506/506/506 540/540/540 539/539/539
f 507/507/507 541/541/541 540/540/540
f 508/508/508 542/542/542 541/541/541
f 509/509/509 543/543/543 542/542/542
f 510/510/510 544/544/544 543/543/543
f 511/511/511 545/545/545 544/544/544
f 512/512/512 546/546/546 545/545/545
f 513/513/513 547/547/547 546/546/546
f 514/514/514 548/548/548 547/547/547
f 515/515/515 549/549/549 548/548/548
f 516/516/516 550/550/550 549/549/549
f 517/517/517 551/551/551 550/550/550
f 518/518/518 552/552/552 551/551/551
f 519/519/519 553/553/553 552/552/552
f 520/520/520 554/554/554 553/553/553
f 521/521/521 555/555/555 554/554/554
f 522/522/522 556/556/556 555/555/555
f 523/523/523 557/557/557 556/556/556
f 524/524/524 558/558/558 557/557/557
f 525/525/525 559/559/559 558/558/558
f 526/526/526 560/560/560 559/559/559
f 527/527/527 561/561/561 560/560/560
f 562/562/562 563/563/563 588/588/588
f 563/563/563 564/564/564 589/589/589
f 564/564/564 565/565/565 590/590/590
f 565/565/565 566/566/566 591/591/591
f 566/566/566 567/567/567 592/592/592
f 567/567/567 568/568/568 593/593/593
f 568/568/568 569/569/569 594/594/594
f 569/569/569 570/570/570 595/595/595
f 570/570/570 571/571/571 596/596/596
f 571/571/571 572/572/572 597/597/597
f 572/572/572 573/573/573 598/598/598
f 573/573/573 574/574/574 599/599/599
f 574/574/574 575/575/575 600/600/600
f 575/575/575 576/576/576 601/601/601
f 576/576/576 577/577/577 602/602/602
f 577/577/577 578/578/578 603/603/603
f 578/578/578 579/579/579 604/604/604
f 579/579/579 580/580/580 605/605/605
f 580/580/580 581/581/581 606/606/606
f 581/581/581 582/582/582 607/607/607
f 582/582/582 583/583/583 608/608/608
f 583/583/583 584/584/584 609/609/609
f 584/584/584 585/585/585 610/610/610
f 585/585/585 586/586/586 611/611/611
f 587/587/587 588/588/588 613/613/613
f 588/588/588 589/589/589 614/614/614
f 589/589/589 590/590/590 615/615/615
f 590/590/590 591/591/591 616/616/616
f 591/591/591 592/592/592 617/617/617
f 592/592/592 593/593/593 618/618/618
f 593/593/593 594/594/594 619/619/619
f 594/594/594 595/595/595 620/620/620
f 595/595/595 596/596/596 621/621/621
f 596/596/596 597/597/597 622/622/622
f 597/597/597 598/598/598 623/623/623
f 598/598/598 599/599/599 624/624/624
f 599/599/599 600/600/600 625/625/625
f 600/600/600 601/601/601 626/626/626
f 601/601/601 602/602/602 627/627/627
f 602/602/602 603/603/603 628/628/628
f 603/603/603 604/604/604 629/629/629
f 604/604/604 605/605/605 630/630/630
f 605/605/605 606/606/606 631/631/631
f 606/606/606 607/607/607 632/632/632
f 607/607/607 608/608/608 633/633/633
f 608/608/608 609/609/609 634/634/634
f 609/609/609 610/610/610 635/635/635
f 610/610/610 611/611/611 636/636/636
f 612/612/612 613/613/613 638/638/638
f 613/613/613 614/614/614 639/639/639
f 614/614/614 615/615/615 640/640/640
f 615/615/615 616/616/616 641/641/641
f 616/616/616 617/617/617 642/642/642
f 617/617/617 618/618/618 643/643/643
f 618/618/618 619/619/619 644/644/644
f 619/619/619 620/620/620 645/645/645
f 620/620/620 621/621/621 646/646/646
f 621/621/621 622/622/622 647/647/647
f 622/622/622 623/623/623 648/648/648
f 623/623/623 624/624/624 649/649/649
f 624/624/624 625/625/625 650/650/650
f 625/625/625 626/626/626 651/651/651
f 626/626/626 627/627/627 652/652/652
f 627/627/627 628/628/628 653/653/653
f 628/628/628 629/629/629 654/654/654
f 629/629/629 630/630/630 655/655/655
f 630/630/630 631/631/631 656/656/656
f 631/631/631 632/632/632 657/657/657
f 632/632/632 633/633/633 658/658/658
f 633/633/633 634/634/634 659/659/659
f 634/634/634 635/635/635 660/660/660
f 635/635/635 636/636/636 661/661/661
f 637/637/637 638/638/638 663/663/663
f 638/638/638 639/639/639 664/664/664
f 639/639/639 640/640/640 665/665/665
f 640/640/640 641/641/641 666/666/666
f 641/641/641 642/642/642 667/667/667
f 642/642/642 643/643/643 668/668/668
f 643/643/643 644/644/644 669/669/669
f 644/644/644 645/645/645 670/670/670
f 645/645/645 646/646/646 671/671/671
f 646/646/646 647/647/647 672/672/672
f 647/647/647 648/648/648 673/673/673
f 648/648/648 649/649/649 674/674/674
f 649/649/649 650/650/650 675/675/675
f 650/650/650 651/651/651 676/676/676
f 651/651/651 652/652/652 677/677/677
f 652/652/652 653/653/653 678/678/678
f 653/653/653 654/654/654 679/679/679
f 654/654/654 655/655/655 680/680/680
f 655/655/655 656/656/656 681/681/681
f 656/656/656 657/657/657 682/682/682
f 657/657/657 658/658/658 683/683/683
f 658/658/658 659/659/659 684/684/684
f 659/659/659 660/660/660 685/685/685
f 660/660/660 661/661/661 686/686/686
f 562/562/562 588/588/588 587/587/587
f 563/563/563 589/589/589 588/588/588
f 564/564/564 590/590/590 589/589/589
f 565/565/565 591/591/591 590/590/590
f 566/566/566 592/592/592 591/591/591
f 567/567/567 593/593/593 592/592/592
f 568/568/568 594/594/594 593/593/593
f 569/569/569 595/595/595 594/594/594
f 570/570/570 596/596/596 595/595/595
f 571/571/571 597/597/597 596/596/596
f 572/572/572 598/598/598 597/597/597
f 573/573/573 599/599/599 598/598/598
f 574/574/574 600/600/600 599/599/599
f 575/575/575 601/601/601 600/600/600
f 576/576/576 602/602/602 601/601/601
f 577/577/577 603/603/603 602/602/602
f 578/578/578 604/604/604 603/603/603
f 579/579/579 605/605/605 604/604/604
f 580/580/580 606/606/606 605/605/605
f 581/581/581 607/607/607 606/606/606
f 582/582/582 608/608/608 607/607/607
f 583/583/583 609/609/609 608/608/608
f 584/584/584 610/610/610 609/609/609
f 585/585/585 611/611/611 610/610/610
f 587/587/587 613/613/613 612/612/612
f 588/588/588 614/614/614 613/613/613
f 589/589/589 615/615/615 614/614/614
f 590/590/590 616/616/616 615/615/615
f 591/591/591 617/617/617 616/616/616
f 592/592/592 618/618/618 617/617/617
f 593/593/593 619/619/619 618/618/618
f 594/594/594 620/620/620 619/619/619
f 595/595/595 621/621/621 620/620/620
f 596/596/596 622/622/622 621/621/621
f 597/597/597 623/623/623 622/622/622
f 598/598/598 624/624/624 623/623/623
f 599/599/599 625/625/625 624/624/624
f 600/600/600 626/626/626 625/625/625
f 601/601/601 627/627/627 626/626/626
f 602/602/602 628/628/628 627/627/627
f 603/603/603 629/629/629 628/628/628
f 604/604/604 630/630/630 629/629/629
f 605/605/605 631/631/631 630/630/630
f 606/606/606 632/632/632 631/631/631
f 607/607/607 633/633/633 632/632/632
f 608/608/608 634/634/634 633/633/633
f 609/609/609 635/635/635 634/634/634
f 610/610/610 636/636/636 635/635/635
f 612/612/612 638/638/638 637/637/637
f 613/613/613 639/639/639 638/638/638
f 614/614/614 640/640/640 639/639/639
f 615/615/615 641/641/641 640/640/640
f 616/616/616 642/642/642 641/641/641
f 617/617/617 643/643/643 642/642/642
f 618/618/618 644/644/644 643/643/643
f 619/619/619 645/645/645 644/644/644
f 620/620/620 646/646/646 645/645/645
f 621/621/621 647/647/647 646/646/646
f 622/622/622 648/648/648 647/647/647
f 623/623/623 649/649/649 648/648/648
f 624/624/624 650/650/650 649/649/649
f 625/625/625 651/651/651 650/650/650
f 626/626/626 652/652/652 651/651/651
f 627/627/627 653/653/653 652/652/652
f 628/628/628 654/654/654 653/653/653
f 629/629/629 655/655/655 654/654/654
f 630/630/630 656/656/656 655/655/655
f 631/631/631 657/657/657 656/656/656
f 632/632/632 658/658/658 657/657/657
f 633/633/633 659/659/659 658/658/658
f 634/634/634 660/660/660 659/659/659
f 635/635/635 661/661/661 660/660/660
f 637/637/637 663/663/663 662/662/662
f 638/638/638 664/664/664 663/663/663
f 639/639/639 665/665/665 664/664/664
f 640/640/640 666/666/666 665/665/665
f 641/641/641 667/667/667 666/666/666
f 642/642/642 668/668/668 667/667/667
f 643/643/643 669/669/669 668/668/668
f 644/644/644 670/670/670 669/669/669
f 645/645/645 671/671/671 670/670/670
f 646/646/646 672/672/672 671/671/671
f 647/647/647 673/673/673 672/672/672
f 648/648/648 674/674/674 673/673/673
f 649/649/649 675/675/675 674/674/674
f 650/650/650 676/676/676 675/675/675
f 651/651/651 677/677/677 676/676/676
f 652/652/652 678/678/678 677/677/677
f 653/653/653 679/679/679 678/678/678
f 654/654/654 680/680/680 679/679/679
f 655/655/655 681/681/681 680/680/680
f 656/656/656 682/682/682 681/681/681
f 657/657/657 683/683/683 682/682/682
f 658/658/658 684/684/684 683/683/683
f 659/659/659 685/685/685 684/684/684
f 660/660/660 686/686/686 685/685/685
f 687/687/687 689/689/689 688/688/688
f 687/687/687 690/690/690 689/689/689
f 687/687/687 691/691/691 690/690/690
f 687/687/687 692/692/692 691/691/691
f 687/687/687 693/693/693 692/692/692
f 687/687/687 694/694/694 693/693/693
f 687/687/687 695/695/695 694/694/694
f 687/687/687 696/696/696 695/695/695
f 687/687/687 697/697/697 696/696/696
f 687/687/687 698/698/698 697/697/697
f 687/687/687 699/699/699 698/698/698
f 687/687/687 700/700/700 699/699/699
f 687/687/687 701/701/701 700/700/700
f 687/687/687 702/702/702 701/701/701
f 687/687/687 703/703/703 702/702/702
f 687/687/687 704/704/704 703/703/703
f 687/687/687 705/705/705 704/704/704
f 687/687/687 706/706/706 705/705/705
f 687/687/687 707/707/707 706/706/706
f 687/687/687 708/708/708 707/707/707
f 687/687/687 709/709/709 708/708/708
f 687/687/687 710/710/710 709/709/709
f 687/687/687 711/711/711 710/710/710
f 687/687/687 712/712/712 711/711/711
f 713/713/713 714/714/714 715/715/715
f 713/713/713 715/715/715 716/716/716
f 713/713/713 716/716/716 717/717/717
f 713/713/713 717/717/717 718/718/718
f 713/713/713 718/718/718 719/719/719
f 713/713/713 719/719/719 720/720/720
f 713/713/713 720/720/720 721/721/721
f 713/713/713 721/721/721 722/722/722
f 713/713/713 722/722/722 723/723/723
f 713/713/713 723/723/723 724/724/724
f 713/713/713 724/724/724 725/725/725
f 713/713/713 725/725/725 726/726/726
f 713/713/713 726/726/726 727/727/727
f 713/713/713 727/727/727 728/728/728
f 713/713/713 728/728/728 729/729/729
f 713/713/713 729/729/729 730/730/730
f 713/713/713 730/730/730 731/731/731
f 713/713/713 731/731/731 732/732/732
f 713/713/713 732/732/732 733/733/733
f 713/713/713 733/733/733 734/734/734
f 713/713/713 734/734/734 735/735/735
f 713/713/713 735/735/735 736/736/736
f 713/713/713 736/736/736 737/737/737
f 713/713/713 737/737/737 738/738/738
f 739/739/739 740/740/740 773/773/773
f 740/740/740 741/741/741 774/774/774
f 741/741/741 742/742/742 775/775/775
f 742/742/742 743/743/743 776/776/776
f 743/743/743 744/744/744 777/777/777
f 744/744/744 745/745/745 778/778/778
f 745/745/745 746/746/746 779/779/779
f 746/746/746 747/747/747 780/780/780
f 747/747/747 748/748/748 781/781/781
f 748/748/748 749/749/749 782/782/782
f 749/749/749 750/750/750 783/783/783
f 750/750/750 751/751/751 784/784/784
f 751/751/751 752/752/752 785/785/785
f 752/752/752 753/753/753 786/786/786
f 753/753/753 754/754/754 787/787/787
f 754/754/754 755/755/755 788/788/788
f 755/755/755 756/756/756 789/789/789
f 756/756/756 757/757/757 790/790/790
f 757/757/757 758/758/758 791/791/791
f 758/758/758 759/759/759 792/792/792
f 759/759/759 760/760/760 793/793/793
f 760/760/760 761/761/761 794/794/794
f 761/761/761 762/762/762 795/795/795
f 762/762/762 763/763/763 796/796/796
f 763/763/763 764/764/764 797/797/797
f 764/764/764 765/765/765 798/798/798
f 765/765/765 766/766/766 799/799/799
f 766/766/766 767/767/767 800/800/800
f 767/767/767 768/768/768 801/801/801
f 768/768/768 769/769/769 802/802/802
f 769/769/769 770/770/770 803/803/803
f 770/770/770 771/771/771 804/804/804
f 772/772/772 773/773/773 806/806/806
f 773/773/773 774/774/774 807/807/807
f 774/774/774 775/775/775 808/808/808
f 775/775/775 776/776/776 809/809/809
f 776/776/776 777/777/777 810/810/810
f 777/777/777 778/778/778 811/811/811
f 778/778/778 779/779/779 812/812/812
f 779/779/779 780/780/780 813/813/813
f 780/780/780 781/781/781 814/814/814
f 781/781/781 782/782/782 815/815/815
f 782/782/782 783/783/783 816/816/816
f 783/783/783 784/784/784 817/817/817
f 784/784/784 785/785/785 818/818/818
f 785/785/785 786/786/786 819/819/819
f 786/786/786 787/787/787 820/820/820
f 787/787/787 788/788/788 821/821/821
f 788/788/788 789/789/789 822/822/822
f 789/789/789 790/790/790 823/823/823
f 790/790/790 791/791/791 824/824/824
f 791/791/791 792/792/792 825/825/825
f 792/792/792 793/793/793 826/826/826
f 793/793/793 794/794/794 827/827/827
f 794/794/794 795/795/795 828/828/828
f 795/795/795 796/796/796 829/829/829
f 796/796/796 797/797/797 830/830/830
f 797/797/797 798/798/798 831/831/831
f 798/798/798 799/799/799 832/832/832
f 799/799/799 800/800/800 833/833/833
f 800/800/800 801/801/801 834/834/834
f 801/801/801 802/802/802 835/835/835
f 802/802/802 803/803/803 836/836/836
f 803/803/803 804/804/804 837/837/837
f 805/805/805 806/806/806 839/839/839
f 806/806/806 807/807/807 840/840/840
f 807/807/807 808/808/808 841/841/841
f 808/808/808 809/809/809 842/842/842
f 809/809/809 810/810/810 843/843/843
f 810/810/810 811/811/811 844/844/844
f 811/811/811 812/812/812 845/845/845
f 812/812/812 813/813/813 846/846/846
f 813/813/813 814/814/814 847/847/847
f 814/814/814 815/815/815 848/848/848
f 815/815/815 816/816/816 849/849/849
f 816/816/816 817/817/817 850/850/850
f 817/817/817 818/818/818 851/851/851
f 818/818/818 819/819/819 852/852/852
f 819/819/819 820/820/820 853/853/853
f 820/820/820 821/821/821 854/854/854
f 821/821/821 822/822/822 855/855/855
f 822/822/822 823/823/823 856/856/856
f 823/823/823 824/824/824 857/857/857
f 824/824/824 825/825/825 858/858/858
f 825/825/825 826/826/826 859/859/859
f 826/826/826 827/827/827 860/860/860
f 827/827/827 828/828/828 861/861/861
f 828/828/828 829/829/829 862/862/862
f 829/829/829 830/830/830 863/863/863
f 830/830/830 831/831/831 864/864/864
f 831/831/831 832/832/832 865/865/865
f 832/832/832 833/833/833 866/866/866
f 833/833/833 834/834/834 867/867/867
f 834/834/834 835/835/835 868/868/868
f 835/835/835 836/836/836 869/869/869
f 836/836/836 837/837/837 870/870/870
f 838/838/838 839/839/839 872/872/872
f 839/839/839 840/840/840 873/873/873
f 840/840/840 841/841/841 874/874/874
f 841/841/841 842/842/842 875/875/875
f 842/842/842 843/843/843 876/876/876
f 843/843/843 844/844/844 877/877/877
f 844/844/844 845/845/845 878/878/878
f 845/845/845 846/846/846 879/879/879
f 846/846/846 847/847/847 880/880/880
f 847/847/847 848/848/848 881/881/881
f 848/848/848 849/849/849 882/882/882
f 849/849/849 850/850/850 883/883/883
f 850/850/850 851/851/851 884/884/884
f 851/851/851 852/852/852 885/885/885
f 852/852/852 853/853/853 886/886/886
f 853/853/853 854/854/854 887/887/887
f 854/854/854 855/855/855 888/888/888
f 855/855/855 856/856/856 889/889/889
f 856/856/856 857/857/857 890/890/890
f 857/857/857 858/858/858 891/891/891
f 858/858/858 859/859/859 892/892/892
f 859/859/859 860/860/860 893/893/893
f 860/860/860 861/861/861 894/894/894
f 861/861/861 862/862/862 895/895/895
f 862/862/862 863/863/863 896/896/896
f 863/863/863 864/864/864 897/897/897
f 864/864/864 865/865/865 898/898/898
f 865/865/865 866/866/866 899/899/899
f 866/866/866 867/867/867 900/900/900
f 867/867/867 868/868/868 901/901/901
f 868/868/868 869/869/869 902/902/902
f 869/869/869 870/870/870 903/903/903
f 871/871/871 872/872/872 905/905/905
f 872/872/872 873/873/873 906/906/906
f 873/873/873 874/874/874 907/907/907
f 874/874/874 875/875/875 908/908/908
f 875/875/875 876/876/876 909/909/909
f 876/876/876 877/877/877 910/910/910
f 877/877/877 878/878/878 911/911/911
f 878/878/878 879/879/879 912/912/912
f 879/879/879 880/880/880 913/913/913
f 880/880/880 881/881/881 914/914/914
f 881/881/881 882/882/882 915/915/915
f 882/882/882 883/883/883 916/916/916
f 883/883/883 884/884/884 917/917/917
f 884/884/884 885/885/885 918/918/918
f 885/885/885 886/886/886 919/919/919
f 886/886/886 887/887/887 920/920/920
f 887/887/887 888/888/888 921/921/921
f 888/888/888 889/889/889 922/922/922
f 889/889/889 890/890/890 923/923/923
f 890/890/890 891/891/891 924/924/924
f 891/891/891 892/892/892 925/925/925
f 892/892/892 893/893/893 926/926/926
f 893/893/893 894/894/894 927/927/927
f 894/894/894 895/895/895 928/928/928
f 895/895/895 896/896/896 929/929/929
f 896/896/896 897/897/897 930/930/930
f 897/897/897 898/898/898 931/931/931
f 898/898/898 899/899/899 932/932/932
f 899/899/899 900/900/900 933/933/933
f 900/900/900 901/901/901 934/934/934
f 901/901/901 902/902/902 935/935/935
f 902/902/902 903/903/903 936/936/936
f 904/904/904 905/905/905 938/938/938
f 905/905/905 906/906/906 939/939/939
f 906/906/906 907/907/907 940/940/940
f 907/907/907 908/908/908 941/941/941
f 908/908/908 909/909/909 942/942/942
f 909/909/909 910/910/910 943/943/943
f 910/910/910 911/911/911 944/944/944
f 911/911/911 912/912/912 945/945/945
f 912/912/912 913/913/913 946/946/946
f 913/913/913 914/914/914 947/947/947
f 914/914/914 915/915/915 948/948/948
f 915/915/915 916/916/916 949/949/949
f 916/916/916 917/917/917 950/950/950
f 917/917/917 918/918/918 951/951/951
f 918/918/918 919/919/919 952/952/952
f 919/919/919 920/920/920 953/953/953
f 920/920/920 921/921/921 954/954/954
f 921/921/921 922/922/922 955/955/955
f 922/922/922 923/923/923 956/956/956
f 923/923/923 924/924/924 957/957/957
f 924/924/924 925/925/925 958/958/958
f 925/925/925 926/926/926 959/959/959
f 926/926/926 927/927/927 960/960/960
f 927/927/927 928/928/928 961/961/961
f 928/928/928 929/929/929 962/962/962
f 929/929/929 930/930/930 963/963/963
f 930/930/930 931/931/931 964/964/964
f 931/931/931 932/932/932 965/965/965
f 932/932/932 933/933/933 966/966/966
f 933/933/933 934/934/934 967/967/967
f 934/934/934 935/935/935 968/968/968
f 935/935/935 936/936/936 969/969/969
f 937/937/937 938/938/938 971/971/971
f 938/938/938 939/939/939 972/972/972
f 939/939/939 940/940/940 973/973/973
f 940/940/940 941/941/941 974/974/974
f 941/941/941 942/942/942 975/975/975
f 942/942/942 943/943/943 976/976/976
f 943/943/943 944/944/944 977/977/977
f 944/944/944 945/945/945 978/978/978
f 945/945/945 946/946/946 979/979/979
f 946/946/946 947/947/947 980/980/980
f 947/947/947 948/948/948 981/981/981
f 948/948/948 949/949/949 982/982/982
f 949/949/949 950/950/950 983/983/983
f 950/950/950 951/951/951 984/984/984
f 951/951/951 952/952/952 985/985/985
f 952/952/952 953/953/953 986/986/986
f 953/953/953 954/954/954 987/987/987
f 954/954/954 955/955/955 988/988/988
f 955/955/955 956/956/956 989/989/989
f 956/956/956 957/957/957 990/990/990
f 957/957/957 958/958/958 991/991/991
f 958/958/958 959/959/959 992/992/992
f 959/959/959 960/960/960 993/993/993
f 960/960/960 961/961/961 994/994/994
f 961/961/961 962/962/962 995/995/995
f 962/962/962 963/963/963 996/996/996
f 963/963/963 964/964/964 997/997/997
f 964/964/964 965/965/965 998/998/998
f 965/965/965 966/966/966 999/999/999
f 966/966/966 967/967/967 1000/1000/1000
f 967/967/967 968/968/968 1001/1001/1001
f 968/968/968 969/969/969 1002/1002/1002
f 970/970/970 971/971/971 1004/1004/1004
f 971/971/971 972/972/972 1005/1005/1005
f 972/972/972 973/973/973 1006/1006/1006
f 973/973/973 974/974/974 1007/1007/1007
f 974/974/974 975/975/975 1008/1008/1008
f 975/975/975 976/976/976 1009/1009/1009
f 976/976/976 977/977/977 1010/1010/1010
f 977/977/977 978/978/978 1011/1011/1011
f 978/978/978 979/979/979 1012/1012/1012
f 979/979/979 980/980/980 1013/1013/1013
f 980/980/980 981/981/981 1014/1014/1014
f 981/981/981 982/982/982 1015/1015/1015
f 982/982/982 983/983/983 1016/1016/1016
f 983/983/983 984/984/984 1017/1017/1017
f 984/984/984 985/985/985 1018/1018/1018
f 985/985/985 986/986/986 1019/1019/1019
f 986/986/986 987/987/987 1020/1020/1020
f 987/987/987 988/988/988 1021/1021/1021
f 988/988/988 989/989/989 1022/1022/1022
f 989/989/989 990/990/990 1023/1023/1023
f 990/990/990 991/991/991 1024/1024/1024
f 991/991/991 992/992/992 1025/1025/1025
f 992/992/992 993/993/993 1026/1026/1026
f 993/993/993 994/994/994 1027/1027/1027
f 994/994/994 995/995/995 1028/1028/1028
f 995/995/995 996/996/996 1029/1029/1029
f 996/996/996 997/997/997 1030/1030/1030
f 997/997/997 998/998/998 1031/1031/1031
f 998/998/998 999/999/999 1032/1032/1032
f 999/999/999 1000/1000/1000 1033/1033/1033
f 1000/1000/1000 1001/1001/1001 1034/1034/1034
f 1001/1001/1001 1002/1002/1002 1035/1035/1035
f 1003/1003/1003 1004/1004/1004 1037/1037/1037
f 1004/1004/1004 1005/1005/1005 1038/1038/1038
f 1005/1005/1005 1006/1006/1006 1039/1039/1039
f 1006/1006/1006 1007/1007/1007 1040/1040/1040
f 1007/1007/1007 1008/1008/1008 1041/1041/1041
f 1008/1008/1008 1009/1009/1009 1042/1042/1042
f 1009/1009/1009 1010/1010/1010 1043/1043/1043
f 1010/1010/1010 1011/1011/1011 1044/1044/1044
f 1011/1011/1011 1012/1012/1012 1045/1045/1045
f 1012/1012/1012 1013/1013/1013 1046/1046/1046
f 1013/1013/1013 1014/1014/1014 1047/1047/1047
f 1014/1014/1014 1015/1015/1015 1048/1048/1048
f 1015/1015/1015 1016/1016/1016 1049/1049/1049
f 1016/1016/1016 1017/1017/1017 1050/1050/1050
f 1017/1017/1017 1018/1018/1018 1051/1051/1051
f 1018/1018/1018 1019/1019/1019 1052/1052/1052
f 1019/1019/1019 1020/1020/1020 1053/1053/1053
f 1020/1020/1020 1021/1021/1021 1054/1054/1054
f 1021/1021/1021 1022/1022/1022 1055/1055/1055
f 1022/1022/1022 1023/1023/1023 1056/1056/1056
f 1023/1023/1023 1024/1024/1024 1057/1057/1057
f 1024/1024/1024 1025/1025/1025 1058/1058/1058
f 1025/1025/1025 1026/1026/1026 1059/1059/1059
f 1026/1026/1026 1027/1027/1027 1060/1060/1060
f 1027/1027/1027 1028/1028/1028 1061/1061/1061
f 1028/1028/1028 1029/1029/1029 1062/1062/1062
f 1029/1029/1029 1030/1030/1030 1063/1063/1063
f 1030/1030/1030 1031/1031/1031 1064/1064/1064
f 1031/1031/1031 1032/1032/1032 1065/1065/1065
f 1032/1032/1032 1033/1033/1033 1066/1066/1066
f 1033/1033/1033 1034/1034/1034 1067/1067/1067
f 1034/1034/1034 1035/1035/1035 1068/1068/1068
f 1036/1036/1036 1037/1037/1037 1070/1070/1070
f 1037/1037/1037 1038/1038/1038 1071/1071/1071
f 1038/1038/1038 1039/1039/1039 1072/1072/1072
f 1039/1039/1039 1040/1040/1040 1073/1073/1073
f 1040/1040/1040 1041/1041/1041 1074/1074/1074
f 1041/1041/1041 1042/1042/1042 1075/1075/1075
f 1042/1042/1042 1043/1043/1043 1076/1076/1076
f 1043/1043/1043 1044/1044/1044 1077/1077/1077
f 1044/1044/1044 1045/1045/1045 1078/1078/1078
f 1045/1045/1045 1046/1046/1046 1079/1079/1079
f 1046/1046/1046 1047/1047/1047 1080/1080/1080
f 1047/1047/1047 1048/1048/1048 1081/1081/1081
f 1048/1048/1048 1049/1049/1049 1082/1082/1082
f 1049/1049/1049 1050/1050/1050 1083/1083/1083
f 1050/1050/1050 1051/1051/1051 1084/1084/1084
f 1051/1051/1051 1052/1052/1052 1085/1085/1085
f 1052/1052/1052 1053/1053/1053 1086/1086/1086
f 1053/1053/1053 1054/1054/1054 1087/1087/1087
f 1054/1054/1054 1055/1055/1055 1088/1088/1088
f 1055/1055/1055 1056/1056/1056 1089/1089/1089
f 1056/1056/1056 1057/1057/1057 1090/1090/1090
f 1057/1057/1057 1058/1058/1058 1091/1091/1091
f 1058/1058/1058 1059/1059/1059 1092/1092/1092
f 1059/1059/1059 1060/1060/1060 1093/1093/1093
f 1060/1060/1060 1061/1061/1061 1094/1094/1094
f 1061/1061/1061 1062/1062/1062 1095/1095/1095
f 1062/1062/1062 1063/1063/1063 1096/1096/1096
f 1063/1063/1063 1064/1064/1064 1097/1097/1097
f 1064/1064/1064 1065/1065/1065 1098/1098/1098
f 1065/1065/1065 1066/1066/1066 1099/1099/1099
f 1066/1066/1066 1067/1067/1067 1100/1100/1100
f 1067/1067/1067 1068/1068/1068 1101/1101/1101
f 1069/1069/1069 1070/1070/1070 1103/1103/1103
f 1070/1070/1070 1071/1071/1071 1104/1104/1104
f 1071/1071/1071 1072/1072/1072 1105/1105/1105
f 1072/1072/1072 1073/1073/1073 1106/1106/1106
f 1073/1073/1073 1074/1074/1074 1107/1107/1107
f 1074/1074/1074 1075/1075/1075 1108/1108/1108
f 1075/1075/1075 1076/1076/1076 1109/1109/1109
f 1076/1076/1076 1077/1077/1077 1110/1110/1110
f 1077/1077/1077 1078/1078/1078 1111/1111/1111
f 1078/1078/1078 1079/1079/1079 1112/1112/1112
f 1079/1079/1079 1080/1080/1080 1113/1113/1113
f 1080/1080/1080 1081/1081/1081 1114/1114/1114
f 1081/1081/1081 1082/1082/1082 1115/1115/1115
f 1082/1082/1082 1083/1083/1083 1116/1116/1116
f 1083/1083/1083 1084/1084/1084 1117/1117/1117
f 1084/1084/1084 1085/1085/1085 1118/1118/1118
f 1085/1085/1085 1086/1086/1086 1119/1119/1119
f 1086/1086/1086 1087/1087/1087 1120/1120/1120
f 1087/1087/1087 1088/1088/1088 1121/1121/1121
f 1088/1088/1088 1089/1089/1089 1122/1122/1122
f 1089/1089/1089 1090/1090/1090 1123/1123/1123
f 1090/1090/1090 1091/1091/1091 1124/1124/1124
f 1091/1091/1091 1092/1092/1092 1125/1125/1125
f 1092/1092/1092 1093/1093/1093 1126/1126/1126
f 1093/1093/1093 1094/1094/1094 1127/1127/1127
f 1094/1094/1094 1095/1095/1095 1128/1128/1128
f 1095/1095/1095 1096/1096/1096 1129/1129/1129
f 1096/1096/1096 1097/1097/1097 1130/1130/1130
f 1097/1097/1097 1098/1098/1098 1131/1131/1131
f 1098/1098/1098 1099/1099/1099 1132/1132/1132
f 1099/1099/1099 1100/1100/1100 1133/1133/1133
f 1100/1100/1100 1101/1101/1101 1134/1134/1134
f 1102/1102/1102 1103/1103/1103 1136/1136/1136
f 1103/1103/1103 1104/1104/1104 1137/1137/1137
f 1104/1104/1104 1105/1105/1105 1138/1138/1138
f 1105/1105/1105 1106/1106/1106 1139/1139/1139
f 1106/1106/1106 1107/1107/1107 1140/1140/1140
f 1107/1107/1107 1108/1108/1108 1141/1141/1141
f 1108/1108/1108 1109/1109/1109 1142/1142/1142
f 1109/1109/1109 1110/1110/1110 1143/1143/1143
f 1110/1110/1110 1111/1111/1111 1144/1144/1144
f 1111/1111/1111 1112/1112/1112 1145/1145/1145
f 1112/1112/1112 1113/1113/1113 1146/1146/1146
f 1113/1113/1113 1114/1114/1114 1147/1147/1147
f 1114/1114/1114 1115/1115/1115 1148/1148/1148
f 1115/1115/1115 1116/1116/1116 1149/1149/1149
f 1116/1116/1116 1117/1117/1117 1150/1150/1150
f 1117/1117/1117 1118/1118/1118 1151/1151/1151
f 1118/1118/1118 1119/1119/1119 1152/1152/1152
f 1119/1119/1119 1120/1120/1120 1153/1153/1153
f 1120/1120/1120 1121/1121/1121 1154/1154/1154
f 1121/1121/1121 1122/1122/1122 1155/1155/1155
f 1122/1122/1122 1123/1123/1123 1156/1156/1156
f 1123/1123/1123 1124/1124/1124 1157/1157/1157
f 1124/1124/1124 1125/1125/1125 1158/1158/1158
f 1125/1125/1125 1126/1126/1126 1159/1159/1159
f 1126/1126/1126 1127/1127/1127 1160/1160/1160
f 1127/1127/1127 1128/1128/1128 1161/1161/1161
f 1128/1128/1128 1129/1129/1129 1162/1162/1162
f 1129/1129/1129 1130/1130/1130 1163/1163/1163
f 1130/1130/1130 1131/1131/1131 1164/1164/1164
f 1131/1131/1131 1132/1132/1132 1165/1165/1165
f 1132/1132/1132 1133/1133/1133 1166/1166/1166
f 1133/1133/1133 1134/1134/1134 1167/1167/1167
f 1135/1135/1135 1136/1136/1136 1169/1169/1169
f 1136/1136/1136 1137/1137/1137 1170/1170/1170
f 1137/1137/1137 1138/1138/1138 1171/1171/1171
f 1138/1138/1138 1139/1139/1139 1172/1172/1172
f 1139/1139/1139 1140/1140/1140 1173/1173/1173
f 1140/1140/1140 1141/1141/1141 1174/1174/1174
f 1141/1141/1141 1142/1142/1142 1175/1175/1175
f 1142/1142/1142 1143/1143/1143 1176/1176/1176
f 1143/1143/1143 1144/1144/1144 1177/1177/1177
f 1144/1144/1144 1145/1145/1145 1178/1178/1178
f 1145/1145/1145 1146/1146/1146 1179/1179/1179
f 1146/1146/1146 1147/1147/1147 1180/1180/1180
f 1147/1147/1147 1148/1148/1148 1181/1181/1181
f 1148/1148/1148 1149/1149/1149 1182/1182/1182
f 1149/1149/1149 1150/1150/1150 1183/1183/1183
f 1150/1150/1150 1151/1151/1151 1184/1184/1184
f 1151/1151/1151 1152/1152/1152 1185/1185/1185
f 1152/1152/1152 1153/1153/1153 1186/1186/1186
f 1153/1153/1153 1154/1154/1154 1187/1187/1187
f 1154/1154/1154 1155/1155/1155 1188/1188/1188
f 1155/1155/1155 1156/1156/1156 1189/1189/1189
f 1156/1156/1156 1157/1157/1157 1190/1190/1190
f 1157/1157/1157 1158/1158/1158 1191/1191/1191
f 1158/1158/1158 1159/1159/1159 1192/1192/1192
f 1159/1159/1159 1160/1160/1160 1193/1193/1193
f 1160/1160/1160 1161/1161/1161 1194/1194/1194
f 1161/1161/1161 1162/1162/1162 1195/1195/1195
f 1162/1162/1162 1163/1163/1163 1196/1196/1196
f 1163/1163/1163 1164/1164/1164 1197/1197/1197
f 1164/1164/1164 1165/1165/1165 1198/1198/1198
f 1165/1165/1165 1166/1166/1166 1199/1199/1199
f 1166/1166/1166 1167/1167/1167 1200/1200/1200
f 1168/1168/1168 1169/1169/1169 1202/1202/1202
f 1169/1169/1169 1170/1170/1170 1203/1203/1203
f 1170/1170/1170 1171/1171/1171 1204/1204/1204
f 1171/1171/1171 1172/1172/1172 1205/1205/1205
f 1172/1172/1172 1173/1173/1173 1206/1206/1206
f 1173/1173/1173 1174/1174/1174 1207/1207/1207
f 1174/1174/1174 1175/1175/1175 1208/1208/1208
f 1175/1175/1175 1176/1176/1176 1209/1209/1209
f 1176/1176/1176 1177/1177/1177 1210/1210/1210
f 1177/1177/1177 1178/1178/1178 1211/1211/1211
f 1178/1178/1178 1179/1179/1179 1212/1212/1212
f 1179/1179/1179 1180/1180/1180 1213/1213/1213
f 1180/1180/1180 1181/1181/1181 1214/1214/1214
f 1181/1181/1181 1182/1182/1182 1215/1215/1215
f 1182/1182/1182 1183/1183/1183 1216/1216/1216
f 1183/1183/1183 1184/1184/1184 1217/1217/1217
f 1184/1184/1184 1185/1185/1185 1218/1218/1218
f 1185/1185/1185 1186/1186/1186 1219/1219/1219
f 1186/1186/1186 1187/1187/1187 1220/1220/1220
f 1187/1187/1187 1188/1188/1188 1221/1221/1221
f 1188/1188/1188 1189/1189/1189 1222/1222/1222
f 1189/1189/1189 1190/1190/1190 1223/1223/1223
f 1190/1190/1190 1191/1191/1191 1224/1224/1224
f 1191/1191/1191 1192/1192/1192 1225/1225/1225
f 1192/1192/1192 1193/1193/1193 1226/1226/1226
f 1193/1193/1193 1194/1194/1194 1227/1227/1227
f 1194/1194/1194 1195/1195/1195 1228/1228/1228
f 1195/1195/1195 1196/1196/1196 1229/1229/1229
f 1196/1196/1196 1197/1197/1197 1230/1230/1230
f 1197/1197/1197 1198/1198/1198 1231/1231/1231
f 1198/1198/1198 1199/1199/1199 1232/1232/1232
f 1199/1199/1199 1200/1200/1200 1233/1233/1233
f 1201/1201/1201 1202/1202/1202 1235/1235/1235
f 1202/1202/1202 1203/1203/1203 1236/1236/1236
f 1203/1203/1203 1204/1204/1204 1237/1237/1237
f 1204/1204/1204 1205/1205/1205 1238/1238/1238
f 1205/1205/1205 1206/1206/1206 1239/1239/1239
f 1206/1206/1206 1207/1207/1207 1240/1240/1240
f 1207/1207/1207 1208/1208/1208 1241/1241/1241
f 1208/1208/1208 1209/1209/1209 1242/1242/1242
f 1209/1209/1209 1210/1210/1210 1243/1243/1243
f 1210/1210/1210 1211/1211/1211 1244/1244/1244
f 1211/1211/1211 1212/1212/1212 1245/1245/1245
f 1212/1212/1212 1213/1213/1213 1246/1246/1246
f 1213/1213/1213 1214/1214/1214 1247/1247/1247
f 1214/1214/1214 1215/1215/1215 1248/1248/1248
f 1215/1215/1215 1216/1216/1216 1249/1249/1249
f 1216/1216/1216 1217/1217/1217 1250/1250/1250
f 1217/1217/1217 1218/1218/1218 1251/1251/1251
f 1218/1218/1218 1219/1219/1219 1252/1252/1252
f 1219/1219/1219 1220/1220/1220 1253/1253/1253
f 1220/1220/1220 1221/1221/1221 1254/1254/1254
f 1221/1221/1221 1222/1222/1222 1255/1255/1255
f 1222/1222/1222 1223/1223/1223 1256/1256/1256
f 1223/1223/1223 1224/1224/1224 1257/1257/1257
f 1224/1224/1224 1225/1225/1225 1258/1258/1258
f 1225/1225/1225 1226/1226/1226 1259/1259/1259
f 1226/1226/1226 1227/1227/1227 1260/1260/1260
f 1227/1227/1227 1228/1228/1228 1261/1261/1261
f 1228/1228/1228 1229/1229/1229 1262/1262/1262
f 1229/1229/1229 1230/1230/1230 1263/1263/1263
f 1230/1230/1230 1231/1231/1231 1264/1264/1264
f 1231/1231/1231 1232/1232/1232 1265/1265/1265
f 1232/1232/1232 1233/1233/1233 1266/1266/1266
f 1234/1234/1234 1235/1235/1235 1268/1268/1268
f 1235/1235/1235 1236/1236/1236 1269/1269/1269
f 1236/1236/1236 1237/1237/1237 1270/1270/1270
f 1237/1237/1237 1238/1238/1238 1271/1271/1271
f 1238/1238/1238 1239/1239/1239 1272/1272/1272
f 1239/1239/1239 1240/1240/1240 1273/1273/1273
f 1240/1240/1240 1241/1241/1241 1274/1274/1274
f 1241/1241/1241 1242/1242/1242 1275/1275/1275
f 1242/1242/1242 1243/1243/1243 1276/1276/1276
f 1243/1243/1243 1244/1244/1244 1277/1277/1277
f 1244/1244/1244 1245/1245/1245 1278/1278/1278
f 1245/1245/1245 1246/1246/1246 1279/1279/1279
f 1246/1246/1246 1247/1247/1247 1280/1280/1280
f 1247/1247/1247 1248/1248/1248 1281/1281/1281
f 1248/1248/1248 1249/1249/1249 1282/1282/1282
f 1249/1249/1249 1250/1250/1250 1283/1283/1283
f 1250/1250/1250 1251/1251/1251 1284/1284/1284
f 1251/1251/1251 1252/1252/1252 1285/1285/1285
f 1252/1252/1252 1253/1253/1253 1286/1286/1286
f 1253/1253/1253 1254/1254/1254 1287/1287/1287
f 1254/1254/1254 1255/1255/1255 1288/1288/1288
f 1255/1255/1255 1256/1256/1256 1289/1289/1289
f 1256/1256/1256 1257/1257/1257 1290/1290/1290
f 1257/1257/1257 1258/1258/1258 1291/1291/1291
f 1258/1258/1258 1259/1259/1259 1292/1292/1292
f 1259/1259/1259 1260/1260/1260 1293/1293/1293
f 1260/1260/1260 1261/1261/1261 1294/1294/1294
f 1261/1261/1261 1262/1262/1262 1295/1295/1295
f 1262/1262/1262 1263/1263/1263 1296/1296/1296
f 1263/1263/1263 1264/1264/1264 1297/1297/1297
f 1264/1264/1264 1265/1265/1265 1298/1298/1298
f 1265/1265/1265 1266/1266/1266 1299/1299/1299
f 739/739/739 773/773/773 772/772/772
f 740/740/740 774/774/774 773/773/773
f 741/741/741 775/775/775 774/774/774
f 742/742/742 776/776/776 775/775/775
f 743/743/743 777/777/777 776/776/776
f 744/744/744 778/778/778 777/777/777
f 745/745/745 779/779/779 778/778/778
f 746/746/746 780/780/780 779/779/779
f 747/747/747 781/781/781 780/780/780
f 748/748/748 782/782/782 781/781/781
f 749/749/749 783/783/783 782/782/782
f 750/750/750 784/784/784 783/783/783
f 751/751/751 785/785/785 784/784/784
f 752/752/752 786/786/786 785/785/785
f 753/753/753 787/787/787 786/786/786
f 754/754/754 788/788/788 787/787/787
f 755/755/755 789/789/789 788/788/788
f 756/756/756 790/790/790 789/789/789
f 757/757/757 791/791/791 790/790/790
f 758/758/758 792/792/792 791/791/791
f 759/759/759 793/793/793 792/792/792
f 760/760/760 794/794/794 793/793/793
f 761/761/761 795/795/795 794/794/794
f 762/762/762 796/796/796 795/795/795
f 763/763/763 797/797/797 796/796/796
f 764/764/764 798/798/798 797/797/797
f 765/765/765 799/799/799 798/798/798
f 766/766/766 800/800/800 799/799/799
f 767/767/767 801/801/801 800/800/800
f 768/768/768 802/802/802 801/801/801
f 769/769/769 803/803/803 802/802/802
f 770/770/770 804/804/804 803/803/803
f 772/772/772 806/806/806 805/805/805
f 773/773/773 807/807/807 806/806/806
f 774/774/774 808/808/808 807/807/807
f 775/775/775 809/809/809 808/808/808
f 776/776/776 810/810/810 809/809/809
f 777/777/777 811/811/811 810/810/810
f 778/778/778 812/812/812 811/811/811
f 779/779/779 813/813/813 812/812/812
f 780/780/780 814/814/814 813/813/813
f 781/781/781 815/815/815 814/814/814
f 782/782/782 816/816/816 815/815/815
f 783/783/783 817/817/817 816/816/816
f 784/784/784 818/818/818 817/817/817
f 785/785/785 819/819/819 818/818/818
f 786/786/786 820/820/820 819/819/819
f 787/787/787 821/821/821 820/820/820
f 788/788/788 822/822/822 821/821/821
f 789/789/789 823/823/823 822/822/822
f 790/790/790 824/824/824 823/823/823
f 791/791/791 825/825/825 824/824/824
f 792/792/792 826/826/826 825/825/825
f 793/793/793 827/827/827 826/826/826
f 794/794/794 828/828/828 827/827/827
f 795/795/795 829/829/829 828/828/828
f 796/796/796 830/830/830 829/829/829
f 797/797/797 831/831/831 830/830/830
f 798/798/798 832/832/832 831/831/831
f 799/799/799 833/833/833 832/832/832
f 800/800/800 834/834/834 833/833/833
f 801/801/801 835/835/835 834/834/834
f 802/802/802 836/836/836 835/835/835
f 803/803/803 837/837/837 836/836/836
f 805/805/805 839/839/839 838/838/838
f 806/806/806 840/840/840 839/839/839
f 807/807/807 841/841/841 840/840/840
f 808/808/808 842/842/842 841/841/841
f 809/809/809 843/843/843 842/842/842
f 810/810/810 844/844/844 843/843/843
f 811/811/811 845/845/845 844/844/844
f 812/812/812 846/846/846 845/845/845
f 813/813/813 847/847/847 846/846/846
f 814/814/814 848/848/848 847/847/847
f 815/815/815 849/849/849 848/848/848
f 816/816/816 850/850/850 849/849/849
f 817/817/817 851/851/851 850/850/850
f 818/818/818 852/852/852 851/851/851
f 819/819/819 853/853/853 852/852/852
f 820/820/820 854/854/854 853/853/853
f 821/821/821 855/855/855 854/854/854
f 822/822/822 856/856/856 855/855/855
f 823/823/823 857/857/857 856/856/856
f 824/824/824 858/858/858 857/857/857
f 825/825/825 859/859/859 858/858/858
f 826/826/826 860/860/860 859/859/859
f 827/827/827 861/861/861 860/860/860
f 828/828/828 862/862/862 861/861/861
f 829/829/829 863/863/863 862/862/862
f 830/830/830 864/864/864 863/863/863
f 831/831/831 865/865/865 864/864/864
f 832/832/832 866/866/866 865/865/865
f 833/833/833 867/867/867 866/866/866
f 834/834/834 868/868/868 867/867/867
f 835/835/835 869/869/869 868/868/868
f 836/836/836 870/870/870 869/869/869
f 838/838/838 872/872/872 871/871/871
f 839/839/839 873/873/873 872/872/872
f 840/840/840 874/874/874 873/873/873
f 841/841/841 875/875/875 874/874/874
f 842/842/842 876/876/876 875/875/875
f 843/843/843 877/877/877 876/876/876
f 844/844/844 878/878/878 877/877/877
f 845/845/845 879/879/879 878/878/878
f 846/846/846 880/880/880 879/879/879
f 847/847/847 881/881/881 880/880/880
f 848/848/848 882/882/882 881/881/881
f 849/849/849 883/883/883 882/882/882
f 850/850/850 884/884/884 883/883/883
f 851/851/851 885/885/885 884/884/884
f 852/852/852 886/886/886 885/885/885
f 853/853/853 887/887/887 886/886/886
f 854/854/854 888/888/888 887/887/887
f 855/855/855 889/889/889 888/888/888
f 856/856/856 890/890/890 889/889/889
f 857/857/857 891/891/891 890/890/890
f 858/858/858 892/892/892 891/891/891
f 859/859/859 893/893/893 892/892/892
f 860/860/860 894/894/894 893/893/893
f 861/861/861 895/895/895 894/894/894
f 862/862/862 896/896/896 895/895/895
f 863/863/863 897/897/897 896/896/896
f 864/864/864 898/898/898 897/897/897
f 865/865/865 899/899/899 898/898/898
f 866/866/866 900/900/900 899/899/899
f 867/867/867 901/901/901 900/900/900
f 868/868/868 902/902/902 901/901/901
f 869/869/869 903/903/903 902/902/902
f 871/871/871 905/905/905 904/904/904
f 872/872/872 906/906/906 905/905/905
f 873/873/873 907/907/907 906/906/906
f 874/874/874 908/908/908 907/907/907
f 875/875/875 909/909/909 908/908/908
f 876/876/876 910/910/910 909/909/909
f 877/877/877 911/911/911 910/910/910
f 878/878/878 912/912/912 911/911/911
f 879/879/879 913/913/913 912/912/912
f 880/880/880 914/914/914 913/913/913
f 881/881/881 915/915/915 914/914/914
f 882/882/882 916/916/916 915/915/915
f 883/883/883 917/917/917 916/916/916
f 884/884/884 918/918/918 917/917/917
f 885/885/885 919/919/919 918/918/918
f 886/886/886 920/920/920 919/919/919
f 887/887/887 921/921/921 920/920/920
f 888/888/888 922/922/922 921/921/921
f 889/889/889 923/923/923 922/922/922
f 890/890/890 924/924/924 923/923/923
f 891/891/891 925/925/925 924/924/924
f 892/892/892 926/926/926 925/925/925
f 893/893/893 927/927/927 926/926/926
f 894/894/894 928/928/928 927/927/927
f 895/895/895 929/929/929 928/928/928
f 896/896/896 930/930/930 929/929/929
f 897/897/897 931/931/931 930/930/930
f 898/898/898 932/932/932 931/931/931
f 899/899/899 933/933/933 932/932/932
f 900/900/900 934/934/934 933/933/933
f 901/901/901 935/935/935 934/934/934
f 902/902/902 936/936/936 935/935/935
f 904/904/904 938/938/938 937/937/937
f 905/905/905 939/939/939 938/938/938
f 906/906/906 940/940/940 939/939/939
f 907/907/907 941/941/941 940/940/940
f 908/908/908 942/942/942 941/941/941
f 909/909/909 943/943/943 942/942/942
f 910/910/910 944/944/944 943/943/943
f 911/911/911 945/945/945 944/944/944
f 912/912/912 946/946/946 945/945/945
f 913/913/913 947/947/947 946/946/946
f 914/914/914 948/948/948 947/947/947
f 915/915/915 949/949/949 948/948/948
f 916/916/916 950/950/950 949/949/949
f 917/917/917 951/951/951 950/950/950
f 918/918/918 952/952/952 951/951/951
f 919/919/919 953/953/953 952/952/952
f 920/920/920 954/954/954 953/953/953
f 921/921/921 955/955/955 954/954/954
f 922/922/922 956/956/956 955/955/955
f 923/923/923 957/957/957 956/956/956
f 924/924/924 958/958/958 957/957/957
f 925/925/925 959/959/959 958/958/958
f 926/926/926 960/960/960 959/959/959
f 927/927/927 961/961/961 960/960/960
f 928/928/928 962/962/962 961/961/961
f 929/929/929 963/963/963 962/962/962
f 930/930/930 964/964/964 963/963/963
f 931/931/931 965/965/965 964/964/964
f 932/932/932 966/966/966 965/965/965
f 933/933/933 967/967/967 966/966/966
f 934/934/934 968/968/968 967/967/967
f 935/935/935 969/969/969 968/968/968
f 937/937/937 971/971/971 970/970/970
f 938/938/938 972/972/972 971/971/971
f 939/939/939 973/973/973 972/972/972
f 940/940/940 974/974/974 973/973/973
f 941/941/941 975/975/975 974/974/974
f 942/942/942 976/976/976 975/975/975
f 943/943/943 977/977/977 976/976/976
f 944/944/944 978/978/978 977/977/977
f 945/945/945 979/979/979 978/978/978
f 946/946/946 980/980/980 979/979/979
f 947/947/947 981/981/981 980/980/980
f 948/948/948 982/982/982 981/981/981
f 949/949/949 983/983/983 982/982/982
f 950/950/950 984/984/984 983/983/983
f 951/951/951 985/985/985 984/984/984
f 952/952/952 986/986/986 985/985/985
f 953/953/953 987/987/987 986/986/986
f 954/954/954 988/988/988 987/987/987
f 955/955/955 989/989/989 988/988/988
f 956/956/956 990/990/990 989/989/989
f 957/957/957 991/991/991 990/990/990
f 958/958/958 992/992/992 991/991/991
f 959/959/959 993/993/993 992/992/992
f 960/960/960 994/994/994 993/993/993
f 961/961/961 995/995/995 994/994/994
f 962/962/962 996/996/996 995/995/995
f 963/963/963 997/997/997 996/996/996
f 964/964/964 998/998/998 997/997/997
f 965/965/965 999/999/999 998/998/998
f 966/966/966 1000/1000/1000 999/999/999
f 967/967/967 1001/1001/1001 1000/1000/1000
f 968/968/968 1002/1002/1002 1001/1001/1001
f 970/970/970 1004/1004/1004 1003/1003/1003
f 971/971/971 1005/1005/1005 1004/1004/1004
f 972/972/972 1006/1006/1006 1005/1005/1005
f 973/973/973 1007/1007/1007 1006/1006/1006
f 974/974/974 1008/1008/1008 1007/1007/1007
f 975/975/975 1009/1009/1009 1008/1008/1008
f 976/976/976 1010/1010/1010 1009/1009/1009
f 977/977/977 1011/1011/1011 1010/1010/1010
f 978/978/978 1012/1012/1012 1011/1011/1011
f 979/979/979 1013/1013/1013 1012/1012/1012
f 980/980/980 1014/1014/1014 1013/1013/1013
f 981/981/981 1015/1015/1015 1014/1014/1014
f 982/982/982 1016/1016/1016 1015/1015/1015
f 983/983/983 1017/1017/1017 1016/1016/1016
f 984/984/984 1018/1018/1018 1017/1017/1017
f 985/985/985 1019/1019/1019 1018/1018/1018
f 986/986/986 1020/1020/1020 1019/1019/1019
f 987/987/987 1021/1021/1021 1020/1020/1020
f 988/988/988 1022/1022/1022 1021/1021/1021
f 989/989/989 1023/1023/1023 1022/1022/1022
f 990/990/990 1024/1024/1024 1023/1023/1023
f 991/991/991 1025/1025/1025 1024/1024/1024
f 992/992/992 1026/1026/1026 1025/1025/1025
f 993/993/993 1027/1027/1027 1026/1026/1026
f 994/994/994 1028/1028/1028 1027/1027/1027
f 995/995/995 1029/1029/1029 1028/1028/1028
f 996/996/996 1030/1030/1030 1029/1029/1029
f 997/997/997 1031/1031/1031 1030/1030/1030
f 998/998/998 1032/1032/1032 1031/1031/1031
f 999/999/999 1033/1033/1033 1032/1032/1032
f 1000/1000/1000 1034/1034/1034 1033/1033/1033
f 1001/1001/1001 1035/1035/1035 1034/1034/1034
f 1003/1003/1003 1037/1037/1037 1036/1036/1036
f 1004/1004/1004 1038/1038/1038 1037/1037/1037
f 1005/1005/1005 1039/1039/1039 1038/1038/1038
f 1006/1006/1006 1040/1040/1040 1039/1039/1039
f 1007/1007/1007 1041/1041/1041 1040/1040/1040
f 1008/1008/1008 1042/1042/1042 1041/1041/1041
f 1009/1009/1009 1043/1043/1043 1042/1042/1042
f 1010/1010/1010 1044/1044/1044 1043/1043/1043
f 1011/1011/1011 1045/1045/1045 1044/1044/1044
f 1012/1012/1012 1046/1046/1046 1045/1045/1045
f 1013/1013/1013 1047/1047/1047 1046/1046/1046
f 1014/1014/1014 1048/1048/1048 1047/1047/1047
f 1015/1015/1015 1049/1049/1049 1048/1048/1048
f 1016/1016/1016 1050/1050/1050 1049/1049/1049
f 1017/1017/1017 1051/1051/1051 1050/1050/1050
f 1018/1018/1018 1052/1052/1052 1051/1051/1051
f 1019/1019/1019 1053/1053/1053 1052/1052/1052
f 1020/1020/1020 1054/1054/1054 1053/1053/1053
f 1021/1021/1021 1055/1055/1055 1054/1054/1054
f 1022/1022/1022 1056/1056/1056 1055/1055/1055
f 1023/1023/1023 1057/1057/1057 1056/1056/1056
f 1024/1024/1024 1058/1058/1058 1057/1057/1057
f 1025/1025/1025 1059/1059/1059 1058/1058/1058
f 1026/1026/1026 1060/1060/1060 1059/1059/1059
f 1027/1027/1027 1061/1061/1061 1060/1060/1060
f 1028/1028/1028 1062/1062/1062 1061/1061/1061
f 1029/1029/1029 1063/1063/1063 1062/1062/1062
f 1030/1030/1030 1064/1064/1064 1063/1063/1063
f 1031/1031/1031 1065/1065/1065 1064/1064/1064
f 1032/1032/1032 1066/1066/1066 1065/1065/1065
f 1033/1033/1033 1067/1067/1067 1066/1066/1066
f 1034/1034/1034 1068/1068/1068 1067/1067/1067
f 1036/1036/1036 1070/1070/1070 1069/1069/1069
f 1037/1037/1037 1071/1071/1071 1070/1070/1070
f 1038/1038/1038 1072/1072/1072 1071/1071/1071
f 1039/1039/1039 1073/1073/1073 1072/1072/1072
f 1040/1040/1040 1074/1074/1074 1073/1073/1073
f 1041/1041/1041 1075/1075/1075 1074/1074/1074
f 1042/1042/1042 1076/1076/1076 1075/1075/1075
f 1043/1043/1043 1077/1077/1077 1076/1076/1076
f 1044/1044/1044 1078/1078/1078 1077/1077/1077
f 1045/1045/1045 1079/1079/1079 1078/1078/1078
f 1046/1046/1046 1080/1080/1080 1079/1079/1079
f 1047/1047/1047 1081/1081/1081 1080/1080/1080
f 1048/1048/1048 1082/1082/1082 1081/1081/1081
f 1049/1049/1049 1083/1083/1083 1082/1082/1082
f 1050/1050/1050 1084/1084/1084 1083/1083/1083
f 1051/1051/1051 1085/1085/1085 1084/1084/1084
f 1052/1052/1052 1086/1086/1086 1085/1085/1085
f 1053/1053/1053 1087/1087/1087 1086/1086/1086
f 1054/1054/1054 1088/1088/1088 1087/1087/1087
f 1055/1055/1055 1089/1089/1089 1088/1088/1088
f 1056/1056/1056 1090/1090/1090 1089/1089/1089
f 1057/1057/1057 1091/1091/1091 1090/1090/1090
f 1058/1058/1058 1092/1092/1092 1091/1091/1091
f 1059/1059/1059 1093/1093/1093 1092/1092/1092
f 1060/1060/1060 1094/1094/1094 1093/1093/1093
f 1061/1061/1061 1095/1095/1095 1094/1094/1094
f 1062/1062/1062 1096/1096/1096 1095/1095/1095
f 1063/1063/1063 1097/1097/1097 1096/1096/1096
f 1064/1064/1064 1098/1098/1098 1097/1097/1097
f 1065/1065/1065 1099/1099/1099 1098/1098/1098
f 1066/1066/1066 1100/1100/1100 1099/1099/1099
f 1067/1067/1067 1101/1101/1101 1100/1100/1100
f 1069/1069/1069 1103/1103/1103 1102/1102/1102
f 1070/1070/1070 1104/1104/1104 1103/1103/1103
f 1071/1071/1071 1105/1105/1105 1104/1104/1104
f 1072/1072/1072 1106/1106/1106 1105/1105/1105
f 1073/1073/1073 1107/1107/1107 1106/1106/1106
f 1074/1074/1074 1108/1108/1108 1107/1107/1107
f 1075/1075/1075 1109/1109/1109 1108/1108/1108
f 1076/1076/1076 1110/1110/1110 1109/1109/1109
f 1077/1077/1077 1111/1111/1111 1110/1110/1110
f 1078/1078/1078 1112/1112/1112 1111/1111/1111
f 1079/1079/1079 1113/1113/1113 1112/1112/1112
f 1080/1080/1080 1114/1114/1114 1113/1113/1113
f 1081/1081/1081 1115/1115/1115 1114/1114/1114
f 1082/1082/1082 1116/1116/1116 1115/1115/1115
f 1083/1083/1083 1117/1117/1117 1116/1116/1116
f 1084/1084/1084 1118/1118/1118 1117/1117/1117
f 1085/1085/1085 1119/1119/1119 1118/1118/1118
f 1086/1086/1086 1120/1120/1120 1119/1119/1119
f 1087/1087/1087 1121/1121/1121 1120/1120/1120
f 1088/1088/1088 1122/1122/1122 1121/1121/1121
f 1089/1089/1089 1123/1123/1123 1122/1122/1122
f 1090/1090/1090 1124/1124/1124 1123/1123/1123
f 1091/1091/1091 1125/1125/1125 1124/1124/1124
f 1092/1092/1092 1126/1126/1126 1125/1125/1125
f 1093/1093/1093 1127/1127/1127 1126/1126/1126
f 1094/1094/1094 1128/1128/1128 1127/1127/1127
f 1095/1095/1095 1129/1129/1129 1128/1128/1128
f 1096/1096/1096 1130/1130/1130 1129/1129/1129
f 1097/1097/1097 1131/1131/1131 1130/1130/1130
f 1098/1098/1098 1132/1132/1132 1131/1131/1131
f 1099/1099/1099 1133/1133/1133 1132/1132/1132
f 1100/1100/1100 1134/1134/1134 1133/1133/1133
f 1102/1102/1102 1136/1136/1136 1135/1135/1135
f 1103/1103/1103 1137/1137/1137 1136/1136/1136
f 1104/1104/1104 1138/1138/1138 1137/1137/1137
f 1105/1105/1105 1139/1139/1139 1138/1138/1138
f 1106/1106/1106 1140/1140/1140 1139/1139/1139
f 1107/1107/1107 1141/1141/1141 1140/1140/1140
f 1108/1108/1108 1142/1142/1142 1141/1141/1141
f 1109/1109/1109 1143/1143/1143 1142/1142/1142
f 1110/1110/1110 1144/1144/1144 1143/1143/1143
f 1111/1111/1111 1145/1145/1145 1144/1144/1144
f 1112/1112/1112 1146/1146/1146 1145/1145/1145
f 1113/1113/1113 1147/1147/1147 1146/1146/1146
f 1114/1114/1114 1148/1148/1148 1147/1147/1147
f 1115/1115/1115 1149/1149/1149 1148/1148/1148
f 1116/1116/1116 1150/1150/1150 1149/1149/1149
f 1117/1117/1117 1151/1151/1151 1150/1150/1150
f 1118/1118/1118 1152/1152/1152 1151/1151/1151
f 1119/1119/1119 1153/1153/1153 1152/1152/1152
f 1120/1120/1120 1154/1154/1154 1153/1153/1153
f 1121/1121/1121 1155/1155/1155 1154/1154/1154
f 1122/1122/1122 1156/1156/1156 1155/1155/1155
f 1123/1123/1123 1157/1157/1157 1156/1156/1156
f 1124/1124/1124 1158/1158/1158 1157/1157/1157
f 1125/1125/1125 1159/1159/1159 1158/1158/1158
f 1126/1126/1126 1160/1160/1160 1159/1159/1159
f 1127/1127/1127 1161/1161/1161 1160/1160/1160
f 1128/1128/1128 1162/1162/1162 1161/1161/1161
f 1129/1129/1129 1163/1163/1163 1162/1162/1162
f 1130/1130/1130 1164/1164/1164 1163/1163/1163
f 1131/1131/1131 1165/1165/1165 1164/1164/1164
f 1132/1132/1132 1166/1166/1166 1165/1165/1165
f 1133/1133/1133 1167/1167/1167 1166/1166/1166
f 1135/1135/1135 1169/1169/1169 1168/1168/1168
f 1136/1136/1136 1170/1170/1170 1169/1169/1169
f 1137/1137/1137 1171/1171/1171 1170/1170/1170
f 1138/1138/1138 1172/1172/1172 1171/1171/1171
f 1139/1139/1139 1173/1173/1173 1172/1172/1172
f 1140/1140/1140 1174/1174/1174 1173/1173/1173
f 1141/1141/1141 1175/1175/1175 1174/1174/1174
f 1142/1142/1142 1176/1176/1176 1175/1175/1175
f 1143/1143/1143 1177/1177/1177 1176/1176/1176
f 1144/1144/1144 1178/1178/1178 1177/1177/1177
f 1145/1145/1145 1179/1179/1179 1178/1178/1178
f 1146/1146/1146 1180/1180/1180 1179/1179/1179
f 1147/1147/1147 1181/1181/1181 1180/1180/1180
f 1148/1148/1148 1182/1182/1182 1181/1181/1181
f 1149/1149/1149 1183/1183/1183 1182/1182/1182
f 1150/1150/1150 1184/1184/1184 1183/1183/1183
f 1151/1151/1151 1185/1185/1185 1184/1184/1184
f 1152/1152/1152 1186/1186/1186 1185/1185/1185
f 1153/1153/1153 1187/1187/1187 1186/1186/1186
f 1154/1154/1154 1188/1188/1188 1187/1187/1187
f 1155/1155/1155 1189/1189/1189 1188/1188/1188
f 1156/1156/1156 1190/1190/1190 1189/1189/1189
f 1157/1157/1157 1191/1191/1191 1190/1190/1190
f 1158/1158/1158 1192/1192/1192 1191/1191/1191
f 1159/1159/1159 1193/1193/1193 1192/1192/1192
f 1160/1160/1160 1194/1194/1194 1193/1193/1193
f 1161/1161/1161 1195/1195/1195 1194/1194/1194
f 1162/1162/1162 1196/1196/1196 1195/1195/1195
f 1163/1163/1163 1197/1197/1197 1196/1196/1196
f 1164/1164/1164 1198/1198/1198 1197/1197/1197
f 1165/1165/1165 1199/1199/1199 1198/1198/1198
f 1166/1166/1166 1200/1200/1200 1199/1199/1199
f 1168/1168/1168 1202/1202/1202 1201/1201/1201
f 1169/1169/1169 1203/1203/1203 1202/1202/1202
f 1170/1170/1170 1204/1204/1204 1203/1203/1203
f 1171/1171/1171 1205/1205/1205 1204/1204/1204
f 1172/1172/1172 1206/1206/1206 1205/1205/1205
f 1173/1173/1173 1207/1207/1207 1206/1206/1206
f 1174/1174/1174 1208/1208/1208 1207/1207/1207
f 1175/1175/1175 1209/1209/1209 1208/1208/1208
f 1176/1176/1176 1210/1210/1210 1209/1209/1209
f 1177/1177/1177 1211/1211/1211 1210/1210/1210
f 1178/1178/1178 1212/1212/1212 1211/1211/1211
f 1179/1179/1179 1213/1213/1213 1212/1212/1212
f 1180/1180/1180 1214/1214/1214 1213/1213/1213
f 1181/1181/1181 1215/1215/1215 1214/1214/1214
f 1182/1182/1182 1216/1216/1216 1215/1215/1215
f 1183/1183/1183 1217/1217/1217 1216/1216/1216
f 1184/1184/1184 1218/1218/1218 1217/1217/1217
f 1185/1185/1185 1219/1219/1219 1218/1218/1218
f 1186/1186/1186 1220/1220/1220 1219/1219/1219
f 1187/1187/1187 1221/1221/1221 1220/1220/1220
f 1188/1188/1188 1222/1222/1222 1221/1221/1221
f 1189/1189/1189 1223/1223/1223 1222/1222/1222
f 1190/1190/1190 1224/1224/1224 1223/1223/1223
f 1191/1191/1191 1225/1225/1225 1224/1224/1224
f 1192/1192/1192 1226/1226/1226 1225/1225/1225
f 1193/1193/1193 1227/1227/1227 1226/1226/1226
f 1194/1194/1194 1228/1228/1228 1227/1227/1227
f 1195/1195/1195 1229/1229/1229 1228/1228/1228
f 1196/1196/1196 1230/1230/1230 1229/1229/1229
f 1197/1197/1197 1231/1231/1231 1230/1230/1230
f 1198/1198/1198 1232/1232/1232 1231/1231/1231
f 1199/1199/1199 1233/1233/1233 1232/1232/1232
f 1201/1201/1201 1235/1235/1235 1234/1234/1234
f 1202/1202/1202 1236/1236/1236 1235/1235/1235
f 1203/1203/1203 1237/1237/1237 1236/1236/1236
f 1204/1204/1204 1238/1238/1238 1237/1237/1237
f 1205/1205/1205 1239/1239/1239 1238/1238/1238
f 1206/1206/1206 1240/1240/1240 1239/1239/1239
f 1207/1207/1207 1241/1241/1241 1240/1240/1240
f 1208/1208/1208 1242/1242/1242 1241/1241/1241
f 1209/1209/1209 1243/1243/1243 1242/1242/1242
f 1210/1210/1210 1244/1244/1244 1243/1243/1243
f 1211/1211/1211 1245/1245/1245 1244/1244/1244
f 1212/1212/1212 1246/1246/1246 1245/1245/1245
f 1213/1213/1213 1247/1247/1247 1246/1246/1246
f 1214/1214/1214 1248/1248/1248 1247/1247/1247
f 1215/1215/1215 1249/1249/1249 1248/1248/1248
f 1216/1216/1216 1250/1250/1250 1249/1249/1249
f 1217/1217/1217 1251/1251/1251 1250/1250/1250
f 1218/1218/1218 1252/1252/1252 1251/1251/1251
f 1219/1219/1219 1253/1253/1253 1252/1252/1252
f 1220/1220/1220 1254/1254/1254 1253/1253/1253
f 1221/1221/1221 1255/1255/1255 1254/1254/1254
f 1222/1222/1222 1256/1256/1256 1255/1255/1255
f 1223/1223/1223 1257/1257/1257 1256/1256/1256
f 1224/1224/1224 1258/1258/1258 1257/1257/1257
f 1225/1225/1225 1259/1259/1259 1258/1258/1258
f 1226/1226/1226 1260/1260/1260 1259/1259/1259
f 1227/1227/1227 1261/1261/1261 1260/1260/1260
f 1228/1228/1228 1262/1262/1262 1261/1261/1261
f 1229/1229/1229 1263/1263/1263 1262/1262/1262
f 1230/1230/1230 1264/1264/1264 1263/1263/1263
f 1231/1231/1231 1265/1265/1265 1264/1264/1264
f 1232/1232/1232 1266/1266/1266 1265/1265/1265
f 1234/1234/1234 1268/1268/1268 1267/1267/1267
f 1235/1235/1235 1269/1269/1269 1268/1268/1268
f 1236/1236/1236 1270/1270/1270 1269/1269/1269
f 1237/1237/1237 1271/1271/1271 1270/1270/1270
f 1238/1238/1238 1272/1272/1272 1271/1271/1271
f 1239/1239/1239 1273/1273/1273 1272/1272/1272
f 1240/1240/1240 1274/1274/1274 1273/1273/1273
f 1241/1241/1241 1275/1275/1275 1274/1274/1274
f 1242/1242/1242 1276/1276/1276 1275/1275/1275
f 1243/1243/1243 1277/1277/1277 1276/1276/1276
f 1244/1244/1244 1278/1278/1278 1277/1277/1277
f 1245/1245/1245 1279/1279/1279 1278/1278/1278
f 1246/1246/1246 1280/1280/1280 1279/1279/1279
f 1247/1247/1247 1281/1281/1281 1280/1280/1280
f 1248/1248/1248 1282/1282/1282 1281/1281/1281
f 1249/1249/1249 1283/1283/1283 1282/1282/1282
f 1250/1250/1250 1284/1284/1284 1283/1283/1283
f 1251/1251/1251 1285/1285/1285 1284/1284/1284
f 1252/1252/1252 1286/1286/1286 1285/1285/1285
f 1253/1253/1253 1287/1287/1287 1286/1286/1286
f 1254/1254/1254 1288/1288/1288 1287/1287/1287
f 1255/1255/1255 1289/1289/1289 1288/1288/1288
f 1256/1256/1256 1290/1290/1290 1289/1289/1289
f 1257/1257/1257 1291/1291/1291 1290/1290/1290
f 1258/1258/1258 1292/1292/1292 1291/1291/1291
f 1259/1259/1259 1293/1293/1293 1292/1292/1292
f 1260/1260/1260 1294/1294/1294 1293/1293/1293
f 1261/1261/1261 1295/1295/1295 1294/1294/1294
f 1262/1262/1262 1296/1296/1296 1295/1295/1295
f 1263/1263/1263 1297/1297/1297 1296/1296/1296
f 1264/1264/1264 1298/1298/1298 1297/1297/1297
f 1265/1265/1265 1299/1299/1299 1298/1298/1298
f 1300/1300/1300 1301/1301/1301 1326/1326/1326
f 1301/1301/1301 1302/1302/1302 1327/1327/1327
f 1302/1302/1302 1303/1303/1303 1328/1328/1328
f 1303/1303/1303 1304/1304/1304 1329/1329/1329
f 1304/1304/1304 1305/1305/1305 1330/1330/1330
f 1305/1305/1305 1306/1306/1306 1331/1331/1331
f 1306/1306/1306 1307/1307/1307 1332/1332/1332
f 1307/1307/1307 1308/1308/1308 1333/1333/1333
f 1308/1308/1308 1309/1309/1309 1334/1334/1334
f 1309/1309/1309 1310/1310/1310 1335/1335/1335
f 1310/1310/1310 1311/1311/1311 1336/1336/1336
f 1311/1311/1311 1312/1312/1312 1337/1337/1337
f 1312/1312/1312 1313/1313/1313 1338/1338/1338
f 1313/1313/1313 1314/1314/1314 1339/1339/1339
f 1314/1314/1314 1315/1315/1315 1340/1340/1340
f 1315/1315/1315 1316/1316/1316 1341/1341/1341
f 1316/1316/1316 1317/1317/1317 1342/1342/1342
f 1317/1317/1317 1318/1318/1318 1343/1343/1343
f 1318/1318/1318 1319/1319/1319 1344/1344/1344
f 1319/1319/1319 1320/1320/1320 1345/1345/1345
f 1320/1320/1320 1321/1321/1321 1346/1346/1346
f 1321/1321/1321 1322/1322/1322 1347/1347/1347
f 1322/1322/1322 1323/1323/1323 1348/1348/1348
f 1323/1323/1323 1324/1324/1324 1349/1349/1349
f 1325/1325/1325 1326/1326/1326 1351/1351/1351
f 1326/1326/1326 1327/1327/1327 1352/1352/1352
f 1327/1327/1327 1328/1328/1328 1353/1353/1353
f 1328/1328/1328 1329/1329/1329 1354/1354/1354
f 1329/1329/1329 1330/1330/1330 1355/1355/1355
f 1330/1330/1330 1331/1331/1331 1356/1356/1356
f 1331/1331/1331 1332/1332/1332 1357/1357/1357
f 1332/1332/1332 1333/1333/1333 1358/1358/1358
f 1333/1333/1333 1334/1334/1334 1359/1359/1359
f 1334/1334/1334 1335/1335/1335 1360/1360/1360
f 1335/1335/1335 1336/1336/1336 1361/1361/1361
f 1336/1336/1336 1337/1337/1337 1362/1362/1362
f 1337/1337/1337 1338/1338/1338 1363/1363/1363
f 1338/1338/1338 1339/1339/1339 1364/1364/1364
f 1339/1339/1339 1340/1340/1340 1365/1365/1365
f 1340/1340/1340 1341/1341/1341 1366/1366/1366
f 1341/1341/1341 1342/1342/1342 1367/1367/1367
f 1342/1342/1342 1343/1343/1343 1368/1368/1368
f 1343/1343/1343 1344/1344/1344 1369/1369/1369
f 1344/1344/1344 1345/1345/1345 1370/1370/1370
f 1345/1345/1345 1346/1346/1346 1371/1371/1371
f 1346/1346/1346 1347/1347/1347 1372/1372/1372
f 1347/1347/1347 1348/1348/1348 1373/1373/1373
f 1348/1348/1348 1349/1349/1349 1374/1374/1374
f 1350/1350/1350 1351/1351/1351 1376/1376/1376
f 1351/1351/1351 1352/1352/1352 1377/1377/1377
f 1352/1352/1352 1353/1353/1353 1378/1378/1378
f 1353/1353/1353 1354/1354/1354 1379/1379/1379
f 1354/1354/1354 1355/1355/1355 1380/1380/1380
f 1355/1355/1355 1356/1356/1356 1381/1381/1381
f 1356/1356/1356 1357/1357/1357 1382/1382/1382
f 1357/1357/1357 1358/1358/1358 1383/1383/1383
f 1358/1358/1358 1359/1359/1359 1384/1384/1384
f 1359/1359/1359 1360/1360/1360 1385/1385/1385
f 1360/1360/1360 1361/1361/1361 1386/1386/1386
f 1361/1361/1361 1362/1362/1362 1387/1387/1387
f 1362/1362/1362 1363/1363/1363 1388/1388/1388
f 1363/1363/1363 1364/1364/1364 1389/1389/1389
f 1364/1364/1364 1365/1365/1365 1390/1390/1390
f 1365/1365/1365 1366/1366/1366 1391/1391/1391
f 1366/1366/1366 1367/1367/1367 1392/1392/1392
f 1367/1367/1367 1368/1368/1368 1393/1393/1393
f 1368/1368/1368 1369/1369/1369 1394/1394/1394
f 1369/1369/1369 1370/1370/1370 1395/1395/1395
f 1370/1370/1370 1371/1371/1371 1396/1396/1396
f 1371/1371/1371 1372/1372/1372 1397/1397/1397
f 1372/1372/1372 1373/1373/1373 1398/1398/1398
f 1373/1373/1373 1374/1374/1374 1399/1399/1399
f 1375/1375/1375 1376/1376/1376 1401/1401/1401
f 1376/1376/1376 1377/1377/1377 1402/1402/1402
f 1377/1377/1377 1378/1378/1378 1403/1403/1403
f 1378/1378/1378 1379/1379/1379 1404/1404/1404
f 1379/1379/1379 1380/1380/1380 1405/1405/1405
f 1380/1380/1380 1381/1381/1381 1406/1406/1406
f 1381/1381/1381 1382/1382/1382 1407/1407/1407
f 1382/1382/1382 1383/1383/1383 1408/1408/1408
f 1383/1383/1383 1384/1384/1384 1409/1409/1409
f 1384/1384/1384 1385/1385/1385 1410/1410/1410
f 1385/1385/1385 1386/1386/1386 1411/1411/1411
f 1386/1386/1386 1387/1387/1387 1412/1412/1412
f 1387/1387/1387 1388/1388/1388 1413/1413/1413
f 1388/1388/1388 1389/1389/1389 1414/1414/1414
f 1389/1389/1389 1390/1390/1390 1415/1415/1415
f 1390/1390/1390 1391/1391/1391 1416/1416/1416
f 1391/1391/1391 1392/1392/1392 1417/1417/1417
f 1392/1392/1392 1393/1393/1393 1418/1418/1418
f 1393/1393/1393 1394/1394/1394 1419/1419/1419
f 1394/1394/1394 1395/1395/1395 1420/1420/1420
f 1395/1395/1395 1396/1396/1396 1421/1421/1421
f 1396/1396/1396 1397/1397/1397 1422/1422/1422
f 1397/1397/1397 1398/1398/1398 1423/1423/1423
f 1398/1398/1398 1399/1399/1399 1424/1424/1424
f 1300/1300/1300 1326/1326/1326 1325/1325/1325
f 1301/1301/1301 1327/1327/1327 1326/1326/1326
f 1302/1302/1302 1328/1328/1328 1327/1327/1327
f 1303/1303/1303 1329/1329/1329 1328/1328/1328
f 1304/1304/1304 1330/1330/1330 1329/1329/1329
f 1305/1305/1305 1331/1331/1331 1330/1330/1330
f 1306/1306/1306 1332/1332/1332 1331/1331/1331
f 1307/1307/1307 1333/1333/1333 1332/1332/1332
f 1308/1308/1308 1334/1334/1334 1333/1333/1333
f 1309/1309/1309 1335/1335/1335 1334/1334/1334
f 1310/1310/1310 1336/1336/1336 1335/1335/1335
f 1311/1311/1311 1337/1337/1337 1336/1336/1336
f 1312/1312/1312 1338/1338/1338 1337/1337/1337
f 1313/1313/1313 1339/1339/1339 1338/1338/1338
f 1314/1314/1314 1340/1340/1340 1339/1339/1339
f 1315/1315/1315 1341/1341/1341 1340/1340/1340
f 1316/1316/1316 1342/1342/1342 1341/1341/1341
f 1317/1317/1317 1343/1343/1343 1342/1342/1342
f 1318/1318/1318 1344/1344/1344 1343/1343/1343
f 1319/1319/1319 1345/1345/1345 1344/1344/1344
f 1320/1320/1320 1346/1346/1346 1345/1345/1345
f 1321/1321/1321 1347/1347/1347 1346/1346/1346
f 1322/1322/1322 1348/1348/1348 1347/1347/1347
f 1323/1323/1323 1349/1349/1349 1348/1348/1348
f 1325/1325/1325 1351/1351/1351 1350/1350/1350
f 1326/1326/1326 1352/1352/1352 1351/1351/1351
f 1327/1327/1327 1353/1353/1353 1352/1352/1352
f 1328/1328/1328 1354/1354/1354 1353/1353/1353
f 1329/1329/1329 1355/1355/1355 1354/1354/1354
f 1330/1330/1330 1356/1356/1356 1355/1355/1355
f 1331/1331/1331 1357/1357/1357 1356/1356/1356
f 1332/1332/1332 1358/1358/1358 1357/1357/1357
f 1333/1333/1333 1359/1359/1359 1358/1358/1358
f 1334/1334/1334 1360/1360/1360 1359/1359/1359
f 1335/1335/1335 1361/1361/1361 1360/1360/1360
f 1336/1336/1336 1362/1362/1362 1361/1361/1361
f 1337/1337/1337 1363/1363/1363 1362/1362/1362
f 1338/1338/1338 1364/1364/1364 1363/1363/1363
f 1339/1339/1339 1365/1365/1365 1364/1364/1364
f 1340/1340/1340 1366/1366/1366 1365/1365/1365
f 1341/1341/1341 1367/1367/1367 1366/1366/1366
f 1342/1342/1342 1368/1368/1368 1367/1367/1367
f 1343/1343/1343 1369/1369/1369 1368/1368/1368
f 1344/1344/1344 1370/1370/1370 1369/1369/1369
f 1345/1345/1345 1371/1371/1371 1370/1370/1370
f 1346/1346/1346 1372/1372/1372 1371/1371/1371
f 1347/1347/1347 1373/1373/1373 1372/1372/1372
f 1348/1348/1348 1374/1374/1374 1373/1373/1373
f 1350/1350/1350 1376/1376/1376 1375/1375/1375
f 1351/1351/1351 1377/1377/1377 1376/1376/1376
f 1352/1352/1352 1378/1378/1378 1377/1377/1377
f 1353/1353/1353 1379/1379/1379 1378/1378/1378
f 1354/1354/1354 1380/1380/1380 1379/1379/1379
f 1355/1355/1355 1381/1381/1381 1380/1380/1380
f 1356/1356/1356 1382/1382/1382 1381/1381/1381
f 1357/1357/1357 1383/1383/1383 1382/1382/1382
f 1358/1358/1358 1384/1384/1384 1383/1383/1383
f 1359/1359/1359 1385/1385/1385 1384/1384/1384
f 1360/1360/1360 1386/1386/1386 1385/1385/1385
f 1361/1361/1361 1387/1387/1387 1386/1386/1386
f 1362/1362/1362 1388/1388/1388 1387/1387/1387
f 1363/1363/1363 1389/1389/1389 1388/1388/1388
f 1364/1364/1364 1390/1390/1390 1389/1389/1389
f 1365/1365/1365 1391/1391/1391 1390/1390/1390
f 1366/1366/1366 1392/1392/1392 1391/1391/1391
f 1367/1367/1367 1393/1393/1393 1392/1392/1392
f 1368/1368/1368 1394/1394/1394 1393/1393/1393
f 1369/1369/1369 1395/1395/1395 1394/1394/1394
f 1370/1370/1370 1396/1396/1396 1395/1395/1395
f 1371/1371/1371 1397/1397/1397 1396/1396/1396
f 1372/1372/1372 1398/1398/1398 1397/1397/1397
f 1373/1373/1373 1399/1399/1399 1398/1398/1398
f 1375/1375/1375 1401/1401/1401 1400/1400/1400
f 1376/1376/1376 1402/1402/1402 1401/1401/1401
f 1377/1377/1377 1403/1403/1403 1402/1402/1402
f 1378/1378/1378 1404/1404/1404 1403/1403/1403
f 1379/1379/1379 1405/1405/1405 1404/1404/1404
f 1380/1380/1380 1406/1406/1406 1405/1405/1405
f 1381/1381/1381 1407/1407/1407 1406/1406/1406
f 1382/1382/1382 1408/1408/1408 1407/1407/1407
f 1383/1383/1383 1409/1409/1409 1408/1408/1408
f 1384/1384/1384 1410/1410/1410 1409/1409/1409
f 1385/1385/1385 1411/1411/1411 1410/1410/1410
f 1386/1386/1386 1412/1412/1412 1411/1411/1411
f 1387/1387/1387 1413/1413/1413 1412/1412/1412
f 1388/1388/1388 1414/1414/1414 1413/1413/1413
f 1389/1389/1389 1415/1415/1415 1414/1414/1414
f 1390/1390/1390 1416/1416/1416 1415/1415/1415
f 1391/1391/1391 1417/1417/1417 1416/1416/1416
f 1392/1392/1392 1418/1418/1418 1417/1417/1417
f 1393/1393/1393 1419/1419/1419 1418/1418/1418
f 1394/1394/1394 1420/1420/1420 1419/1419/1419
f 1395/1395/1395 1421/1421/1421 1420/1420/1420
f 1396/1396/1396 1422/1422/1422 1421/1421/1421
f 1397/1397/1397 1423/1423/1423 1422/1422/1422
f 1398/1398/1398 1424/1424/1424 1423/1423/1423
f 1425/1425/1425 1427/1427/1427 1426/1426/1426
f 1425/1425/1425 1428/1428/1428 1427/1427/1427
f 1425/1425/1425 1429/1429/1429 1428/1428/1428
f 1425/1425/1425 1430/1430/1430 1429/1429/1429
f 1425/1425/1425 1431/1431/1431 1430/1430/1430
f 1425/1425/1425 1432/1432/1432 1431/1431/1431
f 1425/1425/1425 1433/1433/1433 1432/1432/1432
f 1425/1425/1425 1434/1434/1434 1433/1433/1433
f 1425/1425/1425 1435/1435/1435 1434/1434/1434
f 1425/1425/1425 1436/1436/1436 1435/1435/1435
f 1425/1425/1425 1437/1437/1437 1436/1436/1436
f 1425/1425/1425 1438/1438/1438 1437/1437/1437
f 1425/1425/1425 1439/1439/1439 1438/1438/1438
f 1425/1425/1425 1440/1440/1440 1439/1439/1439
f 1425/1425/1425 1441/1441/1441 1440/1440/1440
f 1425/1425/1425 1442/1442/1442 1441/1441/1441
f 1425/1425/1425 1443/1443/1443 1442/1442/1442
f 1425/1425/1425 1444/1444/1444 1443/1443/1443
f 1425/1425/1425 1445/1445/1445 1444/1444/1444
f 1425/1425/1425 1446/1446/1446 1445/1445/1445
f 1425/1425/1425 1447/1447/1447 1446/1446/1446
f 1425/1425/1425 1448/1448/1448 1447/1447/1447
f 1425/1425/1425 1449/1449/1449 1448/1448/1448
f 1425/1425/1425 1450/1450/1450 1449/1449/1449
f 1451/1451/1451 1452/1452/1452 1453/1453/1453
f 1451/1451/1451 1453/1453/1453 1454/1454/1454
f 1451/1451/1451 1454/1454/1454 1455/1455/1455
f 1451/1451/1451 1455/1455/1455 1456/1456/1456
f 1451/1451/1451 1456/1456/1456 1457/1457/1457
f 1451/1451/1451 1457/1457/1457 1458/1458/1458
f 1451/1451/1451 1458/1458/1458 1459/1459/1459
f 1451/1451/1451 1459/1459/1459 1460/1460/1460
f 1451/1451/1451 1460/1460/1460 1461/1461/1461
f 1451/1451/1451 1461/1461/1461 1462/1462/1462
f 1451/1451/1451 1462/1462/1462 1463/1463/1463
f 1451/1451/1451 1463/1463/1463 1464/1464/1464
f 1451/1451/1451 1464/1464/1464 1465/1465/1465
f 1451/1451/1451 1465/1465/1465 1466/1466/1466
f 1451/1451/1451 1466/1466/1466 1467/1467/1467
f 1451/1451/1451 1467/1467/1467 1468/1468/1468
f 1451/1451/1451 1468/1468/1468 1469/1469/1469
f 1451/1451/1451 1469/1469/1469 1470/1470/1470
f 1451/1451/1451 1470/1470/1470 1471/1471/1471
f 1451/1451/1451 1471/1471/1471 1472/1472/1472
f 1451/1451/1451 1472/1472/1472 1473/1473/1473
f 1451/1451/1451 1473/1473/1473 1474/1474/1474
f 1451/1451/1451 1474/1474/1474 1475/1475/1475
f 1451/1451/1451 1475/1475/1475 1476/1476/1476
f 1477/1477/1477 1478/1478/1478 1519/1519/1519
f 1478/1478/1478 1479/1479/1479 1520/1520/1520
f 1479/1479/1479 1480/1480/1480 1521/1521/1521
f 1480/1480/1480 1481/1481/1481 1522/1522/1522
f 1481/1481/1481 1482/1482/1482 1523/1523/1523
f 1482/1482/1482 1483/1483/1483 1524/1524/1524
f 1483/1483/1483 1484/1484/1484 1525/1525/1525
f 1484/1484/1484 1485/1485/1485 1526/1526/1526
f 1485/1485/1485 1486/1486/1486 1527/1527/1527
f 1486/1486/1486 1487/1487/1487 1528/1528/1528
f 1487/1487/1487 1488/1488/1488 1529/1529/1529
f 1488/1488/1488 1489/1489/1489 1530/1530/1530
f 1489/1489/1489 1490/1490/1490 1531/1531/1531
f 1490/1490/1490 1491/1491/1491 1532/1532/1532
f 1491/1491/1491 1492/1492/1492 1533/1533/1533
f 1492/1492/1492 1493/1493/1493 1534/1534/1534
f 1493/1493/1493 1494/1494/1494 1535/1535/1535
f 1494/1494/1494 1495/1495/1495 1536/1536/1536
f 1495/1495/1495 1496/1496/1496 1537/1537/1537
f 1496/1496/1496 1497/1497/1497 1538/1538/1538
f 1497/1497/1497 1498/1498/1498 1539/1539/1539
f 1498/1498/1498 1499/1499/1499 1540/1540/1540
f 1499/1499/1499 1500/1500/1500 1541/1541/1541
f 1500/1500/1500 1501/1501/1501 1542/1542/1542
f 1501/1501/1501 1502/1502/1502 1543/1543/1543
f 1502/1502/1502 1503/1503/1503 1544/1544/1544
f 1503/1503/1503 1504/1504/1504 1545/1545/1545
f 1504/1504/1504 1505/1505/1505 1546/1546/1546
f 1505/1505/1505 1506/1506/1506 1547/1547/1547
f 1506/1506/1506 1507/1507/1507 1548/1548/1548
f 1507/1507/1507 1508/1508/1508 1549/1549/1549
f 1508/1508/1508 1509/1509/1509 1550/1550/1550
f 1509/1509/1509 1510/1510/1510 1551/1551/1551
f 1510/1510/1510 1511/1511/1511 1552/1552/1552
f 1511/1511/1511 1512/1512/1512 1553/1553/1553
f 1512/1512/1512 1513/1513/1513 1554/1554/1554
f 1513/1513/1513 1514/1514/1514 1555/1555/1555
f 1514/1514/1514 1515/1515/1515 1556/1556/1556
f 1515/1515/1515 1516/1516/1516 1557/1557/1557
f 1516/1516/1516 1517/1517/1517 1558/1558/1558
f 1518/1518/1518 1519/1519/1519 1560/1560/1560
f 1519/1519/1519 1520/1520/1520 1561/1561/1561
f 1520/1520/1520 1521/1521/1521 1562/1562/1562
f 1521/1521/1521 1522/1522/1522 1563/1563/1563
f 1522/1522/1522 1523/1523/1523 1564/1564/1564
f 1523/1523/1523 1524/1524/1524 1565/1565/1565
f 1524/1524/1524 1525/1525/1525 1566/1566/1566
f 1525/1525/1525 1526/1526/1526 1567/1567/1567
f 1526/1526/1526 1527/1527/1527 1568/1568/1568
f 1527/1527/1527 1528/1528/1528 1569/1569/1569
f 1528/1528/1528 1529/1529/1529 1570/1570/1570
f 1529/1529/1529 1530/1530/1530 1571/1571/1571
f 1530/1530/1530 1531/1531/1531 1572/1572/1572
f 1531/1531/1531 1532/1532/1532 1573/1573/1573
f 1532/1532/1532 1533/1533/1533 1574/1574/1574
f 1533/1533/1533 1534/1534/1534 1575/1575/1575
f 1534/1534/1534 1535/1535/1535 1576/1576/1576
f 1535/1535/1535 1536/1536/1536 1577/1577/1577
f 1536/1536/1536 1537/1537/1537 1578/1578/1578
f 1537/1537/1537 1538/1538/1538 1579/1579/1579
f 1538/1538/1538 1539/1539/1539 1580/1580/1580
f 1539/1539/1539 1540/1540/1540 1581/1581/1581
f 1540/1540/1540 1541/1541/1541 1582/1582/1582
f 1541/1541/1541 1542/1542/1542 1583/1583/1583
f 1542/1542/1542 1543/1543/1543 1584/1584/1584
f 1543/1543/1543 1544/1544/1544 1585/1585/1585
f 1544/1544/1544 1545/1545/1545 1586/1586/1586
f 1545/1545/1545 1546/1546/1546 1587/1587/1587
f 1546/1546/1546 1547/1547/1547 1588/1588/1588
f 1547/1547/1547 1548/1548/1548 1589/1589/1589
f 1548/1548/1548 1549/1549/1549 1590/1590/1590
f 1549/1549/1549 1550/1550/1550 1591/1591/1591
f 1550/1550/1550 1551/1551/1551 1592/1592/1592
f 1551/1551/1551 1552/1552/1552 1593/1593/1593
f 1552/1552/1552 1553/1553/1553 1594/1594/1594
f 1553/1553/1553 1554/1554/1554 1595/1595/1595
f 1554/1554/1554 1555/1555/1555 1596/1596/1596
f 1555/1555/1555 1556/1556/1556 1597/1597/1597
f 1556/1556/1556 1557/1557/1557 1598/1598/1598
f 1557/1557/1557 1558/1558/1558 1599/1599/1599
f 1559/1559/1559 1560/1560/1560 1601/1601/1601
f 1560/1560/1560 1561/1561/1561 1602/1602/1602
f 1561/1561/1561 1562/1562/1562 1603/1603/1603
f 1562/1562/1562 1563/1563/1563 1604/1604/1604
f 1563/1563/1563 1564/1564/1564 1605/1605/1605
f 1564/1564/1564 1565/1565/1565 1606/1606/1606
f 1565/1565/1565 1566/1566/1566 1607/1607/1607
f 1566/1566/1566 1567/1567/1567 1608/1608/1608
f 1567/1567/1567 1568/1568/1568 1609/1609/1609
f 1568/1568/1568 1569/1569/1569 1610/1610/1610
f 1569/1569/1569 1570/1570/1570 1611/1611/1611
f 1570/1570/1570 1571/1571/1571 1612/1612/1612
f 1571/1571/1571 1572/1572/1572 1613/1613/1613
f 1572/1572/1572 1573/1573/1573 1614/1614/1614
f 1573/1573/1573 1574/1574/1574 1615/1615/1615
f 1574/1574/1574 1575/1575/1575 1616/1616/1616
f 1575/1575/1575 1576/1576/1576 1617/1617/1617
f 1576/1576/1576 1577/1577/1577 1618/1618/1618
f 1577/1577/1577 1578/1578/1578 1619/1619/1619
f 1578/1578/1578 1579/1579/1579 1620/1620/1620
f 1579/1579/1579 1580/1580/1580 1621/1621/1621
f 1580/1580/1580 1581/1581/1581 1622/1622/1622
f 1581/1581/1581 1582/1582/1582 1623/1623/1623
f 1582/1582/1582 1583/1583/1583 1624/1624/1624
f 1583/1583/1583 1584/1584/1584 1625/1625/1625
f 1584/1584/1584 1585/1585/1585 1626/1626/1626
f 1585/1585/1585 1586/1586/1586 1627/1627/1627
f 1586/1586/1586 1587/1587/1587 1628/1628/1628
f 1587/1587/1587 1588/1588/1588 1629/1629/1629
f 1588/1588/1588 1589/1589/1589 1630/1630/1630
f 1589/1589/1589 1590/1590/1590 1631/1631/1631
f 1590/1590/1590 1591/1591/1591 1632/1632/1632
f 1591/1591/1591 1592/1592/1592 1633/1633/1633
f 1592/1592/1592 1593/1593/1593 1634/1634/1634
f 1593/1593/1593 1594/1594/1594 1635/1635/1635
f 1594/1594/1594 1595/1595/1595 1636/1636/1636
f 1595/1595/1595 1596/1596/1596 1637/1637/1637
f 1596/1596/1596 1597/1597/1597 1638/1638/1638
f 1597/1597/1597 1598/1598/1598 1639/1639/1639
f 1598/1598/1598 1599/1599/1599 1640/1640/1640
f 1600/1600/1600 1601/1601/1601 1642/1642/1642
f 1601/1601/1601 1602/1602/1602 1643/1643/1643
f 1602/1602/1602 1603/1603/1603 1644/1644/1644
f 1603/1603/1603 1604/1604/1604 1645/1645/1645
f 1604/1604/1604 1605/1605/1605 1646/1646/1646
f 1605/1605/1605 1606/1606/1606 1647/1647/1647
f 1606/1606/1606 1607/1607/1607 1648/1648/1648
f 1607/1607/1607 1608/1608/1608 1649/1649/1649
f 1608/1608/1608 1609/1609/1609 1650/1650/1650
f 1609/1609/1609 1610/1610/1610 1651/1651/1651
f 1610/1610/1610 1611/1611/1611 1652/1652/1652
f 1611/1611/1611 1612/1612/1612 1653/1653/1653
f 1612/1612/1612 1613/1613/1613 1654/1654/1654
f 1613/1613/1613 1614/1614/1614 1655/1655/1655
f 1614/1614/1614 1615/1615/1615 1656/1656/1656
f 1615/1615/1615 1616/1616/1616 1657/1657/1657
f 1616/1616/1616 1617/1617/1617 1658/1658/1658
f 1617/1617/1617 1618/1618/1618 1659/1659/1659
f 1618/1618/1618 1619/1619/1619 1660/1660/1660
f 1619/1619/1619 1620/1620/1620 1661/1661/1661
f 1620/1620/1620 1621/1621/1621 1662/1662/1662
f 1621/1621/1621 1622/1622/1622 1663/1663/1663
f 1622/1622/1622 1623/1623/1623 1664/1664/1664
f 1623/1623/1623 1624/1624/1624 1665/1665/1665
f 1624/1624/1624 1625/1625/1625 1666/1666/1666
f 1625/1625/1625 1626/1626/1626 1667/1667/1667
f 1626/1626/1626 1627/1627/1627 1668/1668/1668
f 1627/1627/1627 1628/1628/1628 1669/1669/1669
f 1628/1628/1628 1629/1629/1629 1670/1670/1670
f 1629/1629/1629 1630/1630/1630 1671/1671/1671
f 1630/1630/1630 1631/1631/1631 1672/1672/1672
f 1631/1631/1631 1632/1632/1632 1673/1673/1673
f 1632/1632/1632 1633/1633/1633 1674/1674/1674
f 1633/1633/1633 1634/1634/1634 1675/1675/1675
f 1634/1634/1634 1635/1635/1635 1676/1676/1676
f 1635/1635/1635 1636/1636/1636 1677/1677/1677
f 1636/1636/1636 1637/1637/1637 1678/1678/1678
f 1637/1637/1637 1638/1638/1638 1679/1679/1679
f 1638/1638/1638 1639/1639/1639 1680/1680/1680
f 1639/1639/1639 1640/1640/1640 1681/1681/1681
f 1641/1641/1641 1642/1642/1642 1683/1683/1683
f 1642/1642/1642 1643/1643/1643 1684/1684/1684
f 1643/1643/1643 1644/1644/1644 1685/1685/1685
f 1644/1644/1644 1645/1645/1645 1686/1686/1686
f 1645/1645/1645 1646/1646/1646 1687/1687/1687
f 1646/1646/1646 1647/1647/1647 1688/1688/1688
f 1647/1647/1647 1648/1648/1648 1689/1689/1689
f 1648/1648/1648 1649/1649/1649 1690/1690/1690
f 1649/1649/1649 1650/1650/1650 1691/1691/1691
f 1650/1650/1650 1651/1651/1651 1692/1692/1692
f 1651/1651/1651 1652/1652/1652 1693/1693/1693
f 1652/1652/1652 1653/1653/1653 1694/1694/1694
f 1653/1653/1653 1654/1654/1654 1695/1695/1695
f 1654/1654/1654 1655/1655/1655 1696/1696/1696
f 1655/1655/1655 1656/1656/1656 1697/1697/1697
f 1656/1656/1656 1657/1657/1657 1698/1698/1698
f 1657/1657/1657 1658/1658/1658 1699/1699/1699
f 1658/1658/1658 1659/1659/1659 1700/1700/1700
f 1659/1659/1659 1660/1660/1660 1701/1701/1701
f 1660/1660/1660 1661/1661/1661 1702/1702/1702
f 1661/1661/1661 1662/1662/1662 1703/1703/1703
f 1662/1662/1662 1663/1663/1663 1704/1704/1704
f 1663/1663/1663 1664/1664/1664 1705/1705/1705
f 1664/1664/1664 1665/1665/1665 1706/1706/1706
f 1665/1665/1665 1666/1666/1666 1707/1707/1707
f 1666/1666/1666 1667/1667/1667 1708/1708/1708
f 1667/1667/1667 1668/1668/1668 1709/1709/1709
f 1668/1668/1668 1669/1669/1669 1710/1710/1710
f 1669/1669/1669 1670/1670/1670 1711/1711/1711
f 1670/1670/1670 1671/1671/1671 1712/1712/1712
f 1671/1671/1671 1672/1672/1672 1713/1713/1713
f 1672/1672/1672 1673/1673/1673 1714/1714/1714
f 1673/1673/1673 1674/1674/1674 1715/1715/1715
f 1674/1674/1674 1675/1675/1675 1716/1716/1716
f 1675/1675/1675 1676/1676/1676 1717/1717/1717
f 1676/1676/1676 1677/1677/1677 1718/1718/1718
f 1677/1677/1677 1678/1678/1678 1719/1719/1719
f 1678/1678/1678 1679/1679/1679 1720/1720/1720
f 1679/1679/1679 1680/1680/1680 1721/1721/1721
f 1680/1680/1680 1681/1681/1681 1722/1722/1722
f 1682/1682/1682 1683/1683/1683 1724/1724/1724
f 1683/1683/1683 1684/1684/1684 1725/1725/1725
f 1684/1684/1684 1685/1685/1685 1726/1726/1726
f 1685/1685/1685 1686/1686/1686 1727/1727/1727
f 1686/1686/1686 1687/1687/1687 1728/1728/1728
f 1687/1687/1687 1688/1688/1688 1729/1729/1729
f 1688/1688/1688 1689/1689/1689 1730/1730/1730
f 1689/1689/1689 1690/1690/1690 1731/1731/1731
f 1690/1690/1690 1691/1691/1691 1732/1732/1732
f 1691/1691/1691 1692/1692/1692 1733/1733/1733
f 1692/1692/1692 1693/1693/1693 1734/1734/1734
f 1693/1693/1693 1694/1694/1694 1735/1735/1735
f 1694/1694/1694 1695/1695/1695 1736/1736/1736
f 1695/1695/1695 1696/1696/1696 1737/1737/1737
f 1696/1696/1696 1697/1697/1697 1738/1738/1738
f 1697/1697/1697 1698/1698/1698 1739/1739/1739
f 1698/1698/1698 1699/1699/1699 1740/1740/1740
f 1699/1699/1699 1700/1700/1700 1741/1741/1741
f 1700/1700/1700 1701/1701/1701 1742/1742/1742
f 1701/1701/1701 1702/1702/1702 1743/1743/1743
f 1702/1702/1702 1703/1703/1703 1744/1744/1744
f 1703/1703/1703 1704/1704/1704 1745/1745/1745
f 1704/1704/1704 1705/1705/1705 1746/1746/1746
f 1705/1705/1705 1706/1706/1706 1747/1747/1747
f 1706/1706/1706 1707/1707/1707 1748/1748/1748
f 1707/1707/1707 1708/1708/1708 1749/1749/1749
f 1708/1708/1708 1709/1709/1709 1750/1750/1750
f 1709/1709/1709 1710/1710/1710 1751/1751/1751
f 1710/1710/1710 1711/1711/1711 1752/1752/1752
f 1711/1711/1711 1712/1712/1712 1753/1753/1753
f 1712/1712/1712 1713/1713/1713 1754/1754/1754
f 1713/1713/1713 1714/1714/1714 1755/1755/1755
f 1714/1714/1714 1715/1715/1715 1756/1756/1756
f 1715/1715/1715 1716/1716/1716 1757/1757/1757
f 1716/1716/1716 1717/1717/1717 1758/1758/1758
f 1717/1717/1717 1718/1718/1718 1759/1759/1759
f 1718/1718/1718 1719/1719/1719 1760/1760/1760
f 1719/1719/1719 1720/1720/1720 1761/1761/1761
f 1720/1720/1720 1721/1721/1721 1762/1762/1762
f 1721/1721/1721 1722/1722/1722 1763/1763/1763
f 1723/1723/1723 1724/1724/1724 1765/1765/1765
f 1724/1724/1724 1725/1725/1725 1766/1766/1766
f 1725/1725/1725 1726/1726/1726 1767/1767/1767
f 1726/1726/1726 1727/1727/1727 1768/1768/1768
f 1727/1727/1727 1728/1728/1728 1769/1769/1769
f 1728/1728/1728 1729/1729/1729 1770/1770/1770
f 1729/1729/1729 1730/1730/1730 1771/1771/1771
f 1730/1730/1730 1731/1731/1731 1772/1772/1772
f 1731/1731/1731 1732/1732/1732 1773/1773/1773
f 1732/1732/1732 1733/1733/1733 1774/1774/1774
f 1733/1733/1733 1734/1734/1734 1775/1775/1775
f 1734/1734/1734 1735/1735/1735 1776/1776/1776
f 1735/1735/1735 1736/1736/1736 1777/1777/1777
f 1736/1736/1736 1737/1737/1737 1778/1778/1778
f 1737/1737/1737 1738/1738/1738 1779/1779/1779
f 1738/1738/1738 1739/1739/1739 1780/1780/1780
f 1739/1739/1739 1740/1740/1740 1781/1781/1781
f 1740/1740/1740 1741/1741/1741 1782/1782/1782
f 1741/1741/1741 1742/1742/1742 1783/1783/1783
f 1742/1742/1742 1743/1743/1743 1784/1784/1784
f 1743/1743/1743 1744/1744/1744 1785/1785/1785
f 1744/1744/1744 1745/1745/1745 1786/1786/1786
f 1745/1745/1745 1746/1746/1746 1787/1787/1787
f 1746/1746/1746 1747/1747/1747 1788/1788/1788
f 1747/1747/1747 1748/1748/1748 1789/1789/1789
f 1748/1748/1748 1749/1749/1749 1790/1790/1790
f 1749/1749/1749 1750/1750/1750 1791/1791/1791
f 1750/1750/1750 1751/1751/1751 1792/1792/1792
f 1751/1751/1751 1752/1752/1752 1793/1793/1793
f 1752/1752/1752 1753/1753/1753 1794/1794/1794
f 1753/1753/1753 1754/1754/1754 1795/1795/1795
f 1754/1754/1754 1755/1755/1755 1796/1796/1796
f 1755/1755/1755 1756/1756/1756 1797/1797/1797
f 1756/1756/1756 1757/1757/1757 1798/1798/1798
f 1757/1757/1757 1758/1758/1758 1799/1799/1799
f 1758/1758/1758 1759/1759/1759 1800/1800/1800
f 1759/1759/1759 1760/1760/1760 1801/1801/1801
f 1760/1760/1760 1761/1761/1761 1802/1802/1802
f 1761/1761/1761 1762/1762/1762 1803/1803/1803
f 1762/1762/1762 1763/1763/1763 1804/1804/1804
f 1764/1764/1764 1765/1765/1765 1806/1806/1806
f 1765/1765/1765 1766/1766/1766 1807/1807/1807
f 1766/1766/1766 1767/1767/1767 1808/1808/1808
f 1767/1767/1767 1768/1768/1768 1809/1809/1809
f 1768/1768/1768 1769/1769/1769 1810/1810/1810
f 1769/1769/1769 1770/1770/1770 1811/1811/1811
f 1770/1770/1770 1771/1771/1771 1812/1812/1812
f 1771/1771/1771 1772/1772/1772 1813/1813/1813
f 1772/1772/1772 1773/1773/1773 1814/1814/1814
f 1773/1773/1773 1774/1774/1774 1815/1815/1815
f 1774/1774/1774 1775/1775/1775 1816/1816/1816
f 1775/1775/1775 1776/1776/1776 1817/1817/1817
f 1776/1776/1776 1777/1777/1777 1818/1818/1818
f 1777/1777/1777 1778/1778/1778 1819/1819/1819
f 1778/1778/1778 1779/1779/1779 1820/1820/1820
f 1779/1779/1779 1780/1780/1780 1821/1821/1821
f 1780/1780/1780 1781/1781/1781 1822/1822/1822
f 1781/1781/1781 1782/1782/1782 1823/1823/1823
f 1782/1782/1782 1783/1783/1783 1824/1824/1824
f 1783/1783/1783 1784/1784/1784 1825/1825/1825
f 1784/1784/1784 1785/1785/1785 1826/1826/1826
f 1785/1785/1785 1786/1786/1786 1827/1827/1827
f 1786/1786/1786 1787/1787/1787 1828/1828/1828
f 1787/1787/1787 1788/1788/1788 1829/1829/1829
f 1788/1788/1788 1789/1789/1789 1830/1830/1830
f 1789/1789/1789 1790/1790/1790 1831/1831/1831
f 1790/1790/1790 1791/1791/1791 1832/1832/1832
f 1791/1791/1791 1792/1792/1792 1833/1833/1833
f 1792/1792/1792 1793/1793/1793 1834/1834/1834
f 1793/1793/1793 1794/1794/1794 1835/1835/1835
f 1794/1794/1794 1795/1795/1795 1836/1836/1836
f 1795/1795/1795 1796/1796/1796 1837/1837/1837
f 1796/1796/1796 1797/1797/1797 1838/1838/1838
f 1797/1797/1797 1798/1798/1798 1839/1839/1839
f 1798/1798/1798 1799/1799/1799 1840/1840/1840
f 1799/1799/1799 1800/1800/1800 1841/1841/1841
f 1800/1800/1800 1801/1801/1801 1842/1842/1842
f 1801/1801/1801 1802/1802/1802 1843/1843/1843
f 1802/1802/1802 1803/1803/1803 1844/1844/1844
f 1803/1803/1803 1804/1804/1804 1845/1845/1845
f 1805/1805/1805 1806/1806/1806 1847/1847/1847
f 1806/1806/1806 1807/1807/1807 1848/1848/1848
f 1807/1807/1807 1808/1808/1808 1849/1849/1849
f 1808/1808/1808 1809/1809/1809 1850/1850/1850
f 1809/1809/1809 1810/1810/1810 1851/1851/1851
f 1810/1810/1810 1811/1811/1811 1852/1852/1852
f 1811/1811/1811 1812/1812/1812 1853/1853/1853
f 1812/1812/1812 1813/1813/1813 1854/1854/1854
f 1813/1813/1813 1814/1814/1814 1855/1855/1855
f 1814/1814/1814 1815/1815/1815 1856/1856/1856
f 1815/1815/1815 1816/1816/1816 1857/1857/1857
f 1816/1816/1816 1817/1817/1817 1858/1858/1858
f 1817/1817/1817 1818/1818/1818 1859/1859/1859
f 1818/1818/1818 1819/1819/1819 1860/1860/1860
f 1819/1819/1819 1820/1820/1820 1861/1861/1861
f 1820/1820/1820 1821/1821/1821 1862/1862/1862
f 1821/1821/1821 1822/1822/1822 1863/1863/1863
f 1822/1822/1822 1823/1823/1823 1864/1864/1864
f 1823/1823/1823 1824/1824/1824 1865/1865/1865
f 1824/1824/1824 1825/1825/1825 1866/1866/1866
f 1825/1825/1825 1826/1826/1826 1867/1867/1867
f 1826/1826/1826 1827/1827/1827 1868/1868/1868
f 1827/1827/1827 1828/1828/1828 1869/1869/1869
f 1828/1828/1828 1829/1829/1829 1870/1870/1870
f 1829/1829/1829 1830/1830/1830 1871/1871/1871
f 1830/1830/1830 1831/1831/1831 1872/1872/1872
f 1831/1831/1831 1832/1832/1832 1873/1873/1873
f 1832/1832/1832 1833/1833/1833 1874/1874/1874
f 1833/1833/1833 1834/1834/1834 1875/1875/1875
f 1834/1834/1834 1835/1835/1835 1876/1876/1876
f 1835/1835/1835 1836/1836/1836 1877/1877/1877
f 1836/1836/1836 1837/1837/1837 1878/1878/1878
f 1837/1837/1837 1838/1838/1838 1879/1879/1879
f 1838/1838/1838 1839/1839/1839 1880/1880/1880
f 1839/1839/1839 1840/1840/1840 1881/1881/1881
f 1840/1840/1840 1841/1841/1841 1882/1882/1882
f 1841/1841/1841 1842/1842/1842 1883/1883/1883
f 1842/1842/1842 1843/1843/1843 1884/1884/1884
f 1843/1843/1843 1844/1844/1844 1885/1885/1885
f 1844/1844/1844 1845/1845/1845 1886/1886/1886
f 1846/1846/1846 1847/1847/1847 1888/1888/1888
f 1847/1847/1847 1848/1848/1848 1889/1889/1889
f 1848/1848/1848 1849/1849/1849 1890/1890/1890
f 1849/1849/1849 1850/1850/1850 1891/1891/1891
f 1850/1850/1850 1851/1851/1851 1892/1892/1892
f 1851/1851/1851 1852/1852/1852 1893/1893/1893
f 1852/1852/1852 1853/1853/1853 1894/1894/1894
f 1853/1853/1853 1854/1854/1854 1895/1895/1895
f 1854/1854/1854 1855/1855/1855 1896/1896/1896
f 1855/1855/1855 1856/1856/1856 1897/1897/1897
f 1856/1856/1856 1857/1857/1857 1898/1898/1898
f 1857/1857/1857 1858/1858/1858 1899/1899/1899
f 1858/1858/1858 1859/1859/1859 1900/1900/1900
f 1859/1859/1859 1860/1860/1860 1901/1901/1901
f 1860/1860/1860 1861/1861/1861 1902/1902/1902
f 1861/1861/1861 1862/1862/1862 1903/1903/1903
f 1862/1862/1862 1863/1863/1863 1904/1904/1904
f 1863/1863/1863 1864/1864/1864 1905/1905/1905
f 1864/1864/1864 1865/1865/1865 1906/1906/1906
f 1865/1865/1865 1866/1866/1866 1907/1907/1907
f 1866/1866/1866 1867/1867/1867 1908/1908/1908
f 1867/1867/1867 1868/1868/1868 1909/1909/1909
f 1868/1868/1868 1869/1869/1869 1910/1910/1910
f 1869/1869/1869 1870/1870/1870 1911/1911/1911
f 1870/1870/1870 1871/1871/1871 1912/1912/1912
f 1871/1871/1871 1872/1872/1872 1913/1913/1913
f 1872/1872/1872 1873/1873/1873 1914/1914/1914
f 1873/1873/1873 1874/1874/1874 1915/1915/1915
f 1874/1874/1874 1875/1875/1875 1916/1916/1916
f 1875/1875/1875 1876/1876/1876 1917/1917/1917
f 1876/1876/1876 1877/1877/1877 1918/1918/1918
f 1877/1877/1877 1878/1878/1878 1919/1919/1919
f 1878/1878/1878 1879/1879/1879 1920/1920/1920
f 1879/1879/1879 1880/1880/1880 1921/1921/1921
f 1880/1880/1880 1881/1881/1881 1922/1922/1922
f 1881/1881/1881 1882/1882/1882 1923/1923/1923
f 1882/1882/1882 1883/1883/1883 1924/1924/1924
f 1883/1883/1883 1884/1884/1884 1925/1925/1925
f 1884/1884/1884 1885/1885/1885 1926/1926/1926
f 1885/1885/1885 1886/1886/1886 1927/1927/1927
f 1887/1887/1887 1888/1888/1888 1929/1929/1929
f 1888/1888/1888 1889/1889/1889 1930/1930/1930
f 1889/1889/1889 1890/1890/1890 1931/1931/1931
f 1890/1890/1890 1891/1891/1891 1932/1932/1932
f 1891/1891/1891 1892/1892/1892 1933/1933/1933
f 1892/1892/1892 1893/1893/1893 1934/1934/1934
f 1893/1893/1893 1894/1894/1894 1935/1935/1935
f 1894/1894/1894 1895/1895/1895 1936/1936/1936
f 1895/1895/1895 1896/1896/1896 1937/1937/1937
f 1896/1896/1896 1897/1897/1897 1938/1938/1938
f 1897/1897/1897 1898/1898/1898 1939/1939/1939
f 1898/1898/1898 1899/1899/1899 1940/1940/1940
f 1899/1899/1899 1900/1900/1900 1941/1941/1941
f 1900/1900/1900 1901/1901/1901 1942/1942/1942
f 1901/1901/1901 1902/1902/1902 1943/1943/1943
f 1902/1902/1902 1903/1903/1903 1944/1944/1944
f 1903/1903/1903 1904/1904/1904 1945/1945/1945
f 1904/1904/1904 1905/1905/1905 1946/1946/1946
f 1905/1905/1905 1906/1906/1906 1947/1947/1947
f 1906/1906/1906 1907/1907/1907 1948/1948/1948
f 1907/1907/1907 1908/1908/1908 1949/1949/1949
f 1908/1908/1908 1909/1909/1909 1950/1950/1950
f 1909/1909/1909 1910/1910/1910 1951/1951/1951
f 1910/1910/1910 1911/1911/1911 1952/1952/1952
f 1911/1911/1911 1912/1912/1912 1953/1953/1953
f 1912/1912/1912 1913/1913/1913 1954/1954/1954
f 1913/1913/1913 1914/1914/1914 1955/1955/1955
f 1914/1914/1914 1915/1915/1915 1956/1956/1956
f 1915/1915/1915 1916/1916/1916 1957/1957/1957
f 1916/1916/1916 1917/1917/1917 1958/1958/1958
f 1917/1917/1917 1918/1918/1918 1959/1959/1959
f 1918/1918/1918 1919/1919/1919 1960/1960/1960
f 1919/1919/1919 1920/1920/1920 1961/1961/1961
f 1920/1920/1920 1921/1921/1921 1962/1962/1962
f 1921/1921/1921 1922/1922/1922 1963/1963/1963
f 1922/1922/1922 1923/1923/1923 1964/1964/1964
f 1923/1923/1923 1924/1924/1924 1965/1965/1965
f 1924/1924/1924 1925/1925/1925 1966/1966/1966
f 1925/1925/1925 1926/1926/1926 1967/1967/1967
f 1926/1926/1926 1927/1927/1927 1968/1968/1968
f 1928/1928/1928 1929/1929/1929 1970/1970/1970
f 1929/1929/1929 1930/1930/1930 1971/1971/1971
f 1930/1930/1930 1931/1931/1931 1972/1972/1972
f 1931/1931/1931 1932/1932/1932 1973/1973/1973
f 1932/1932/1932 1933/1933/1933 1974/1974/1974
f 1933/1933/1933 1934/1934/1934 1975/1975/1975
f 1934/1934/1934 1935/1935/1935 1976/1976/1976
f 1935/1935/1935 1936/1936/1936 1977/1977/1977
f 1936/1936/1936 1937/1937/1937 1978/1978/1978
f 1937/1937/1937 1938/1938/1938 1979/1979/1979
f 1938/1938/1938 1939/1939/1939 1980/1980/1980
f 1939/1939/1939 1940/1940/1940 1981/1981/1981
f 1940/1940/1940 1941/1941/1941 1982/1982/1982
f 1941/1941/1941 1942/1942/1942 1983/1983/1983
f 1942/1942/1942 1943/1943/1943 1984/1984/1984
f 1943/1943/1943 1944/1944/1944 1985/1985/1985
f 1944/1944/1944 1945/1945/1945 1986/1986/1986
f 1945/1945/1945 1946/1946/1946 1987/1987/1987
f 1946/1946/1946 1947/1947/1947 1988/1988/1988
f 1947/1947/1947 1948/1948/1948 1989/1989/1989
f 1948/1948/1948 1949/1949/1949 1990/1990/1990
f 1949/1949/1949 1950/1950/1950 1991/1991/1991
f 1950/1950/1950 1951/1951/1951 1992/1992/1992
f 1951/1951/1951 1952/1952/1952 1993/1993/1993
f 1952/1952/1952 1953/1953/1953 1994/1994/1994
f 1953/1953/1953 1954/1954/1954 1995/1995/1995
f 1954/1954/1954 1955/1955/1955 1996/1996/1996
f 1955/1955/1955 1956/1956/1956 1997/1997/1997
f 1956/1956/1956 1957/1957/1957 1998/1998/1998
f 1957/1957/1957 1958/1958/1958 1999/1999/1999
f 1958/1958/1958 1959/1959/1959 2000/2000/2000
f 1959/1959/1959 1960/1960/1960 2001/2001/2001
f 1960/1960/1960 1961/1961/1961 2002/2002/2002
f 1961/1961/1961 1962/1962/1962 2003/2003/2003
f 1962/1962/1962 1963/1963/1963 2004/2004/2004
f 1963/1963/1963 1964/1964/1964 2005/2005/2005
f 1964/1964/1964 1965/1965/1965 2006/2006/2006
f 1965/1965/1965 1966/1966/1966 2007/2007/2007
f 1966/1966/1966 1967/1967/1967 2008/2008/2008
f 1967/1967/1967 1968/1968/1968 2009/2009/2009
f 1969/1969/1969 1970/1970/1970 2011/2011/2011
f 1970/1970/1970 1971/1971/1971 2012/2012/2012
f 1971/1971/1971 1972/1972/1972 2013/2013/2013
f 1972/1972/1972 1973/1973/1973 2014/2014/2014
f 1973/1973/1973 1974/1974/1974 2015/2015/2015
f 1974/1974/1974 1975/1975/1975 2016/2016/2016
f 1975/1975/1975 1976/1976/1976 2017/2017/2017
f 1976/1976/1976 1977/1977/1977 2018/2018/2018
f 1977/1977/1977 1978/1978/1978 2019/2019/2019
f 1978/1978/1978 1979/1979/1979 2020/2020/2020
f 1979/1979/1979 1980/1980/1980 2021/2021/2021
f 1980/1980/1980 1981/1981/1981 2022/2022/2022
f 1981/1981/1981 1982/1982/1982 2023/2023/2023
f 1982/1982/1982 1983/1983/1983 2024/2024/2024
f 1983/1983/1983 1984/1984/1984 2025/2025/2025
f 1984/1984/1984 1985/1985/1985 2026/2026/2026
f 1985/1985/1985 1986/1986/1986 2027/2027/2027
f 1986/1986/1986 1987/1987/1987 2028/2028/2028
f 1987/1987/1987 1988/1988/1988 2029/2029/2029
f 1988/1988/1988 1989/1989/1989 2030/2030/2030
f 1989/1989/1989 1990/1990/1990 2031/2031/2031
f 1990/1990/1990 1991/1991/1991 2032/2032/2032
f 1991/1991/1991 1992/1992/1992 2033/2033/2033
f 1992/1992/1992 1993/1993/1993 2034/2034/2034
f 1993/1993/1993 1994/1994/1994 2035/2035/2035
f 1994/1994/1994 1995/1995/1995 2036/2036/2036
f 1995/1995/1995 1996/1996/1996 2037/2037/2037
f 1996/1996/1996 1997/1997/1997 2038/2038/2038
f 1997/1997/1997 1998/1998/1998 2039/2039/2039
f 1998/1998/1998 1999/1999/1999 2040/2040/2040
f 1999/1999/1999 2000/2000/2000 2041/2041/2041
f 2000/2000/2000 2001/2001/2001 2042/2042/2042
f 2001/2001/2001 2002/2002/2002 2043/2043/2043
f 2002/2002/2002 2003/2003/2003 2044/2044/2044
f 2003/2003/2003 2004/2004/2004 2045/2045/2045
f 2004/2004/2004 2005/2005/2005 2046/2046/2046
f 2005/2005/2005 2006/2006/2006 2047/2047/2047
f 2006/2006/2006 2007/2007/2007 2048/2048/2048
f 2007/2007/2007 2008/2008/2008 2049/2049/2049
f 2008/2008/2008 2009/2009/2009 2050/2050/2050
f 2010/2010/2010 2011/2011/2011 2052/2052/2052
f 2011/2011/2011 2012/2012/2012 2053/2053/2053
f 2012/2012/2012 2013/2013/2013 2054/2054/2054
f 2013/2013/2013 2014/2014/2014 2055/2055/2055
f 2014/2014/2014 2015/2015/2015 2056/2056/2056
f 2015/2015/2015 2016/2016/2016 2057/2057/2057
f 2016/2016/2016 2017/2017/2017 2058/2058/2058
f 2017/2017/2017 2018/2018/2018 2059/2059/2059
f 2018/2018/2018 2019/2019/2019 2060/2060/2060
f 2019/2019/2019 2020/2020/2020 2061/2061/2061
f 2020/2020/2020 2021/2021/2021 2062/2062/2062
f 2021/2021/2021 2022/2022/2022 2063/2063/2063
f 2022/2022/2022 2023/2023/2023 2064/2064/2064
f 2023/2023/2023 2024/2024/2024 2065/2065/2065
f 2024/2024/2024 2025/2025/2025 2066/2066/2066
f 2025/2025/2025 2026/2026/2026 2067/2067/2067
f 2026/2026/2026 2027/2027/2027 2068/2068/2068
f 2027/2027/2027 2028/2028/2028 2069/2069/2069
f 2028/2028/2028 2029/2029/2029 2070/2070/2070
f 2029/2029/2029 2030/2030/2030 2071/2071/2071
f 2030/2030/2030 2031/2031/2031 2072/2072/2072
f 2031/2031/2031 2032/2032/2032 2073/2073/2073
f 2032/2032/2032 2033/2033/2033 2074/2074/2074
f 2033/2033/2033 2034/2034/2034 2075/2075/2075
f 2034/2034/2034 2035/2035/2035 2076/2076/2076
f 2035/2035/2035 2036/2036/2036 2077/2077/2077
f 2036/2036/2036 2037/2037/2037 2078/2078/2078
f 2037/2037/2037 2038/2038/2038 2079/2079/2079
f 2038/2038/2038 2039/2039/2039 2080/2080/2080
f 2039/2039/2039 2040/2040/2040 2081/2081/2081
f 2040/2040/2040 2041/2041/2041 2082/2082/2082
f 2041/2041/2041 2042/2042/2042 2083/2083/2083
f 2042/2042/2042 2043/2043/2043 2084/2084/2084
f 2043/2043/2043 2044/2044/2044 2085/2085/2085
f 2044/2044/2044 2045/2045/2045 2086/2086/2086
f 2045/2045/2045 2046/2046/2046 2087/2087/2087
f 2046/2046/2046 2047/2047/2047 2088/2088/2088
f 2047/2047/2047 2048/2048/2048 2089/2089/2089
f 2048/2048/2048 2049/2049/2049 2090/2090/2090
f 2049/2049/2049 2050/2050/2050 2091/2091/2091
f 2051/2051/2051 2052/2052/2052 2093/2093/2093
f 2052/2052/2052 2053/2053/2053 2094/2094/2094
f 2053/2053/2053 2054/2054/2054 2095/2095/2095
f 2054/2054/2054 2055/2055/2055 2096/2096/2096
f 2055/2055/2055 2056/2056/2056 2097/2097/2097
f 2056/2056/2056 2057/2057/2057 2098/2098/2098
f 2057/2057/2057 2058/2058/2058 2099/2099/2099
f 2058/2058/2058 2059/2059/2059 2100/2100/2100
f 2059/2059/2059 2060/2060/2060 2101/2101/2101
f 2060/2060/2060 2061/2061/2061 2102/2102/2102
f 2061/2061/2061 2062/2062/2062 2103/2103/2103
f 2062/2062/2062 2063/2063/2063 2104/2104/2104
f 2063/2063/2063 2064/2064/2064 2105/2105/2105
f 2064/2064/2064 2065/2065/2065 2106/2106/2106
f 2065/2065/2065 2066/2066/2066 2107/2107/2107
f 2066/2066/2066 2067/2067/2067 2108/2108/2108
f 2067/2067/2067 2068/2068/2068 2109/2109/2109
f 2068/2068/2068 2069/2069/2069 2110/2110/2110
f 2069/2069/2069 2070/2070/2070 2111/2111/2111
f 2070/2070/2070 2071/2071/2071 2112/2112/2112
f 2071/2071/2071 2072/2072/2072 2113/2113/2113
f 2072/2072/2072 2073/2073/2073 2114/2114/2114
f 2073/2073/2073 2074/2074/2074 2115/2115/2115
f 2074/2074/2074 2075/2075/2075 2116/2116/2116
f 2075/2075/2075 2076/2076/2076 2117/2117/2117
f 2076/2076/2076 2077/2077/2077 2118/2118/2118
f 2077/2077/2077 2078/2078/2078 2119/2119/2119
f 2078/2078/2078 2079/2079/2079 2120/2120/2120
f 2079/2079/2079 2080/2080/2080 2121/2121/2121
f 2080/2080/2080 2081/2081/2081 2122/2122/2122
f 2081/2081/2081 2082/2082/2082 2123/2123/2123
f 2082/2082/2082 2083/2083/2083 2124/2124/2124
f 2083/2083/2083 2084/2084/2084 2125/2125/2125
f 2084/2084/2084 2085/2085/2085 2126/2126/2126
f 2085/2085/2085 2086/2086/2086 2127/2127/2127
f 2086/2086/2086 2087/2087/2087 2128/2128/2128
f 2087/2087/2087 2088/2088/2088 2129/2129/2129
f 2088/2088/2088 2089/2089/2089 2130/2130/2130
f 2089/2089/2089 2090/2090/2090 2131/2131/2131
f 2090/2090/2090 2091/2091/2091 2132/2132/2132
f 2092/2092/2092 2093/2093/2093 2134/2134/2134
f 2093/2093/2093 2094/2094/2094 2135/2135/2135
f 2094/2094/2094 2095/2095/2095 2136/2136/2136
f 2095/2095/2095 2096/2096/2096 2137/2137/2137
f 2096/2096/2096 2097/2097/2097 2138/2138/2138
f 2097/2097/2097 2098/2098/2098 2139/2139/2139
f 2098/2098/2098 2099/2099/2099 2140/2140/2140
f 2099/2099/2099 2100/2100/2100 2141/2141/2141
f 2100/2100/2100 2101/2101/2101 2142/2142/2142
f 2101/2101/2101 2102/2102/2102 2143/2143/2143
f 2102/2102/2102 2103/2103/2103 2144/2144/2144
f 2103/2103/2103 2104/2104/2104 2145/2145/2145
f 2104/2104/2104 2105/2105/2105 2146/2146/2146
f 2105/2105/2105 2106/2106/2106 2147/2147/2147
f 2106/2106/2106 2107/2107/2107 2148/2148/2148
f 2107/2107/2107 2108/2108/2108 2149/2149/2149
f 2108/2108/2108 2109/2109/2109 2150/2150/2150
f 2109/2109/2109 2110/2110/2110 2151/2151/2151
f 2110/2110/2110 2111/2111/2111 2152/2152/2152
f 2111/2111/2111 2112/2112/2112 2153/2153/2153
f 2112/2112/2112 2113/2113/2113 2154/2154/2154
f 2113/2113/2113 2114/2114/2114 2155/2155/2155
f 2114/2114/2114 2115/2115/2115 2156/2156/2156
f 2115/2115/2115 2116/2116/2116 2157/2157/2157
f 2116/2116/2116 2117/2117/2117 2158/2158/2158
f 2117/2117/2117 2118/2118/2118 2159/2159/2159
f 2118/2118/2118 2119/2119/2119 2160/2160/2160
f 2119/2119/2119 2120/2120/2120 2161/2161/2161
f 2120/2120/2120 2121/2121/2121 2162/2162/2162
f 2121/2121/2121 2122/2122/2122 2163/2163/2163
f 2122/2122/2122 2123/2123/2123 2164/2164/2164
f 2123/2123/2123 2124/2124/2124 2165/2165/2165
f 2124/2124/2124 2125/2125/2125 2166/2166/2166
f 2125/2125/2125 2126/2126/2126 2167/2167/2167
f 2126/2126/2126 2127/2127/2127 2168/2168/2168
f 2127/2127/2127 2128/2128/2128 2169/2169/2169
f 2128/2128/2128 2129/2129/2129 2170/2170/2170
f 2129/2129/2129 2130/2130/2130 2171/2171/2171
f 2130/2130/2130 2131/2131/2131 2172/2172/2172
f 2131/2131/2131 2132/2132/2132 2173/2173/2173
f 1477/1477/1477 1519/1519/1519 1518/1518/1518
f 1478/1478/1478 1520/1520/1520 1519/1519/1519
f 1479/1479/1479 1521/1521/1521 1520/1520/1520
f 1480/1480/1480 1522/1522/1522 1521/1521/1521
f 1481/1481/1481 1523/1523/1523 1522/1522/1522
f 1482/1482/1482 1524/1524/1524 1523/1523/1523
f 1483/1483/1483 1525/1525/1525 1524/1524/1524
f 1484/1484/1484 1526/1526/1526 1525/1525/1525
f 1485/1485/1485 1527/1527/1527 1526/1526/1526
f 1486/1486/1486 1528/1528/1528 1527/1527/1527
f 1487/1487/1487 1529/1529/1529 1528/1528/1528
f 1488/1488/1488 1530/1530/1530 1529/1529/1529
f 1489/1489/1489 1531/1531/1531 1530/1530/1530
f 1490/1490/1490 1532/1532/1532 1531/1531/1531
f 1491/1491/1491 1533/1533/1533 1532/1532/1532
f 1492/1492/1492 1534/1534/1534 1533/1533/1533
f 1493/1493/1493 1535/1535/1535 1534/1534/1534
f 1494/1494/1494 1536/1536/1536 1535/1535/1535
f 1495/1495/1495 1537/1537/1537 1536/1536/1536
f 1496/1496/1496 1538/1538/1538 1537/1537/1537
f 1497/1497/1497 1539/1539/1539 1538/1538/1538
f 1498/1498/1498 1540/1540/1540 1539/1539/1539
f 1499/1499/1499 1541/1541/1541 1540/1540/1540
f 1500/1500/1500 1542/1542/1542 1541/1541/1541
f 1501/1501/1501 1543/1543/1543 1542/1542/1542
f 1502/1502/1502 1544/1544/1544 1543/1543/1543
f 1503/1503/1503 1545/1545/1545 1544/1544/1544
f 1504/1504/1504 1546/1546/1546 1545/1545/1545
f 1505/1505/1505 1547/1547/1547 1546/1546/1546
f 1506/1506/1506 1548/1548/1548 1547/1547/1547
f 1507/1507/1507 1549/1549/1549 1548/1548/1548
f 1508/1508/1508 1550/1550/1550 1549/1549/1549
f 1509/1509/1509 1551/1551/1551 1550/1550/1550
f 1510/1510/1510 1552/1552/1552 1551/1551/1551
f 1511/1511/1511 1553/1553/1553 1552/1552/1552
f 1512/1512/1512 1554/1554/1554 1553/1553/1553
f 1513/1513/1513 1555/1555/1555 1554/1554/1554
f 1514/1514/1514 1556/1556/1556 1555/1555/1555
f 1515/1515/1515 1557/1557/1557 1556/1556/1556
f 1516/1516/1516 1558/1558/1558 1557/1557/1557
f 1518/1518/1518 1560/1560/1560 1559/1559/1559
f 1519/1519/1519 1561/1561/1561 1560/1560/1560
f 1520/1520/1520 1562/1562/1562 1561/1561/1561
f 1521/1521/1521 1563/1563/1563 1562/1562/1562
f 1522/1522/1522 1564/1564/1564 1563/1563/1563
f 1523/1523/1523 1565/1565/1565 1564/1564/1564
f 1524/1524/1524 1566/1566/1566 1565/1565/1565
f 1525/1525/1525 1567/1567/1567 1566/1566/1566
f 1526/1526/1526 1568/1568/1568 1567/1567/1567
f 1527/1527/1527 1569/1569/1569 1568/1568/1568
f 1528/1528/1528 1570/1570/1570 1569/1569/1569
f 1529/1529/1529 1571/1571/1571 1570/1570/1570
f 1530/1530/1530 1572/1572/1572 1571/1571/1571
f 1531/1531/1531 1573/1573/1573 1572/1572/1572
f 1532/1532/1532 1574/1574/1574 1573/1573/1573
f 1533/1533/1533 1575/1575/1575 1574/1574/1574
f 1534/1534/1534 1576/1576/1576 1575/1575/1575
f 1535/1535/1535 1577/1577/1577 1576/1576/1576
f 1536/1536/1536 1578/1578/1578 1577/1577/1577
f 1537/1537/1537 1579/1579/1579 1578/1578/1578
f 1538/1538/1538 1580/1580/1580 1579/1579/1579
f 1539/1539/1539 1581/1581/1581 1580/1580/1580
f 1540/1540/1540 1582/1582/1582 1581/1581/1581
f 1541/1541/1541 1583/1583/1583 1582/1582/1582
f 1542/1542/1542 1584/1584/1584 1583/1583/1583
f 1543/1543/1543 1585/1585/1585 1584/1584/1584
f 1544/1544/1544 1586/1586/1586 1585/1585/1585
f 1545/1545/1545 1587/1587/1587 1586/1586/1586
f 1546/1546/1546 1588/1588/1588 1587/1587/1587
f 1547/1547/1547 1589/1589/1589 1588/1588/1588
f 1548/1548/1548 1590/1590/1590 1589/1589/1589
f 1549/1549/1549 1591/1591/1591 1590/1590/1590
f 1550/1550/1550 1592/1592/1592 1591/1591/1591
f 1551/1551/1551 1593/1593/1593 1592/1592/1592
f 1552/1552/1552 1594/1594/1594 1593/1593/1593
f 1553/1553/1553 1595/1595/1595 1594/1594/1594
f 1554/1554/1554 1596/1596/1596 1595/1595/1595
f 1555/1555/1555 1597/1597/1597 1596/1596/1596
f 1556/1556/1556 1598/1598/1598 1597/1597/1597
f 1557/1557/1557 1599/1599/1599 1598/1598/1598
f 1559/1559/1559 1601/1601/1601 1600/1600/1600
f 1560/1560/1560 1602/1602/1602 1601/1601/1601
f 1561/1561/1561 1603/1603/1603 1602/1602/1602
f 1562/1562/1562 1604/1604/1604 1603/1603/1603
f 1563/1563/1563 1605/1605/1605 1604/1604/1604
f 1564/1564/1564 1606/1606/1606 1605/1605/1605
f 1565/1565/1565 1607/1607/1607 1606/1606/1606
f 1566/1566/1566 1608/1608/1608 1607/1607/1607
f 1567/1567/1567 1609/1609/1609 1608/1608/1608
f 1568/1568/1568 1610/1610/1610 1609/1609/1609
f 1569/1569/1569 1611/1611/1611 1610/1610/1610
f 1570/1570/1570 1612/1612/1612 1611/1611/1611
f 1571/1571/1571 1613/1613/1613 1612/1612/1612
f 1572/1572/1572 1614/1614/1614 1613/1613/1613
f 1573/1573/1573 1615/1615/1615 1614/1614/1614
f 1574/1574/1574 1616/1616/1616 1615/1615/1615
f 1575/1575/1575 1617/1617/1617 1616/1616/1616
f 1576/1576/1576 1618/1618/1618 1617/1617/1617
f 1577/1577/1577 1619/1619/1619 1618/1618/1618
f 1578/1578/1578 1620/1620/1620 1619/1619/1619
f 1579/1579/1579 1621/1621/1621 1620/1620/1620
f 1580/1580/1580 1622/1622/1622 1621/1621/1621
f 1581/1581/1581 1623/1623/1623 1622/1622/1622
f 1582/1582/1582 1624/1624/1624 1623/1623/1623
f 1583/1583/1583 1625/1625/1625 1624/1624/1624
f 1584/1584/1584 1626/1626/1626 1625/1625/1625
f 1585/1585/1585 1627/1627/1627 1626/1626/1626
f 1586/1586/1586 1628/1628/1628 1627/1627/1627
f 1587/1587/1587 1629/1629/1629 1628/1628/1628
f 1588/1588/1588 1630/1630/1630 1629/1629/1629
f 1589/1589/1589 1631/1631/1631 1630/1630/1630
f 1590/1590/1590 1632/1632/1632 1631/1631/1631
f 1591/1591/1591 1633/1633/1633 1632/1632/1632
f 1592/1592/1592 1634/1634/1634 1633/1633/1633
f 1593/1593/1593 1635/1635/1635 1634/1634/1634
f 1594/1594/1594 1636/1636/1636 1635/1635/1635
f 1595/1595/1595 1637/1637/1637 1636/1636/1636
f 1596/1596/1596 1638/1638/1638 1637/1637/1637
f 1597/1597/1597 1639/1639/1639 1638/1638/1638
f 1598/1598/1598 1640/1640/1640 1639/1639/1639
f 1600/1600/1600 1642/1642/1642 1641/1641/1641
f 1601/1601/1601 1643/1643/1643 1642/1642/1642
f 1602/1602/1602 1644/1644/1644 1643/1643/1643
f 1603/1603/1603 1645/1645/1645 1644/1644/1644
f 1604/1604/1604 1646/1646/1646 1645/1645/1645
f 1605/1605/1605 1647/1647/1647 1646/1646/1646
f 1606/1606/1606 1648/1648/1648 1647/1647/1647
f 1607/1607/1607 1649/1649/1649 1648/1648/1648
f 1608/1608/1608 1650/1650/1650 1649/1649/1649
f 1609/1609/1609 1651/1651/1651 1650/1650/1650
f 1610/1610/1610 1652/1652/1652 1651/1651/1651
f 1611/1611/1611 1653/1653/1653 1652/1652/1652
f 1612/1612/1612 1654/1654/1654 1653/1653/1653
f 1613/1613/1613 1655/1655/1655 1654/1654/1654
f 1614/1614/1614 1656/1656/1656 1655/1655/1655
f 1615/1615/1615 1657/1657/1657 1656/1656/1656
f 1616/1616/1616 1658/1658/1658 1657/1657/1657
f 1617/1617/1617 1659/1659/1659 1658/1658/1658
f 1618/1618/1618 1660/1660/1660 1659/1659/1659
f 1619/1619/1619 1661/1661/1661 1660/1660/1660
f 1620/1620/1620 1662/1662/1662 1661/1661/1661
f 1621/1621/1621 1663/1663/1663 1662/1662/1662
f 1622/1622/1622 1664/1664/1664 1663/1663/1663
f 1623/1623/1623 1665/1665/1665 1664/1664/1664
f 1624/1624/1624 1666/1666/1666 1665/1665/1665
f 1625/1625/1625 1667/1667/1667 1666/1666/1666
f 1626/1626/1626 1668/1668/1668 1667/1667/1667
f 1627/1627/1627 1669/1669/1669 1668/1668/1668
f 1628/1628/1628 1670/1670/1670 1669/1669/1669
f 1629/1629/1629 1671/1671/1671 1670/1670/1670
f 1630/1630/1630 1672/1672/1672 1671/1671/1671
f 1631/1631/1631 1673/1673/1673 1672/1672/1672
f 1632/1632/1632 1674/1674/1674 1673/1673/1673
f 1633/1633/1633 1675/1675/1675 1674/1674/1674
f 1634/1634/1634 1676/1676/1676 1675/1675/1675
f 1635/1635/1635 1677/1677/1677 1676/1676/1676
f 1636/1636/1636 1678/1678/1678 1677/1677/1677
f 1637/1637/1637 1679/1679/1679 1678/1678/1678
f 1638/1638/1638 1680/1680/1680 1679/1679/1679
f 1639/1639/1639 1681/1681/1681 1680/1680/1680
f 1641/1641/1641 1683/1683/1683 1682/1682/1682
f 1642/1642/1642 1684/1684/1684 1683/1683/1683
f 1643/1643/1643 1685/1685/1685 1684/1684/1684
f 1644/1644/1644 1686/1686/1686 1685/1685/1685
f 1645/1645/1645 1687/1687/1687 1686/1686/1686
f 1646/1646/1646 1688/1688/1688 1687/1687/1687
f 1647/1647/1647 1689/1689/1689 1688/1688/1688
f 1648/1648/1648 1690/1690/1690 1689/1689/1689
f 1649/1649/1649 1691/1691/1691 1690/1690/1690
f 1650/1650/1650 1692/1692/1692 1691/1691/1691
f 1651/1651/1651 1693/1693/1693 1692/1692/1692
f 1652/1652/1652 1694/1694/1694 1693/1693/1693
f 1653/1653/1653 1695/1695/1695 1694/1694/1694
f 1654/1654/1654 1696/1696/1696 1695/1695/1695
f 1655/1655/1655 1697/1697/1697 1696/1696/1696
f 1656/1656/1656 1698/1698/1698 1697/1697/1697
f 1657/1657/1657 1699/1699/1699 1698/1698/1698
f 1658/1658/1658 1700/1700/1700 1699/1699/1699
f 1659/1659/1659 1701/1701/1701 1700/1700/1700
f 1660/1660/1660 1702/1702/1702 1701/1701/1701
f 1661/1661/1661 1703/1703/1703 1702/1702/1702
f 1662/1662/1662 1704/1704/1704 1703/1703/1703
f 1663/1663/1663 1705/1705/1705 1704/1704/1704
f 1664/1664/1664 1706/1706/1706 1705/1705/1705
f 1665/1665/1665 1707/1707/1707 1706/1706/1706
f 1666/1666/1666 1708/1708/1708 1707/1707/1707
f 1667/1667/1667 1709/1709/1709 1708/1708/1708
f 1668/1668/1668 1710/1710/1710 1709/1709/1709
f 1669/1669/1669 1711/1711/1711 1710/1710/1710
f 1670/1670/1670 1712/1712/1712 1711/1711/1711
f 1671/1671/1671 1713/1713/1713 1712/1712/1712
f 1672/1672/1672 1714/1714/1714 1713/1713/1713
f 1673/1673/1673 1715/1715/1715 1714/1714/1714
f 1674/1674/1674 1716/1716/1716 1715/1715/1715
f 1675/1675/1675 1717/1717/1717 1716/1716/1716
f 1676/1676/1676 1718/1718/1718 1717/1717/1717
f 1677/1677/1677 1719/1719/1719 1718/1718/1718
f 1678/1678/1678 1720/1720/1720 1719/1719/1719
f 1679/1679/1679 1721/1721/1721 1720/1720/1720
f 1680/1680/1680 1722/1722/1722 1721/1721/1721
f 1682/1682/1682 1724/1724/1724 1723/1723/1723
f 1683/1683/1683 1725/1725/1725 1724/1724/1724
f 1684/1684/1684 1726/1726/1726 1725/1725/1725
f 1685/1685/1685 1727/1727/1727 1726/1726/1726
f 1686/1686/1686 1728/1728/1728 1727/1727/1727
f 1687/1687/1687 1729/1729/1729 1728/1728/1728
f 1688/1688/1688 1730/1730/1730 1729/1729/1729
f 1689/1689/1689 1731/1731/1731 1730/1730/1730
f 1690/1690/1690 1732/1732/1732 1731/1731/1731
f 1691/1691/1691 1733/1733/1733 1732/1732/1732
f 1692/1692/1692 1734/1734/1734 1733/1733/1733
f 1693/1693/1693 1735/1735/1735 1734/1734/1734
f 1694/1694/1694 1736/1736/1736 1735/1735/1735
f 1695/1695/1695 1737/1737/1737 1736/1736/1736
f 1696/1696/1696 1738/1738/1738 1737/1737/1737
f 1697/1697/1697 1739/1739/1739 1738/1738/1738
f 1698/1698/1698 1740/1740/1740 1739/1739/1739
f 1699/1699/1699 1741/1741/1741 1740/1740/1740
f 1700/1700/1700 1742/1742/1742 1741/1741/1741
f 1701/1701/1701 1743/1743/1743 1742/1742/1742
f 1702/1702/1702 1744/1744/1744 1743/1743/1743
f 1703/1703/1703 1745/1745/1745 1744/1744/1744
f 1704/1704/1704 1746/1746/1746 1745/1745/1745
f 1705/1705/1705 1747/1747/1747 1746/1746/1746
f 1706/1706/1706 1748/1748/1748 1747/1747/1747
f 1707/1707/1707 1749/1749/1749 1748/1748/1748
f 1708/1708/1708 1750/1750/1750 1749/1749/1749
f 1709/1709/1709 1751/1751/1751 1750/1750/1750
f 1710/1710/1710 1752/1752/1752 1751/1751/1751
f 1711/1711/1711 1753/1753/1753 1752/1752/1752
f 1712/1712/1712 1754/1754/1754 1753/1753/1753
f 1713/1713/1713 1755/1755/1755 1754/1754/1754
f 1714/1714/1714 1756/1756/1756 1755/1755/1755
f 1715/1715/1715 1757/1757/1757 1756/1756/1756
f 1716/1716/1716 1758/1758/1758 1757/1757/1757
f 1717/1717/1717 1759/1759/1759 1758/1758/1758
f 1718/1718/1718 1760/1760/1760 1759/1759/1759
f 1719/1719/1719 1761/1761/1761 1760/1760/1760
f 1720/1720/1720 1762/1762/1762 1761/1761/1761
f 1721/1721/1721 1763/1763/1763 1762/1762/1762
f 1723/1723/1723 1765/1765/1765 1764/1764/1764
f 1724/1724/1724 1766/1766/1766 1765/1765/1765
f 1725/1725/1725 1767/1767/1767 1766/1766/1766
f 1726/1726/1726 1768/1768/1768 1767/1767/1767
f 1727/1727/1727 1769/1769/1769 1768/1768/1768
f 1728/1728/1728 1770/1770/1770 1769/1769/1769
f 1729/1729/1729 1771/1771/1771 1770/1770/1770
f 1730/1730/1730 1772/1772/1772 1771/1771/1771
f 1731/1731/1731 1773/1773/1773 1772/1772/1772
f 1732/1732/1732 1774/1774/1774 1773/1773/1773
f 1733/1733/1733 1775/1775/1775 1774/1774/1774
f 1734/1734/1734 1776/1776/1776 1775/1775/1775
f 1735/1735/1735 1777/1777/1777 1776/1776/1776
f 1736/1736/1736 1778/1778/1778 1777/1777/1777
f 1737/1737/1737 1779/1779/1779 1778/1778/1778
f 1738/1738/1738 1780/1780/1780 1779/1779/1779
f 1739/1739/1739 1781/1781/1781 1780/1780/1780
f 1740/1740/1740 1782/1782/1782 1781/1781/1781
f 1741/1741/1741 1783/1783/1783 1782/1782/1782
f 1742/1742/1742 1784/1784/1784 1783/1783/1783
f 1743/1743/1743 1785/1785/1785 1784/1784/1784
f 1744/1744/1744 1786/1786/1786 1785/1785/1785
f 1745/1745/1745 1787/1787/1787 1786/1786/1786
f 1746/1746/1746 1788/1788/1788 1787/1787/1787
f 1747/1747/1747 1789/1789/1789 1788/1788/1788
f 1748/1748/1748 1790/1790/1790 1789/1789/1789
f 1749/1749/1749 1791/1791/1791 1790/1790/1790
f 1750/1750/1750 1792/1792/1792 1791/1791/1791
f 1751/1751/1751 1793/1793/1793 1792/1792/1792
f 1752/1752/1752 1794/1794/1794 1793/1793/1793
f 1753/1753/1753 1795/1795/1795 1794/1794/1794
f 1754/1754/1754 1796/1796/1796 1795/1795/1795
f 1755/1755/1755 1797/1797/1797 1796/1796/1796
f 1756/1756/1756 1798/1798/1798 1797/1797/1797
f 1757/1757/1757 1799/1799/1799 1798/1798/1798
f 1758/1758/1758 1800/1800/1800 1799/1799/1799
f 1759/1759/1759 1801/1801/1801 1800/1800/1800
f 1760/1760/1760 1802/1802/1802 1801/1801/1801
f 1761/1761/1761 1803/1803/1803 1802/1802/1802
f 1762/1762/1762 1804/1804/1804 1803/1803/1803
f 1764/1764/1764 1806/1806/1806 1805/1805/1805
f 1765/1765/1765 1807/1807/1807 1806/1806/1806
f 1766/1766/1766 1808/1808/1808 1807/1807/1807
f 1767/1767/1767 1809/1809/1809 1808/1808/1808
f 1768/1768/1768 1810/1810/1810 1809/1809/1809
f 1769/1769/1769 1811/1811/1811 1810/1810/1810
f 1770/1770/1770 1812/1812/1812 1811/1811/1811
f 1771/1771/1771 1813/1813/1813 1812/1812/1812
f 1772/1772/1772 1814/1814/1814 1813/1813/1813
f 1773/1773/1773 1815/1815/1815 1814/1814/1814
f 1774/1774/1774 1816/1816/1816 1815/1815/1815
f 1775/1775/1775 1817/1817/1817 1816/1816/1816
f 1776/1776/1776 1818/1818/1818 1817/1817/1817
f 1777/1777/1777 1819/1819/1819 1818/1818/1818
f 1778/1778/1778 1820/1820/1820 1819/1819/1819
f 1779/1779/1779 1821/1821/1821 1820/1820/1820
f 1780/1780/1780 1822/1822/1822 1821/1821/1821
f 1781/1781/1781 1823/1823/1823 1822/1822/1822
f 1782/1782/1782 1824/1824/1824 1823/1823/1823
f 1783/1783/1783 1825/1825/1825 1824/1824/1824
f 1784/1784/1784 1826/1826/1826 1825/1825/1825
f 1785/1785/1785 1827/1827/1827 1826/1826/1826
f 1786/1786/1786 1828/1828/1828 1827/1827/1827
f 1787/1787/1787 1829/1829/1829 1828/1828/1828
f 1788/1788/1788 1830/1830/1830 1829/1829/1829
f 1789/1789/1789 1831/1831/1831 1830/1830/1830
f 1790/1790/1790 1832/1832/1832 1831/1831/1831
f 1791/1791/1791 1833/1833/1833 1832/1832/1832
f 1792/1792/1792 1834/1834/1834 1833/1833/1833
f 1793/1793/1793 1835/1835/1835 1834/1834/1834
f 1794/1794/1794 1836/1836/1836 1835/1835/1835
f 1795/1795/1795 1837/1837/1837 1836/1836/1836
f 1796/1796/1796 1838/1838/1838 1837/1837/1837
f 1797/1797/1797 1839/1839/1839 1838/1838/1838
f 1798/1798/1798 1840/1840/1840 1839/1839/1839
f 1799/1799/1799 1841/1841/1841 1840/1840/1840
f 1800/1800/1800 1842/1842/1842 1841/1841/1841
f 1801/1801/1801 1843/1843/1843 1842/1842/1842
f 1802/1802/1802 1844/1844/1844 1843/1843/1843
f 1803/1803/1803 1845/1845/1845 1844/1844/1844
f 1805/1805/1805 1847/1847/1847 1846/1846/1846
f 1806/1806/1806 1848/1848/1848 1847/1847/1847
f 1807/1807/1807 1849/1849/1849 1848/1848/1848
f 1808/1808/1808 1850/1850/1850 1849/1849/1849
f 1809/1809/1809 1851/1851/1851 1850/1850/1850
f 1810/1810/1810 1852/1852/1852 1851/1851/1851
f 1811/1811/1811 1853/1853/1853 1852/1852/1852
f 1812/1812/1812 1854/1854/1854 1853/1853/1853
f 1813/1813/1813 1855/1855/1855 1854/1854/1854
f 1814/1814/1814 1856/1856/1856 1855/1855/1855
f 1815/1815/1815 1857/1857/1857 1856/1856/1856
f 1816/1816/1816 1858/1858/1858 1857/1857/1857
f 1817/1817/1817 1859/1859/1859 1858/1858/1858
f 1818/1818/1818 1860/1860/1860 1859/1859/1859
f 1819/1819/1819 1861/1861/1861 1860/1860/1860
f 1820/1820/1820 1862/1862/1862 1861/1861/1861
f 1821/1821/1821 1863/1863/1863 1862/1862/1862
f 1822/1822/1822 1864/1864/1864 1863/1863/1863
f 1823/1823/1823 1865/1865/1865 1864/1864/1864
f 1824/1824/1824 1866/1866/1866 1865/1865/1865
f 1825/1825/1825 1867/1867/1867 1866/1866/1866
f 1826/1826/1826 1868/1868/1868 1867/1867/1867
f 1827/1827/1827 1869/1869/1869 1868/1868/1868
f 1828/1828/1828 1870/1870/1870 1869/1869/1869
f 1829/1829/1829 1871/1871/1871 1870/1870/1870
f 1830/1830/1830 1872/1872/1872 1871/1871/1871
f 1831/1831/1831 1873/1873/1873 1872/1872/1872
f 1832/1832/1832 1874/1874/1874 1873/1873/1873
f 1833/1833/1833 1875/1875/1875 1874/1874/1874
f 1834/1834/1834 1876/1876/1876 1875/1875/1875
f 1835/1835/1835 1877/1877/1877 1876/1876/1876
f 1836/1836/1836 1878/1878/1878 1877/1877/1877
f 1837/1837/1837 1879/1879/1879 1878/1878/1878
f 1838/1838/1838 1880/1880/1880 1879/1879/1879
f 1839/1839/1839 1881/1881/1881 1880/1880/1880
f 1840/1840/1840 1882/1882/1882 1881/1881/1881
f 1841/1841/1841 1883/1883/1883 1882/1882/1882
f 1842/1842/1842 1884/1884/1884 1883/1883/1883
f 1843/1843/1843 1885/1885/1885 1884/1884/1884
f 1844/1844/1844 1886/1886/1886 1885/1885/1885
f 1846/1846/1846 1888/1888/1888 1887/1887/1887
f 1847/1847/1847 1889/1889/1889 1888/1888/1888
f 1848/1848/1848 1890/1890/1890 1889/1889/1889
f 1849/1849/1849 1891/1891/1891 1890/1890/1890
f 1850/1850/1850 1892/1892/1892 1891/1891/1891
f 1851/1851/1851 1893/1893/1893 1892/1892/1892
f 1852/1852/1852 1894/1894/1894 1893/1893/1893
f 1853/1853/1853 1895/1895/1895 1894/1894/1894
f 1854/1854/1854 1896/1896/1896 1895/1895/1895
f 1855/1855/1855 1897/1897/1897 1896/1896/1896
f 1856/1856/1856 1898/1898/1898 1897/1897/1897
f 1857/1857/1857 1899/1899/1899 1898/1898/1898
f 1858/1858/1858 1900/1900/1900 1899/1899/1899
f 1859/1859/1859 1901/1901/1901 1900/1900/1900
f 1860/1860/1860 1902/1902/1902 1901/1901/1901
f 1861/1861/1861 1903/1903/1903 1902/1902/1902
f 1862/1862/1862 1904/1904/1904 1903/1903/1903
f 1863/1863/1863 1905/1905/1905 1904/1904/1904
f 1864/1864/1864 1906/1906/1906 1905/1905/1905
f 1865/1865/1865 1907/1907/1907 1906/1906/1906
f 1866/1866/1866 1908/1908/1908 1907/1907/1907
f 1867/1867/1867 1909/1909/1909 1908/1908/1908
f 1868/1868/1868 1910/1910/1910 1909/1909/1909
f 1869/1869/1869 1911/1911/1911 1910/1910/1910
f 1870/1870/1870 1912/1912/1912 1911/1911/1911
f 1871/1871/1871 1913/1913/1913 1912/1912/1912
f 1872/1872/1872 1914/1914/1914 1913/1913/1913
f 1873/1873/1873 1915/1915/1915 1914/1914/1914
f 1874/1874/1874 1916/1916/1916 1915/1915/1915
f 1875/1875/1875 1917/1917/1917 1916/1916/1916
f 1876/1876/1876 1918/1918/1918 1917/1917/1917
f 1877/1877/1877 1919/1919/1919 1918/1918/1918
f 1878/1878/1878 1920/1920/1920 1919/1919/1919
f 1879/1879/1879 1921/1921/1921 1920/1920/1920
f 1880/1880/1880 1922/1922/1922 1921/1921/1921
f 1881/1881/1881 1923/1923/1923 1922/1922/1922
f 1882/1882/1882 1924/1924/1924 1923/1923/1923
f 1883/1883/1883 1925/1925/1925 1924/1924/1924
f 1884/1884/1884 1926/1926/1926 1925/1925/1925
f 1885/1885/1885 1927/1927/1927 1926/1926/1926
f 1887/1887/1887 1929/1929/1929 1928/1928/1928
f 1888/1888/1888 1930/1930/1930 1929/1929/1929
f 1889/1889/1889 1931/1931/1931 1930/1930/1930
f 1890/1890/1890 1932/1932/1932 1931/1931/1931
f 1891/1891/1891 1933/1933/1933 1932/1932/1932
f 1892/1892/1892 1934/1934/1934 1933/1933/1933
f 1893/1893/1893 1935/1935/1935 1934/1934/1934
f 1894/1894/1894 1936/1936/1936 1935/1935/1935
f 1895/1895/1895 1937/1937/1937 1936/1936/1936
f 1896/1896/1896 1938/1938/1938 1937/1937/1937
f 1897/1897/1897 1939/1939/1939 1938/1938/1938
f 1898/1898/1898 1940/1940/1940 1939/1939/1939
f 1899/1899/1899 1941/1941/1941 1940/1940/1940
f 1900/1900/1900 1942/1942/1942 1941/1941/1941
f 1901/1901/1901 1943/1943/1943 1942/1942/1942
f 1902/1902/1902 1944/1944/1944 1943/1943/1943
f 1903/1903/1903 1945/1945/1945 1944/1944/1944
f 1904/1904/1904 1946/1946/1946 1945/1945/1945
f 1905/1905/1905 1947/1947/1947 1946/1946/1946
f 1906/1906/1906 1948/1948/1948 1947/1947/1947
f 1907/1907/1907 1949/1949/1949 1948/1948/1948
f 1908/1908/1908 1950/1950/1950 1949/1949/1949
f 1909/1909/1909 1951/1951/1951 1950/1950/1950
f 1910/1910/1910 1952/1952/1952 1951/1951/1951
f 1911/1911/1911 1953/1953/1953 1952/1952/1952
f 1912/1912/1912 1954/1954/1954 1953/1953/1953
f 1913/1913/1913 1955/1955/1955 1954/1954/1954
f 1914/1914/1914 1956/1956/1956 1955/1955/1955
f 1915/1915/1915 1957/1957/1957 1956/1956/1956
f 1916/1916/1916 1958/1958/1958 1957/1957/1957
f 1917/1917/1917 1959/1959/1959 1958/1958/1958
f 1918/1918/1918 1960/1960/1960 1959/1959/1959
f 1919/1919/1919 1961/1961/1961 1960/1960/1960
f 1920/1920/1920 1962/1962/1962 1961/1961/1961
f 1921/1921/1921 1963/1963/1963 1962/1962/1962
f 1922/1922/1922 1964/1964/1964 1963/1963/1963
f 1923/1923/1923 1965/1965/1965 1964/1964/1964
f 1924/1924/1924 1966/1966/1966 1965/1965/1965
f 1925/1925/1925 1967/1967/1967 1966/1966/1966
f 1926/1926/1926 1968/1968/1968 1967/1967/1967
f 1928/1928/1928 1970/1970/1970 1969/1969/1969
f 1929/1929/1929 1971/1971/1971 1970/1970/1970
f 1930/1930/1930 1972/1972/1972 1971/1971/1971
f 1931/1931/1931 1973/1973/1973 1972/1972/1972
f 1932/1932/1932 1974/1974/1974 1973/1973/1973
f 1933/1933/1933 1975/1975/1975 1974/1974/1974
f 1934/1934/1934 1976/1976/1976 1975/1975/1975
f 1935/1935/1935 1977/1977/1977 1976/1976/1976
f 1936/1936/1936 1978/1978/1978 1977/1977/1977
f 1937/1937/1937 1979/1979/1979 1978/1978/1978
f 1938/1938/1938 1980/1980/1980 1979/1979/1979
f 1939/1939/1939 1981/1981/1981 1980/1980/1980
f 1940/1940/1940 1982/1982/1982 1981/1981/1981
f 1941/1941/1941 1983/1983/1983 1982/1982/1982
f 1942/1942/1942 1984/1984/1984 1983/1983/1983
f 1943/1943/1943 1985/1985/1985 1984/1984/1984
f 1944/1944/1944 1986/1986/1986 1985/1985/1985
f 1945/1945/1945 1987/1987/1987 1986/1986/1986
f 1946/1946/1946 1988/1988/1988 1987/1987/1987
f 1947/1947/1947 1989/1989/1989 1988/1988/1988
f 1948/1948/1948 1990/1990/1990 1989/1989/1989
f 1949/1949/1949 1991/1991/1991 1990/1990/1990
f 1950/1950/1950 1992/1992/1992 1991/1991/1991
f 1951/1951/1951 1993/1993/1993 1992/1992/1992
f 1952/1952/1952 1994/1994/1994 1993/1993/1993
f 1953/1953/1953 1995/1995/1995 1994/1994/1994
f 1954/1954/1954 1996/1996/1996 1995/1995/1995
f 1955/1955/1955 1997/1997/1997 1996/1996/1996
f 1956/1956/1956 1998/1998/1998 1997/1997/1997
f 1957/1957/1957 1999/1999/1999 1998/1998/1998
f 1958/1958/1958 2000/2000/2000 1999/1999/1999
f 1959/1959/1959 2001/2001/2001 2000/2000/2000
f 1960/1960/1960 2002/2002/2002 2001/2001/2001
f 1961/1961/1961 2003/2003/2003 2002/2002/2002
f 1962/1962/1962 2004/2004/2004 2003/2003/2003
f 1963/1963/1963 2005/2005/2005 2004/2004/2004
f 1964/1964/1964 2006/2006/2006 2005/2005/2005
f 1965/1965/1965 2007/2007/2007 2006/2006/2006
f 1966/1966/1966 2008/2008/2008 2007/2007/2007
f 1967/1967/1967 2009/2009/2009 2008/2008/2008
f 1969/1969/1969 2011/2011/2011 2010/2010/2010
f 1970/1970/1970 2012/2012/2012 2011/2011/2011
f 1971/1971/1971 2013/2013/2013 2012/2012/2012
f 1972/1972/1972 2014/2014/2014 2013/2013/2013
f 1973/1973/1973 2015/2015/2015 2014/2014/2014
f 1974/1974/1974 2016/2016/2016 2015/2015/2015
f 1975/1975/1975 2017/2017/2017 2016/2016/2016
f 1976/1976/1976 2018/2018/2018 2017/2017/2017
f 1977/1977/1977 2019/2019/2019 2018/2018/2018
f 1978/1978/1978 2020/2020/2020 2019/2019/2019
f 1979/1979/1979 2021/2021/2021 2020/2020/2020
f 1980/1980/1980 2022/2022/2022 2021/2021/2021
f 1981/1981/1981 2023/2023/2023 2022/2022/2022
f 1982/1982/1982 2024/2024/2024 2023/2023/2023
f 1983/1983/1983 2025/2025/2025 2024/2024/2024
f 1984/1984/1984 2026/2026/2026 2025/2025/2025
f 1985/1985/1985 2027/2027/2027 2026/2026/2026
f 1986/1986/1986 2028/2028/2028 2027/2027/2027
f 1987/1987/1987 2029/2029/2029 2028/2028/2028
f 1988/1988/1988 2030/2030/2030 2029/2029/2029
f 1989/1989/1989 2031/2031/2031 2030/2030/2030
f 1990/1990/1990 2032/2032/2032 2031/2031/2031
f 1991/1991/1991 2033/2033/2033 2032/2032/2032
f 1992/1992/1992 2034/2034/2034 2033/2033/2033
f 1993/1993/1993 2035/2035/2035 2034/2034/2034
f 1994/1994/1994 2036/2036/2036 2035/2035/2035
f 1995/1995/1995 2037/2037/2037 2036/2036/2036
f 1996/1996/1996 2038/2038/2038 2037/2037/2037
f 1997/1997/1997 2039/2039/2039 2038/2038/2038
f 1998/1998/1998 2040/2040/2040 2039/2039/2039
f 1999/1999/1999 2041/2041/2041 2040/2040/2040
f 2000/2000/2000 2042/2042/2042 2041/2041/2041
f 2001/2001/2001 2043/2043/2043 2042/2042/2042
f 2002/2002/2002 2044/2044/2044 2043/2043/2043
f 2003/2003/2003 2045/2045/2045 2044/2044/2044
f 2004/2004/2004 2046/2046/2046 2045/2045/2045
f 2005/2005/2005 2047/2047/2047 2046/2046/2046
f 2006/2006/2006 2048/2048/2048 2047/2047/2047
f 2007/2007/2007 2049/2049/2049 2048/2048/2048
f 2008/2008/2008 2050/2050/2050 2049/2049/2049
f 2010/2010/2010 2052/2052/2052 2051/2051/2051
f 2011/2011/2011 2053/2053/2053 2052/2052/2052
f 2012/2012/2012 2054/2054/2054 2053/2053/2053
f 2013/2013/2013 2055/2055/2055 2054/2054/2054
f 2014/2014/2014 2056/2056/2056 2055/2055/2055
f 2015/2015/2015 2057/2057/2057 2056/2056/2056
f 2016/2016/2016 2058/2058/2058 2057/2057/2057
f 2017/2017/2017 2059/2059/2059 2058/2058/2058
f 2018/2018/2018 2060/2060/2060 2059/2059/2059
f 2019/2019/2019 2061/2061/2061 2060/2060/2060
f 2020/2020/2020 2062/2062/2062 2061/2061/2061
f 2021/2021/2021 2063/2063/2063 2062/2062/2062
f 2022/2022/2022 2064/2064/2064 2063/2063/2063
f 2023/2023/2023 2065/2065/2065 2064/2064/2064
f 2024/2024/2024 2066/2066/2066 2065/2065/2065
f 2025/2025/2025 2067/2067/2067 2066/2066/2066
f 2026/2026/2026 2068/2068/2068 2067/2067/2067
f 2027/2027/2027 2069/2069/2069 2068/2068/2068
f 2028/2028/2028 2070/2070/2070 2069/2069/2069
f 2029/2029/2029 2071/2071/2071 2070/2070/2070
f 2030/2030/2030 2072/2072/2072 2071/2071/2071
f 2031/2031/2031 2073/2073/2073 2072/2072/2072
f 2032/2032/2032 2074/2074/2074 2073/2073/2073
f 2033/2033/2033 2075/2075/2075 2074/2074/2074
f 2034/2034/2034 2076/2076/2076 2075/2075/2075
f 2035/2035/2035 2077/2077/2077 2076/2076/2076
f 2036/2036/2036 2078/2078/2078 2077/2077/2077
f 2037/2037/2037 2079/2079/2079 2078/2078/2078
f 2038/2038/2038 2080/2080/2080 2079/2079/2079
f 2039/2039/2039 2081/2081/2081 2080/2080/2080
f 2040/2040/2040 2082/2082/2082 2081/2081/2081
f 2041/2041/2041 2083/2083/2083 2082/2082/2082
f 2042/2042/2042 2084/2084/2084 2083/2083/2083
f 2043/2043/2043 2085/2085/2085 2084/2084/2084
f 2044/2044/2044 2086/2086/2086 2085/2085/2085
f 2045/2045/2045 2087/2087/2087 2086/2086/2086
f 2046/2046/2046 2088/2088/2088 2087/2087/2087
f 2047/2047/2047 2089/2089/2089 2088/2088/2088
f 2048/2048/2048 2090/2090/2090 2089/2089/2089
f 2049/2049/2049 2091/2091/2091 2090/2090/2090
f 2051/2051/2051 2093/2093/2093 2092/2092/2092
f 2052/2052/2052 2094/2094/2094 2093/2093/2093
f 2053/2053/2053 2095/2095/2095 2094/2094/2094
f 2054/2054/2054 2096/2096/2096 2095/2095/2095
f 2055/2055/2055 2097/2097/2097 2096/2096/2096
f 2056/2056/2056 2098/2098/2098 2097/2097/2097
f 2057/2057/2057 2099/2099/2099 2098/2098/2098
f 2058/2058/2058 2100/2100/2100 2099/2099/2099
f 2059/2059/2059 2101/2101/2101 2100/2100/2100
f 2060/2060/2060 2102/2102/2102 2101/2101/2101
f 2061/2061/2061 2103/2103/2103 2102/2102/2102
f 2062/2062/2062 2104/2104/2104 2103/2103/2103
f 2063/2063/2063 2105/2105/2105 2104/2104/2104
f 2064/2064/2064 2106/2106/2106 2105/2105/2105
f 2065/2065/2065 2107/2107/2107 2106/2106/2106
f 2066/2066/2066 2108/2108/2108 2107/2107/2107
f 2067/2067/2067 2109/2109/2109 2108/2108/2108
f 2068/2068/2068 2110/2110/2110 2109/2109/2109
f 2069/2069/2069 2111/2111/2111 2110/2110/2110
f 2070/2070/2070 2112/2112/2112 2111/2111/2111
f 2071/2071/2071 2113/2113/2113 2112/2112/2112
f 2072/2072/2072 2114/2114/2114 2113/2113/2113
f 2073/2073/2073 2115/2115/2115 2114/2114/2114
f 2074/2074/2074 2116/2116/2116 2115/2115/2115
f 2075/2075/2075 2117/2117/2117 2116/2116/2116
f 2076/2076/2076 2118/2118/2118 2117/2117/2117
f 2077/2077/2077 2119/2119/2119 2118/2118/2118
f 2078/2078/2078 2120/2120/2120 2119/2119/2119
f 2079/2079/2079 2121/2121/2121 2120/2120/2120
f 2080/2080/2080 2122/2122/2122 2121/2121/2121
f 2081/2081/2081 2123/2123/2123 2122/2122/2122
f 2082/2082/2082 2124/2124/2124 2123/2123/2123
f 2083/2083/2083 2125/2125/2125 2124/2124/2124
f 2084/2084/2084 2126/2126/2126 2125/2125/2125
f 2085/2085/2085 2127/2127/2127 2126/2126/2126
f 2086/2086/2086 2128/2128/2128 2127/2127/2127
f 2087/2087/2087 2129/2129/2129 2128/2128/2128
f 2088/2088/2088 2130/2130/2130 2129/2129/2129
f 2089/2089/2089 2131/2131/2131 2130/2130/2130
f 2090/2090/2090 2132/2132/2132 2131/2131/2131
f 2092/2092/2092 2134/2134/2134 2133/2133/2133
f 2093/2093/2093 2135/2135/2135 2134/2134/2134
f 2094/2094/2094 2136/2136/2136 2135/2135/2135
f 2095/2095/2095 2137/2137/2137 2136/2136/2136
f 2096/2096/2096 2138/2138/2138 2137/2137/2137
f 2097/2097/2097 2139/2139/2139 2138/2138/2138
f 2098/2098/2098 2140/2140/2140 2139/2139/2139
f 2099/2099/2099 2141/2141/2141 2140/2140/2140
f 2100/2100/2100 2142/2142/2142 2141/2141/2141
f 2101/2101/2101 2143/2143/2143 2142/2142/2142
f 2102/2102/2102 2144/2144/2144 2143/2143/2143
f 2103/2103/2103 2145/2145/2145 2144/2144/2144
f 2104/2104/2104 2146/2146/2146 2145/2145/2145
f 2105/2105/2105 2147/2147/2147 2146/2146/2146
f 2106/2106/2106 2148/2148/2148 2147/2147/2147
f 2107/2107/2107 2149/2149/2149 2148/2148/2148
f 2108/2108/2108 2150/2150/2150 2149/2149/2149
f 2109/2109/2109 2151/2151/2151 2150/2150/2150
f 2110/2110/2110 2152/2152/2152 2151/2151/2151
f 2111/2111/2111 2153/2153/2153 2152/2152/2152
f 2112/2112/2112 2154/2154/2154 2153/2153/2153
f 2113/2113/2113 2155/2155/2155 2154/2154/2154
f 2114/2114/2114 2156/2156/2156 2155/2155/2155
f 2115/2115/2115 2157/2157/2157 2156/2156/2156
f 2116/2116/2116 2158/2158/2158 2157/2157/2157
f 2117/2117/2117 2159/2159/2159 2158/2158/2158
f 2118/2118/2118 2160/2160/2160 2159/2159/2159
f 2119/2119/2119 2161/2161/2161 2160/2160/2160
f 2120/2120/2120 2162/2162/2162 2161/2161/2161
f 2121/2121/2121 2163/2163/2163 2162/2162/2162
f 2122/2122/2122 2164/2164/2164 2163/2163/2163
f 2123/2123/2123 2165/2165/2165 2164/2164/2164
f 2124/2124/2124 2166/2166/2166 2165/2165/2165
f 2125/2125/2125 2167/2167/2167 2166/2166/2166
f 2126/2126/2126 2168/2168/2168 2167/2167/2167
f 2127/2127/2127 2169/2169/2169 2168/2168/2168
f 2128/2128/2128 2170/2170/2170 2169/2169/2169
f 2129/2129/2129 2171/2171/2171 2170/2170/2170
f 2130/2130/2130 2172/2172/2172 2171/2171/2171
f 2131/2131/2131 2173/2173/2173 2172/2172/2172
f 2174/2174/2174 2175/2175/2175 2224/2224/2224
f 2175/2175/2175 2176/2176/2176 2225/2225/2225
f 2176/2176/2176 2177/2177/2177 2226/2226/2226
f 2177/2177/2177 2178/2178/2178 2227/2227/2227
f 2178/2178/2178 2179/2179/2179 2228/2228/2228
f 2179/2179/2179 2180/2180/2180 2229/2229/2229
f 2180/2180/2180 2181/2181/2181 2230/2230/2230
f 2181/2181/2181 2182/2182/2182 2231/2231/2231
f 2182/2182/2182 2183/2183/2183 2232/2232/2232
f 2183/2183/2183 2184/2184/2184 2233/2233/2233
f 2184/2184/2184 2185/2185/2185 2234/2234/2234
f 2185/2185/2185 2186/2186/2186 2235/2235/2235
f 2186/2186/2186 2187/2187/2187 2236/2236/2236
f 2187/2187/2187 2188/2188/2188 2237/2237/2237
f 2188/2188/2188 2189/2189/2189 2238/2238/2238
f 2189/2189/2189 2190/2190/2190 2239/2239/2239
f 2190/2190/2190 2191/2191/2191 2240/2240/2240
f 2191/2191/2191 2192/2192/2192 2241/2241/2241
f 2192/2192/2192 2193/2193/2193 2242/2242/2242
f 2193/2193/2193 2194/2194/2194 2243/2243/2243
f 2194/2194/2194 2195/2195/2195 2244/2244/2244
f 2195/2195/2195 2196/2196/2196 2245/2245/2245
f 2196/2196/2196 2197/2197/2197 2246/2246/2246
f 2197/2197/2197 2198/2198/2198 2247/2247/2247
f 2198/2198/2198 2199/2199/2199 2248/2248/2248
f 2199/2199/2199 2200/2200/2200 2249/2249/2249
f 2200/2200/2200 2201/2201/2201 2250/2250/2250
f 2201/2201/2201 2202/2202/2202 2251/2251/2251
f 2202/2202/2202 2203/2203/2203 2252/2252/2252
f 2203/2203/2203 2204/2204/2204 2253/2253/2253
f 2204/2204/2204 2205/2205/2205 2254/2254/2254
f 2205/2205/2205 2206/2206/2206 2255/2255/2255
f 2206/2206/2206 2207/2207/2207 2256/2256/2256
f 2207/2207/2207 2208/2208/2208 2257/2257/2257
f 2208/2208/2208 2209/2209/2209 2258/2258/2258
f 2209/2209/2209 2210/2210/2210 2259/2259/2259
f 2210/2210/2210 2211/2211/2211 2260/2260/2260
f 2211/2211/2211 2212/2212/2212 2261/2261/2261
f 2212/2212/2212 2213/2213/2213 2262/2262/2262
f 2213/2213/2213 2214/2214/2214 2263/2263/2263
f 2214/2214/2214 2215/2215/2215 2264/2264/2264
f 2215/2215/2215 2216/2216/2216 2265/2265/2265
f 2216/2216/2216 2217/2217/2217 2266/2266/2266
f 2217/2217/2217 2218/2218/2218 2267/2267/2267
f 2218/2218/2218 2219/2219/2219 2268/2268/2268
f 2219/2219/2219 2220/2220/2220 2269/2269/2269
f 2220/2220/2220 2221/2221/2221 2270/2270/2270
f 2221/2221/2221 2222/2222/2222 2271/2271/2271
f 2223/2223/2223 2224/2224/2224 2273/2273/2273
f 2224/2224/2224 2225/2225/2225 2274/2274/2274
f 2225/2225/2225 2226/2226/2226 2275/2275/2275
f 2226/2226/2226 2227/2227/2227 2276/2276/2276
f 2227/2227/2227 2228/2228/2228 2277/2277/2277
f 2228/2228/2228 2229/2229/2229 2278/2278/2278
f 2229/2229/2229 2230/2230/2230 2279/2279/2279
f 2230/2230/2230 2231/2231/2231 2280/2280/2280
f 2231/2231/2231 2232/2232/2232 2281/2281/2281
f 2232/2232/2232 2233/2233/2233 2282/2282/2282
f 2233/2233/2233 2234/2234/2234 2283/2283/2283
f 2234/2234/2234 2235/2235/2235 2284/2284/2284
f 2235/2235/2235 2236/2236/2236 2285/2285/2285
f 2236/2236/2236 2237/2237/2237 2286/2286/2286
f 2237/2237/2237 2238/2238/2238 2287/2287/2287
f 2238/2238/2238 2239/2239/2239 2288/2288/2288
f 2239/2239/2239 2240/2240/2240 2289/2289/2289
f 2240/2240/2240 2241/2241/2241 2290/2290/2290
f 2241/2241/2241 2242/2242/2242 2291/2291/2291
f 2242/2242/2242 2243/2243/2243 2292/2292/2292
f 2243/2243/2243 2244/2244/2244 2293/2293/2293
f 2244/2244/2244 2245/2245/2245 2294/2294/2294
f 2245/2245/2245 2246/2246/2246 2295/2295/2295
f 2246/2246/2246 2247/2247/2247 2296/2296/2296
f 2247/2247/2247 2248/2248/2248 2297/2297/2297
f 2248/2248/2248 2249/2249/2249 2298/2298/2298
f 2249/2249/2249 2250/2250/2250 2299/2299/2299
f 2250/2250/2250 2251/2251/2251 2300/2300/2300
f 2251/2251/2251 2252/2252/2252 2301/2301/2301
f 2252/2252/2252 2253/2253/2253 2302/2302/2302
f 2253/2253/2253 2254/2254/2254 2303/2303/2303
f 2254/2254/2254 2255/2255/2255 2304/2304/2304
f 2255/2255/2255 2256/2256/2256 2305/2305/2305
f 2256/2256/2256 2257/2257/2257 2306/2306/2306
f 2257/2257/2257 2258/2258/2258 2307/2307/2307
f 2258/2258/2258 2259/2259/2259 2308/2308/2308
f 2259/2259/2259 2260/2260/2260 2309/2309/2309
f 2260/2260/2260 2261/2261/2261 2310/2310/2310
f 2261/2261/2261 2262/2262/2262 2311/2311/2311
f 2262/2262/2262 2263/2263/2263 2312/2312/2312
f 2263/2263/2263 2264/2264/2264 2313/2313/2313
f 2264/2264/2264 2265/2265/2265 2314/2314/2314
f 2265/2265/2265 2266/2266/2266 2315/2315/2315
f 2266/2266/2266 2267/2267/2267 2316/2316/2316
f 2267/2267/2267 2268/2268/2268 2317/2317/2317
f 2268/2268/2268 2269/2269/2269 2318/2318/2318
f 2269/2269/2269 2270/2270/2270 2319/2319/2319
f 2270/2270/2270 2271/2271/2271 2320/2320/2320
f 2272/2272/2272 2273/2273/2273 2322/2322/2322
f 2273/2273/2273 2274/2274/2274 2323/2323/2323
f 2274/2274/2274 2275/2275/2275 2324/2324/2324
f 2275/2275/2275 2276/2276/2276 2325/2325/2325
f 2276/2276/2276 2277/2277/2277 2326/2326/2326
f 2277/2277/2277 2278/2278/2278 2327/2327/2327
f 2278/2278/2278 2279/2279/2279 2328/2328/2328
f 2279/2279/2279 2280/2280/2280 2329/2329/2329
f 2280/2280/2280 2281/2281/2281 2330/2330/2330
f 2281/2281/2281 2282/2282/2282 2331/2331/2331
f 2282/2282/2282 2283/2283/2283 2332/2332/2332
f 2283/2283/2283 2284/2284/2284 2333/2333/2333
f 2284/2284/2284 2285/2285/2285 2334/2334/2334
f 2285/2285/2285 2286/2286/2286 2335/2335/2335
f 2286/2286/2286 2287/2287/2287 2336/2336/2336
f 2287/2287/2287 2288/2288/2288 2337/2337/2337
f 2288/2288/2288 2289/2289/2289 2338/2338/2338
f 2289/2289/2289 2290/2290/2290 2339/2339/2339
f 2290/2290/2290 2291/2291/2291 2340/2340/2340
f 2291/2291/2291 2292/2292/2292 2341/2341/2341
f 2292/2292/2292 2293/2293/2293 2342/2342/2342
f 2293/2293/2293 2294/2294/2294 2343/2343/2343
f 2294/2294/2294 2295/2295/2295 2344/2344/2344
f 2295/2295/2295 2296/2296/2296 2345/2345/2345
f 2296/2296/2296 2297/2297/2297 2346/2346/2346
f 2297/2297/2297 2298/2298/2298 2347/2347/2347
f 2298/2298/2298 2299/2299/2299 2348/2348/2348
f 2299/2299/2299 2300/2300/2300 2349/2349/2349
f 2300/2300/2300 2301/2301/2301 2350/2350/2350
f 2301/2301/2301 2302/2302/2302 2351/2351/2351
f 2302/2302/2302 2303/2303/2303 2352/2352/2352
f 2303/2303/2303 2304/2304/2304 2353/2353/2353
f 2304/2304/2304 2305/2305/2305 2354/2354/2354
f 2305/2305/2305 2306/2306/2306 2355/2355/2355
f 2306/2306/2306 2307/2307/2307 2356/2356/2356
f 2307/2307/2307 2308/2308/2308 2357/2357/2357
f 2308/2308/2308 2309/2309/2309 2358/2358/2358
f 2309/2309/2309 2310/2310/2310 2359/2359/2359
f 2310/2310/2310 2311/2311/2311 2360/2360/2360
f 2311/2311/2311 2312/2312/2312 2361/2361/2361
f 2312/2312/2312 2313/2313/2313 2362/2362/2362
f 2313/2313/2313 2314/2314/2314 2363/2363/2363
f 2314/2314/2314 2315/2315/2315 2364/2364/2364
f 2315/2315/2315 2316/2316/2316 2365/2365/2365
f 2316/2316/2316 2317/2317/2317 2366/2366/2366
f 2317/2317/2317 2318/2318/2318 2367/2367/2367
f 2318/2318/2318 2319/2319/2319 2368/2368/2368
f 2319/2319/2319 2320/2320/2320 2369/2369/2369
f 2321/2321/2321 2322/2322/2322 2371/2371/2371
f 2322/2322/2322 2323/2323/2323 2372/2372/2372
f 2323/2323/2323 2324/2324/2324 2373/2373/2373
f 2324/2324/2324 2325/2325/2325 2374/2374/2374
f 2325/2325/2325 2326/2326/2326 2375/2375/2375
f 2326/2326/2326 2327/2327/2327 2376/2376/2376
f 2327/2327/2327 2328/2328/2328 2377/2377/2377
f 2328/2328/2328 2329/2329/2329 2378/2378/2378
f 2329/2329/2329 2330/2330/2330 2379/2379/2379
f 2330/2330/2330 2331/2331/2331 2380/2380/2380
f 2331/2331/2331 2332/2332/2332 2381/2381/2381
f 2332/2332/2332 2333/2333/2333 2382/2382/2382
f 2333/2333/2333 2334/2334/2334 2383/2383/2383
f 2334/2334/2334 2335/2335/2335 2384/2384/2384
f 2335/2335/2335 2336/2336/2336 2385/2385/2385
f 2336/2336/2336 2337/2337/2337 2386/2386/2386
f 2337/2337/2337 2338/2338/2338 2387/2387/2387
f 2338/2338/2338 2339/2339/2339 2388/2388/2388
f 2339/2339/2339 2340/2340/2340 2389/2389/2389
f 2340/2340/2340 2341/2341/2341 2390/2390/2390
f 2341/2341/2341 2342/2342/2342 2391/2391/2391
f 2342/2342/2342 2343/2343/2343 2392/2392/2392
f 2343/2343/2343 2344/2344/2344 2393/2393/2393
f 2344/2344/2344 2345/2345/2345 2394/2394/2394
f 2345/2345/2345 2346/2346/2346 2395/2395/2395
f 2346/2346/2346 2347/2347/2347 2396/2396/2396
f 2347/2347/2347 2348/2348/2348 2397/2397/2397
f 2348/2348/2348 2349/2349/2349 2398/2398/2398
f 2349/2349/2349 2350/2350/2350 2399/2399/2399
f 2350/2350/2350 2351/2351/2351 2400/2400/2400
f 2351/2351/2351 2352/2352/2352 2401/2401/2401
f 2352/2352/2352 2353/2353/2353 2402/2402/2402
f 2353/2353/2353 2354/2354/2354 2403/2403/2403
f 2354/2354/2354 2355/2355/2355 2404/2404/2404
f 2355/2355/2355 2356/2356/2356 2405/2405/2405
f 2356/2356/2356 2357/2357/2357 2406/2406/2406
f 2357/2357/2357 2358/2358/2358 2407/2407/2407
f 2358/2358/2358 2359/2359/2359 2408/2408/2408
f 2359/2359/2359 2360/2360/2360 2409/2409/2409
f 2360/2360/2360 2361/2361/2361 2410/2410/2410
f 2361/2361/2361 2362/2362/2362 2411/2411/2411
f 2362/2362/2362 2363/2363/2363 2412/2412/2412
f 2363/2363/2363 2364/2364/2364 2413/2413/2413
f 2364/2364/2364 2365/2365/2365 2414/2414/2414
f 2365/2365/2365 2366/2366/2366 2415/2415/2415
f 2366/2366/2366 2367/2367/2367 2416/2416/2416
f 2367/2367/2367 2368/2368/2368 2417/2417/2417
f 2368/2368/2368 2369/2369/2369 2418/2418/2418
f 2370/2370/2370 2371/2371/2371 2420/2420/2420
f 2371/2371/2371 2372/2372/2372 2421/2421/2421
f 2372/2372/2372 2373/2373/2373 2422/2422/2422
f 2373/2373/2373 2374/2374/2374 2423/2423/2423
f 2374/2374/2374 2375/2375/2375 2424/2424/2424
f 2375/2375/2375 2376/2376/2376 2425/2425/2425
f 2376/2376/2376 2377/2377/2377 2426/2426/2426
f 2377/2377/2377 2378/2378/2378 2427/2427/2427
f 2378/2378/2378 2379/2379/2379 2428/2428/2428
f 2379/2379/2379 2380/2380/2380 2429/2429/2429
f 2380/2380/2380 2381/2381/2381 2430/2430/2430
f 2381/2381/2381 2382/2382/2382 2431/2431/2431
f 2382/2382/2382 2383/2383/2383 2432/2432/2432
f 2383/2383/2383 2384/2384/2384 2433/2433/2433
f 2384/2384/2384 2385/2385/2385 2434/2434/2434
f 2385/2385/2385 2386/2386/2386 2435/2435/2435
f 2386/2386/2386 2387/2387/2387 2436/2436/2436
f 2387/2387/2387 2388/2388/2388 2437/2437/2437
f 2388/2388/2388 2389/2389/2389 2438/2438/2438
f 2389/2389/2389 2390/2390/2390 2439/2439/2439
f 2390/2390/2390 2391/2391/2391 2440/2440/2440
f 2391/2391/2391 2392/2392/2392 2441/2441/2441
f 2392/2392/2392 2393/2393/2393 2442/2442/2442
f 2393/2393/2393 2394/2394/2394 2443/2443/2443
f 2394/2394/2394 2395/2395/2395 2444/2444/2444
f 2395/2395/2395 2396/2396/2396 2445/2445/2445
f 2396/2396/2396 2397/2397/2397 2446/2446/2446
f 2397/2397/2397 2398/2398/2398 2447/2447/2447
f 2398/2398/2398 2399/2399/2399 2448/2448/2448
f 2399/2399/2399 2400/2400/2400 2449/2449/2449
f 2400/2400/2400 2401/2401/2401 2450/2450/2450
f 2401/2401/2401 2402/2402/2402 2451/2451/2451
f 2402/2402/2402 2403/2403/2403 2452/2452/2452
f 2403/2403/2403 2404/2404/2404 2453/2453/2453
f 2404/2404/2404 2405/2405/2405 2454/2454/2454
f 2405/2405/2405 2406/2406/2406 2455/2455/2455
f 2406/2406/2406 2407/2407/2407 2456/2456/2456
f 2407/2407/2407 2408/2408/2408 2457/2457/2457
f 2408/2408/2408 2409/2409/2409 2458/2458/2458
f 2409/2409/2409 2410/2410/2410 2459/2459/2459
f 2410/2410/2410 2411/2411/2411 2460/2460/2460
f 2411/2411/2411 2412/2412/2412 2461/2461/2461
f 2412/2412/2412 2413/2413/2413 2462/2462/2462
f 2413/2413/2413 2414/2414/2414 2463/2463/2463
f 2414/2414/2414 2415/2415/2415 2464/2464/2464
f 2415/2415/2415 2416/2416/2416 2465/2465/2465
f 2416/2416/2416 2417/2417/2417 2466/2466/2466
f 2417/2417/2417 2418/2418/2418 2467/2467/2467
f 2419/2419/2419 2420/2420/2420 2469/2469/2469
f 2420/2420/2420 2421/2421/2421 2470/2470/2470
f 2421/2421/2421 2422/2422/2422 2471/2471/2471
f 2422/2422/2422 2423/2423/2423 2472/2472/2472
f 2423/2423/2423 2424/2424/2424 2473/2473/2473
f 2424/2424/2424 2425/2425/2425 2474/2474/2474
f 2425/2425/2425 2426/2426/2426 2475/2475/2475
f 2426/2426/2426 2427/2427/2427 2476/2476/2476
f 2427/2427/2427 2428/2428/2428 2477/2477/2477
f 2428/2428/2428 2429/2429/2429 2478/2478/2478
f 2429/2429/2429 2430/2430/2430 2479/2479/2479
f 2430/2430/2430 2431/2431/2431 2480/2480/2480
f 2431/2431/2431 2432/2432/2432 2481/2481/2481
f 2432/2432/2432 2433/2433/2433 2482/2482/2482
f 2433/2433/2433 2434/2434/2434 2483/2483/2483
f 2434/2434/2434 2435/2435/2435 2484/2484/2484
f 2435/2435/2435 2436/2436/2436 2485/2485/2485
f 2436/2436/2436 2437/2437/2437 2486/2486/2486
f 2437/2437/2437 2438/2438/2438 2487/2487/2487
f 2438/2438/2438 2439/2439/2439 2488/2488/2488
f 2439/2439/2439 2440/2440/2440 2489/2489/2489
f 2440/2440/2440 2441/2441/2441 2490/2490/2490
f 2441/2441/2441 2442/2442/2442 2491/2491/2491
f 2442/2442/2442 2443/2443/2443 2492/2492/2492
f 2443/2443/2443 2444/2444/2444 2493/2493/2493
f 2444/2444/2444 2445/2445/2445 2494/2494/2494
f 2445/2445/2445 2446/2446/2446 2495/2495/2495
f 2446/2446/2446 2447/2447/2447 2496/2496/2496
f 2447/2447/2447 2448/2448/2448 2497/2497/2497
f 2448/2448/2448 2449/2449/2449 2498/2498/2498
f 2449/2449/2449 2450/2450/2450 2499/2499/2499
f 2450/2450/2450 2451/2451/2451 2500/2500/2500
f 2451/2451/2451 2452/2452/2452 2501/2501/2501
f 2452/2452/2452 2453/2453/2453 2502/2502/2502
f 2453/2453/2453 2454/2454/2454 2503/2503/2503
f 2454/2454/2454 2455/2455/2455 2504/2504/2504
f 2455/2455/2455 2456/2456/2456 2505/2505/2505
f 2456/2456/2456 2457/2457/2457 2506/2506/2506
f 2457/2457/2457 2458/2458/2458 2507/2507/2507
f 2458/2458/2458 2459/2459/2459 2508/2508/2508
f 2459/2459/2459 2460/2460/2460 2509/2509/2509
f 2460/2460/2460 2461/2461/2461 2510/2510/2510
f 2461/2461/2461 2462/2462/2462 2511/2511/2511
f 2462/2462/2462 2463/2463/2463 2512/2512/2512
f 2463/2463/2463 2464/2464/2464 2513/2513/2513
f 2464/2464/2464 2465/2465/2465 2514/2514/2514
f 2465/2465/2465 2466/2466/2466 2515/2515/2515
f 2466/2466/2466 2467/2467/2467 2516/2516/2516
f 2468/2468/2468 2469/2469/2469 2518/2518/2518
f 2469/2469/2469 2470/2470/2470 2519/2519/2519
f 2470/2470/2470 2471/2471/2471 2520/2520/2520
f 2471/2471/2471 2472/2472/2472 2521/2521/2521
f 2472/2472/2472 2473/2473/2473 2522/2522/2522
f 2473/2473/2473 2474/2474/2474 2523/2523/2523
f 2474/2474/2474 2475/2475/2475 2524/2524/2524
f 2475/2475/2475 2476/2476/2476 2525/2525/2525
f 2476/2476/2476 2477/2477/2477 2526/2526/2526
f 2477/2477/2477 2478/2478/2478 2527/2527/2527
f 2478/2478/2478 2479/2479/2479 2528/2528/2528
f 2479/2479/2479 2480/2480/2480 2529/2529/2529
f 2480/2480/2480 2481/2481/2481 2530/2530/2530
f 2481/2481/2481 2482/2482/2482 2531/2531/2531
f 2482/2482/2482 2483/2483/2483 2532/2532/2532
f 2483/2483/2483 2484/2484/2484 2533/2533/2533
f 2484/2484/2484 2485/2485/2485 2534/2534/2534
f 2485/2485/2485 2486/2486/2486 2535/2535/2535
f 2486/2486/2486 2487/2487/2487 2536/2536/2536
f 2487/2487/2487 2488/2488/2488 2537/2537/2537
f 2488/2488/2488 2489/2489/2489 2538/2538/2538
f 2489/2489/2489 2490/2490/2490 2539/2539/2539
f 2490/2490/2490 2491/2491/2491 2540/2540/2540
f 2491/2491/2491 2492/2492/2492 2541/2541/2541
f 2492/2492/2492 2493/2493/2493 2542/2542/2542
f 2493/2493/2493 2494/2494/2494 2543/2543/2543
f 2494/2494/2494 2495/2495/2495 2544/2544/2544
f 2495/2495/2495 2496/2496/2496 2545/2545/2545
f 2496/2496/2496 2497/2497/2497 2546/2546/2546
f 2497/2497/2497 2498/2498/2498 2547/2547/2547
f 2498/2498/2498 2499/2499/2499 2548/2548/2548
f 2499/2499/2499 2500/2500/2500 2549/2549/2549
f 2500/2500/2500 2501/2501/2501 2550/2550/2550
f 2501/2501/2501 2502/2502/2502 2551/2551/2551
f 2502/2502/2502 2503/2503/2503 2552/2552/2552
f 2503/2503/2503 2504/2504/2504 2553/2553/2553
f 2504/2504/2504 2505/2505/2505 2554/2554/2554
f 2505/2505/2505 2506/2506/2506 2555/2555/2555
f 2506/2506/2506 2507/2507/2507 2556/2556/2556
f 2507/2507/2507 2508/2508/2508 2557/2557/2557
f 2508/2508/2508 2509/2509/2509 2558/2558/2558
f 2509/2509/2509 2510/2510/2510 2559/2559/2559
f 2510/2510/2510 2511/2511/2511 2560/2560/2560
f 2511/2511/2511 2512/2512/2512 2561/2561/2561
f 2512/2512/2512 2513/2513/2513 2562/2562/2562
f 2513/2513/2513 2514/2514/2514 2563/2563/2563
f 2514/2514/2514 2515/2515/2515 2564/2564/2564
f 2515/2515/2515 2516/2516/2516 2565/2565/2565
f 2517/2517/2517 2518/2518/2518 2567/2567/2567
f 2518/2518/2518 2519/2519/2519 2568/2568/2568
f 2519/2519/2519 2520/2520/2520 2569/2569/2569
f 2520/2520/2520 2521/2521/2521 2570/2570/2570
f 2521/2521/2521 2522/2522/2522 2571/2571/2571
f 2522/2522/2522 2523/2523/2523 2572/2572/2572
f 2523/2523/2523 2524/2524/2524 2573/2573/2573
f 2524/2524/2524 2525/2525/2525 2574/2574/2574
f 2525/2525/2525 2526/2526/2526 2575/2575/2575
f 2526/2526/2526 2527/2527/2527 2576/2576/2576
f 2527/2527/2527 2528/2528/2528 2577/2577/2577
f 2528/2528/2528 2529/2529/2529 2578/2578/2578
f 2529/2529/2529 2530/2530/2530 2579/2579/2579
f 2530/2530/2530 2531/2531/2531 2580/2580/2580
f 2531/2531/2531 2532/2532/2532 2581/2581/2581
f 2532/2532/2532 2533/2533/2533 2582/2582/2582
f 2533/2533/2533 2534/2534/2534 2583/2583/2583
f 2534/2534/2534 2535/2535/2535 2584/2584/2584
f 2535/2535/2535 2536/2536/2536 2585/2585/2585
f 2536/2536/2536 2537/2537/2537 2586/2586/2586
f 2537/2537/2537 2538/2538/2538 2587/2587/2587
f 2538/2538/2538 2539/2539/2539 2588/2588/2588
f 2539/2539/2539 2540/2540/2540 2589/2589/2589
f 2540/2540/2540 2541/2541/2541 2590/2590/2590
f 2541/2541/2541 2542/2542/2542 2591/2591/2591
f 2542/2542/2542 2543/2543/2543 2592/2592/2592
f 2543/2543/2543 2544/2544/2544 2593/2593/2593
f 2544/2544/2544 2545/2545/2545 2594/2594/2594
f 2545/2545/2545 2546/2546/2546 2595/2595/2595
f 2546/2546/2546 2547/2547/2547 2596/2596/2596
f 2547/2547/2547 2548/2548/2548 2597/2597/2597
f 2548/2548/2548 2549/2549/2549 2598/2598/2598
f 2549/2549/2549 2550/2550/2550 2599/2599/2599
f 2550/2550/2550 2551/2551/2551 2600/2600/2600
f 2551/2551/2551 2552/2552/2552 2601/2601/2601
f 2552/2552/2552 2553/2553/2553 2602/2602/2602
f 2553/2553/2553 2554/2554/2554 2603/2603/2603
f 2554/2554/2554 2555/2555/2555 2604/2604/2604
f 2555/2555/2555 2556/2556/2556 2605/2605/2605
f 2556/2556/2556 2557/2557/2557 2606/2606/2606
f 2557/2557/2557 2558/2558/2558 2607/2607/2607
f 2558/2558/2558 2559/2559/2559 2608/2608/2608
f 2559/2559/2559 2560/2560/2560 2609/2609/2609
f 2560/2560/2560 2561/2561/2561 2610/2610/2610
f 2561/2561/2561 2562/2562/2562 2611/2611/2611
f 2562/2562/2562 2563/2563/2563 2612/2612/2612
f 2563/2563/2563 2564/2564/2564 2613/2613/2613
f 2564/2564/2564 2565/2565/2565 2614/2614/2614
f 2566/2566/2566 2567/2567/2567 2616/2616/2616
f 2567/2567/2567 2568/2568/2568 2617/2617/2617
f 2568/2568/2568 2569/2569/2569 2618/2618/2618
f 2569/2569/2569 2570/2570/2570 2619/2619/2619
f 2570/2570/2570 2571/2571/2571 2620/2620/2620
f 2571/2571/2571 2572/2572/2572 2621/2621/2621
f 2572/2572/2572 2573/2573/2573 2622/2622/2622
f 2573/2573/2573 2574/2574/2574 2623/2623/2623
f 2574/2574/2574 2575/2575/2575 2624/2624/2624
f 2575/2575/2575 2576/2576/2576 2625/2625/2625
f 2576/2576/2576 2577/2577/2577 2626/2626/2626
f 2577/2577/2577 2578/2578/2578 2627/2627/2627
f 2578/2578/2578 2579/2579/2579 2628/2628/2628
f 2579/2579/2579 2580/2580/2580 2629/2629/2629
f 2580/2580/2580 2581/2581/2581 2630/2630/2630
f 2581/2581/2581 2582/2582/2582 2631/2631/2631
f 2582/2582/2582 2583/2583/2583 2632/2632/2632
f 2583/2583/2583 2584/2584/2584 2633/2633/2633
f 2584/2584/2584 2585/2585/2585 2634/2634/2634
f 2585/2585/2585 2586/2586/2586 2635/2635/2635
f 2586/2586/2586 2587/2587/2587 2636/2636/2636
f 2587/2587/2587 2588/2588/2588 2637/2637/2637
f 2588/2588/2588 2589/2589/2589 2638/2638/2638
f 2589/2589/2589 2590/2590/2590 2639/2639/2639
f 2590/2590/2590 2591/2591/2591 2640/2640/2640
f 2591/2591/2591 2592/2592/2592 2641/2641/2641
f 2592/2592/2592 2593/2593/2593 2642/2642/2642
f 2593/2593/2593 2594/2594/2594 2643/2643/2643
f 2594/2594/2594 2595/2595/2595 2644/2644/2644
f 2595/2595/2595 2596/2596/2596 2645/2645/2645
f 2596/2596/2596 2597/2597/2597 2646/2646/2646
f 2597/2597/2597 2598/2598/2598 2647/2647/2647
f 2598/2598/2598 2599/2599/2599 2648/2648/2648
f 2599/2599/2599 2600/2600/2600 2649/2649/2649
f 2600/2600/2600 2601/2601/2601 2650/2650/2650
f 2601/2601/2601 2602/2602/2602 2651/2651/2651
f 2602/2602/2602 2603/2603/2603 2652/2652/2652
f 2603/2603/2603 2604/2604/2604 2653/2653/2653
f 2604/2604/2604 2605/2605/2605 2654/2654/2654
f 2605/2605/2605 2606/2606/2606 2655/2655/2655
f 2606/2606/2606 2607/2607/2607 2656/2656/2656
f 2607/2607/2607 2608/2608/2608 2657/2657/2657
f 2608/2608/2608 2609/2609/2609 2658/2658/2658
f 2609/2609/2609 2610/2610/2610 2659/2659/2659
f 2610/2610/2610 2611/2611/2611 2660/2660/2660
f 2611/2611/2611 2612/2612/2612 2661/2661/2661
f 2612/2612/2612 2613/2613/2613 2662/2662/2662
f 2613/2613/2613 2614/2614/2614 2663/2663/2663
f 2615/2615/2615 2616/2616/2616 2665/2665/2665
f 2616/2616/2616 2617/2617/2617 2666/2666/2666
f 2617/2617/2617 2618/2618/2618 2667/2667/2667
f 2618/2618/2618 2619/2619/2619 2668/2668/2668
f 2619/2619/2619 2620/2620/2620 2669/2669/2669
f 2620/2620/2620 2621/2621/2621 2670/2670/2670
f 2621/2621/2621 2622/2622/2622 2671/2671/2671
f 2622/2622/2622 2623/2623/2623 2672/2672/2672
f 2623/2623/2623 2624/2624/2624 2673/2673/2673
f 2624/2624/2624 2625/2625/2625 2674/2674/2674
f 2625/2625/2625 2626/2626/2626 2675/2675/2675
f 2626/2626/2626 2627/2627/2627 2676/2676/2676
f 2627/2627/2627 2628/2628/2628 2677/2677/2677
f 2628/2628/2628 2629/2629/2629 2678/2678/2678
f 2629/2629/2629 2630/2630/2630 2679/2679/2679
f 2630/2630/2630 2631/2631/2631 2680/2680/2680
f 2631/2631/2631 2632/2632/2632 2681/2681/2681
f 2632/2632/2632 2633/2633/2633 2682/2682/2682
f 2633/2633/2633 2634/2634/2634 2683/2683/2683
f 2634/2634/2634 2635/2635/2635 2684/2684/2684
f 2635/2635/2635 2636/2636/2636 2685/2685/2685
f 2636/2636/2636 2637/2637/2637 2686/2686/2686
f 2637/2637/2637 2638/2638/2638 2687/2687/2687
f 2638/2638/2638 2639/2639/2639 2688/2688/2688
f 2639/2639/2639 2640/2640/2640 2689/2689/2689
f 2640/2640/2640 2641/2641/2641 2690/2690/2690
f 2641/2641/2641 2642/2642/2642 2691/2691/2691
f 2642/2642/2642 2643/2643/2643 2692/2692/2692
f 2643/2643/2643 2644/2644/2644 2693/2693/2693
f 2644/2644/2644 2645/2645/2645 2694/2694/2694
f 2645/2645/2645 2646/2646/2646 2695/2695/2695
f 2646/2646/2646 2647/2647/2647 2696/2696/2696
f 2647/2647/2647 2648/2648/2648 2697/2697/2697
f 2648/2648/2648 2649/2649/2649 2698/2698/2698
f 2649/2649/2649 2650/2650/2650 2699/2699/2699
f 2650/2650/2650 2651/2651/2651 2700/2700/2700
f 2651/2651/2651 2652/2652/2652 2701/2701/2701
f 2652/2652/2652 2653/2653/2653 2702/2702/2702
f 2653/2653/2653 2654/2654/2654 2703/2703/2703
f 2654/2654/2654 2655/2655/2655 2704/2704/2704
f 2655/2655/2655 2656/2656/2656 2705/2705/2705
f 2656/2656/2656 2657/2657/2657 2706/2706/2706
f 2657/2657/2657 2658/2658/2658 2707/2707/2707
f 2658/2658/2658 2659/2659/2659 2708/2708/2708
f 2659/2659/2659 2660/2660/2660 2709/2709/2709
f 2660/2660/2660 2661/2661/2661 2710/2710/2710
f 2661/2661/2661 2662/2662/2662 2711/2711/2711
f 2662/2662/2662 2663/2663/2663 2712/2712/2712
f 2664/2664/2664 2665/2665/2665 2714/2714/2714
f 2665/2665/2665 2666/2666/2666 2715/2715/2715
f 2666/2666/2666 2667/2667/2667 2716/2716/2716
f 2667/2667/2667 2668/2668/2668 2717/2717/2717
f 2668/2668/2668 2669/2669/2669 2718/2718/2718
f 2669/2669/2669 2670/2670/2670 2719/2719/2719
f 2670/2670/2670 2671/2671/2671 2720/2720/2720
f 2671/2671/2671 2672/2672/2672 2721/2721/2721
f 2672/2672/2672 2673/2673/2673 2722/2722/2722
f 2673/2673/2673 2674/2674/2674 2723/2723/2723
f 2674/2674/2674 2675/2675/2675 2724/2724/2724
f 2675/2675/2675 2676/2676/2676 2725/2725/2725
f 2676/2676/2676 2677/2677/2677 2726/2726/2726
f 2677/2677/2677 2678/2678/2678 2727/2727/2727
f 2678/2678/2678 2679/2679/2679 2728/2728/2728
f 2679/2679/2679 2680/2680/2680 2729/2729/2729
f 2680/2680/2680 2681/2681/2681 2730/2730/2730
f 2681/2681/2681 2682/2682/2682 2731/2731/2731
f 2682/2682/2682 2683/2683/2683 2732/2732/2732
f 2683/2683/2683 2684/2684/2684 2733/2733/2733
f 2684/2684/2684 2685/2685/2685 2734/2734/2734
f 2685/2685/2685 2686/2686/2686 2735/2735/2735
f 2686/2686/2686 2687/2687/2687 2736/2736/2736
f 2687/2687/2687 2688/2688/2688 2737/2737/2737
f 2688/2688/2688 2689/2689/2689 2738/2738/2738
f 2689/2689/2689 2690/2690/2690 2739/2739/2739
f 2690/2690/2690 2691/2691/2691 2740/2740/2740
f 2691/2691/2691 2692/2692/2692 2741/2741/2741
f 2692/2692/2692 2693/2693/2693 2742/2742/2742
f 2693/2693/2693 2694/2694/2694 2743/2743/2743
f 2694/2694/2694 2695/2695/2695 2744/2744/2744
f 2695/2695/2695 2696/2696/2696 2745/2745/2745
f 2696/2696/2696 2697/2697/2697 2746/2746/2746
f 2697/2697/2697 2698/2698/2698 2747/2747/2747
f 2698/2698/2698 2699/2699/2699 2748/2748/2748
f 2699/2699/2699 2700/2700/2700 2749/2749/2749
f 2700/2700/2700 2701/2701/2701 2750/2750/2750
f 2701/2701/2701 2702/2702/2702 2751/2751/2751
f 2702/2702/2702 2703/2703/2703 2752/2752/2752
f 2703/2703/2703 2704/2704/2704 2753/2753/2753
f 2704/2704/2704 2705/2705/2705 2754/2754/2754
f 2705/2705/2705 2706/2706/2706 2755/2755/2755
f 2706/2706/2706 2707/2707/2707 2756/2756/2756
f 2707/2707/2707 2708/2708/2708 2757/2757/2757
f 2708/2708/2708 2709/2709/2709 2758/2758/2758
f 2709/2709/2709 2710/2710/2710 2759/2759/2759
f 2710/2710/2710 2711/2711/2711 2760/2760/2760
f 2711/2711/2711 2712/2712/2712 2761/2761/2761
f 2713/2713/2713 2714/2714/2714 2763/2763/2763
f 2714/2714/2714 2715/2715/2715 2764/2764/2764
f 2715/2715/2715 2716/2716/2716 2765/2765/2765
f 2716/2716/2716 2717/2717/2717 2766/2766/2766
f 2717/2717/2717 2718/2718/2718 2767/2767/2767
f 2718/2718/2718 2719/2719/2719 2768/2768/2768
f 2719/2719/2719 2720/2720/2720 2769/2769/2769
f 2720/2720/2720 2721/2721/2721 2770/2770/2770
f 2721/2721/2721 2722/2722/2722 2771/2771/2771
f 2722/2722/2722 2723/2723/2723 2772/2772/2772
f 2723/2723/2723 2724/2724/2724 2773/2773/2773
f 2724/2724/2724 2725/2725/2725 2774/2774/2774
f 2725/2725/2725 2726/2726/2726 2775/2775/2775
f 2726/2726/2726 2727/2727/2727 2776/2776/2776
f 2727/2727/2727 2728/2728/2728 2777/2777/2777
f 2728/2728/2728 2729/2729/2729 2778/2778/2778
f 2729/2729/2729 2730/2730/2730 2779/2779/2779
f 2730/2730/2730 2731/2731/2731 2780/2780/2780
f 2731/2731/2731 2732/2732/2732 2781/2781/2781
f 2732/2732/2732 2733/2733/2733 2782/2782/2782
f 2733/2733/2733 2734/2734/2734 2783/2783/2783
f 2734/2734/2734 2735/2735/2735 2784/2784/2784
f 2735/2735/2735 2736/2736/2736 2785/2785/2785
f 2736/2736/2736 2737/2737/2737 2786/2786/2786
f 2737/2737/2737 2738/2738/2738 2787/2787/2787
f 2738/2738/2738 2739/2739/2739 2788/2788/2788
f 2739/2739/2739 2740/2740/2740 2789/2789/2789
f 2740/2740/2740 2741/2741/2741 2790/2790/2790
f 2741/2741/2741 2742/2742/2742 2791/2791/2791
f 2742/2742/2742 2743/2743/2743 2792/2792/2792
f 2743/2743/2743 2744/2744/2744 2793/2793/2793
f 2744/2744/2744 2745/2745/2745 2794/2794/2794
f 2745/2745/2745 2746/2746/2746 2795/2795/2795
f 2746/2746/2746 2747/2747/2747 2796/2796/2796
f 2747/2747/2747 2748/2748/2748 2797/2797/2797
f 2748/2748/2748 2749/2749/2749 2798/2798/2798
f 2749/2749/2749 2750/2750/2750 2799/2799/2799
f 2750/2750/2750 2751/2751/2751 2800/2800/2800
f 2751/2751/2751 2752/2752/2752 2801/2801/2801
f 2752/2752/2752 2753/2753/2753 2802/2802/2802
f 2753/2753/2753 2754/2754/2754 2803/2803/2803
f 2754/2754/2754 2755/2755/2755 2804/2804/2804
f 2755/2755/2755 2756/2756/2756 2805/2805/2805
f 2756/2756/2756 2757/2757/2757 2806/2806/2806
f 2757/2757/2757 2758/2758/2758 2807/2807/2807
f 2758/2758/2758 2759/2759/2759 2808/2808/2808
f 2759/2759/2759 2760/2760/2760 2809/2809/2809
f 2760/2760/2760 2761/2761/2761 2810/2810/2810
f 2762/2762/2762 2763/2763/2763 2812/2812/2812
f 2763/2763/2763 2764/2764/2764 2813/2813/2813
f 2764/2764/2764 2765/2765/2765 2814/2814/2814
f 2765/2765/2765 2766/2766/2766 2815/2815/2815
f 2766/2766/2766 2767/2767/2767 2816/2816/2816
f 2767/2767/2767 2768/2768/2768 2817/2817/2817
f 2768/2768/2768 2769/2769/2769 2818/2818/2818
f 2769/2769/2769 2770/2770/2770 2819/2819/2819
f 2770/2770/2770 2771/2771/2771 2820/2820/2820
f 2771/2771/2771 2772/2772/2772 2821/2821/2821
f 2772/2772/2772 2773/2773/2773 2822/2822/2822
f 2773/2773/2773 2774/2774/2774 2823/2823/2823
f 2774/2774/2774 2775/2775/2775 2824/2824/2824
f 2775/2775/2775 2776/2776/2776 2825/2825/2825
f 2776/2776/2776 2777/2777/2777 2826/2826/2826
f 2777/2777/2777 2778/2778/2778 2827/2827/2827
f 2778/2778/2778 2779/2779/2779 2828/2828/2828
f 2779/2779/2779 2780/2780/2780 2829/2829/2829
f 2780/2780/2780 2781/2781/2781 2830/2830/2830
f 2781/2781/2781 2782/2782/2782 2831/2831/2831
f 2782/2782/2782 2783/2783/2783 2832/2832/2832
f 2783/2783/2783 2784/2784/2784 2833/2833/2833
f 2784/2784/2784 2785/2785/2785 2834/2834/2834
f 2785/2785/2785 2786/2786/2786 2835/2835/2835
f 2786/2786/2786 2787/2787/2787 2836/2836/2836
f 2787/2787/2787 2788/2788/2788 2837/2837/2837
f 2788/2788/2788 2789/2789/2789 2838/2838/2838
f 2789/2789/2789 2790/2790/2790 2839/2839/2839
f 2790/2790/2790 2791/2791/2791 2840/2840/2840
f 2791/2791/2791 2792/2792/2792 2841/2841/2841
f 2792/2792/2792 2793/2793/2793 2842/2842/2842
f 2793/2793/2793 2794/2794/2794 2843/2843/2843
f 2794/2794/2794 2795/2795/2795 2844/2844/2844
f 2795/2795/2795 2796/2796/2796 2845/2845/2845
f 2796/2796/2796 2797/2797/2797 2846/2846/2846
f 2797/2797/2797 2798/2798/2798 2847/2847/2847
f 2798/2798/2798 2799/2799/2799 2848/2848/2848
f 2799/2799/2799 2800/2800/2800 2849/2849/2849
f 2800/2800/2800 2801/2801/2801 2850/2850/2850
f 2801/2801/2801 2802/2802/2802 2851/2851/2851
f 2802/2802/2802 2803/2803/2803 2852/2852/2852
f 2803/2803/2803 2804/2804/2804 2853/2853/2853
f 2804/2804/2804 2805/2805/2805 2854/2854/2854
f 2805/2805/2805 2806/2806/2806 2855/2855/2855
f 2806/2806/2806 2807/2807/2807 2856/2856/2856
f 2807/2807/2807 2808/2808/2808 2857/2857/2857
f 2808/2808/2808 2809/2809/2809 2858/2858/2858
f 2809/2809/2809 2810/2810/2810 2859/2859/2859
f 2811/2811/2811 2812/2812/2812 2861/2861/2861
f 2812/2812/2812 2813/2813/2813 2862/2862/2862
f 2813/2813/2813 2814/2814/2814 2863/2863/2863
f 2814/2814/2814 2815/2815/2815 2864/2864/2864
f 2815/2815/2815 2816/2816/2816 2865/2865/2865
f 2816/2816/2816 2817/2817/2817 2866/2866/2866
f 2817/2817/2817 2818/2818/2818 2867/2867/2867
f 2818/2818/2818 2819/2819/2819 2868/2868/2868
f 2819/2819/2819 2820/2820/2820 2869/2869/2869
f 2820/2820/2820 2821/2821/2821 2870/2870/2870
f 2821/2821/2821 2822/2822/2822 2871/2871/2871
f 2822/2822/2822 2823/2823/2823 2872/2872/2872
f 2823/2823/2823 2824/2824/2824 2873/2873/2873
f 2824/2824/2824 2825/2825/2825 2874/2874/2874
f 2825/2825/2825 2826/2826/2826 2875/2875/2875
f 2826/2826/2826 2827/2827/2827 2876/2876/2876
f 2827/2827/2827 2828/2828/2828 2877/2877/2877
f 2828/2828/2828 2829/2829/2829 2878/2878/2878
f 2829/2829/2829 2830/2830/2830 2879/2879/2879
f 2830/2830/2830 2831/2831/2831 2880/2880/2880
f 2831/2831/2831 2832/2832/2832 2881/2881/2881
f 2832/2832/2832 2833/2833/2833 2882/2882/2882
f 2833/2833/2833 2834/2834/2834 2883/2883/2883
f 2834/2834/2834 2835/2835/2835 2884/2884/2884
f 2835/2835/2835 2836/2836/2836 2885/2885/2885
f 2836/2836/2836 2837/2837/2837 2886/2886/2886
f 2837/2837/2837 2838/2838/2838 2887/2887/2887
f 2838/2838/2838 2839/2839/2839 2888/2888/2888
f 2839/2839/2839 2840/2840/2840 2889/2889/2889
f 2840/2840/2840 2841/2841/2841 2890/2890/2890
f 2841/2841/2841 2842/2842/2842 2891/2891/2891
f 2842/2842/2842 2843/2843/2843 2892/2892/2892
f 2843/2843/2843 2844/2844/2844 2893/2893/2893
f 2844/2844/2844 2845/2845/2845 2894/2894/2894
f 2845/2845/2845 2846/2846/2846 2895/2895/2895
f 2846/2846/2846 2847/2847/2847 2896/2896/2896
f 2847/2847/2847 2848/2848/2848 2897/2897/2897
f 2848/2848/2848 2849/2849/2849 2898/2898/2898
f 2849/2849/2849 2850/2850/2850 2899/2899/2899
f 2850/2850/2850 2851/2851/2851 2900/2900/2900
f 2851/2851/2851 2852/2852/2852 2901/2901/2901
f 2852/2852/2852 2853/2853/2853 2902/2902/2902
f 2853/2853/2853 2854/2854/2854 2903/2903/2903
f 2854/2854/2854 2855/2855/2855 2904/2904/2904
f 2855/2855/2855 2856/2856/2856 2905/2905/2905
f 2856/2856/2856 2857/2857/2857 2906/2906/2906
f 2857/2857/2857 2858/2858/2858 2907/2907/2907
f 2858/2858/2858 2859/2859/2859 2908/2908/2908
f 2860/2860/2860 2861/2861/2861 2910/2910/2910
f 2861/2861/2861 2862/2862/2862 2911/2911/2911
f 2862/2862/2862 2863/2863/2863 2912/2912/2912
f 2863/2863/2863 2864/2864/2864 2913/2913/2913
f 2864/2864/2864 2865/2865/2865 2914/2914/2914
f 2865/2865/2865 2866/2866/2866 2915/2915/2915
f 2866/2866/2866 2867/2867/2867 2916/2916/2916
f 2867/2867/2867 2868/2868/2868 2917/2917/2917
f 2868/2868/2868 2869/2869/2869 2918/2918/2918
f 2869/2869/2869 2870/2870/2870 2919/2919/2919
f 2870/2870/2870 2871/2871/2871 2920/2920/2920
f 2871/2871/2871 2872/2872/2872 2921/2921/2921
f 2872/2872/2872 2873/2873/2873 2922/2922/2922
f 2873/2873/2873 2874/2874/2874 2923/2923/2923
f 2874/2874/2874 2875/2875/2875 2924/2924/2924
f 2875/2875/2875 2876/2876/2876 2925/2925/2925
f 2876/2876/2876 2877/2877/2877 2926/2926/2926
f 2877/2877/2877 2878/2878/2878 2927/2927/2927
f 2878/2878/2878 2879/2879/2879 2928/2928/2928
f 2879/2879/2879 2880/2880/2880 2929/2929/2929
f 2880/2880/2880 2881/2881/2881 2930/2930/2930
f 2881/2881/2881 2882/2882/2882 2931/2931/2931
f 2882/2882/2882 2883/2883/2883 2932/2932/2932
f 2883/2883/2883 2884/2884/2884 2933/2933/2933
f 2884/2884/2884 2885/2885/2885 2934/2934/2934
f 2885/2885/2885 2886/2886/2886 2935/2935/2935
f 2886/2886/2886 2887/2887/2887 2936/2936/2936
f 2887/2887/2887 2888/2888/2888 2937/2937/2937
f 2888/2888/2888 2889/2889/2889 2938/2938/2938
f 2889/2889/2889 2890/2890/2890 2939/2939/2939
f 2890/2890/2890 2891/2891/2891 2940/2940/2940
f 2891/2891/2891 2892/2892/2892 2941/2941/2941
f 2892/2892/2892 2893/2893/2893 2942/2942/2942
f 2893/2893/2893 2894/2894/2894 2943/2943/2943
f 2894/2894/2894 2895/2895/2895 2944/2944/2944
f 2895/2895/2895 2896/2896/2896 2945/2945/2945
f 2896/2896/2896 2897/2897/2897 2946/2946/2946
f 2897/2897/2897 2898/2898/2898 2947/2947/2947
f 2898/2898/2898 2899/2899/2899 2948/2948/2948
f 2899/2899/2899 2900/2900/2900 2949/2949/2949
f 2900/2900/2900 2901/2901/2901 2950/2950/2950
f 2901/2901/2901 2902/2902/2902 2951/2951/2951
f 2902/2902/2902 2903/2903/2903 2952/2952/2952
f 2903/2903/2903 2904/2904/2904 2953/2953/2953
f 2904/2904/2904 2905/2905/2905 2954/2954/2954
f 2905/2905/2905 2906/2906/2906 2955/2955/2955
f 2906/2906/2906 2907/2907/2907 2956/2956/2956
f 2907/2907/2907 2908/2908/2908 2957/2957/2957
f 2909/2909/2909 2910/2910/2910 2959/2959/2959
f 2910/2910/2910 2911/2911/2911 2960/2960/2960
f 2911/2911/2911 2912/2912/2912 2961/2961/2961
f 2912/2912/2912 2913/2913/2913 2962/2962/2962
f 2913/2913/2913 2914/2914/2914 2963/2963/2963
f 2914/2914/2914 2915/2915/2915 2964/2964/2964
f 2915/2915/2915 2916/2916/2916 2965/2965/2965
f 2916/2916/2916 2917/2917/2917 2966/2966/2966
f 2917/2917/2917 2918/2918/2918 2967/2967/2967
f 2918/2918/2918 2919/2919/2919 2968/2968/2968
f 2919/2919/2919 2920/2920/2920 2969/2969/2969
f 2920/2920/2920 2921/2921/2921 2970/2970/2970
f 2921/2921/2921 2922/2922/2922 2971/2971/2971
f 2922/2922/2922 2923/2923/2923 2972/2972/2972
f 2923/2923/2923 2924/2924/2924 2973/2973/2973
f 2924/2924/2924 2925/2925/2925 2974/2974/2974
f 2925/2925/2925 2926/2926/2926 2975/2975/2975
f 2926/2926/2926 2927/2927/2927 2976/2976/2976
f 2927/2927/2927 2928/2928/2928 2977/2977/2977
f 2928/2928/2928 2929/2929/2929 2978/2978/2978
f 2929/2929/2929 2930/2930/2930 2979/2979/2979
f 2930/2930/2930 2931/2931/2931 2980/2980/2980
f 2931/2931/2931 2932/2932/2932 2981/2981/2981
f 2932/2932/2932 2933/2933/2933 2982/2982/2982
f 2933/2933/2933 2934/2934/2934 2983/2983/2983
f 2934/2934/2934 2935/2935/2935 2984/2984/2984
f 2935/2935/2935 2936/2936/2936 2985/2985/2985
f 2936/2936/2936 2937/2937/2937 2986/2986/2986
f 2937/2937/2937 2938/2938/2938 2987/2987/2987
f 2938/2938/2938 2939/2939/2939 2988/2988/2988
f 2939/2939/2939 2940/2940/2940 2989/2989/2989
f 2940/2940/2940 2941/2941/2941 2990/2990/2990
f 2941/2941/2941 2942/2942/2942 2991/2991/2991
f 2942/2942/2942 2943/2943/2943 2992/2992/2992
f 2943/2943/2943 2944/2944/2944 2993/2993/2993
f 2944/2944/2944 2945/2945/2945 2994/2994/2994
f 2945/2945/2945 2946/2946/2946 2995/2995/2995
f 2946/2946/2946 2947/2947/2947 2996/2996/2996
f 2947/2947/2947 2948/2948/2948 2997/2997/2997
f 2948/2948/2948 2949/2949/2949 2998/2998/2998
f 2949/2949/2949 2950/2950/2950 2999/2999/2999
f 2950/2950/2950 2951/2951/2951 3000/3000/3000
f 2951/2951/2951 2952/2952/2952 3001/3001/3001
f 2952/2952/2952 2953/2953/2953 3002/3002/3002
f 2953/2953/2953 2954/2954/2954 3003/3003/3003
f 2954/2954/2954 2955/2955/2955 3004/3004/3004
f 2955/2955/2955 2956/2956/2956 3005/3005/3005
f 2956/2956/2956 2957/2957/2957 3006/3006/3006
f 2958/2958/2958 2959/2959/2959 3008/3008/3008
f 2959/2959/2959 2960/2960/2960 3009/3009/3009
f 2960/2960/2960 2961/2961/2961 3010/3010/3010
f 2961/2961/2961 2962/2962/2962 3011/3011/3011
f 2962/2962/2962 2963/2963/2963 3012/3012/3012
f 2963/2963/2963 2964/2964/2964 3013/3013/3013
f 2964/2964/2964 2965/2965/2965 3014/3014/3014
f 2965/2965/2965 2966/2966/2966 3015/3015/3015
f 2966/2966/2966 2967/2967/2967 3016/3016/3016
f 2967/2967/2967 2968/2968/2968 3017/3017/3017
f 2968/2968/2968 2969/2969/2969 3018/3018/3018
f 2969/2969/2969 2970/2970/2970 3019/3019/3019
f 2970/2970/2970 2971/2971/2971 3020/3020/3020
f 2971/2971/2971 2972/2972/2972 3021/3021/3021
f 2972/2972/2972 2973/2973/2973 3022/3022/3022
f 2973/2973/2973 2974/2974/2974 3023/3023/3023
f 2974/2974/2974 2975/2975/2975 3024/3024/3024
f 2975/2975/2975 2976/2976/2976 3025/3025/3025
f 2976/2976/2976 2977/2977/2977 3026/3026/3026
f 2977/2977/2977 2978/2978/2978 3027/3027/3027
f 2978/2978/2978 2979/2979/2979 3028/3028/3028
f 2979/2979/2979 2980/2980/2980 3029/3029/3029
f 2980/2980/2980 2981/2981/2981 3030/3030/3030
f 2981/2981/2981 2982/2982/2982 3031/3031/3031
f 2982/2982/2982 2983/2983/2983 3032/3032/3032
f 2983/2983/2983 2984/2984/2984 3033/3033/3033
f 2984/2984/2984 2985/2985/2985 3034/3034/3034
f 2985/2985/2985 2986/2986/2986 3035/3035/3035
f 2986/2986/2986 2987/2987/2987 3036/3036/3036
f 2987/2987/2987 2988/2988/2988 3037/3037/3037
f 2988/2988/2988 2989/2989/2989 3038/3038/3038
f 2989/2989/2989 2990/2990/2990 3039/3039/3039
f 2990/2990/2990 2991/2991/2991 3040/3040/3040
f 2991/2991/2991 2992/2992/2992 3041/3041/3041
f 2992/2992/2992 2993/2993/2993 3042/3042/3042
f 2993/2993/2993 2994/2994/2994 3043/3043/3043
f 2994/2994/2994 2995/2995/2995 3044/3044/3044
f 2995/2995/2995 2996/2996/2996 3045/3045/3045
f 2996/2996/2996 2997/2997/2997 3046/3046/3046
f 2997/2997/2997 2998/2998/2998 3047/3047/3047
f 2998/2998/2998 2999/2999/2999 3048/3048/3048
f 2999/2999/2999 3000/3000/3000 3049/3049/3049
f 3000/3000/3000 3001/3001/3001 3050/3050/3050
f 3001/3001/3001 3002/3002/3002 3051/3051/3051
f 3002/3002/3002 3003/3003/3003 3052/3052/3052
f 3003/3003/3003 3004/3004/3004 3053/3053/3053
f 3004/3004/3004 3005/3005/3005 3054/3054/3054
f 3005/3005/3005 3006/3006/3006 3055/3055/3055
f 3007/3007/3007 3008/3008/3008 3057/3057/3057
f 3008/3008/3008 3009/3009/3009 3058/3058/3058
f 3009/3009/3009 3010/3010/3010 3059/3059/3059
f 3010/3010/3010 3011/3011/3011 3060/3060/3060
f 3011/3011/3011 3012/3012/3012 3061/3061/3061
f 3012/3012/3012 3013/3013/3013 3062/3062/3062
f 3013/3013/3013 3014/3014/3014 3063/3063/3063
f 3014/3014/3014 3015/3015/3015 3064/3064/3064
f 3015/3015/3015 3016/3016/3016 3065/3065/3065
f 3016/3016/3016 3017/3017/3017 3066/3066/3066
f 3017/3017/3017 3018/3018/3018 3067/3067/3067
f 3018/3018/3018 3019/3019/3019 3068/3068/3068
f 3019/3019/3019 3020/3020/3020 3069/3069/3069
f 3020/3020/3020 3021/3021/3021 3070/3070/3070
f 3021/3021/3021 3022/3022/3022 3071/3071/3071
f 3022/3022/3022 3023/3023/3023 3072/3072/3072
f 3023/3023/3023 3024/3024/3024 3073/3073/3073
f 3024/3024/3024 3025/3025/3025 3074/3074/3074
f 3025/3025/3025 3026/3026/3026 3075/3075/3075
f 3026/3026/3026 3027/3027/3027 3076/3076/3076
f 3027/3027/3027 3028/3028/3028 3077/3077/3077
f 3028/3028/3028 3029/3029/3029 3078/3078/3078
f 3029/3029/3029 3030/3030/3030 3079/3079/3079
f 3030/3030/3030 3031/3031/3031 3080/3080/3080
f 3031/3031/3031 3032/3032/3032 3081/3081/3081
f 3032/3032/3032 3033/3033/3033 3082/3082/3082
f 3033/3033/3033 3034/3034/3034 3083/3083/3083
f 3034/3034/3034 3035/3035/3035 3084/3084/3084
f 3035/3035/3035 3036/3036/3036 3085/3085/3085
f 3036/3036/3036 3037/3037/3037 3086/3086/3086
f 3037/3037/3037 3038/3038/3038 3087/3087/3087
f 3038/3038/3038 3039/3039/3039 3088/3088/3088
f 3039/3039/3039 3040/3040/3040 3089/3089/3089
f 3040/3040/3040 3041/3041/3041 3090/3090/3090
f 3041/3041/3041 3042/3042/3042 3091/3091/3091
f 3042/3042/3042 3043/3043/3043 3092/3092/3092
f 3043/3043/3043 3044/3044/3044 3093/3093/3093
f 3044/3044/3044 3045/3045/3045 3094/3094/3094
f 3045/3045/3045 3046/3046/3046 3095/3095/3095
f 3046/3046/3046 3047/3047/3047 3096/3096/3096
f 3047/3047/3047 3048/3048/3048 3097/3097/3097
f 3048/3048/3048 3049/3049/3049 3098/3098/3098
f 3049/3049/3049 3050/3050/3050 3099/3099/3099
f 3050/3050/3050 3051/3051/3051 3100/3100/3100
f 3051/3051/3051 3052/3052/3052 3101/3101/3101
f 3052/3052/3052 3053/3053/3053 3102/3102/3102
f 3053/3053/3053 3054/3054/3054 3103/3103/3103
f 3054/3054/3054 3055/3055/3055 3104/3104/3104
f 3056/3056/3056 3057/3057/3057 3106/3106/3106
f 3057/3057/3057 3058/3058/3058 3107/3107/3107
f 3058/3058/3058 3059/3059/3059 3108/3108/3108
f 3059/3059/3059 3060/3060/3060 3109/3109/3109
f 3060/3060/3060 3061/3061/3061 3110/3110/3110
f 3061/3061/3061 3062/3062/3062 3111/3111/3111
f 3062/3062/3062 3063/3063/3063 3112/3112/3112
f 3063/3063/3063 3064/3064/3064 3113/3113/3113
f 3064/3064/3064 3065/3065/3065 3114/3114/3114
f 3065/3065/3065 3066/3066/3066 3115/3115/3115
f 3066/3066/3066 3067/3067/3067 3116/3116/3116
f 3067/3067/3067 3068/3068/3068 3117/3117/3117
f 3068/3068/3068 3069/3069/3069 3118/3118/3118
f 3069/3069/3069 3070/3070/3070 3119/3119/3119
f 3070/3070/3070 3071/3071/3071 3120/3120/3120
f 3071/3071/3071 3072/3072/3072 3121/3121/3121
f 3072/3072/3072 3073/3073/3073 3122/3122/3122
f 3073/3073/3073 3074/3074/3074 3123/3123/3123
f 3074/3074/3074 3075/3075/3075 3124/3124/3124
f 3075/3075/3075 3076/3076/3076 3125/3125/3125
f 3076/3076/3076 3077/3077/3077 3126/3126/3126
f 3077/3077/3077 3078/3078/3078 3127/3127/3127
f 3078/3078/3078 3079/3079/3079 3128/3128/3128
f 3079/3079/3079 3080/3080/3080 3129/3129/3129
f 3080/3080/3080 3081/3081/3081 3130/3130/3130
f 3081/3081/3081 3082/3082/3082 3131/3131/3131
f 3082/3082/3082 3083/3083/3083 3132/3132/3132
f 3083/3083/3083 3084/3084/3084 3133/3133/3133
f 3084/3084/3084 3085/3085/3085 3134/3134/3134
f 3085/3085/3085 3086/3086/3086 3135/3135/3135
f 3086/3086/3086 3087/3087/3087 3136/3136/3136
f 3087/3087/3087 3088/3088/3088 3137/3137/3137
f 3088/3088/3088 3089/3089/3089 3138/3138/3138
f 3089/3089/3089 3090/3090/3090 3139/3139/3139
f 3090/3090/3090 3091/3091/3091 3140/3140/3140
f 3091/3091/3091 3092/3092/3092 3141/3141/3141
f 3092/3092/3092 3093/3093/3093 3142/3142/3142
f 3093/3093/3093 3094/3094/3094 3143/3143/3143
f 3094/3094/3094 3095/3095/3095 3144/3144/3144
f 3095/3095/3095 3096/3096/3096 3145/3145/3145
f 3096/3096/3096 3097/3097/3097 3146/3146/3146
f 3097/3097/3097 3098/3098/3098 3147/3147/3147
f 3098/3098/3098 3099/3099/3099 3148/3148/3148
f 3099/3099/3099 3100/3100/3100 3149/3149/3149
f 3100/3100/3100 3101/3101/3101 3150/3150/3150
f 3101/3101/3101 3102/3102/3102 3151/3151/3151
f 3102/3102/3102 3103/3103/3103 3152/3152/3152
f 3103/3103/3103 3104/3104/3104 3153/3153/3153
f 3105/3105/3105 3106/3106/3106 3155/3155/3155
f 3106/3106/3106 3107/3107/3107 3156/3156/3156
f 3107/3107/3107 3108/3108/3108 3157/3157/3157
f 3108/3108/3108 3109/3109/3109 3158/3158/3158
f 3109/3109/3109 3110/3110/3110 3159/3159/3159
f 3110/3110/3110 3111/3111/3111 3160/3160/3160
f 3111/3111/3111 3112/3112/3112 3161/3161/3161
f 3112/3112/3112 3113/3113/3113 3162/3162/3162
f 3113/3113/3113 3114/3114/3114 3163/3163/3163
f 3114/3114/3114 3115/3115/3115 3164/3164/3164
f 3115/3115/3115 3116/3116/3116 3165/3165/3165
f 3116/3116/3116 3117/3117/3117 3166/3166/3166
f 3117/3117/3117 3118/3118/3118 3167/3167/3167
f 3118/3118/3118 3119/3119/3119 3168/3168/3168
f 3119/3119/3119 3120/3120/3120 3169/3169/3169
f 3120/3120/3120 3121/3121/3121 3170/3170/3170
f 3121/3121/3121 3122/3122/3122 3171/3171/3171
f 3122/3122/3122 3123/3123/3123 3172/3172/3172
f 3123/3123/3123 3124/3124/3124 3173/3173/3173
f 3124/3124/3124 3125/3125/3125 3174/3174/3174
f 3125/3125/3125 3126/3126/3126 3175/3175/3175
f 3126/3126/3126 3127/3127/3127 3176/3176/3176
f 3127/3127/3127 3128/3128/3128 3177/3177/3177
f 3128/3128/3128 3129/3129/3129 3178/3178/3178
f 3129/3129/3129 3130/3130/3130 3179/3179/3179
f 3130/3130/3130 3131/3131/3131 3180/3180/3180
f 3131/3131/3131 3132/3132/3132 3181/3181/3181
f 3132/3132/3132 3133/3133/3133 3182/3182/3182
f 3133/3133/3133 3134/3134/3134 3183/3183/3183
f 3134/3134/3134 3135/3135/3135 3184/3184/3184
f 3135/3135/3135 3136/3136/3136 3185/3185/3185
f 3136/3136/3136 3137/3137/3137 3186/3186/3186
f 3137/3137/3137 3138/3138/3138 3187/3187/3187
f 3138/3138/3138 3139/3139/3139 3188/3188/3188
f 3139/3139/3139 3140/3140/3140 3189/3189/3189
f 3140/3140/3140 3141/3141/3141 3190/3190/3190
f 3141/3141/3141 3142/3142/3142 3191/3191/3191
f 3142/3142/3142 3143/3143/3143 3192/3192/3192
f 3143/3143/3143 3144/3144/3144 3193/3193/3193
f 3144/3144/3144 3145/3145/3145 3194/3194/3194
f 3145/3145/3145 3146/3146/3146 3195/3195/3195
f 3146/3146/3146 3147/3147/3147 3196/3196/3196
f 3147/3147/3147 3148/3148/3148 3197/3197/3197
f 3148/3148/3148 3149/3149/3149 3198/3198/3198
f 3149/3149/3149 3150/3150/3150 3199/3199/3199
f 3150/3150/3150 3151/3151/3151 3200/3200/3200
f 3151/3151/3151 3152/3152/3152 3201/3201/3201
f 3152/3152/3152 3153/3153/3153 3202/3202/3202
f 3154/3154/3154 3155/3155/3155 3204/3204/3204
f 3155/3155/3155 3156/3156/3156 3205/3205/3205
f 3156/3156/3156 3157/3157/3157 3206/3206/3206
f 3157/3157/3157 3158/3158/3158 3207/3207/3207
f 3158/3158/3158 3159/3159/3159 3208/3208/3208
f 3159/3159/3159 3160/3160/3160 3209/3209/3209
f 3160/3160/3160 3161/3161/3161 3210/3210/3210
f 3161/3161/3161 3162/3162/3162 3211/3211/3211
f 3162/3162/3162 3163/3163/3163 3212/3212/3212
f 3163/3163/3163 3164/3164/3164 3213/3213/3213
f 3164/3164/3164 3165/3165/3165 3214/3214/3214
f 3165/3165/3165 3166/3166/3166 3215/3215/3215
f 3166/3166/3166 3167/3167/3167 3216/3216/3216
f 3167/3167/3167 3168/3168/3168 3217/3217/3217
f 3168/3168/3168 3169/3169/3169 3218/3218/3218
f 3169/3169/3169 3170/3170/3170 3219/3219/3219
f 3170/3170/3170 3171/3171/3171 3220/3220/3220
f 3171/3171/3171 3172/3172/3172 3221/3221/3221
f 3172/3172/3172 3173/3173/3173 3222/3222/3222
f 3173/3173/3173 3174/3174/3174 3223/3223/3223
f 3174/3174/3174 3175/3175/3175 3224/3224/3224
f 3175/3175/3175 3176/3176/3176 3225/3225/3225
f 3176/3176/3176 3177/3177/3177 3226/3226/3226
f 3177/3177/3177 3178/3178/3178 3227/3227/3227
f 3178/3178/3178 3179/3179/3179 3228/3228/3228
f 3179/3179/3179 3180/3180/3180 3229/3229/3229
f 3180/3180/3180 3181/3181/3181 3230/3230/3230
f 3181/3181/3181 3182/3182/3182 3231/3231/3231
f 3182/3182/3182 3183/3183/3183 3232/3232/3232
f 3183/3183/3183 3184/3184/3184 3233/3233/3233
f 3184/3184/3184 3185/3185/3185 3234/3234/3234
f 3185/3185/3185 3186/3186/3186 3235/3235/3235
f 3186/3186/3186 3187/3187/3187 3236/3236/3236
f 3187/3187/3187 3188/3188/3188 3237/3237/3237
f 3188/3188/3188 3189/3189/3189 3238/3238/3238
f 3189/3189/3189 3190/3190/3190 3239/3239/3239
f 3190/3190/3190 3191/3191/3191 3240/3240/3240
f 3191/3191/3191 3192/3192/3192 3241/3241/3241
f 3192/3192/3192 3193/3193/3193 3242/3242/3242
f 3193/3193/3193 3194/3194/3194 3243/3243/3243
f 3194/3194/3194 3195/3195/3195 3244/3244/3244
f 3195/3195/3195 3196/3196/3196 3245/3245/3245
f 3196/3196/3196 3197/3197/3197 3246/3246/3246
f 3197/3197/3197 3198/3198/3198 3247/3247/3247
f 3198/3198/3198 3199/3199/3199 3248/3248/3248
f 3199/3199/3199 3200/3200/3200 3249/3249/3249
f 3200/3200/3200 3201/3201/3201 3250/3250/3250
f 3201/3201/3201 3202/3202/3202 3251/3251/3251
f 3203/3203/3203 3204/3204/3204 3253/3253/3253
f 3204/3204/3204 3205/3205/3205 3254/3254/3254
f 3205/3205/3205 3206/3206/3206 3255/3255/3255
f 3206/3206/3206 3207/3207/3207 3256/3256/3256
f 3207/3207/3207 3208/3208/3208 3257/3257/3257
f 3208/3208/3208 3209/3209/3209 3258/3258/3258
f 3209/3209/3209 3210/3210/3210 3259/3259/3259
f 3210/3210/3210 3211/3211/3211 3260/3260/3260
f 3211/3211/3211 3212/3212/3212 3261/3261/3261
f 3212/3212/3212 3213/3213/3213 3262/3262/3262
f 3213/3213/3213 3214/3214/3214 3263/3263/3263
f 3214/3214/3214 3215/3215/3215 3264/3264/3264
f 3215/3215/3215 3216/3216/3216 3265/3265/3265
f 3216/3216/3216 3217/3217/3217 3266/3266/3266
f 3217/3217/3217 3218/3218/3218 3267/3267/3267
f 3218/3218/3218 3219/3219/3219 3268/3268/3268
f 3219/3219/3219 3220/3220/3220 3269/3269/3269
f 3220/3220/3220 3221/3221/3221 3270/3270/3270
f 3221/3221/3221 3222/3222/3222 3271/3271/3271
f 3222/3222/3222 3223/3223/3223 3272/3272/3272
f 3223/3223/3223 3224/3224/3224 3273/3273/3273
f 3224/3224/3224 3225/3225/3225 3274/3274/3274
f 3225/3225/3225 3226/3226/3226 3275/3275/3275
f 3226/3226/3226 3227/3227/3227 3276/3276/3276
f 3227/3227/3227 3228/3228/3228 3277/3277/3277
f 3228/3228/3228 3229/3229/3229 3278/3278/3278
f 3229/3229/3229 3230/3230/3230 3279/3279/3279
f 3230/3230/3230 3231/3231/3231 3280/3280/3280
f 3231/3231/3231 3232/3232/3232 3281/3281/3281
f 3232/3232/3232 3233/3233/3233 3282/3282/3282
f 3233/3233/3233 3234/3234/3234 3283/3283/3283
f 3234/3234/3234 3235/3235/3235 3284/3284/3284
f 3235/3235/3235 3236/3236/3236 3285/3285/3285
f 3236/3236/3236 3237/3237/3237 3286/3286/3286
f 3237/3237/3237 3238/3238/3238 3287/3287/3287
f 3238/3238/3238 3239/3239/3239 3288/3288/3288
f 3239/3239/3239 3240/3240/3240 3289/3289/3289
f 3240/3240/3240 3241/3241/3241 3290/3290/3290
f 3241/3241/3241 3242/3242/3242 3291/3291/3291
f 3242/3242/3242 3243/3243/3243 3292/3292/3292
f 3243/3243/3243 3244/3244/3244 3293/3293/3293
f 3244/3244/3244 3245/3245/3245 3294/3294/3294
f 3245/3245/3245 3246/3246/3246 3295/3295/3295
f 3246/3246/3246 3247/3247/3247 3296/3296/3296
f 3247/3247/3247 3248/3248/3248 3297/3297/3297
f 3248/3248/3248 3249/3249/3249 3298/3298/3298
f 3249/3249/3249 3250/3250/3250 3299/3299/3299
f 3250/3250/3250 3251/3251/3251 3300/3300/3300
f 3252/3252/3252 3253/3253/3253 3302/3302/3302
f 3253/3253/3253 3254/3254/3254 3303/3303/3303
f 3254/3254/3254 3255/3255/3255 3304/3304/3304
f 3255/3255/3255 3256/3256/3256 3305/3305/3305
f 3256/3256/3256 3257/3257/3257 3306/3306/3306
f 3257/3257/3257 3258/3258/3258 3307/3307/3307
f 3258/3258/3258 3259/3259/3259 3308/3308/3308
f 3259/3259/3259 3260/3260/3260 3309/3309/3309
f 3260/3260/3260 3261/3261/3261 3310/3310/3310
f 3261/3261/3261 3262/3262/3262 3311/3311/3311
f 3262/3262/3262 3263/3263/3263 3312/3312/3312
f 3263/3263/3263 3264/3264/3264 3313/3313/3313
f 3264/3264/3264 3265/3265/3265 3314/3314/3314
f 3265/3265/3265 3266/3266/3266 3315/3315/3315
f 3266/3266/3266 3267/3267/3267 3316/3316/3316
f 3267/3267/3267 3268/3268/3268 3317/3317/3317
f 3268/3268/3268 3269/3269/3269 3318/3318/3318
f 3269/3269/3269 3270/3270/3270 3319/3319/3319
f 3270/3270/3270 3271/3271/3271 3320/3320/3320
f 3271/3271/3271 3272/3272/3272 3321/3321/3321
f 3272/3272/3272 3273/3273/3273 3322/3322/3322
f 3273/3273/3273 3274/3274/3274 3323/3323/3323
f 3274/3274/3274 3275/3275/3275 3324/3324/3324
f 3275/3275/3275 3276/3276/3276 3325/3325/3325
f 3276/3276/3276 3277/3277/3277 3326/3326/3326
f 3277/3277/3277 3278/3278/3278 3327/3327/3327
f 3278/3278/3278 3279/3279/3279 3328/3328/3328
f 3279/3279/3279 3280/3280/3280 3329/3329/3329
f 3280/3280/3280 3281/3281/3281 3330/3330/3330
f 3281/3281/3281 3282/3282/3282 3331/3331/3331
f 3282/3282/3282 3283/3283/3283 3332/3332/3332
f 3283/3283/3283 3284/3284/3284 3333/3333/3333
f 3284/3284/3284 3285/3285/3285 3334/3334/3334
f 3285/3285/3285 3286/3286/3286 3335/3335/3335
f 3286/3286/3286 3287/3287/3287 3336/3336/3336
f 3287/3287/3287 3288/3288/3288 3337/3337/3337
f 3288/3288/3288 3289/3289/3289 3338/3338/3338
f 3289/3289/3289 3290/3290/3290 3339/3339/3339
f 3290/3290/3290 3291/3291/3291 3340/3340/3340
f 3291/3291/3291 3292/3292/3292 3341/3341/3341
f 3292/3292/3292 3293/3293/3293 3342/3342/3342
f 3293/3293/3293 3294/3294/3294 3343/3343/3343
f 3294/3294/3294 3295/3295/3295 3344/3344/3344
f 3295/3295/3295 3296/3296/3296 3345/3345/3345
f 3296/3296/3296 3297/3297/3297 3346/3346/3346
f 3297/3297/3297 3298/3298/3298 3347/3347/3347
f 3298/3298/3298 3299/3299/3299 3348/3348/3348
f 3299/3299/3299 3300/3300/3300 3349/3349/3349
f 3301/3301/3301 3302/3302/3302 3351/3351/3351
f 3302/3302/3302 3303/3303/3303 3352/3352/3352
f 3303/3303/3303 3304/3304/3304 3353/3353/3353
f 3304/3304/3304 3305/3305/3305 3354/3354/3354
f 3305/3305/3305 3306/3306/3306 3355/3355/3355
f 3306/3306/3306 3307/3307/3307 3356/3356/3356
f 3307/3307/3307 3308/3308/3308 3357/3357/3357
f 3308/3308/3308 3309/3309/3309 3358/3358/3358
f 3309/3309/3309 3310/3310/3310 3359/3359/3359
f 3310/3310/3310 3311/3311/3311 3360/3360/3360
f 3311/3311/3311 3312/3312/3312 3361/3361/3361
f 3312/3312/3312 3313/3313/3313 3362/3362/3362
f 3313/3313/3313 3314/3314/3314 3363/3363/3363
f 3314/3314/3314 3315/3315/3315 3364/3364/3364
f 3315/3315/3315 3316/3316/3316 3365/3365/3365
f 3316/3316/3316 3317/3317/3317 3366/3366/3366
f 3317/3317/3317 3318/3318/3318 3367/3367/3367
f 3318/3318/3318 3319/3319/3319 3368/3368/3368
f 3319/3319/3319 3320/3320/3320 3369/3369/3369
f 3320/3320/3320 3321/3321/3321 3370/3370/3370
f 3321/3321/3321 3322/3322/3322 3371/3371/3371
f 3322/3322/3322 3323/3323/3323 3372/3372/3372
f 3323/3323/3323 3324/3324/3324 3373/3373/3373
f 3324/3324/3324 3325/3325/3325 3374/3374/3374
f 3325/3325/3325 3326/3326/3326 3375/3375/3375
f 3326/3326/3326 3327/3327/3327 3376/3376/3376
f 3327/3327/3327 3328/3328/3328 3377/3377/3377
f 3328/3328/3328 3329/3329/3329 3378/3378/3378
f 3329/3329/3329 3330/3330/3330 3379/3379/3379
f 3330/3330/3330 3331/3331/3331 3380/3380/3380
f 3331/3331/3331 3332/3332/3332 3381/3381/3381
f 3332/3332/3332 3333/3333/3333 3382/3382/3382
f 3333/3333/3333 3334/3334/3334 3383/3383/3383
f 3334/3334/3334 3335/3335/3335 3384/3384/3384
f 3335/3335/3335 3336/3336/3336 3385/3385/3385
f 3336/3336/3336 3337/3337/3337 3386/3386/3386
f 3337/3337/3337 3338/3338/3338 3387/3387/3387
f 3338/3338/3338 3339/3339/3339 3388/3388/3388
f 3339/3339/3339 3340/3340/3340 3389/3389/3389
f 3340/3340/3340 3341/3341/3341 3390/3390/3390
f 3341/3341/3341 3342/3342/3342 3391/3391/3391
f 3342/3342/3342 3343/3343/3343 3392/3392/3392
f 3343/3343/3343 3344/3344/3344 3393/3393/3393
f 3344/3344/3344 3345/3345/3345 3394/3394/3394
f 3345/3345/3345 3346/3346/3346 3395/3395/3395
f 3346/3346/3346 3347/3347/3347 3396/3396/3396
f 3347/3347/3347 3348/3348/3348 3397/3397/3397
f 3348/3348/3348 3349/3349/3349 3398/3398/3398
f 2174/2174/2174 2224/2224/2224 2223/2223/2223
f 2175/2175/2175 2225/2225/2225 2224/2224/2224
f 2176/2176/2176 2226/2226/2226 2225/2225/2225
f 2177/2177/2177 2227/2227/2227 2226/2226/2226
f 2178/2178/2178 2228/2228/2228 2227/2227/2227
f 2179/2179/2179 2229/2229/2229 2228/2228/2228
f 2180/2180/2180 2230/2230/2230 2229/2229/2229
f 2181/2181/2181 2231/2231/2231 2230/2230/2230
f 2182/2182/2182 2232/2232/2232 2231/2231/2231
f 2183/2183/2183 2233/2233/2233 2232/2232/2232
f 2184/2184/2184 2234/2234/2234 2233/2233/2233
f 2185/2185/2185 2235/2235/2235 2234/2234/2234
f 2186/2186/2186 2236/2236/2236 2235/2235/2235
f 2187/2187/2187 2237/2237/2237 2236/2236/2236
f 2188/2188/2188 2238/2238/2238 2237/2237/2237
f 2189/2189/2189 2239/2239/2239 2238/2238/2238
f 2190/2190/2190 2240/2240/2240 2239/2239/2239
f 2191/2191/2191 2241/2241/2241 2240/2240/2240
f 2192/2192/2192 2242/2242/2242 2241/2241/2241
f 2193/2193/2193 2243/2243/2243 2242/2242/2242
f 2194/2194/2194 2244/2244/2244 2243/2243/2243
f 2195/2195/2195 2245/2245/2245 2244/2244/2244
f 2196/2196/2196 2246/2246/2246 2245/2245/2245
f 2197/2197/2197 2247/2247/2247 2246/2246/2246
f 2198/2198/2198 2248/2248/2248 2247/2247/2247
f 2199/2199/2199 2249/2249/2249 2248/2248/2248
f 2200/2200/2200 2250/2250/2250 2249/2249/2249
f 2201/2201/2201 2251/2251/2251 2250/2250/2250
f 2202/2202/2202 2252/2252/2252 2251/2251/2251
f 2203/2203/2203 2253/2253/2253 2252/2252/2252
f 2204/2204/2204 2254/2254/2254 2253/2253/2253
f 2205/2205/2205 2255/2255/2255 2254/2254/2254
f 2206/2206/2206 2256/2256/2256 2255/2255/2255
f 2207/2207/2207 2257/2257/2257 2256/2256/2256
f 2208/2208/2208 2258/2258/2258 2257/2257/2257
f 2209/2209/2209 2259/2259/2259 2258/2258/2258
f 2210/2210/2210 2260/2260/2260 2259/2259/2259
f 2211/2211/2211 2261/2261/2261 2260/2260/2260
f 2212/2212/2212 2262/2262/2262 2261/2261/2261
f 2213/2213/2213 2263/2263/2263 2262/2262/2262
f 2214/2214/2214 2264/2264/2264 2263/2263/2263
f 2215/2215/2215 2265/2265/2265 2264/2264/2264
f 2216/2216/2216 2266/2266/2266 2265/2265/2265
f 2217/2217/2217 2267/2267/2267 2266/2266/2266
f 2218/2218/2218 2268/2268/2268 2267/2267/2267
f 2219/2219/2219 2269/2269/2269 2268/2268/2268
f 2220/2220/2220 2270/2270/2270 2269/2269/2269
f 2221/2221/2221 2271/2271/2271 2270/2270/2270
f 2223/2223/2223 2273/2273/2273 2272/2272/2272
f 2224/2224/2224 2274/2274/2274 2273/2273/2273
f 2225/2225/2225 2275/2275/2275 2274/2274/2274
f 2226/2226/2226 2276/2276/2276 2275/2275/2275
f 2227/2227/2227 2277/2277/2277 2276/2276/2276
f 2228/2228/2228 2278/2278/2278 2277/2277/2277
f 2229/2229/2229 2279/2279/2279 2278/2278/2278
f 2230/2230/2230 2280/2280/2280 2279/2279/2279
f 2231/2231/2231 2281/2281/2281 2280/2280/2280
f 2232/2232/2232 2282/2282/2282 2281/2281/2281
f 2233/2233/2233 2283/2283/2283 2282/2282/2282
f 2234/2234/2234 2284/2284/2284 2283/2283/2283
f 2235/2235/2235 2285/2285/2285 2284/2284/2284
f 2236/2236/2236 2286/2286/2286 2285/2285/2285
f 2237/2237/2237 2287/2287/2287 2286/2286/2286
f 2238/2238/2238 2288/2288/2288 2287/2287/2287
f 2239/2239/2239 2289/2289/2289 2288/2288/2288
f 2240/2240/2240 2290/2290/2290 2289/2289/2289
f 2241/2241/2241 2291/2291/2291 2290/2290/2290
f 2242/2242/2242 2292/2292/2292 2291/2291/2291
f 2243/2243/2243 2293/2293/2293 2292/2292/2292
f 2244/2244/2244 2294/2294/2294 2293/2293/2293
f 2245/2245/2245 2295/2295/2295 2294/2294/2294
f 2246/2246/2246 2296/2296/2296 2295/2295/2295
f 2247/2247/2247 2297/2297/2297 2296/2296/2296
f 2248/2248/2248 2298/2298/2298 2297/2297/2297
f 2249/2249/2249 2299/2299/2299 2298/2298/2298
f 2250/2250/2250 2300/2300/2300 2299/2299/2299
f 2251/2251/2251 2301/2301/2301 2300/2300/2300
f 2252/2252/2252 2302/2302/2302 2301/2301/2301
f 2253/2253/2253 2303/2303/2303 2302/2302/2302
f 2254/2254/2254 2304/2304/2304 2303/2303/2303
f 2255/2255/2255 2305/2305/2305 2304/2304/2304
f 2256/2256/2256 2306/2306/2306 2305/2305/2305
f 2257/2257/2257 2307/2307/2307 2306/2306/2306
f 2258/2258/2258 2308/2308/2308 2307/2307/2307
f 2259/2259/2259 2309/2309/2309 2308/2308/2308
f 2260/2260/2260 2310/2310/2310 2309/2309/2309
f 2261/2261/2261 2311/2311/2311 2310/2310/2310
f 2262/2262/2262 2312/2312/2312 2311/2311/2311
f 2263/2263/2263 2313/2313/2313 2312/2312/2312
f 2264/2264/2264 2314/2314/2314 2313/2313/2313
f 2265/2265/2265 2315/2315/2315 2314/2314/2314
f 2266/2266/2266 2316/2316/2316 2315/2315/2315
f 2267/2267/2267 2317/2317/2317 2316/2316/2316
f 2268/2268/2268 2318/2318/2318 2317/2317/2317
f 2269/2269/2269 2319/2319/2319 2318/2318/2318
f 2270/2270/2270 2320/2320/2320 2319/2319/2319
f 2272/2272/2272 2322/2322/2322 2321/2321/2321
f 2273/2273/2273 2323/2323/2323 2322/2322/2322
f 2274/2274/2274 2324/2324/2324 2323/2323/2323
f 2275/2275/2275 2325/2325/2325 2324/2324/2324
f 2276/2276/2276 2326/2326/2326 2325/2325/2325
f 2277/2277/2277 2327/2327/2327 2326/2326/2326
f 2278/2278/2278 2328/2328/2328 2327/2327/2327
f 2279/2279/2279 2329/2329/2329 2328/2328/2328
f 2280/2280/2280 2330/2330/2330 2329/2329/2329
f 2281/2281/2281 2331/2331/2331 2330/2330/2330
f 2282/2282/2282 2332/2332/2332 2331/2331/2331
f 2283/2283/2283 2333/2333/2333 2332/2332/2332
f 2284/2284/2284 2334/2334/2334 2333/2333/2333
f 2285/2285/2285 2335/2335/2335 2334/2334/2334
f 2286/2286/2286 2336/2336/2336 2335/2335/2335
f 2287/2287/2287 2337/2337/2337 2336/2336/2336
f 2288/2288/2288 2338/2338/2338 2337/2337/2337
f 2289/2289/2289 2339/2339/2339 2338/2338/2338
f 2290/2290/2290 2340/2340/2340 2339/2339/2339
f 2291/2291/2291 2341/2341/2341 2340/2340/2340
f 2292/2292/2292 2342/2342/2342 2341/2341/2341
f 2293/2293/2293 2343/2343/2343 2342/2342/2342
f 2294/2294/2294 2344/2344/2344 2343/2343/2343
f 2295/2295/2295 2345/2345/2345 2344/2344/2344
f 2296/2296/2296 2346/2346/2346 2345/2345/2345
f 2297/2297/2297 2347/2347/2347 2346/2346/2346
f 2298/2298/2298 2348/2348/2348 2347/2347/2347
f 2299/2299/2299 2349/2349/2349 2348/2348/2348
f 2300/2300/2300 2350/2350/2350 2349/2349/2349
f 2301/2301/2301 2351/2351/2351 2350/2350/2350
f 2302/2302/2302 2352/2352/2352 2351/2351/2351
f 2303/2303/2303 2353/2353/2353 2352/2352/2352
f 2304/2304/2304 2354/2354/2354 2353/2353/2353
f 2305/2305/2305 2355/2355/2355 2354/2354/2354
f 2306/2306/2306 2356/2356/2356 2355/2355/2355
f 2307/2307/2307 2357/2357/2357 2356/2356/2356
f 2308/2308/2308 2358/2358/2358 2357/2357/2357
f 2309/2309/2309 2359/2359/2359 2358/2358/2358
f 2310/2310/2310 2360/2360/2360 2359/2359/2359
f 2311/2311/2311 2361/2361/2361 2360/2360/2360
f 2312/2312/2312 2362/2362/2362 2361/2361/2361
f 2313/2313/2313 2363/2363/2363 2362/2362/2362
f 2314/2314/2314 2364/2364/2364 2363/2363/2363
f 2315/2315/2315 2365/2365/2365 2364/2364/2364
f 2316/2316/2316 2366/2366/2366 2365/2365/2365
f 2317/2317/2317 2367/2367/2367 2366/2366/2366
f 2318/2318/2318 2368/2368/2368 2367/2367/2367
f 2319/2319/2319 2369/2369/2369 2368/2368/2368
f 2321/2321/2321 2371/2371/2371 2370/2370/2370
f 2322/2322/2322 2372/2372/2372 2371/2371/2371
f 2323/2323/2323 2373/2373/2373 2372/2372/2372
f 2324/2324/2324 2374/2374/2374 2373/2373/2373
f 2325/2325/2325 2375/2375/2375 2374/2374/2374
f 2326/2326/2326 2376/2376/2376 2375/2375/2375
f 2327/2327/2327 2377/2377/2377 2376/2376/2376
f 2328/2328/2328 2378/2378/2378 2377/2377/2377
f 2329/2329/2329 2379/2379/2379 2378/2378/2378
f 2330/2330/2330 2380/2380/2380 2379/2379/2379
f 2331/2331/2331 2381/2381/2381 2380/2380/2380
f 2332/2332/2332 2382/2382/2382 2381/2381/2381
f 2333/2333/2333 2383/2383/2383 2382/2382/2382
f 2334/2334/2334 2384/2384/2384 2383/2383/2383
f 2335/2335/2335 2385/2385/2385 2384/2384/2384
f 2336/2336/2336 2386/2386/2386 2385/2385/2385
f 2337/2337/2337 2387/2387/2387 2386/2386/2386
f 2338/2338/2338 2388/2388/2388 2387/2387/2387
f 2339/2339/2339 2389/2389/2389 2388/2388/2388
f 2340/2340/2340 2390/2390/2390 2389/2389/2389
f 2341/2341/2341 2391/2391/2391 2390/2390/2390
f 2342/2342/2342 2392/2392/2392 2391/2391/2391
f 2343/2343/2343 2393/2393/2393 2392/2392/2392
f 2344/2344/2344 2394/2394/2394 2393/2393/2393
f 2345/2345/2345 2395/2395/2395 2394/2394/2394
f 2346/2346/2346 2396/2396/2396 2395/2395/2395
f 2347/2347/2347 2397/2397/2397 2396/2396/2396
f 2348/2348/2348 2398/2398/2398 2397/2397/2397
f 2349/2349/2349 2399/2399/2399 2398/2398/2398
f 2350/2350/2350 2400/2400/2400 2399/2399/2399
f 2351/2351/2351 2401/2401/2401 2400/2400/2400
f 2352/2352/2352 2402/2402/2402 2401/2401/2401
f 2353/2353/2353 2403/2403/2403 2402/2402/2402
f 2354/2354/2354 2404/2404/2404 2403/2403/2403
f 2355/2355/2355 2405/2405/2405 2404/2404/2404
f 2356/2356/2356 2406/2406/2406 2405/2405/2405
f 2357/2357/2357 2407/2407/2407 2406/2406/2406
f 2358/2358/2358 2408/2408/2408 2407/2407/2407
f 2359/2359/2359 2409/2409/2409 2408/2408/2408
f 2360/2360/2360 2410/2410/2410 2409/2409/2409
f 2361/2361/2361 2411/2411/2411 2410/2410/2410
f 2362/2362/2362 2412/2412/2412 2411/2411/2411
f 2363/2363/2363 2413/2413/2413 2412/2412/2412
f 2364/2364/2364 2414/2414/2414 2413/2413/2413
f 2365/2365/2365 2415/2415/2415 2414/2414/2414
f 2366/2366/2366 2416/2416/2416 2415/2415/2415
f 2367/2367/2367 2417/2417/2417 2416/2416/2416
f 2368/2368/2368 2418/2418/2418 2417/2417/2417
f 2370/2370/2370 2420/2420/2420 2419/2419/2419
f 2371/2371/2371 2421/2421/2421 2420/2420/2420
f 2372/2372/2372 2422/2422/2422 2421/2421/2421
f 2373/2373/2373 2423/2423/2423 2422/2422/2422
f 2374/2374/2374 2424/2424/2424 2423/2423/2423
f 2375/2375/2375 2425/2425/2425 2424/2424/2424
f 2376/2376/2376 2426/2426/2426 2425/2425/2425
f 2377/2377/2377 2427/2427/2427 2426/2426/2426
f 2378/2378/2378 2428/2428/2428 2427/2427/2427
f 2379/2379/2379 2429/2429/2429 2428/2428/2428
f 2380/2380/2380 2430/2430/2430 2429/2429/2429
f 2381/2381/2381 2431/2431/2431 2430/2430/2430
f 2382/2382/2382 2432/2432/2432 2431/2431/2431
f 2383/2383/2383 2433/2433/2433 2432/2432/2432
f 2384/2384/2384 2434/2434/2434 2433/2433/2433
f 2385/2385/2385 2435/2435/2435 2434/2434/2434
f 2386/2386/2386 2436/2436/2436 2435/2435/2435
f 2387/2387/2387 2437/2437/2437 2436/2436/2436
f 2388/2388/2388 2438/2438/2438 2437/2437/2437
f 2389/2389/2389 2439/2439/2439 2438/2438/2438
f 2390/2390/2390 2440/2440/2440 2439/2439/2439
f 2391/2391/2391 2441/2441/2441 2440/2440/2440
f 2392/2392/2392 2442/2442/2442 2441/2441/2441
f 2393/2393/2393 2443/2443/2443 2442/2442/2442
f 2394/2394/2394 2444/2444/2444 2443/2443/2443
f 2395/2395/2395 2445/2445/2445 2444/2444/2444
f 2396/2396/2396 2446/2446/2446 2445/2445/2445
f 2397/2397/2397 2447/2447/2447 2446/2446/2446
f 2398/2398/2398 2448/2448/2448 2447/2447/2447
f 2399/2399/2399 2449/2449/2449 2448/2448/2448
f 2400/2400/2400 2450/2450/2450 2449/2449/2449
f 2401/2401/2401 2451/2451/2451 2450/2450/2450
f 2402/2402/2402 2452/2452/2452 2451/2451/2451
f 2403/2403/2403 2453/2453/2453 2452/2452/2452
f 2404/2404/2404 2454/2454/2454 2453/2453/2453
f 2405/2405/2405 2455/2455/2455 2454/2454/2454
f 2406/2406/2406 2456/2456/2456 2455/2455/2455
f 2407/2407/2407 2457/2457/2457 2456/2456/2456
f 2408/2408/2408 2458/2458/2458 2457/2457/2457
f 2409/2409/2409 2459/2459/2459 2458/2458/2458
f 2410/2410/2410 2460/2460/2460 2459/2459/2459
f 2411/2411/2411 2461/2461/2461 2460/2460/2460
f 2412/2412/2412 2462/2462/2462 2461/2461/2461
f 2413/2413/2413 2463/2463/2463 2462/2462/2462
f 2414/2414/2414 2464/2464/2464 2463/2463/2463
f 2415/2415/2415 2465/2465/2465 2464/2464/2464
f 2416/2416/2416 2466/2466/2466 2465/2465/2465
f 2417/2417/2417 2467/2467/2467 2466/2466/2466
f 2419/2419/2419 2469/2469/2469 2468/2468/2468
f 2420/2420/2420 2470/2470/2470 2469/2469/2469
f 2421/2421/2421 2471/2471/2471 2470/2470/2470
f 2422/2422/2422 2472/2472/2472 2471/2471/2471
f 2423/2423/2423 2473/2473/2473 2472/2472/2472
f 2424/2424/2424 2474/2474/2474 2473/2473/2473
f 2425/2425/2425 2475/2475/2475 2474/2474/2474
f 2426/2426/2426 2476/2476/2476 2475/2475/2475
f 2427/2427/2427 2477/2477/2477 2476/2476/2476
f 2428/2428/2428 2478/2478/2478 2477/2477/2477
f 2429/2429/2429 2479/2479/2479 2478/2478/2478
f 2430/2430/2430 2480/2480/2480 2479/2479/2479
f 2431/2431/2431 2481/2481/2481 2480/2480/2480
f 2432/2432/2432 2482/2482/2482 2481/2481/2481
f 2433/2433/2433 2483/2483/2483 2482/2482/2482
f 2434/2434/2434 2484/2484/2484 2483/2483/2483
f 2435/2435/2435 2485/2485/2485 2484/2484/2484
f 2436/2436/2436 2486/2486/2486 2485/2485/2485
f 2437/2437/2437 2487/2487/2487 2486/2486/2486
f 2438/2438/2438 2488/2488/2488 2487/2487/2487
f 2439/2439/2439 2489/2489/2489 2488/2488/2488
f 2440/2440/2440 2490/2490/2490 2489/2489/2489
f 2441/2441/2441 2491/2491/2491 2490/2490/2490
f 2442/2442/2442 2492/2492/2492 2491/2491/2491
f 2443/2443/2443 2493/2493/2493 2492/2492/2492
f 2444/2444/2444 2494/2494/2494 2493/2493/2493
f 2445/2445/2445 2495/2495/2495 2494/2494/2494
f 2446/2446/2446 2496/2496/2496 2495/2495/2495
f 2447/2447/2447 2497/2497/2497 2496/2496/2496
f 2448/2448/2448 2498/2498/2498 2497/2497/2497
f 2449/2449/2449 2499/2499/2499 2498/2498/2498
f 2450/2450/2450 2500/2500/2500 2499/2499/2499
f 2451/2451/2451 2501/2501/2501 2500/2500/2500
f 2452/2452/2452 2502/2502/2502 2501/2501/2501
f 2453/2453/2453 2503/2503/2503 2502/2502/2502
f 2454/2454/2454 2504/2504/2504 2503/2503/2503
f 2455/2455/2455 2505/2505/2505 2504/2504/2504
f 2456/2456/2456 2506/2506/2506 2505/2505/2505
f 2457/2457/2457 2507/2507/2507 2506/2506/2506
f 2458/2458/2458 2508/2508/2508 2507/2507/2507
f 2459/2459/2459 2509/2509/2509 2508/2508/2508
f 2460/2460/2460 2510/2510/2510 2509/2509/2509
f 2461/2461/2461 2511/2511/2511 2510/2510/2510
f 2462/2462/2462 2512/2512/2512 2511/2511/2511
f 2463/2463/2463 2513/2513/2513 2512/2512/2512
f 2464/2464/2464 2514/2514/2514 2513/2513/2513
f 2465/2465/2465 2515/2515/2515 2514/2514/2514
f 2466/2466/2466 2516/2516/2516 2515/2515/2515
f 2468/2468/2468 2518/2518/2518 2517/2517/2517
f 2469/2469/2469 2519/2519/2519 2518/2518/2518
f 2470/2470/2470 2520/2520/2520 2519/2519/2519
f 2471/2471/2471 2521/2521/2521 2520/2520/2520
f 2472/2472/2472 2522/2522/2522 2521/2521/2521
f 2473/2473/2473 2523/2523/2523 2522/2522/2522
f 2474/2474/2474 2524/2524/2524 2523/2523/2523
f 2475/2475/2475 2525/2525/2525 2524/2524/2524
f 2476/2476/2476 2526/2526/2526 2525/2525/2525
f 2477/2477/2477 2527/2527/2527 2526/2526/2526
f 2478/2478/2478 2528/2528/2528 2527/2527/2527
f 2479/2479/2479 2529/2529/2529 2528/2528/2528
f 2480/2480/2480 2530/2530/2530 2529/2529/2529
f 2481/2481/2481 2531/2531/2531 2530/2530/2530
f 2482/2482/2482 2532/2532/2532 2531/2531/2531
f 2483/2483/2483 2533/2533/2533 2532/2532/2532
f 2484/2484/2484 2534/2534/2534 2533/2533/2533
f 2485/2485/2485 2535/2535/2535 2534/2534/2534
f 2486/2486/2486 2536/2536/2536 2535/2535/2535
f 2487/2487/2487 2537/2537/2537 2536/2536/2536
f 2488/2488/2488 2538/2538/2538 2537/2537/2537
f 2489/2489/2489 2539/2539/2539 2538/2538/2538
f 2490/2490/2490 2540/2540/2540 2539/2539/2539
f 2491/2491/2491 2541/2541/2541 2540/2540/2540
f 2492/2492/2492 2542/2542/2542 2541/2541/2541
f 2493/2493/2493 2543/2543/2543 2542/2542/2542
f 2494/2494/2494 2544/2544/2544 2543/2543/2543
f 2495/2495/2495 2545/2545/2545 2544/2544/2544
f 2496/2496/2496 2546/2546/2546 2545/2545/2545
f 2497/2497/2497 2547/2547/2547 2546/2546/2546
f 2498/2498/2498 2548/2548/2548 2547/2547/2547
f 2499/2499/2499 2549/2549/2549 2548/2548/2548
f 2500/2500/2500 2550/2550/2550 2549/2549/2549
f 2501/2501/2501 2551/2551/2551 2550/2550/2550
f 2502/2502/2502 2552/2552/2552 2551/2551/2551
f 2503/2503/2503 2553/2553/2553 2552/2552/2552
f 2504/2504/2504 2554/2554/2554 2553/2553/2553
f 2505/2505/2505 2555/2555/2555 2554/2554/2554
f 2506/2506/2506 2556/2556/2556 2555/2555/2555
f 2507/2507/2507 2557/2557/2557 2556/2556/2556
f 2508/2508/2508 2558/2558/2558 2557/2557/2557
f 2509/2509/2509 2559/2559/2559 2558/2558/2558
f 2510/2510/2510 2560/2560/2560 2559/2559/2559
f 2511/2511/2511 2561/2561/2561 2560/2560/2560
f 2512/2512/2512 2562/2562/2562 2561/2561/2561
f 2513/2513/2513 2563/2563/2563 2562/2562/2562
f 2514/2514/2514 2564/2564/2564 2563/2563/2563
f 2515/2515/2515 2565/2565/2565 2564/2564/2564
f 2517/2517/2517 2567/2567/2567 2566/2566/2566
f 2518/2518/2518 2568/2568/2568 2567/2567/2567
f 2519/2519/2519 2569/2569/2569 2568/2568/2568
f 2520/2520/2520 2570/2570/2570 2569/2569/2569
f 2521/2521/2521 2571/2571/2571 2570/2570/2570
f 2522/2522/2522 2572/2572/2572 2571/2571/2571
f 2523/2523/2523 2573/2573/2573 2572/2572/2572
f 2524/2524/2524 2574/2574/2574 2573/2573/2573
f 2525/2525/2525 2575/2575/2575 2574/2574/2574
f 2526/2526/2526 2576/2576/2576 2575/2575/2575
f 2527/2527/2527 2577/2577/2577 2576/2576/2576
f 2528/2528/2528 2578/2578/2578 2577/2577/2577
f 2529/2529/2529 2579/2579/2579 2578/2578/2578
f 2530/2530/2530 2580/2580/2580 2579/2579/2579
f 2531/2531/2531 2581/2581/2581 2580/2580/2580
f 2532/2532/2532 2582/2582/2582 2581/2581/2581
f 2533/2533/2533 2583/2583/2583 2582/2582/2582
f 2534/2534/2534 2584/2584/2584 2583/2583/2583
f 2535/2535/2535 2585/2585/2585 2584/2584/2584
f 2536/2536/2536 2586/2586/2586 2585/2585/2585
f 2537/2537/2537 2587/2587/2587 2586/2586/2586
f 2538/2538/2538 2588/2588/2588 2587/2587/2587
f 2539/2539/2539 2589/2589/2589 2588/2588/2588
f 2540/2540/2540 2590/2590/2590 2589/2589/2589
f 2541/2541/2541 2591/2591/2591 2590/2590/2590
f 2542/2542/2542 2592/2592/2592 2591/2591/2591
f 2543/2543/2543 2593/2593/2593 2592/2592/2592
f 2544/2544/2544 2594/2594/2594 2593/2593/2593
f 2545/2545/2545 2595/2595/2595 2594/2594/2594
f 2546/2546/2546 2596/2596/2596 2595/2595/2595
f 2547/2547/2547 2597/2597/2597 2596/2596/2596
f 2548/2548/2548 2598/2598/2598 2597/2597/2597
f 2549/2549/2549 2599/2599/2599 2598/2598/2598
f 2550/2550/2550 2600/2600/2600 2599/2599/2599
f 2551/2551/2551 2601/2601/2601 2600/2600/2600
f 2552/2552/2552 2602/2602/2602 2601/2601/2601
f 2553/2553/2553 2603/2603/2603 2602/2602/2602
f 2554/2554/2554 2604/2604/2604 2603/2603/2603
f 2555/2555/2555 2605/2605/2605 2604/2604/2604
f 2556/2556/2556 2606/2606/2606 2605/2605/2605
f 2557/2557/2557 2607/2607/2607 2606/2606/2606
f 2558/2558/2558 2608/2608/2608 2607/2607/2607
f 2559/2559/2559 2609/2609/2609 2608/2608/2608
f 2560/2560/2560 2610/2610/2610 2609/2609/2609
f 2561/2561/2561 2611/2611/2611 2610/2610/2610
f 2562/2562/2562 2612/2612/2612 2611/2611/2611
f 2563/2563/2563 2613/2613/2613 2612/2612/2612
f 2564/2564/2564 2614/2614/2614 2613/2613/2613
f 2566/2566/2566 2616/2616/2616 2615/2615/2615
f 2567/2567/2567 2617/2617/2617 2616/2616/2616
f 2568/2568/2568 2618/2618/2618 2617/2617/2617
f 2569/2569/2569 2619/2619/2619 2618/2618/2618
f 2570/2570/2570 2620/2620/2620 2619/2619/2619
f 2571/2571/2571 2621/2621/2621 2620/2620/2620
f 2572/2572/2572 2622/2622/2622 2621/2621/2621
f 2573/2573/2573 2623/2623/2623 2622/2622/2622
f 2574/2574/2574 2624/2624/2624 2623/2623/2623
f 2575/2575/2575 2625/2625/2625 2624/2624/2624
f 2576/2576/2576 2626/2626/2626 2625/2625/2625
f 2577/2577/2577 2627/2627/2627 2626/2626/2626
f 2578/2578/2578 2628/2628/2628 2627/2627/2627
f 2579/2579/2579 2629/2629/2629 2628/2628/2628
f 2580/2580/2580 2630/2630/2630 2629/2629/2629
f 2581/2581/2581 2631/2631/2631 2630/2630/2630
f 2582/2582/2582 2632/2632/2632 2631/2631/2631
f 2583/2583/2583 2633/2633/2633 2632/2632/2632
f 2584/2584/2584 2634/2634/2634 2633/2633/2633
f 2585/2585/2585 2635/2635/2635 2634/2634/2634
f 2586/2586/2586 2636/2636/2636 2635/2635/2635
f 2587/2587/2587 2637/2637/2637 2636/2636/2636
f 2588/2588/2588 2638/2638/2638 2637/2637/2637
f 2589/2589/2589 2639/2639/2639 2638/2638/2638
f 2590/2590/2590 2640/2640/2640 2639/2639/2639
f 2591/2591/2591 2641/2641/2641 2640/2640/2640
f 2592/2592/2592 2642/2642/2642 2641/2641/2641
f 2593/2593/2593 2643/2643/2643 2642/2642/2642
f 2594/2594/2594 2644/2644/2644 2643/2643/2643
f 2595/2595/2595 2645/2645/2645 2644/2644/2644
f 2596/2596/2596 2646/2646/2646 2645/2645/2645
f 2597/2597/2597 2647/2647/2647 2646/2646/2646
f 2598/2598/2598 2648/2648/2648 2647/2647/2647
f 2599/2599/2599 2649/2649/2649 2648/2648/2648
f 2600/2600/2600 2650/2650/2650 2649/2649/2649
f 2601/2601/2601 2651/2651/2651 2650/2650/2650
f 2602/2602/2602 2652/2652/2652 2651/2651/2651
f 2603/2603/2603 2653/2653/2653 2652/2652/2652
f 2604/2604/2604 2654/2654/2654 2653/2653/2653
f 2605/2605/2605 2655/2655/2655 2654/2654/2654
f 2606/2606/2606 2656/2656/2656 2655/2655/2655
f 2607/2607/2607 2657/2657/2657 2656/2656/2656
f 2608/2608/2608 2658/2658/2658 2657/2657/2657
f 2609/2609/2609 2659/2659/2659 2658/2658/2658
f 2610/2610/2610 2660/2660/2660 2659/2659/2659
f 2611/2611/2611 2661/2661/2661 2660/2660/2660
f 2612/2612/2612 2662/2662/2662 2661/2661/2661
f 2613/2613/2613 2663/2663/2663 2662/2662/2662
f 2615/2615/2615 2665/2665/2665 2664/2664/2664
f 2616/2616/2616 2666/2666/2666 2665/2665/2665
f 2617/2617/2617 2667/2667/2667 2666/2666/2666
f 2618/2618/2618 2668/2668/2668 2667/2667/2667
f 2619/2619/2619 2669/2669/2669 2668/2668/2668
f 2620/2620/2620 2670/2670/2670 2669/2669/2669
f 2621/2621/2621 2671/2671/2671 2670/2670/2670
f 2622/2622/2622 2672/2672/2672 2671/2671/2671
f 2623/2623/2623 2673/2673/2673 2672/2672/2672
f 2624/2624/2624 2674/2674/2674 2673/2673/2673
f 2625/2625/2625 2675/2675/2675 2674/2674/2674
f 2626/2626/2626 2676/2676/2676 2675/2675/2675
f 2627/2627/2627 2677/2677/2677 2676/2676/2676
f 2628/2628/2628 2678/2678/2678 2677/2677/2677
f 2629/2629/2629 2679/2679/2679 2678/2678/2678
f 2630/2630/2630 2680/2680/2680 2679/2679/2679
f 2631/2631/2631 2681/2681/2681 2680/2680/2680
f 2632/2632/2632 2682/2682/2682 2681/2681/2681
f 2633/2633/2633 2683/2683/2683 2682/2682/2682
f 2634/2634/2634 2684/2684/2684 2683/2683/2683
f 2635/2635/2635 2685/2685/2685 2684/2684/2684
f 2636/2636/2636 2686/2686/2686 2685/2685/2685
f 2637/2637/2637 2687/2687/2687 2686/2686/2686
f 2638/2638/2638 2688/2688/2688 2687/2687/2687
f 2639/2639/2639 2689/2689/2689 2688/2688/2688
f 2640/2640/2640 2690/2690/2690 2689/2689/2689
f 2641/2641/2641 2691/2691/2691 2690/2690/2690
f 2642/2642/2642 2692/2692/2692 2691/2691/2691
f 2643/2643/2643 2693/2693/2693 2692/2692/2692
f 2644/2644/2644 2694/2694/2694 2693/2693/2693
f 2645/2645/2645 2695/2695/2695 2694/2694/2694
f 2646/2646/2646 2696/2696/2696 2695/2695/2695
f 2647/2647/2647 2697/2697/2697 2696/2696/2696
f 2648/2648/2648 2698/2698/2698 2697/2697/2697
f 2649/2649/2649 2699/2699/2699 2698/2698/2698
f 2650/2650/2650 2700/2700/2700 2699/2699/2699
f 2651/2651/2651 2701/2701/2701 2700/2700/2700
f 2652/2652/2652 2702/2702/2702 2701/2701/2701
f 2653/2653/2653 2703/2703/2703 2702/2702/2702
f 2654/2654/2654 2704/2704/2704 2703/2703/2703
f 2655/2655/2655 2705/2705/2705 2704/2704/2704
f 2656/2656/2656 2706/2706/2706 2705/2705/2705
f 2657/2657/2657 2707/2707/2707 2706/2706/2706
f 2658/2658/2658 2708/2708/2708 2707/2707/2707
f 2659/2659/2659 2709/2709/2709 2708/2708/2708
f 2660/2660/2660 2710/2710/2710 2709/2709/2709
f 2661/2661/2661 2711/2711/2711 2710/2710/2710
f 2662/2662/2662 2712/2712/2712 2711/2711/2711
f 2664/2664/2664 2714/2714/2714 2713/2713/2713
f 2665/2665/2665 2715/2715/2715 2714/2714/2714
f 2666/2666/2666 2716/2716/2716 2715/2715/2715
f 2667/2667/2667 2717/2717/2717 2716/2716/2716
f 2668/2668/2668 2718/2718/2718 2717/2717/2717
f 2669/2669/2669 2719/2719/2719 2718/2718/2718
f 2670/2670/2670 2720/2720/2720 2719/2719/2719
f 2671/2671/2671 2721/2721/2721 2720/2720/2720
f 2672/2672/2672 2722/2722/2722 2721/2721/2721
f 2673/2673/2673 2723/2723/2723 2722/2722/2722
f 2674/2674/2674 2724/2724/2724 2723/2723/2723
f 2675/2675/2675 2725/2725/2725 2724/2724/2724
f 2676/2676/2676 2726/2726/2726 2725/2725/2725
f 2677/2677/2677 2727/2727/2727 2726/2726/2726
f 2678/2678/2678 2728/2728/2728 2727/2727/2727
f 2679/2679/2679 2729/2729/2729 2728/2728/2728
f 2680/2680/2680 2730/2730/2730 2729/2729/2729
f 2681/2681/2681 2731/2731/2731 2730/2730/2730
f 2682/2682/2682 2732/2732/2732 2731/2731/2731
f 2683/2683/2683 2733/2733/2733 2732/2732/2732
f 2684/2684/2684 2734/2734/2734 2733/2733/2733
f 2685/2685/2685 2735/2735/2735 2734/2734/2734
f 2686/2686/2686 2736/2736/2736 2735/2735/2735
f 2687/2687/2687 2737/2737/2737 2736/2736/2736
f 2688/2688/2688 2738/2738/2738 2737/2737/2737
f 2689/2689/2689 2739/2739/2739 2738/2738/2738
f 2690/2690/2690 2740/2740/2740 2739/2739/2739
f 2691/2691/2691 2741/2741/2741 2740/2740/2740
f 2692/2692/2692 2742/2742/2742 2741/2741/2741
f 2693/2693/2693 2743/2743/2743 2742/2742/2742
f 2694/2694/2694 2744/2744/2744 2743/2743/2743
f 2695/2695/2695 2745/2745/2745 2744/2744/2744
f 2696/2696/2696 2746/2746/2746 2745/2745/2745
f 2697/2697/2697 2747/2747/2747 2746/2746/2746
f 2698/2698/2698 2748/2748/2748 2747/2747/2747
f 2699/2699/2699 2749/2749/2749 2748/2748/2748
f 2700/2700/2700 2750/2750/2750 2749/2749/2749
f 2701/2701/2701 2751/2751/2751 2750/2750/2750
f 2702/2702/2702 2752/2752/2752 2751/2751/2751
f 2703/2703/2703 2753/2753/2753 2752/2752/2752
f 2704/2704/2704 2754/2754/2754 2753/2753/2753
f 2705/2705/2705 2755/2755/2755 2754/2754/2754
f 2706/2706/2706 2756/2756/2756 2755/2755/2755
f 2707/2707/2707 2757/2757/2757 2756/2756/2756
f 2708/2708/2708 2758/2758/2758 2757/2757/2757
f 2709/2709/2709 2759/2759/2759 2758/2758/2758
f 2710/2710/2710 2760/2760/2760 2759/2759/2759
f 2711/2711/2711 2761/2761/2761 2760/2760/2760
f 2713/2713/2713 2763/2763/2763 2762/2762/2762
f 2714/2714/2714 2764/2764/2764 2763/2763/2763
f 2715/2715/2715 2765/2765/2765 2764/2764/2764
f 2716/2716/2716 2766/2766/2766 2765/2765/2765
f 2717/2717/2717 2767/2767/2767 2766/2766/2766
f 2718/2718/2718 2768/2768/2768 2767/2767/2767
f 2719/2719/2719 2769/2769/2769 2768/2768/2768
f 2720/2720/2720 2770/2770/2770 2769/2769/2769
f 2721/2721/2721 2771/2771/2771 2770/2770/2770
f 2722/2722/2722 2772/2772/2772 2771/2771/2771
f 2723/2723/2723 2773/2773/2773 2772/2772/2772
f 2724/2724/2724 2774/2774/2774 2773/2773/2773
f 2725/2725/2725 2775/2775/2775 2774/2774/2774
f 2726/2726/2726 2776/2776/2776 2775/2775/2775
f 2727/2727/2727 2777/2777/2777 2776/2776/2776
f 2728/2728/2728 2778/2778/2778 2777/2777/2777
f 2729/2729/2729 2779/2779/2779 2778/2778/2778
f 2730/2730/2730 2780/2780/2780 2779/2779/2779
f 2731/2731/2731 2781/2781/2781 2780/2780/2780
f 2732/2732/2732 2782/2782/2782 2781/2781/2781
f 2733/2733/2733 2783/2783/2783 2782/2782/2782
f 2734/2734/2734 2784/2784/2784 2783/2783/2783
f 2735/2735/2735 2785/2785/2785 2784/2784/2784
f 2736/2736/2736 2786/2786/2786 2785/2785/2785
f 2737/2737/2737 2787/2787/2787 2786/2786/2786
f 2738/2738/2738 2788/2788/2788 2787/2787/2787
f 2739/2739/2739 2789/2789/2789 2788/2788/2788
f 2740/2740/2740 2790/2790/2790 2789/2789/2789
f 2741/2741/2741 2791/2791/2791 2790/2790/2790
f 2742/2742/2742 2792/2792/2792 2791/2791/2791
f 2743/2743/2743 2793/2793/2793 2792/2792/2792
f 2744/2744/2744 2794/2794/2794 2793/2793/2793
f 2745/2745/2745 2795/2795/2795 2794/2794/2794
f 2746/2746/2746 2796/2796/2796 2795/2795/2795
f 2747/2747/2747 2797/2797/2797 2796/2796/2796
f 2748/2748/2748 2798/2798/2798 2797/2797/2797
f 2749/2749/2749 2799/2799/2799 2798/2798/2798
f 2750/2750/2750 2800/2800/2800 2799/2799/2799
f 2751/2751/2751 2801/2801/2801 2800/2800/2800
f 2752/2752/2752 2802/2802/2802 2801/2801/2801
f 2753/2753/2753 2803/2803/2803 2802/2802/2802
f 2754/2754/2754 2804/2804/2804 2803/2803/2803
f 2755/2755/2755 2805/2805/2805 2804/2804/2804
f 2756/2756/2756 2806/2806/2806 2805/2805/2805
f 2757/2757/2757 2807/2807/2807 2806/2806/2806
f 2758/2758/2758 2808/2808/2808 2807/2807/2807
f 2759/2759/2759 2809/2809/2809 2808/2808/2808
f 2760/2760/2760 2810/2810/2810 2809/2809/2809
f 2762/2762/2762 2812/2812/2812 2811/2811/2811
f 2763/2763/2763 2813/2813/2813 2812/2812/2812
f 2764/2764/2764 2814/2814/2814 2813/2813/2813
f 2765/2765/2765 2815/2815/2815 2814/2814/2814
f 2766/2766/2766 2816/2816/2816 2815/2815/2815
f 2767/2767/2767 2817/2817/2817 2816/2816/2816
f 2768/2768/2768 2818/2818/2818 2817/2817/2817
f 2769/2769/2769 2819/2819/2819 2818/2818/2818
f 2770/2770/2770 2820/2820/2820 2819/2819/2819
f 2771/2771/2771 2821/2821/2821 2820/2820/2820
f 2772/2772/2772 2822/2822/2822 2821/2821/2821
f 2773/2773/2773 2823/2823/2823 2822/2822/2822
f 2774/2774/2774 2824/2824/2824 2823/2823/2823
f 2775/2775/2775 2825/2825/2825 2824/2824/2824
f 2776/2776/2776 2826/2826/2826 2825/2825/2825
f 2777/2777/2777 2827/2827/2827 2826/2826/2826
f 2778/2778/2778 2828/2828/2828 2827/2827/2827
f 2779/2779/2779 2829/2829/2829 2828/2828/2828
f 2780/2780/2780 2830/2830/2830 2829/2829/2829
f 2781/2781/2781 2831/2831/2831 2830/2830/2830
f 2782/2782/2782 2832/2832/2832 2831/2831/2831
f 2783/2783/2783 2833/2833/2833 2832/2832/2832
f 2784/2784/2784 2834/2834/2834 2833/2833/2833
f 2785/2785/2785 2835/2835/2835 2834/2834/2834
f 2786/2786/2786 2836/2836/2836 2835/2835/2835
f 2787/2787/2787 2837/2837/2837 2836/2836/2836
f 2788/2788/2788 2838/2838/2838 2837/2837/2837
f 2789/2789/2789 2839/2839/2839 2838/2838/2838
f 2790/2790/2790 2840/2840/2840 2839/2839/2839
f 2791/2791/2791 2841/2841/2841 2840/2840/2840
f 2792/2792/2792 2842/2842/2842 2841/2841/2841
f 2793/2793/2793 2843/2843/2843 2842/2842/2842
f 2794/2794/2794 2844/2844/2844 2843/2843/2843
f 2795/2795/2795 2845/2845/2845 2844/2844/2844
f 2796/2796/2796 2846/2846/2846 2845/2845/2845
f 2797/2797/2797 2847/2847/2847 2846/2846/2846
f 2798/2798/2798 2848/2848/2848 2847/2847/2847
f 2799/2799/2799 2849/2849/2849 2848/2848/2848
f 2800/2800/2800 2850/2850/2850 2849/2849/2849
f 2801/2801/2801 2851/2851/2851 2850/2850/2850
f 2802/2802/2802 2852/2852/2852 2851/2851/2851
f 2803/2803/2803 2853/2853/2853 2852/2852/2852
f 2804/2804/2804 2854/2854/2854 2853/2853/2853
f 2805/2805/2805 2855/2855/2855 2854/2854/2854
f 2806/2806/2806 2856/2856/2856 2855/2855/2855
f 2807/2807/2807 2857/2857/2857 2856/2856/2856
f 2808/2808/2808 2858/2858/2858 2857/2857/2857
f 2809/2809/2809 2859/2859/2859 2858/2858/2858
f 2811/2811/2811 2861/2861/2861 2860/2860/2860
f 2812/2812/2812 2862/2862/2862 2861/2861/2861
f 2813/2813/2813 2863/2863/2863 2862/2862/2862
f 2814/2814/2814 2864/2864/2864 2863/2863/2863
f 2815/2815/2815 2865/2865/2865 2864/2864/2864
f 2816/2816/2816 2866/2866/2866 2865/2865/2865
f 2817/2817/2817 2867/2867/2867 2866/2866/2866
f 2818/2818/2818 2868/2868/2868 2867/2867/2867
f 2819/2819/2819 2869/2869/2869 2868/2868/2868
f 2820/2820/2820 2870/2870/2870 2869/2869/2869
f 2821/2821/2821 2871/2871/2871 2870/2870/2870
f 2822/2822/2822 2872/2872/2872 2871/2871/2871
f 2823/2823/2823 2873/2873/2873 2872/2872/2872
f 2824/2824/2824 2874/2874/2874 2873/2873/2873
f 2825/2825/2825 2875/2875/2875 2874/2874/2874
f 2826/2826/2826 2876/2876/2876 2875/2875/2875
f 2827/2827/2827 2877/2877/2877 2876/2876/2876
f 2828/2828/2828 2878/2878/2878 2877/2877/2877
f 2829/2829/2829 2879/2879/2879 2878/2878/2878
f 2830/2830/2830 2880/2880/2880 2879/2879/2879
f 2831/2831/2831 2881/2881/2881 2880/2880/2880
f 2832/2832/2832 2882/2882/2882 2881/2881/2881
f 2833/2833/2833 2883/2883/2883 2882/2882/2882
f 2834/2834/2834 2884/2884/2884 2883/2883/2883
f 2835/2835/2835 2885/2885/2885 2884/2884/2884
f 2836/2836/2836 2886/2886/2886 2885/2885/2885
f 2837/2837/2837 2887/2887/2887 2886/2886/2886
f 2838/2838/2838 2888/2888/2888 2887/2887/2887
f 2839/2839/2839 2889/2889/2889 2888/2888/2888
f 2840/2840/2840 2890/2890/2890 2889/2889/2889
f 2841/2841/2841 2891/2891/2891 2890/2890/2890
f 2842/2842/2842 2892/2892/2892 2891/2891/2891
f 2843/2843/2843 2893/2893/2893 2892/2892/2892
f 2844/2844/2844 2894/2894/2894 2893/2893/2893
f 2845/2845/2845 2895/2895/2895 2894/2894/2894
f 2846/2846/2846 2896/2896/2896 2895/2895/2895
f 2847/2847/2847 2897/2897/2897 2896/2896/2896
f 2848/2848/2848 2898/2898/2898 2897/2897/2897
f 2849/2849/2849 2899/2899/2899 2898/2898/2898
f 2850/2850/2850 2900/2900/2900 2899/2899/2899
f 2851/2851/2851 2901/2901/2901 2900/2900/2900
f 2852/2852/2852 2902/2902/2902 2901/2901/2901
f 2853/2853/2853 2903/2903/2903 2902/2902/2902
f 2854/2854/2854 2904/2904/2904 2903/2903/2903
f 2855/2855/2855 2905/2905/2905 2904/2904/2904
f 2856/2856/2856 2906/2906/2906 2905/2905/2905
f 2857/2857/2857 2907/2907/2907 2906/2906/2906
f 2858/2858/2858 2908/2908/2908 2907/2907/2907
f 2860/2860/2860 2910/2910/2910 2909/2909/2909
f 2861/2861/2861 2911/2911/2911 2910/2910/2910
f 2862/2862/2862 2912/2912/2912 2911/2911/2911
f 2863/2863/2863 2913/2913/2913 2912/2912/2912
f 2864/2864/2864 2914/2914/2914 2913/2913/2913
f 2865/2865/2865 2915/2915/2915 2914/2914/2914
f 2866/2866/2866 2916/2916/2916 2915/2915/2915
f 2867/2867/2867 2917/2917/2917 2916/2916/2916
f 2868/2868/2868 2918/2918/2918 2917/2917/2917
f 2869/2869/2869 2919/2919/2919 2918/2918/2918
f 2870/2870/2870 2920/2920/2920 2919/2919/2919
f 2871/2871/2871 2921/2921/2921 2920/2920/2920
f 2872/2872/2872 2922/2922/2922 2921/2921/2921
f 2873/2873/2873 2923/2923/2923 2922/2922/2922
f 2874/2874/2874 2924/2924/2924 2923/2923/2923
f 2875/2875/2875 2925/2925/2925 2924/2924/2924
f 2876/2876/2876 2926/2926/2926 2925/2925/2925
f 2877/2877/2877 2927/2927/2927 2926/2926/2926
f 2878/2878/2878 2928/2928/2928 2927/2927/2927
f 2879/2879/2879 2929/2929/2929 2928/2928/2928
f 2880/2880/2880 2930/2930/2930 2929/2929/2929
f 2881/2881/2881 2931/2931/2931 2930/2930/2930
f 2882/2882/2882 2932/2932/2932 2931/2931/2931
f 2883/2883/2883 2933/2933/2933 2932/2932/2932
f 2884/2884/2884 2934/2934/2934 2933/2933/2933
f 2885/2885/2885 2935/2935/2935 2934/2934/2934
f 2886/2886/2886 2936/2936/2936 2935/2935/2935
f 2887/2887/2887 2937/2937/2937 2936/2936/2936
f 2888/2888/2888 2938/2938/2938 2937/2937/2937
f 2889/2889/2889 2939/2939/2939 2938/2938/2938
f 2890/2890/2890 2940/2940/2940 2939/2939/2939
f 2891/2891/2891 2941/2941/2941 2940/2940/2940
f 2892/2892/2892 2942/2942/2942 2941/2941/2941
f 2893/2893/2893 2943/2943/2943 2942/2942/2942
f 2894/2894/2894 2944/2944/2944 2943/2943/2943
f 2895/2895/2895 2945/2945/2945 2944/2944/2944
f 2896/2896/2896 2946/2946/2946 2945/2945/2945
f 2897/2897/2897 2947/2947/2947 2946/2946/2946
f 2898/2898/2898 2948/2948/2948 2947/2947/2947
f 2899/2899/2899 2949/2949/2949 2948/2948/2948
f 2900/2900/2900 2950/2950/2950 2949/2949/2949
f 2901/2901/2901 2951/2951/2951 2950/2950/2950
f 2902/2902/2902 2952/2952/2952 2951/2951/2951
f 2903/2903/2903 2953/2953/2953 2952/2952/2952
f 2904/2904/2904 2954/2954/2954 2953/2953/2953
f 2905/2905/2905 2955/2955/2955 2954/2954/2954
f 2906/2906/2906 2956/2956/2956 2955/2955/2955
f 2907/2907/2907 2957/2957/2957 2956/2956/2956
f 2909/2909/2909 2959/2959/2959 2958/2958/2958
f 2910/2910/2910 2960/2960/2960 2959/2959/2959
f 2911/2911/2911 2961/2961/2961 2960/2960/2960
f 2912/2912/2912 2962/2962/2962 2961/2961/2961
f 2913/2913/2913 2963/2963/2963 2962/2962/2962
f 2914/2914/2914 2964/2964/2964 2963/2963/2963
f 2915/2915/2915 2965/2965/2965 2964/2964/2964
f 2916/2916/2916 2966/2966/2966 2965/2965/2965
f 2917/2917/2917 2967/2967/2967 2966/2966/2966
f 2918/2918/2918 2968/2968/2968 2967/2967/2967
f 2919/2919/2919 2969/2969/2969 2968/2968/2968
f 2920/2920/2920 2970/2970/2970 2969/2969/2969
f 2921/2921/2921 2971/2971/2971 2970/2970/2970
f 2922/2922/2922 2972/2972/2972 2971/2971/2971
f 2923/2923/2923 2973/2973/2973 2972/2972/2972
f 2924/2924/2924 2974/2974/2974 2973/2973/2973
f 2925/2925/2925 2975/2975/2975 2974/2974/2974
f 2926/2926/2926 2976/2976/2976 2975/2975/2975
f 2927/2927/2927 2977/2977/2977 2976/2976/2976
f 2928/2928/2928 2978/2978/2978 2977/2977/2977
f 2929/2929/2929 2979/2979/2979 2978/2978/2978
f 2930/2930/2930 2980/2980/2980 2979/2979/2979
f 2931/2931/2931 2981/2981/2981 2980/2980/2980
f 2932/2932/2932 2982/2982/2982 2981/2981/2981
f 2933/2933/2933 2983/2983/2983 2982/2982/2982
f 2934/2934/2934 2984/2984/2984 2983/2983/2983
f 2935/2935/2935 2985/2985/2985 2984/2984/2984
f 2936/2936/2936 2986/2986/2986 2985/2985/2985
f 2937/2937/2937 2987/2987/2987 2986/2986/2986
f 2938/2938/2938 2988/2988/2988 2987/2987/2987
f 2939/2939/2939 2989/2989/2989 2988/2988/2988
f 2940/2940/2940 2990/2990/2990 2989/2989/2989
f 2941/2941/2941 2991/2991/2991 2990/2990/2990
f 2942/2942/2942 2992/2992/2992 2991/2991/2991
f 2943/2943/2943 2993/2993/2993 2992/2992/2992
f 2944/2944/2944 2994/2994/2994 2993/2993/2993
f 2945/2945/2945 2995/2995/2995 2994/2994/2994
f 2946/2946/2946 2996/2996/2996 2995/2995/2995
f 2947/2947/2947 2997/2997/2997 2996/2996/2996
f 2948/2948/2948 2998/2998/2998 2997/2997/2997
f 2949/2949/2949 2999/2999/2999 2998/2998/2998
f 2950/2950/2950 3000/3000/3000 2999/2999/2999
f 2951/2951/2951 3001/3001/3001 3000/3000/3000
f 2952/2952/2952 3002/3002/3002 3001/3001/3001
f 2953/2953/2953 3003/3003/3003 3002/3002/3002
f 2954/2954/2954 3004/3004/3004 3003/3003/3003
f 2955/2955/2955 3005/3005/3005 3004/3004/3004
f 2956/2956/2956 3006/3006/3006 3005/3005/3005
f 2958/2958/2958 3008/3008/3008 3007/3007/3007
f 2959/2959/2959 3009/3009/3009 3008/3008/3008
f 2960/2960/2960 3010/3010/3010 3009/3009/3009
f 2961/2961/2961 3011/3011/3011 3010/3010/3010
f 2962/2962/2962 3012/3012/3012 3011/3011/3011
f 2963/2963/2963 3013/3013/3013 3012/3012/3012
f 2964/2964/2964 3014/3014/3014 3013/3013/3013
f 2965/2965/2965 3015/3015/3015 3014/3014/3014
f 2966/2966/2966 3016/3016/3016 3015/3015/3015
f 2967/2967/2967 3017/3017/3017 3016/3016/3016
f 2968/2968/2968 3018/3018/3018 3017/3017/3017
f 2969/2969/2969 3019/3019/3019 3018/3018/3018
f 2970/2970/2970 3020/3020/3020 3019/3019/3019
f 2971/2971/2971 3021/3021/3021 3020/3020/3020
f 2972/2972/2972 3022/3022/3022 3021/3021/3021
f 2973/2973/2973 3023/3023/3023 3022/3022/3022
f 2974/2974/2974 3024/3024/3024 3023/3023/3023
f 2975/2975/2975 3025/3025/3025 3024/3024/3024
f 2976/2976/2976 3026/3026/3026 3025/3025/3025
f 2977/2977/2977 3027/3027/3027 3026/3026/3026
f 2978/2978/2978 3028/3028/3028 3027/3027/3027
f 2979/2979/2979 3029/3029/3029 3028/3028/3028
f 2980/2980/2980 3030/3030/3030 3029/3029/3029
f 2981/2981/2981 3031/3031/3031 3030/3030/3030
f 2982/2982/2982 3032/3032/3032 3031/3031/3031
f 2983/2983/2983 3033/3033/3033 3032/3032/3032
f 2984/2984/2984 3034/3034/3034 3033/3033/3033
f 2985/2985/2985 3035/3035/3035 3034/3034/3034
f 2986/2986/2986 3036/3036/3036 3035/3035/3035
f 2987/2987/2987 3037/3037/3037 3036/3036/3036
f 2988/2988/2988 3038/3038/3038 3037/3037/3037
f 2989/2989/2989 3039/3039/3039 3038/3038/3038
f 2990/2990/2990 3040/3040/3040 3039/3039/3039
f 2991/2991/2991 3041/3041/3041 3040/3040/3040
f 2992/2992/2992 3042/3042/3042 3041/3041/3041
f 2993/2993/2993 3043/3043/3043 3042/3042/3042
f 2994/2994/2994 3044/3044/3044 3043/3043/3043
f 2995/2995/2995 3045/3045/3045 3044/3044/3044
f 2996/2996/2996 3046/3046/3046 3045/3045/3045
f 2997/2997/2997 3047/3047/3047 3046/3046/3046
f 2998/2998/2998 3048/3048/3048 3047/3047/3047
f 2999/2999/2999 3049/3049/3049 3048/3048/3048
f 3000/3000/3000 3050/3050/3050 3049/3049/3049
f 3001/3001/3001 3051/3051/3051 3050/3050/3050
f 3002/3002/3002 3052/3052/3052 3051/3051/3051
f 3003/3003/3003 3053/3053/3053 3052/3052/3052
f 3004/3004/3004 3054/3054/3054 3053/3053/3053
f 3005/3005/3005 3055/3055/3055 3054/3054/3054
f 3007/3007/3007 3057/3057/3057 3056/3056/3056
f 3008/3008/3008 3058/3058/3058 3057/3057/3057
f 3009/3009/3009 3059/3059/3059 3058/3058/3058
f 3010/3010/3010 3060/3060/3060 3059/3059/3059
f 3011/3011/3011 3061/3061/3061 3060/3060/3060
f 3012/3012/3012 3062/3062/3062 3061/3061/3061
f 3013/3013/3013 3063/3063/3063 3062/3062/3062
f 3014/3014/3014 3064/3064/3064 3063/3063/3063
f 3015/3015/3015 3065/3065/3065 3064/3064/3064
f 3016/3016/3016 3066/3066/3066 3065/3065/3065
f 3017/3017/3017 3067/3067/3067 3066/3066/3066
f 3018/3018/3018 3068/3068/3068 3067/3067/3067
f 3019/3019/3019 3069/3069/3069 3068/3068/3068
f 3020/3020/3020 3070/3070/3070 3069/3069/3069
f 3021/3021/3021 3071/3071/3071 3070/3070/3070
f 3022/3022/3022 3072/3072/3072 3071/3071/3071
f 3023/3023/3023 3073/3073/3073 3072/3072/3072
f 3024/3024/3024 3074/3074/3074 3073/3073/3073
f 3025/3025/3025 3075/3075/3075 3074/3074/3074
f 3026/3026/3026 3076/3076/3076 3075/3075/3075
f 3027/3027/3027 3077/3077/3077 3076/3076/3076
f 3028/3028/3028 3078/3078/3078 3077/3077/3077
f 3029/3029/3029 3079/3079/3079 3078/3078/3078
f 3030/3030/3030 3080/3080/3080 3079/3079/3079
f 3031/3031/3031 3081/3081/3081 3080/3080/3080
f 3032/3032/3032 3082/3082/3082 3081/3081/3081
f 3033/3033/3033 3083/3083/3083 3082/3082/3082
f 3034/3034/3034 3084/3084/3084 3083/3083/3083
f 3035/3035/3035 3085/3085/3085 3084/3084/3084
f 3036/3036/3036 3086/3086/3086 3085/3085/3085
f 3037/3037/3037 3087/3087/3087 3086/3086/3086
f 3038/3038/3038 3088/3088/3088 3087/3087/3087
f 3039/3039/3039 3089/3089/3089 3088/3088/3088
f 3040/3040/3040 3090/3090/3090 3089/3089/3089
f 3041/3041/3041 3091/3091/3091 3090/3090/3090
f 3042/3042/3042 3092/3092/3092 3091/3091/3091
f 3043/3043/3043 3093/3093/3093 3092/3092/3092
f 3044/3044/3044 3094/3094/3094 3093/3093/3093
f 3045/3045/3045 3095/3095/3095 3094/3094/3094
f 3046/3046/3046 3096/3096/3096 3095/3095/3095
f 3047/3047/3047 3097/3097/3097 3096/3096/3096
f 3048/3048/3048 3098/3098/3098 3097/3097/3097
f 3049/3049/3049 3099/3099/3099 3098/3098/3098
f 3050/3050/3050 3100/3100/3100 3099/3099/3099
f 3051/3051/3051 3101/3101/3101 3100/3100/3100
f 3052/3052/3052 3102/3102/3102 3101/3101/3101
f 3053/3053/3053 3103/3103/3103 3102/3102/3102
f 3054/3054/3054 3104/3104/3104 3103/3103/3103
f 3056/3056/3056 3106/3106/3106 3105/3105/3105
f 3057/3057/3057 3107/3107/3107 3106/3106/3106
f 3058/3058/3058 3108/3108/3108 3107/3107/3107
f 3059/3059/3059 3109/3109/3109 3108/3108/3108
f 3060/3060/3060 3110/3110/3110 3109/3109/3109
f 3061/3061/3061 3111/3111/3111 3110/3110/3110
f 3062/3062/3062 3112/3112/3112 3111/3111/3111
f 3063/3063/3063 3113/3113/3113 3112/3112/3112
f 3064/3064/3064 3114/3114/3114 3113/3113/3113
f 3065/3065/3065 3115/3115/3115 3114/3114/3114
f 3066/3066/3066 3116/3116/3116 3115/3115/3115
f 3067/3067/3067 3117/3117/3117 3116/3116/3116
f 3068/3068/3068 3118/3118/3118 3117/3117/3117
f 3069/3069/3069 3119/3119/3119 3118/3118/3118
f 3070/3070/3070 3120/3120/3120 3119/3119/3119
f 3071/3071/3071 3121/3121/3121 3120/3120/3120
f 3072/3072/3072 3122/3122/3122 3121/3121/3121
f 3073/3073/3073 3123/3123/3123 3122/3122/3122
f 3074/3074/3074 3124/3124/3124 3123/3123/3123
f 3075/3075/3075 3125/3125/3125 3124/3124/3124
f 3076/3076/3076 3126/3126/3126 3125/3125/3125
f 3077/3077/3077 3127/3127/3127 3126/3126/3126
f 3078/3078/3078 3128/3128/3128 3127/3127/3127
f 3079/3079/3079 3129/3129/3129 3128/3128/3128
f 3080/3080/3080 3130/3130/3130 3129/3129/3129
f 3081/3081/3081 3131/3131/3131 3130/3130/3130
f 3082/3082/3082 3132/3132/3132 3131/3131/3131
f 3083/3083/3083 3133/3133/3133 3132/3132/3132
f 3084/3084/3084 3134/3134/3134 3133/3133/3133
f 3085/3085/3085 3135/3135/3135 3134/3134/3134
f 3086/3086/3086 3136/3136/3136 3135/3135/3135
f 3087/3087/3087 3137/3137/3137 3136/3136/3136
f 3088/3088/3088 3138/3138/3138 3137/3137/3137
f 3089/3089/3089 3139/3139/3139 3138/3138/3138
f 3090/3090/3090 3140/3140/3140 3139/3139/3139
f 3091/3091/3091 3141/3141/3141 3140/3140/3140
f 3092/3092/3092 3142/3142/3142 3141/3141/3141
f 3093/3093/3093 3143/3143/3143 3142/3142/3142
f 3094/3094/3094 3144/3144/3144 3143/3143/3143
f 3095/3095/3095 3145/3145/3145 3144/3144/3144
f 3096/3096/3096 3146/3146/3146 3145/3145/3145
f 3097/3097/3097 3147/3147/3147 3146/3146/3146
f 3098/3098/3098 3148/3148/3148 3147/3147/3147
f 3099/3099/3099 3149/3149/3149 3148/3148/3148
f 3100/3100/3100 3150/3150/3150 3149/3149/3149
f 3101/3101/3101 3151/3151/3151 3150/3150/3150
f 3102/3102/3102 3152/3152/3152 3151/3151/3151
f 3103/3103/3103 3153/3153/3153 3152/3152/3152
f 3105/3105/3105 3155/3155/3155 3154/3154/3154
f 3106/3106/3106 3156/3156/3156 3155/3155/3155
f 3107/3107/3107 3157/3157/3157 3156/3156/3156
f 3108/3108/3108 3158/3158/3158 3157/3157/3157
f 3109/3109/3109 3159/3159/3159 3158/3158/3158
f 3110/3110/3110 3160/3160/3160 3159/3159/3159
f 3111/3111/3111 3161/3161/3161 3160/3160/3160
f 3112/3112/3112 3162/3162/3162 3161/3161/3161
f 3113/3113/3113 3163/3163/3163 3162/3162/3162
f 3114/3114/3114 3164/3164/3164 3163/3163/3163
f 3115/3115/3115 3165/3165/3165 3164/3164/3164
f 3116/3116/3116 3166/3166/3166 3165/3165/3165
f 3117/3117/3117 3167/3167/3167 3166/3166/3166
f 3118/3118/3118 3168/3168/3168 3167/3167/3167
f 3119/3119/3119 3169/3169/3169 3168/3168/3168
f 3120/3120/3120 3170/3170/3170 3169/3169/3169
f 3121/3121/3121 3171/3171/3171 3170/3170/3170
f 3122/3122/3122 3172/3172/3172 3171/3171/3171
f 3123/3123/3123 3173/3173/3173 3172/3172/3172
f 3124/3124/3124 3174/3174/3174 3173/3173/3173
f 3125/3125/3125 3175/3175/3175 3174/3174/3174
f 3126/3126/3126 3176/3176/3176 3175/3175/3175
f 3127/3127/3127 3177/3177/3177 3176/3176/3176
f 3128/3128/3128 3178/3178/3178 3177/3177/3177
f 3129/3129/3129 3179/3179/3179 3178/3178/3178
f 3130/3130/3130 3180/3180/3180 3179/3179/3179
f 3131/3131/3131 3181/3181/3181 3180/3180/3180
f 3132/3132/3132 3182/3182/3182 3181/3181/3181
f 3133/3133/3133 3183/3183/3183 3182/3182/3182
f 3134/3134/3134 3184/3184/3184 3183/3183/3183
f 3135/3135/3135 3185/3185/3185 3184/3184/3184
f 3136/3136/3136 3186/3186/3186 3185/3185/3185
f 3137/3137/3137 3187/3187/3187 3186/3186/3186
f 3138/3138/3138 3188/3188/3188 3187/3187/3187
f 3139/3139/3139 3189/3189/3189 3188/3188/3188
f 3140/3140/3140 3190/3190/3190 3189/3189/3189
f 3141/3141/3141 3191/3191/3191 3190/3190/3190
f 3142/3142/3142 3192/3192/3192 3191/3191/3191
f 3143/3143/3143 3193/3193/3193 3192/3192/3192
f 3144/3144/3144 3194/3194/3194 3193/3193/3193
f 3145/3145/3145 3195/3195/3195 3194/3194/3194
f 3146/3146/3146 3196/3196/3196 3195/3195/3195
f 3147/3147/3147 3197/3197/3197 3196/3196/3196
f 3148/3148/3148 3198/3198/3198 3197/3197/3197
f 3149/3149/3149 3199/3199/3199 3198/3198/3198
f 3150/3150/3150 3200/3200/3200 3199/3199/3199
f 3151/3151/3151 3201/3201/3201 3200/3200/3200
f 3152/3152/3152 3202/3202/3202 3201/3201/3201
f 3154/3154/3154 3204/3204/3204 3203/3203/3203
f 3155/3155/3155 3205/3205/3205 3204/3204/3204
f 3156/3156/3156 3206/3206/3206 3205/3205/3205
f 3157/3157/3157 3207/3207/3207 3206/3206/3206
f 3158/3158/3158 3208/3208/3208 3207/3207/3207
f 3159/3159/3159 3209/3209/3209 3208/3208/3208
f 3160/3160/3160 3210/3210/3210 3209/3209/3209
f 3161/3161/3161 3211/3211/3211 3210/3210/3210
f 3162/3162/3162 3212/3212/3212 3211/3211/3211
f 3163/3163/3163 3213/3213/3213 3212/3212/3212
f 3164/3164/3164 3214/3214/3214 3213/3213/3213
f 3165/3165/3165 3215/3215/3215 3214/3214/3214
f 3166/3166/3166 3216/3216/3216 3215/3215/3215
f 3167/3167/3167 3217/3217/3217 3216/3216/3216
f 3168/3168/3168 3218/3218/3218 3217/3217/3217
f 3169/3169/3169 3219/3219/3219 3218/3218/3218
f 3170/3170/3170 3220/3220/3220 3219/3219/3219
f 3171/3171/3171 3221/3221/3221 3220/3220/3220
f 3172/3172/3172 3222/3222/3222 3221/3221/3221
f 3173/3173/3173 3223/3223/3223 3222/3222/3222
f 3174/3174/3174 3224/3224/3224 3223/3223/3223
f 3175/3175/3175 3225/3225/3225 3224/3224/3224
f 3176/3176/3176 3226/3226/3226 3225/3225/3225
f 3177/3177/3177 3227/3227/3227 3226/3226/3226
f 3178/3178/3178 3228/3228/3228 3227/3227/3227
f 3179/3179/3179 3229/3229/3229 3228/3228/3228
f 3180/3180/3180 3230/3230/3230 3229/3229/3229
f 3181/3181/3181 3231/3231/3231 3230/3230/3230
f 3182/3182/3182 3232/3232/3232 3231/3231/3231
f 3183/3183/3183 3233/3233/3233 3232/3232/3232
f 3184/3184/3184 3234/3234/3234 3233/3233/3233
f 3185/3185/3185 3235/3235/3235 3234/3234/3234
f 3186/3186/3186 3236/3236/3236 3235/3235/3235
f 3187/3187/3187 3237/3237/3237 3236/3236/3236
f 3188/3188/3188 3238/3238/3238 3237/3237/3237
f 3189/3189/3189 3239/3239/3239 3238/3238/3238
f 3190/3190/3190 3240/3240/3240 3239/3239/3239
f 3191/3191/3191 3241/3241/3241 3240/3240/3240
f 3192/3192/3192 3242/3242/3242 3241/3241/3241
f 3193/3193/3193 3243/3243/3243 3242/3242/3242
f 3194/3194/3194 3244/3244/3244 3243/3243/3243
f 3195/3195/3195 3245/3245/3245 3244/3244/3244
f 3196/3196/3196 3246/3246/3246 3245/3245/3245
f 3197/3197/3197 3247/3247/3247 3246/3246/3246
f 3198/3198/3198 3248/3248/3248 3247/3247/3247
f 3199/3199/3199 3249/3249/3249 3248/3248/3248
f 3200/3200/3200 3250/3250/3250 3249/3249/3249
f 3201/3201/3201 3251/3251/3251 3250/3250/3250
f 3203/3203/3203 3253/3253/3253 3252/3252/3252
f 3204/3204/3204 3254/3254/3254 3253/3253/3253
f 3205/3205/3205 3255/3255/3255 3254/3254/3254
f 3206/3206/3206 3256/3256/3256 3255/3255/3255
f 3207/3207/3207 3257/3257/3257 3256/3256/3256
f 3208/3208/3208 3258/3258/3258 3257/3257/3257
f 3209/3209/3209 3259/3259/3259 3258/3258/3258
f 3210/3210/3210 3260/3260/3260 3259/3259/3259
f 3211/3211/3211 3261/3261/3261 3260/3260/3260
f 3212/3212/3212 3262/3262/3262 3261/3261/3261
f 3213/3213/3213 3263/3263/3263 3262/3262/3262
f 3214/3214/3214 3264/3264/3264 3263/3263/3263
f 3215/3215/3215 3265/3265/3265 3264/3264/3264
f 3216/3216/3216 3266/3266/3266 3265/3265/3265
f 3217/3217/3217 3267/3267/3267 3266/3266/3266
f 3218/3218/3218 3268/3268/3268 3267/3267/3267
f 3219/3219/3219 3269/3269/3269 3268/3268/3268
f 3220/3220/3220 3270/3270/3270 3269/3269/3269
f 3221/3221/3221 3271/3271/3271 3270/3270/3270
f 3222/3222/3222 3272/3272/3272 3271/3271/3271
f 3223/3223/3223 3273/3273/3273 3272/3272/3272
f 3224/3224/3224 3274/3274/3274 3273/3273/3273
f 3225/3225/3225 3275/3275/3275 3274/3274/3274
f 3226/3226/3226 3276/3276/3276 3275/3275/3275
f 3227/3227/3227 3277/3277/3277 3276/3276/3276
f 3228/3228/3228 3278/3278/3278 3277/3277/3277
f 3229/3229/3229 3279/3279/3279 3278/3278/3278
f 3230/3230/3230 3280/3280/3280 3279/3279/3279
f 3231/3231/3231 3281/3281/3281 3280/3280/3280
f 3232/3232/3232 3282/3282/3282 3281/3281/3281
f 3233/3233/3233 3283/3283/3283 3282/3282/3282
f 3234/3234/3234 3284/3284/3284 3283/3283/3283
f 3235/3235/3235 3285/3285/3285 3284/3284/3284
f 3236/3236/3236 3286/3286/3286 3285/3285/3285
f 3237/3237/3237 3287/3287/3287 3286/3286/3286
f 3238/3238/3238 3288/3288/3288 3287/3287/3287
f 3239/3239/3239 3289/3289/3289 3288/3288/3288
f 3240/3240/3240 3290/3290/3290 3289/3289/3289
f 3241/3241/3241 3291/3291/3291 3290/3290/3290
f 3242/3242/3242 3292/3292/3292 3291/3291/3291
f 3243/3243/3243 3293/3293/3293 3292/3292/3292
f 3244/3244/3244 3294/3294/3294 3293/3293/3293
f 3245/3245/3245 3295/3295/3295 3294/3294/3294
f 3246/3246/3246 3296/3296/3296 3295/3295/3295
f 3247/3247/3247 3297/3297/3297 3296/3296/3296
f 3248/3248/3248 3298/3298/3298 3297/3297/3297
f 3249/3249/3249 3299/3299/3299 3298/3298/3298
f 3250/3250/3250 3300/3300/3300 3299/3299/3299
f 3252/3252/3252 3302/3302/3302 3301/3301/3301
f 3253/3253/3253 3303/3303/3303 3302/3302/3302
f 3254/3254/3254 3304/3304/3304 3303/3303/3303
f 3255/3255/3255 3305/3305/3305 3304/3304/3304
f 3256/3256/3256 3306/3306/3306 3305/3305/3305
f 3257/3257/3257 3307/3307/3307 3306/3306/3306
f 3258/3258/3258 3308/3308/3308 3307/3307/3307
f 3259/3259/3259 3309/3309/3309 3308/3308/3308
f 3260/3260/3260 3310/3310/3310 3309/3309/3309
f 3261/3261/3261 3311/3311/3311 3310/3310/3310
f 3262/3262/3262 3312/3312/3312 3311/3311/3311
f 3263/3263/3263 3313/3313/3313 3312/3312/3312
f 3264/3264/3264 3314/3314/3314 3313/3313/3313
f 3265/3265/3265 3315/3315/3315 3314/3314/3314
f 3266/3266/3266 3316/3316/3316 3315/3315/3315
f 3267/3267/3267 3317/3317/3317 3316/3316/3316
f 3268/3268/3268 3318/3318/3318 3317/3317/3317
f 3269/3269/3269 3319/3319/3319 3318/3318/3318
f 3270/3270/3270 3320/3320/3320 3319/3319/3319
f 3271/3271/3271 3321/3321/3321 3320/3320/3320
f 3272/3272/3272 3322/3322/3322 3321/3321/3321
f 3273/3273/3273 3323/3323/3323 3322/3322/3322
f 3274/3274/3274 3324/3324/3324 3323/3323/3323
f 3275/3275/3275 3325/3325/3325 3324/3324/3324
f 3276/3276/3276 3326/3326/3326 3325/3325/3325
f 3277/3277/3277 3327/3327/3327 3326/3326/3326
f 3278/3278/3278 3328/3328/3328 3327/3327/3327
f 3279/3279/3279 3329/3329/3329 3328/3328/3328
f 3280/3280/3280 3330/3330/3330 3329/3329/3329
f 3281/3281/3281 3331/3331/3331 3330/3330/3330
f 3282/3282/3282 3332/3332/3332 3331/3331/3331
f 3283/3283/3283 3333/3333/3333 3332/3332/3332
f 3284/3284/3284 3334/3334/3334 3333/3333/3333
f 3285/3285/3285 3335/3335/3335 3334/3334/3334
f 3286/3286/3286 3336/3336/3336 3335/3335/3335
f 3287/3287/3287 3337/3337/3337 3336/3336/3336
f 3288/3288/3288 3338/3338/3338 3337/3337/3337
f 3289/3289/3289 3339/3339/3339 3338/3338/3338
f 3290/3290/3290 3340/3340/3340 3339/3339/3339
f 3291/3291/3291 3341/3341/3341 3340/3340/3340
f 3292/3292/3292 3342/3342/3342 3341/3341/3341
f 3293/3293/3293 3343/3343/3343 3342/3342/3342
f 3294/3294/3294 3344/3344/3344 3343/3343/3343
f 3295/3295/3295 3345/3345/3345 3344/3344/3344
f 3296/3296/3296 3346/3346/3346 3345/3345/3345
f 3297/3297/3297 3347/3347/3347 3346/3346/3346
f 3298/3298/3298 3348/3348/3348 3347/3347/3347
f 3299/3299/3299 3349/3349/3349 3348/3348/3348
f 3301/3301/3301 3351/3351/3351 3350/3350/3350
f 3302/3302/3302 3352/3352/3352 3351/3351/3351
f 3303/3303/3303 3353/3353/3353 3352/3352/3352
f 3304/3304/3304 3354/3354/3354 3353/3353/3353
f 3305/3305/3305 3355/3355/3355 3354/3354/3354
f 3306/3306/3306 3356/3356/3356 3355/3355/3355
f 3307/3307/3307 3357/3357/3357 3356/3356/3356
f 3308/3308/3308 3358/3358/3358 3357/3357/3357
f 3309/3309/3309 3359/3359/3359 3358/3358/3358
f 3310/3310/3310 3360/3360/3360 3359/3359/3359
f 3311/3311/3311 3361/3361/3361 3360/3360/3360
f 3312/3312/3312 3362/3362/3362 3361/3361/3361
f 3313/3313/3313 3363/3363/3363 3362/3362/3362
f 3314/3314/3314 3364/3364/3364 3363/3363/3363
f 3315/3315/3315 3365/3365/3365 3364/3364/3364
f 3316/3316/3316 3366/3366/3366 3365/3365/3365
f 3317/3317/3317 3367/3367/3367 3366/3366/3366
f 3318/3318/3318 3368/3368/3368 3367/3367/3367
f 3319/3319/3319 3369/3369/3369 3368/3368/3368
f 3320/3320/3320 3370/3370/3370 3369/3369/3369
f 3321/3321/3321 3371/3371/3371 3370/3370/3370
f 3322/3322/3322 3372/3372/3372 3371/3371/3371
f 3323/3323/3323 3373/3373/3373 3372/3372/3372
f 3324/3324/3324 3374/3374/3374 3373/3373/3373
f 3325/3325/3325 3375/3375/3375 3374/3374/3374
f 3326/3326/3326 3376/3376/3376 3375/3375/3375
f 3327/3327/3327 3377/3377/3377 3376/3376/3376
f 3328/3328/3328 3378/3378/3378 3377/3377/3377
f 3329/3329/3329 3379/3379/3379 3378/3378/3378
f 3330/3330/3330 3380/3380/3380 3379/3379/3379
f 3331/3331/3331 3381/3381/3381 3380/3380/3380
f 3332/3332/3332 3382/3382/3382 3381/3381/3381
f 3333/3333/3333 3383/3383/3383 3382/3382/3382
f 3334/3334/3334 3384/3384/3384 3383/3383/3383
f 3335/3335/3335 3385/3385/3385 3384/3384/3384
f 3336/3336/3336 3386/3386/3386 3385/3385/3385
f 3337/3337/3337 3387/3387/3387 3386/3386/3386
f 3338/3338/3338 3388/3388/3388 3387/3387/3387
f 3339/3339/3339 3389/3389/3389 3388/3388/3388
f 3340/3340/3340 3390/3390/3390 3389/3389/3389
f 3341/3341/3341 3391/3391/3391 3390/3390/3390
f 3342/3342/3342 3392/3392/3392 3391/3391/3391
f 3343/3343/3343 3393/3393/3393 3392/3392/3392
f 3344/3344/3344 3394/3394/3394 3393/3393/3393
f 3345/3345/3345 3395/3395/3395 3394/3394/3394
f 3346/3346/3346 3396/3396/3396 3395/3395/3395
f 3347/3347/3347 3397/3397/3397 3396/3396/3396
f 3348/3348/3348 3398/3398/3398 3397/3397/3397
f 3399/3399/3399 3400/3400/3400 3421/3421/3421
f 3400/3400/3400 3401/3401/3401 3422/3422/3422
f 3401/3401/3401 3402/3402/3402 3423/3423/3423
f 3402/3402/3402 3403/3403/3403 3424/3424/3424
f 3403/3403/3403 3404/3404/3404 3425/3425/3425
f 3404/3404/3404 3405/3405/3405 3426/3426/3426
f 3405/3405/3405 3406/3406/3406 3427/3427/3427
f 3406/3406/3406 3407/3407/3407 3428/3428/3428
f 3407/3407/3407 3408/3408/3408 3429/3429/3429
f 3408/3408/3408 3409/3409/3409 3430/3430/3430
f 3409/3409/3409 3410/3410/3410 3431/3431/3431
f 3410/3410/3410 3411/3411/3411 3432/3432/3432
f 3411/3411/3411 3412/3412/3412 3433/3433/3433
f 3412/3412/3412 3413/3413/3413 3434/3434/3434
f 3413/3413/3413 3414/3414/3414 3435/3435/3435
f 3414/3414/3414 3415/3415/3415 3436/3436/3436
f 3415/3415/3415 3416/3416/3416 3437/3437/3437
f 3416/3416/3416 3417/3417/3417 3438/3438/3438
f 3417/3417/3417 3418/3418/3418 3439/3439/3439
f 3418/3418/3418 3419/3419/3419 3440/3440/3440
f 3399/3399/3399 3421/3421/3421 3420/3420/3420
f 3400/3400/3400 3422/3422/3422 3421/3421/3421
f 3401/3401/3401 3423/3423/3423 3422/3422/3422
f 3402/3402/3402 3424/3424/3424 3423/3423/3423
f 3403/3403/3403 3425/3425/3425 3424/3424/3424
f 3404/3404/3404 3426/3426/3426 3425/3425/3425
f 3405/3405/3405 3427/3427/3427 3426/3426/3426
f 3406/3406/3406 3428/3428/3428 3427/3427/3427
f 3407/3407/3407 3429/3429/3429 3428/3428/3428
f 3408/3408/3408 3430/3430/3430 3429/3429/3429
f 3409/3409/3409 3431/3431/3431 3430/3430/3430
f 3410/3410/3410 3432/3432/3432 3431/3431/3431
f 3411/3411/3411 3433/3433/3433 3432/3432/3432
f 3412/3412/3412 3434/3434/3434 3433/3433/3433
f 3413/3413/3413 3435/3435/3435 3434/3434/3434
f 3414/3414/3414 3436/3436/3436 3435/3435/3435
f 3415/3415/3415 3437/3437/3437 3436/3436/3436
f 3416/3416/3416 3438/3438/3438 3437/3437/3437
f 3417/3417/3417 3439/3439/3439 3438/3438/3438
f 3418/3418/3418 3440/3440/3440 3439/3439/3439
f 3441/3441/3441 3443/3443/3443 3442/3442/3442
f 3441/3441/3441 3444/3444/3444 3443/3443/3443
f 3441/3441/3441 3445/3445/3445 3444/3444/3444
f 3441/3441/3441 3446/3446/3446 3445/3445/3445
f 3441/3441/3441 3447/3447/3447 3446/3446/3446
f 3441/3441/3441 3448/3448/3448 3447/3447/3447
f 3441/3441/3441 3449/3449/3449 3448/3448/3448
f 3441/3441/3441 3450/3450/3450 3449/3449/3449
f 3441/3441/3441 3451/3451/3451 3450/3450/3450
f 3441/3441/3441 3452/3452/3452 3451/3451/3451
f 3441/3441/3441 3453/3453/3453 3452/3452/3452
f 3441/3441/3441 3454/3454/3454 3453/3453/3453
f 3441/3441/3441 3455/3455/3455 3454/3454/3454
f 3441/3441/3441 3456/3456/3456 3455/3455/3455
f 3441/3441/3441 3457/3457/3457 3456/3456/3456
f 3441/3441/3441 3458/3458/3458 3457/3457/3457
f 3441/3441/3441 3459/3459/3459 3458/3458/3458
f 3441/3441/3441 3460/3460/3460 3459/3459/3459
f 3441/3441/3441 3461/3461/3461 3460/3460/3460
f 3441/3441/3441 3462/3462/3462 3461/3461/3461
f 3463/3463/3463 3464/3464/3464 3465/3465/3465
f 3463/3463/3463 3465/3465/3465 3466/3466/3466
f 3463/3463/3463 3466/3466/3466 3467/3467/3467
f 3463/3463/3463 3467/3467/3467 3468/3468/3468
f 3463/3463/3463 3468/3468/3468 3469/3469/3469
f 3463/3463/3463 3469/3469/3469 3470/3470/3470
f 3463/3463/3463 3470/3470/3470 3471/3471/3471
f 3463/3463/3463 3471/3471/3471 3472/3472/3472
f 3463/3463/3463 3472/3472/3472 3473/3473/3473
f 3463/3463/3463 3473/3473/3473 3474/3474/3474
f 3463/3463/3463 3474/3474/3474 3475/3475/3475
f 3463/3463/3463 3475/3475/3475 3476/3476/3476
f 3463/3463/3463 3476/3476/3476 3477/3477/3477
f 3463/3463/3463 3477/3477/3477 3478/3478/3478
f 3463/3463/3463 3478/3478/3478 3479/3479/3479
f 3463/3463/3463 3479/3479/3479 3480/3480/3480
f 3463/3463/3463 3480/3480/3480 3481/3481/3481
f 3463/3463/3463 3481/3481/3481 3482/3482/3482
f 3463/3463/3463 3482/3482/3482 3483/3483/3483
f 3463/3463/3463 3483/3483/3483 3484/3484/3484
f 3485/3485/3485 3486/3486/3486 3535/3535/3535
f 3486/3486/3486 3487/3487/3487 3536/3536/3536
f 3487/3487/3487 3488/3488/3488 3537/3537/3537
f 3488/3488/3488 3489/3489/3489 3538/3538/3538
f 3489/3489/3489 3490/3490/3490 3539/3539/3539
f 3490/3490/3490 3491/3491/3491 3540/3540/3540
f 3491/3491/3491 3492/3492/3492 3541/3541/3541
f 3492/3492/3492 3493/3493/3493 3542/3542/3542
f 3493/3493/3493 3494/3494/3494 3543/3543/3543
f 3494/3494/3494 3495/3495/3495 3544/3544/3544
f 3495/3495/3495 3496/3496/3496 3545/3545/3545
f 3496/3496/3496 3497/3497/3497 3546/3546/3546
f 3497/3497/3497 3498/3498/3498 3547/3547/3547
f 3498/3498/3498 3499/3499/3499 3548/3548/3548
f 3499/3499/3499 3500/3500/3500 3549/3549/3549
f 3500/3500/3500 3501/3501/3501 3550/3550/3550
f 3501/3501/3501 3502/3502/3502 3551/3551/3551
f 3502/3502/3502 3503/3503/3503 3552/3552/3552
f 3503/3503/3503 3504/3504/3504 3553/3553/3553
f 3504/3504/3504 3505/3505/3505 3554/3554/3554
f 3505/3505/3505 3506/3506/3506 3555/3555/3555
f 3506/3506/3506 3507/3507/3507 3556/3556/3556
f 3507/3507/3507 3508/3508/3508 3557/3557/3557
f 3508/3508/3508 3509/3509/3509 3558/3558/3558
f 3509/3509/3509 3510/3510/3510 3559/3559/3559
f 3510/3510/3510 3511/3511/3511 3560/3560/3560
f 3511/3511/3511 3512/3512/3512 3561/3561/3561
f 3512/3512/3512 3513/3513/3513 3562/3562/3562
f 3513/3513/3513 3514/3514/3514 3563/3563/3563
f 3514/3514/3514 3515/3515/3515 3564/3564/3564
f 3515/3515/3515 3516/3516/3516 3565/3565/3565
f 3516/3516/3516 3517/3517/3517 3566/3566/3566
f 3517/3517/3517 3518/3518/3518 3567/3567/3567
f 3518/3518/3518 3519/3519/3519 3568/3568/3568
f 3519/3519/3519 3520/3520/3520 3569/3569/3569
f 3520/3520/3520 3521/3521/3521 3570/3570/3570
f 3521/3521/3521 3522/3522/3522 3571/3571/3571
f 3522/3522/3522 3523/3523/3523 3572/3572/3572
f 3523/3523/3523 3524/3524/3524 3573/3573/3573
f 3524/3524/3524 3525/3525/3525 3574/3574/3574
f 3525/3525/3525 3526/3526/3526 3575/3575/3575
f 3526/3526/3526 3527/3527/3527 3576/3576/3576
f 3527/3527/3527 3528/3528/3528 3577/3577/3577
f 3528/3528/3528 3529/3529/3529 3578/3578/3578
f 3529/3529/3529 3530/3530/3530 3579/3579/3579
f 3530/3530/3530 3531/3531/3531 3580/3580/3580
f 3531/3531/3531 3532/3532/3532 3581/3581/3581
f 3532/3532/3532 3533/3533/3533 3582/3582/3582
f 3534/3534/3534 3535/3535/3535 3584/3584/3584
f 3535/3535/3535 3536/3536/3536 3585/3585/3585
f 3536/3536/3536 3537/3537/3537 3586/3586/3586
f 3537/3537/3537 3538/3538/3538 3587/3587/3587
f 3538/3538/3538 3539/3539/3539 3588/3588/3588
f 3539/3539/3539 3540/3540/3540 3589/3589/3589
f 3540/3540/3540 3541/3541/3541 3590/3590/3590
f 3541/3541/3541 3542/3542/3542 3591/3591/3591
f 3542/3542/3542 3543/3543/3543 3592/3592/3592
f 3543/3543/3543 3544/3544/3544 3593/3593/3593
f 3544/3544/3544 3545/3545/3545 3594/3594/3594
f 3545/3545/3545 3546/3546/3546 3595/3595/3595
f 3546/3546/3546 3547/3547/3547 3596/3596/3596
f 3547/3547/3547 3548/3548/3548 3597/3597/3597
f 3548/3548/3548 3549/3549/3549 3598/3598/3598
f 3549/3549/3549 3550/3550/3550 3599/3599/3599
f 3550/3550/3550 3551/3551/3551 3600/3600/3600
f 3551/3551/3551 3552/3552/3552 3601/3601/3601
f 3552/3552/3552 3553/3553/3553 3602/3602/3602
f 3553/3553/3553 3554/3554/3554 3603/3603/3603
f 3554/3554/3554 3555/3555/3555 3604/3604/3604
f 3555/3555/3555 3556/3556/3556 3605/3605/3605
f 3556/3556/3556 3557/3557/3557 3606/3606/3606
f 3557/3557/3557 3558/3558/3558 3607/3607/3607
f 3558/3558/3558 3559/3559/3559 3608/3608/3608
f 3559/3559/3559 3560/3560/3560 3609/3609/3609
f 3560/3560/3560 3561/3561/3561 3610/3610/3610
f 3561/3561/3561 3562/3562/3562 3611/3611/3611
f 3562/3562/3562 3563/3563/3563 3612/3612/3612
f 3563/3563/3563 3564/3564/3564 3613/3613/3613
f 3564/3564/3564 3565/3565/3565 3614/3614/3614
f 3565/3565/3565 3566/3566/3566 3615/3615/3615
f 3566/3566/3566 3567/3567/3567 3616/3616/3616
f 3567/3567/3567 3568/3568/3568 3617/3617/3617
f 3568/3568/3568 3569/3569/3569 3618/3618/3618
f 3569/3569/3569 3570/3570/3570 3619/3619/3619
f 3570/3570/3570 3571/3571/3571 3620/3620/3620
f 3571/3571/3571 3572/3572/3572 3621/3621/3621
f 3572/3572/3572 3573/3573/3573 3622/3622/3622
f 3573/3573/3573 3574/3574/3574 3623/3623/3623
f 3574/3574/3574 3575/3575/3575 3624/3624/3624
f 3575/3575/3575 3576/3576/3576 3625/3625/3625
f 3576/3576/3576 3577/3577/3577 3626/3626/3626
f 3577/3577/3577 3578/3578/3578 3627/3627/3627
f 3578/3578/3578 3579/3579/3579 3628/3628/3628
f 3579/3579/3579 3580/3580/3580 3629/3629/3629
f 3580/3580/3580 3581/3581/3581 3630/3630/3630
f 3581/3581/3581 3582/3582/3582 3631/3631/3631
f 3583/3583/3583 3584/3584/3584 3633/3633/3633
f 3584/3584/3584 3585/3585/3585 3634/3634/3634
f 3585/3585/3585 3586/3586/3586 3635/3635/3635
f 3586/3586/3586 3587/3587/3587 3636/3636/3636
f 3587/3587/3587 3588/3588/3588 3637/3637/3637
f 3588/3588/3588 3589/3589/3589 3638/3638/3638
f 3589/3589/3589 3590/3590/3590 3639/3639/3639
f 3590/3590/3590 3591/3591/3591 3640/3640/3640
f 3591/3591/3591 3592/3592/3592 3641/3641/3641
f 3592/3592/3592 3593/3593/3593 3642/3642/3642
f 3593/3593/3593 3594/3594/3594 3643/3643/3643
f 3594/3594/3594 3595/3595/3595 3644/3644/3644
f 3595/3595/3595 3596/3596/3596 3645/3645/3645
f 3596/3596/3596 3597/3597/3597 3646/3646/3646
f 3597/3597/3597 3598/3598/3598 3647/3647/3647
f 3598/3598/3598 3599/3599/3599 3648/3648/3648
f 3599/3599/3599 3600/3600/3600 3649/3649/3649
f 3600/3600/3600 3601/3601/3601 3650/3650/3650
f 3601/3601/3601 3602/3602/3602 3651/3651/3651
f 3602/3602/3602 3603/3603/3603 3652/3652/3652
f 3603/3603/3603 3604/3604/3604 3653/3653/3653
f 3604/3604/3604 3605/3605/3605 3654/3654/3654
f 3605/3605/3605 3606/3606/3606 3655/3655/3655
f 3606/3606/3606 3607/3607/3607 3656/3656/3656
f 3607/3607/3607 3608/3608/3608 3657/3657/3657
f 3608/3608/3608 3609/3609/3609 3658/3658/3658
f 3609/3609/3609 3610/3610/3610 3659/3659/3659
f 3610/3610/3610 3611/3611/3611 3660/3660/3660
f 3611/3611/3611 3612/3612/3612 3661/3661/3661
f 3612/3612/3612 3613/3613/3613 3662/3662/3662
f 3613/3613/3613 3614/3614/3614 3663/3663/3663
f 3614/3614/3614 3615/3615/3615 3664/3664/3664
f 3615/3615/3615 3616/3616/3616 3665/3665/3665
f 3616/3616/3616 3617/3617/3617 3666/3666/3666
f 3617/3617/3617 3618/3618/3618 3667/3667/3667
f 3618/3618/3618 3619/3619/3619 3668/3668/3668
f 3619/3619/3619 3620/3620/3620 3669/3669/3669
f 3620/3620/3620 3621/3621/3621 3670/3670/3670
f 3621/3621/3621 3622/3622/3622 3671/3671/3671
f 3622/3622/3622 3623/3623/3623 3672/3672/3672
f 3623/3623/3623 3624/3624/3624 3673/3673/3673
f 3624/3624/3624 3625/3625/3625 3674/3674/3674
f 3625/3625/3625 3626/3626/3626 3675/3675/3675
f 3626/3626/3626 3627/3627/3627 3676/3676/3676
f 3627/3627/3627 3628/3628/3628 3677/3677/3677
f 3628/3628/3628 3629/3629/3629 3678/3678/3678
f 3629/3629/3629 3630/3630/3630 3679/3679/3679
f 3630/3630/3630 3631/3631/3631 3680/3680/3680
f 3632/3632/3632 3633/3633/3633 3682/3682/3682
f 3633/3633/3633 3634/3634/3634 3683/3683/3683
f 3634/3634/3634 3635/3635/3635 3684/3684/3684
f 3635/3635/3635 3636/3636/3636 3685/3685/3685
f 3636/3636/3636 3637/3637/3637 3686/3686/3686
f 3637/3637/3637 3638/3638/3638 3687/3687/3687
f 3638/3638/3638 3639/3639/3639 3688/3688/3688
f 3639/3639/3639 3640/3640/3640 3689/3689/3689
f 3640/3640/3640 3641/3641/3641 3690/3690/3690
f 3641/3641/3641 3642/3642/3642 3691/3691/3691
f 3642/3642/3642 3643/3643/3643 3692/3692/3692
f 3643/3643/3643 3644/3644/3644 3693/3693/3693
f 3644/3644/3644 3645/3645/3645 3694/3694/3694
f 3645/3645/3645 3646/3646/3646 3695/3695/3695
f 3646/3646/3646 3647/3647/3647 3696/3696/3696
f 3647/3647/3647 3648/3648/3648 3697/3697/3697
f 3648/3648/3648 3649/3649/3649 3698/3698/3698
f 3649/3649/3649 3650/3650/3650 3699/3699/3699
f 3650/3650/3650 3651/3651/3651 3700/3700/3700
f 3651/3651/3651 3652/3652/3652 3701/3701/3701
f 3652/3652/3652 3653/3653/3653 3702/3702/3702
f 3653/3653/3653 3654/3654/3654 3703/3703/3703
f 3654/3654/3654 3655/3655/3655 3704/3704/3704
f 3655/3655/3655 3656/3656/3656 3705/3705/3705
f 3656/3656/3656 3657/3657/3657 3706/3706/3706
f 3657/3657/3657 3658/3658/3658 3707/3707/3707
f 3658/3658/3658 3659/3659/3659 3708/3708/3708
f 3659/3659/3659 3660/3660/3660 3709/3709/3709
f 3660/3660/3660 3661/3661/3661 3710/3710/3710
f 3661/3661/3661 3662/3662/3662 3711/3711/3711
f 3662/3662/3662 3663/3663/3663 3712/3712/3712
f 3663/3663/3663 3664/3664/3664 3713/3713/3713
f 3664/3664/3664 3665/3665/3665 3714/3714/3714
f 3665/3665/3665 3666/3666/3666 3715/3715/3715
f 3666/3666/3666 3667/3667/3667 3716/3716/3716
f 3667/3667/3667 3668/3668/3668 3717/3717/3717
f 3668/3668/3668 3669/3669/3669 3718/3718/3718
f 3669/3669/3669 3670/3670/3670 3719/3719/3719
f 3670/3670/3670 3671/3671/3671 3720/3720/3720
f 3671/3671/3671 3672/3672/3672 3721/3721/3721
f 3672/3672/3672 3673/3673/3673 3722/3722/3722
f 3673/3673/3673 3674/3674/3674 3723/3723/3723
f 3674/3674/3674 3675/3675/3675 3724/3724/3724
f 3675/3675/3675 3676/3676/3676 3725/3725/3725
f 3676/3676/3676 3677/3677/3677 3726/3726/3726
f 3677/3677/3677 3678/3678/3678 3727/3727/3727
f 3678/3678/3678 3679/3679/3679 3728/3728/3728
f 3679/3679/3679 3680/3680/3680 3729/3729/3729
f 3681/3681/3681 3682/3682/3682 3731/3731/3731
f 3682/3682/3682 3683/3683/3683 3732/3732/3732
f 3683/3683/3683 3684/3684/3684 3733/3733/3733
f 3684/3684/3684 3685/3685/3685 3734/3734/3734
f 3685/3685/3685 3686/3686/3686 3735/3735/3735
f 3686/3686/3686 3687/3687/3687 3736/3736/3736
f 3687/3687/3687 3688/3688/3688 3737/3737/3737
f 3688/3688/3688 3689/3689/3689 3738/3738/3738
f 3689/3689/3689 3690/3690/3690 3739/3739/3739
f 3690/3690/3690 3691/3691/3691 3740/3740/3740
f 3691/3691/3691 3692/3692/3692 3741/3741/3741
f 3692/3692/3692 3693/3693/3693 3742/3742/3742
f 3693/3693/3693 3694/3694/3694 3743/3743/3743
f 3694/3694/3694 3695/3695/3695 3744/3744/3744
f 3695/3695/3695 3696/3696/3696 3745/3745/3745
f 3696/3696/3696 3697/3697/3697 3746/3746/3746
f 3697/3697/3697 3698/3698/3698 3747/3747/3747
f 3698/3698/3698 3699/3699/3699 3748/3748/3748
f 3699/3699/3699 3700/3700/3700 3749/3749/3749
f 3700/3700/3700 3701/3701/3701 3750/3750/3750
f 3701/3701/3701 3702/3702/3702 3751/3751/3751
f 3702/3702/3702 3703/3703/3703 3752/3752/3752
f 3703/3703/3703 3704/3704/3704 3753/3753/3753
f 3704/3704/3704 3705/3705/3705 3754/3754/3754
f 3705/3705/3705 3706/3706/3706 3755/3755/3755
f 3706/3706/3706 3707/3707/3707 3756/3756/3756
f 3707/3707/3707 3708/3708/3708 3757/3757/3757
f 3708/3708/3708 3709/3709/3709 3758/3758/3758
f 3709/3709/3709 3710/3710/3710 3759/3759/3759
f 3710/3710/3710 3711/3711/3711 3760/3760/3760
f 3711/3711/3711 3712/3712/3712 3761/3761/3761
f 3712/3712/3712 3713/3713/3713 3762/3762/3762
f 3713/3713/3713 3714/3714/3714 3763/3763/3763
f 3714/3714/3714 3715/3715/3715 3764/3764/3764
f 3715/3715/3715 3716/3716/3716 3765/3765/3765
f 3716/3716/3716 3717/3717/3717 3766/3766/3766
f 3717/3717/3717 3718/3718/3718 3767/3767/3767
f 3718/3718/3718 3719/3719/3719 3768/3768/3768
f 3719/3719/3719 3720/3720/3720 3769/3769/3769
f 3720/3720/3720 3721/3721/3721 3770/3770/3770
f 3721/3721/3721 3722/3722/3722 3771/3771/3771
f 3722/3722/3722 3723/3723/3723 3772/3772/3772
f 3723/3723/3723 3724/3724/3724 3773/3773/3773
f 3724/3724/3724 3725/3725/3725 3774/3774/3774
f 3725/3725/3725 3726/3726/3726 3775/3775/3775
f 3726/3726/3726 3727/3727/3727 3776/3776/3776
f 3727/3727/3727 3728/3728/3728 3777/3777/3777
f 3728/3728/3728 3729/3729/3729 3778/3778/3778
f 3730/3730/3730 3731/3731/3731 3780/3780/3780
f 3731/3731/3731 3732/3732/3732 3781/3781/3781
f 3732/3732/3732 3733/3733/3733 3782/3782/3782
f 3733/3733/3733 3734/3734/3734 3783/3783/3783
f 3734/3734/3734 3735/3735/3735 3784/3784/3784
f 3735/3735/3735 3736/3736/3736 3785/3785/3785
f 3736/3736/3736 3737/3737/3737 3786/3786/3786
f 3737/3737/3737 3738/3738/3738 3787/3787/3787
f 3738/3738/3738 3739/3739/3739 3788/3788/3788
f 3739/3739/3739 3740/3740/3740 3789/3789/3789
f 3740/3740/3740 3741/3741/3741 3790/3790/3790
f 3741/3741/3741 3742/3742/3742 3791/3791/3791
f 3742/3742/3742 3743/3743/3743 3792/3792/3792
f 3743/3743/3743 3744/3744/3744 3793/3793/3793
f 3744/3744/3744 3745/3745/3745 3794/3794/3794
f 3745/3745/3745 3746/3746/3746 3795/3795/3795
f 3746/3746/3746 3747/3747/3747 3796/3796/3796
f 3747/3747/3747 3748/3748/3748 3797/3797/3797
f 3748/3748/3748 3749/3749/3749 3798/3798/3798
f 3749/3749/3749 3750/3750/3750 3799/3799/3799
f 3750/3750/3750 3751/3751/3751 3800/3800/3800
f 3751/3751/3751 3752/3752/3752 3801/3801/3801
f 3752/3752/3752 3753/3753/3753 3802/3802/3802
f 3753/3753/3753 3754/3754/3754 3803/3803/3803
f 3754/3754/3754 3755/3755/3755 3804/3804/3804
f 3755/3755/3755 3756/3756/3756 3805/3805/3805
f 3756/3756/3756 3757/3757/3757 3806/3806/3806
f 3757/3757/3757 3758/3758/3758 3807/3807/3807
f 3758/3758/3758 3759/3759/3759 3808/3808/3808
f 3759/3759/3759 3760/3760/3760 3809/3809/3809
f 3760/3760/3760 3761/3761/3761 3810/3810/3810
f 3761/3761/3761 3762/3762/3762 3811/3811/3811
f 3762/3762/3762 3763/3763/3763 3812/3812/3812
f 3763/3763/3763 3764/3764/3764 3813/3813/3813
f 3764/3764/3764 3765/3765/3765 3814/3814/3814
f 3765/3765/3765 3766/3766/3766 3815/3815/3815
f 3766/3766/3766 3767/3767/3767 3816/3816/3816
f 3767/3767/3767 3768/3768/3768 3817/3817/3817
f 3768/3768/3768 3769/3769/3769 3818/3818/3818
f 3769/3769/3769 3770/3770/3770 3819/3819/3819
f 3770/3770/3770 3771/3771/3771 3820/3820/3820
f 3771/3771/3771 3772/3772/3772 3821/3821/3821
f 3772/3772/3772 3773/3773/3773 3822/3822/3822
f 3773/3773/3773 3774/3774/3774 3823/3823/3823
f 3774/3774/3774 3775/3775/3775 3824/3824/3824
f 3775/3775/3775 3776/3776/3776 3825/3825/3825
f 3776/3776/3776 3777/3777/3777 3826/3826/3826
f 3777/3777/3777 3778/3778/3778 3827/3827/3827
f 3779/3779/3779 3780/3780/3780 3829/3829/3829
f 3780/3780/3780 3781/3781/3781 3830/3830/3830
f 3781/3781/3781 3782/3782/3782 3831/3831/3831
f 3782/3782/3782 3783/3783/3783 3832/3832/3832
f 3783/3783/3783 3784/3784/3784 3833/3833/3833
f 3784/3784/3784 3785/3785/3785 3834/3834/3834
f 3785/3785/3785 3786/3786/3786 3835/3835/3835
f 3786/3786/3786 3787/3787/3787 3836/3836/3836
f 3787/3787/3787 3788/3788/3788 3837/3837/3837
f 3788/3788/3788 3789/3789/3789 3838/3838/3838
f 3789/3789/3789 3790/3790/3790 3839/3839/3839
f 3790/3790/3790 3791/3791/3791 3840/3840/3840
f 3791/3791/3791 3792/3792/3792 3841/3841/3841
f 3792/3792/3792 3793/3793/3793 3842/3842/3842
f 3793/3793/3793 3794/3794/3794 3843/3843/3843
f 3794/3794/3794 3795/3795/3795 3844/3844/3844
f 3795/3795/3795 3796/3796/3796 3845/3845/3845
f 3796/3796/3796 3797/3797/3797 3846/3846/3846
f 3797/3797/3797 3798/3798/3798 3847/3847/3847
f 3798/3798/3798 3799/3799/3799 3848/3848/3848
f 3799/3799/3799 3800/3800/3800 3849/3849/3849
f 3800/3800/3800 3801/3801/3801 3850/3850/3850
f 3801/3801/3801 3802/3802/3802 3851/3851/3851
f 3802/3802/3802 3803/3803/3803 3852/3852/3852
f 3803/3803/3803 3804/3804/3804 3853/3853/3853
f 3804/3804/3804 3805/3805/3805 3854/3854/3854
f 3805/3805/3805 3806/3806/3806 3855/3855/3855
f 3806/3806/3806 3807/3807/3807 3856/3856/3856
f 3807/3807/3807 3808/3808/3808 3857/3857/3857
f 3808/3808/3808 3809/3809/3809 3858/3858/3858
f 3809/3809/3809 3810/3810/3810 3859/3859/3859
f 3810/3810/3810 3811/3811/3811 3860/3860/3860
f 3811/3811/3811 3812/3812/3812 3861/3861/3861
f 3812/3812/3812 3813/3813/3813 3862/3862/3862
f 3813/3813/3813 3814/3814/3814 3863/3863/3863
f 3814/3814/3814 3815/3815/3815 3864/3864/3864
f 3815/3815/3815 3816/3816/3816 3865/3865/3865
f 3816/3816/3816 3817/3817/3817 3866/3866/3866
f 3817/3817/3817 3818/3818/3818 3867/3867/3867
f 3818/3818/3818 3819/3819/3819 3868/3868/3868
f 3819/3819/3819 3820/3820/3820 3869/3869/3869
f 3820/3820/3820 3821/3821/3821 3870/3870/3870
f 3821/3821/3821 3822/3822/3822 3871/3871/3871
f 3822/3822/3822 3823/3823/3823 3872/3872/3872
f 3823/3823/3823 3824/3824/3824 3873/3873/3873
f 3824/3824/3824 3825/3825/3825 3874/3874/3874
f 3825/3825/3825 3826/3826/3826 3875/3875/3875
f 3826/3826/3826 3827/3827/3827 3876/3876/3876
f 3828/3828/3828 3829/3829/3829 3878/3878/3878
f 3829/3829/3829 3830/3830/3830 3879/3879/3879
f 3830/3830/3830 3831/3831/3831 3880/3880/3880
f 3831/3831/3831 3832/3832/3832 3881/3881/3881
f 3832/3832/3832 3833/3833/3833 3882/3882/3882
f 3833/3833/3833 3834/3834/3834 3883/3883/3883
f 3834/3834/3834 3835/3835/3835 3884/3884/3884
f 3835/3835/3835 3836/3836/3836 3885/3885/3885
f 3836/3836/3836 3837/3837/3837 3886/3886/3886
f 3837/3837/3837 3838/3838/3838 3887/3887/3887
f 3838/3838/3838 3839/3839/3839 3888/3888/3888
f 3839/3839/3839 3840/3840/3840 3889/3889/3889
f 3840/3840/3840 3841/3841/3841 3890/3890/3890
f 3841/3841/3841 3842/3842/3842 3891/3891/3891
f 3842/3842/3842 3843/3843/3843 3892/3892/3892
f 3843/3843/3843 3844/3844/3844 3893/3893/3893
f 3844/3844/3844 3845/3845/3845 3894/3894/3894
f 3845/3845/3845 3846/3846/3846 3895/3895/3895
f 3846/3846/3846 3847/3847/3847 3896/3896/3896
f 3847/3847/3847 3848/3848/3848 3897/3897/3897
f 3848/3848/3848 3849/3849/3849 3898/3898/3898
f 3849/3849/3849 3850/3850/3850 3899/3899/3899
f 3850/3850/3850 3851/3851/3851 3900/3900/3900
f 3851/3851/3851 3852/3852/3852 3901/3901/3901
f 3852/3852/3852 3853/3853/3853 3902/3902/3902
f 3853/3853/3853 3854/3854/3854 3903/3903/3903
f 3854/3854/3854 3855/3855/3855 3904/3904/3904
f 3855/3855/3855 3856/3856/3856 3905/3905/3905
f 3856/3856/3856 3857/3857/3857 3906/3906/3906
f 3857/3857/3857 3858/3858/3858 3907/3907/3907
f 3858/3858/3858 3859/3859/3859 3908/3908/3908
f 3859/3859/3859 3860/3860/3860 3909/3909/3909
f 3860/3860/3860 3861/3861/3861 3910/3910/3910
f 3861/3861/3861 3862/3862/3862 3911/3911/3911
f 3862/3862/3862 3863/3863/3863 3912/3912/3912
f 3863/3863/3863 3864/3864/3864 3913/3913/3913
f 3864/3864/3864 3865/3865/3865 3914/3914/3914
f 3865/3865/3865 3866/3866/3866 3915/3915/3915
f 3866/3866/3866 3867/3867/3867 3916/3916/3916
f 3867/3867/3867 3868/3868/3868 3917/3917/3917
f 3868/3868/3868 3869/3869/3869 3918/3918/3918
f 3869/3869/3869 3870/3870/3870 3919/3919/3919
f 3870/3870/3870 3871/3871/3871 3920/3920/3920
f 3871/3871/3871 3872/3872/3872 3921/3921/3921
f 3872/3872/3872 3873/3873/3873 3922/3922/3922
f 3873/3873/3873 3874/3874/3874 3923/3923/3923
f 3874/3874/3874 3875/3875/3875 3924/3924/3924
f 3875/3875/3875 3876/3876/3876 3925/3925/3925
f 3877/3877/3877 3878/3878/3878 3927/3927/3927
f 3878/3878/3878 3879/3879/3879 3928/3928/3928
f 3879/3879/3879 3880/3880/3880 3929/3929/3929
f 3880/3880/3880 3881/3881/3881 3930/3930/3930
f 3881/3881/3881 3882/3882/3882 3931/3931/3931
f 3882/3882/3882 3883/3883/3883 3932/3932/3932
f 3883/3883/3883 3884/3884/3884 3933/3933/3933
f 3884/3884/3884 3885/3885/3885 3934/3934/3934
f 3885/3885/3885 3886/3886/3886 3935/3935/3935
f 3886/3886/3886 3887/3887/3887 3936/3936/3936
f 3887/3887/3887 3888/3888/3888 3937/3937/3937
f 3888/3888/3888 3889/3889/3889 3938/3938/3938
f 3889/3889/3889 3890/3890/3890 3939/3939/3939
f 3890/3890/3890 3891/3891/3891 3940/3940/3940
f 3891/3891/3891 3892/3892/3892 3941/3941/3941
f 3892/3892/3892 3893/3893/3893 3942/3942/3942
f 3893/3893/3893 3894/3894/3894 3943/3943/3943
f 3894/3894/3894 3895/3895/3895 3944/3944/3944
f 3895/3895/3895 3896/3896/3896 3945/3945/3945
f 3896/3896/3896 3897/3897/3897 3946/3946/3946
f 3897/3897/3897 3898/3898/3898 3947/3947/3947
f 3898/3898/3898 3899/3899/3899 3948/3948/3948
f 3899/3899/3899 3900/3900/3900 3949/3949/3949
f 3900/3900/3900 3901/3901/3901 3950/3950/3950
f 3901/3901/3901 3902/3902/3902 3951/3951/3951
f 3902/3902/3902 3903/3903/3903 3952/3952/3952
f 3903/3903/3903 3904/3904/3904 3953/3953/3953
f 3904/3904/3904 3905/3905/3905 3954/3954/3954
f 3905/3905/3905 3906/3906/3906 3955/3955/3955
f 3906/3906/3906 3907/3907/3907 3956/3956/3956
f 3907/3907/3907 3908/3908/3908 3957/3957/3957
f 3908/3908/3908 3909/3909/3909 3958/3958/3958
f 3909/3909/3909 3910/3910/3910 3959/3959/3959
f 3910/3910/3910 3911/3911/3911 3960/3960/3960
f 3911/3911/3911 3912/3912/3912 3961/3961/3961
f 3912/3912/3912 3913/3913/3913 3962/3962/3962
f 3913/3913/3913 3914/3914/3914 3963/3963/3963
f 3914/3914/3914 3915/3915/3915 3964/3964/3964
f 3915/3915/3915 3916/3916/3916 3965/3965/3965
f 3916/3916/3916 3917/3917/3917 3966/3966/3966
f 3917/3917/3917 3918/3918/3918 3967/3967/3967
f 3918/3918/3918 3919/3919/3919 3968/3968/3968
f 3919/3919/3919 3920/3920/3920 3969/3969/3969
f 3920/3920/3920 3921/3921/3921 3970/3970/3970
f 3921/3921/3921 3922/3922/3922 3971/3971/3971
f 3922/3922/3922 3923/3923/3923 3972/3972/3972
f 3923/3923/3923 3924/3924/3924 3973/3973/3973
f 3924/3924/3924 3925/3925/3925 3974/3974/3974
f 3926/3926/3926 3927/3927/3927 3976/3976/3976
f 3927/3927/3927 3928/3928/3928 3977/3977/3977
f 3928/3928/3928 3929/3929/3929 3978/3978/3978
f 3929/3929/3929 3930/3930/3930 3979/3979/3979
f 3930/3930/3930 3931/3931/3931 3980/3980/3980
f 3931/3931/3931 3932/3932/3932 3981/3981/3981
f 3932/3932/3932 3933/3933/3933 3982/3982/3982
f 3933/3933/3933 3934/3934/3934 3983/3983/3983
f 3934/3934/3934 3935/3935/3935 3984/3984/3984
f 3935/3935/3935 3936/3936/3936 3985/3985/3985
f 3936/3936/3936 3937/3937/3937 3986/3986/3986
f 3937/3937/3937 3938/3938/3938 3987/3987/3987
f 3938/3938/3938 3939/3939/3939 3988/3988/3988
f 3939/3939/3939 3940/3940/3940 3989/3989/3989
f 3940/3940/3940 3941/3941/3941 3990/3990/3990
f 3941/3941/3941 3942/3942/3942 3991/3991/3991
f 3942/3942/3942 3943/3943/3943 3992/3992/3992
f 3943/3943/3943 3944/3944/3944 3993/3993/3993
f 3944/3944/3944 3945/3945/3945 3994/3994/3994
f 3945/3945/3945 3946/3946/3946 3995/3995/3995
f 3946/3946/3946 3947/3947/3947 3996/3996/3996
f 3947/3947/3947 3948/3948/3948 3997/3997/3997
f 3948/3948/3948 3949/3949/3949 3998/3998/3998
f 3949/3949/3949 3950/3950/3950 3999/3999/3999
f 3950/3950/3950 3951/3951/3951 4000/4000/4000
f 3951/3951/3951 3952/3952/3952 4001/4001/4001
f 3952/3952/3952 3953/3953/3953 4002/4002/4002
f 3953/3953/3953 3954/3954/3954 4003/4003/4003
f 3954/3954/3954 3955/3955/3955 4004/4004/4004
f 3955/3955/3955 3956/3956/3956 4005/4005/4005
f 3956/3956/3956 3957/3957/3957 4006/4006/4006
f 3957/3957/3957 3958/3958/3958 4007/4007/4007
f 3958/3958/3958 3959/3959/3959 4008/4008/4008
f 3959/3959/3959 3960/3960/3960 4009/4009/4009
f 3960/3960/3960 3961/3961/3961 4010/4010/4010
f 3961/3961/3961 3962/3962/3962 4011/4011/4011
f 3962/3962/3962 3963/3963/3963 4012/4012/4012
f 3963/3963/3963 3964/3964/3964 4013/4013/4013
f 3964/3964/3964 3965/3965/3965 4014/4014/4014
f 3965/3965/3965 3966/3966/3966 4015/4015/4015
f 3966/3966/3966 3967/3967/3967 4016/4016/4016
f 3967/3967/3967 3968/3968/3968 4017/4017/4017
f 3968/3968/3968 3969/3969/3969 4018/4018/4018
f 3969/3969/3969 3970/3970/3970 4019/4019/4019
f 3970/3970/3970 3971/3971/3971 4020/4020/4020
f 3971/3971/3971 3972/3972/3972 4021/4021/4021
f 3972/3972/3972 3973/3973/3973 4022/4022/4022
f 3973/3973/3973 3974/3974/3974 4023/4023/4023
f 3975/3975/3975 3976/3976/3976 4025/4025/4025
f 3976/3976/3976 3977/3977/3977 4026/4026/4026
f 3977/3977/3977 3978/3978/3978 4027/4027/4027
f 3978/3978/3978 3979/3979/3979 4028/4028/4028
f 3979/3979/3979 3980/3980/3980 4029/4029/4029
f 3980/3980/3980 3981/3981/3981 4030/4030/4030
f 3981/3981/3981 3982/3982/3982 4031/4031/4031
f 3982/3982/3982 3983/3983/3983 4032/4032/4032
f 3983/3983/3983 3984/3984/3984 4033/4033/4033
f 3984/3984/3984 3985/3985/3985 4034/4034/4034
f 3985/3985/3985 3986/3986/3986 4035/4035/4035
f 3986/3986/3986 3987/3987/3987 4036/4036/4036
f 3987/3987/3987 3988/3988/3988 4037/4037/4037
f 3988/3988/3988 3989/3989/3989 4038/4038/4038
f 3989/3989/3989 3990/3990/3990 4039/4039/4039
f 3990/3990/3990 3991/3991/3991 4040/4040/4040
f 3991/3991/3991 3992/3992/3992 4041/4041/4041
f 3992/3992/3992 3993/3993/3993 4042/4042/4042
f 3993/3993/3993 3994/3994/3994 4043/4043/4043
f 3994/3994/3994 3995/3995/3995 4044/4044/4044
f 3995/3995/3995 3996/3996/3996 4045/4045/4045
f 3996/3996/3996 3997/3997/3997 4046/4046/4046
f 3997/3997/3997 3998/3998/3998 4047/4047/4047
f 3998/3998/3998 3999/3999/3999 4048/4048/4048
f 3999/3999/3999 4000/4000/4000 4049/4049/4049
f 4000/4000/4000 4001/4001/4001 4050/4050/4050
f 4001/4001/4001 4002/4002/4002 4051/4051/4051
f 4002/4002/4002 4003/4003/4003 4052/4052/4052
f 4003/4003/4003 4004/4004/4004 4053/4053/4053
f 4004/4004/4004 4005/4005/4005 4054/4054/4054
f 4005/4005/4005 4006/4006/4006 4055/4055/4055
f 4006/4006/4006 4007/4007/4007 4056/4056/4056
f 4007/4007/4007 4008/4008/4008 4057/4057/4057
f 4008/4008/4008 4009/4009/4009 4058/4058/4058
f 4009/4009/4009 4010/4010/4010 4059/4059/4059
f 4010/4010/4010 4011/4011/4011 4060/4060/4060
f 4011/4011/4011 4012/4012/4012 4061/4061/4061
f 4012/4012/4012 4013/4013/4013 4062/4062/4062
f 4013/4013/4013 4014/4014/4014 4063/4063/4063
f 4014/4014/4014 4015/4015/4015 4064/4064/4064
f 4015/4015/4015 4016/4016/4016 4065/4065/4065
f 4016/4016/4016 4017/4017/4017 4066/4066/4066
f 4017/4017/4017 4018/4018/4018 4067/4067/4067
f 4018/4018/4018 4019/4019/4019 4068/4068/4068
f 4019/4019/4019 4020/4020/4020 4069/4069/4069
f 4020/4020/4020 4021/4021/4021 4070/4070/4070
f 4021/4021/4021 4022/4022/4022 4071/4071/4071
f 4022/4022/4022 4023/4023/4023 4072/4072/4072
f 4024/4024/4024 4025/4025/4025 4074/4074/4074
f 4025/4025/4025 4026/4026/4026 4075/4075/4075
f 4026/4026/4026 4027/4027/4027 4076/4076/4076
f 4027/4027/4027 4028/4028/4028 4077/4077/4077
f 4028/4028/4028 4029/4029/4029 4078/4078/4078
f 4029/4029/4029 4030/4030/4030 4079/4079/4079
f 4030/4030/4030 4031/4031/4031 4080/4080/4080
f 4031/4031/4031 4032/4032/4032 4081/4081/4081
f 4032/4032/4032 4033/4033/4033 4082/4082/4082
f 4033/4033/4033 4034/4034/4034 4083/4083/4083
f 4034/4034/4034 4035/4035/4035 4084/4084/4084
f 4035/4035/4035 4036/4036/4036 4085/4085/4085
f 4036/4036/4036 4037/4037/4037 4086/4086/4086
f 4037/4037/4037 4038/4038/4038 4087/4087/4087
f 4038/4038/4038 4039/4039/4039 4088/4088/4088
f 4039/4039/4039 4040/4040/4040 4089/4089/4089
f 4040/4040/4040 4041/4041/4041 4090/4090/4090
f 4041/4041/4041 4042/4042/4042 4091/4091/4091
f 4042/4042/4042 4043/4043/4043 4092/4092/4092
f 4043/4043/4043 4044/4044/4044 4093/4093/4093
f 4044/4044/4044 4045/4045/4045 4094/4094/4094
f 4045/4045/4045 4046/4046/4046 4095/4095/4095
f 4046/4046/4046 4047/4047/4047 4096/4096/4096
f 4047/4047/4047 4048/4048/4048 4097/4097/4097
f 4048/4048/4048 4049/4049/4049 4098/4098/4098
f 4049/4049/4049 4050/4050/4050 4099/4099/4099
f 4050/4050/4050 4051/4051/4051 4100/4100/4100
f 4051/4051/4051 4052/4052/4052 4101/4101/4101
f 4052/4052/4052 4053/4053/4053 4102/4102/4102
f 4053/4053/4053 4054/4054/4054 4103/4103/4103
f 4054/4054/4054 4055/4055/4055 4104/4104/4104
f 4055/4055/4055 4056/4056/4056 4105/4105/4105
f 4056/4056/4056 4057/4057/4057 4106/4106/4106
f 4057/4057/4057 4058/4058/4058 4107/4107/4107
f 4058/4058/4058 4059/4059/4059 4108/4108/4108
f 4059/4059/4059 4060/4060/4060 4109/4109/4109
f 4060/4060/4060 4061/4061/4061 4110/4110/4110
f 4061/4061/4061 4062/4062/4062 4111/4111/4111
f 4062/4062/4062 4063/4063/4063 4112/4112/4112
f 4063/4063/4063 4064/4064/4064 4113/4113/4113
f 4064/4064/4064 4065/4065/4065 4114/4114/4114
f 4065/4065/4065 4066/4066/4066 4115/4115/4115
f 4066/4066/4066 4067/4067/4067 4116/4116/4116
f 4067/4067/4067 4068/4068/4068 4117/4117/4117
f 4068/4068/4068 4069/4069/4069 4118/4118/4118
f 4069/4069/4069 4070/4070/4070 4119/4119/4119
f 4070/4070/4070 4071/4071/4071 4120/4120/4120
f 4071/4071/4071 4072/4072/4072 4121/4121/4121
f 4073/4073/4073 4074/4074/4074 4123/4123/4123
f 4074/4074/4074 4075/4075/4075 4124/4124/4124
f 4075/4075/4075 4076/4076/4076 4125/4125/4125
f 4076/4076/4076 4077/4077/4077 4126/4126/4126
f 4077/4077/4077 4078/4078/4078 4127/4127/4127
f 4078/4078/4078 4079/4079/4079 4128/4128/4128
f 4079/4079/4079 4080/4080/4080 4129/4129/4129
f 4080/4080/4080 4081/4081/4081 4130/4130/4130
f 4081/4081/4081 4082/4082/4082 4131/4131/4131
f 4082/4082/4082 4083/4083/4083 4132/4132/4132
f 4083/4083/4083 4084/4084/4084 4133/4133/4133
f 4084/4084/4084 4085/4085/4085 4134/4134/4134
f 4085/4085/4085 4086/4086/4086 4135/4135/4135
f 4086/4086/4086 4087/4087/4087 4136/4136/4136
f 4087/4087/4087 4088/4088/4088 4137/4137/4137
f 4088/4088/4088 4089/4089/4089 4138/4138/4138
f 4089/4089/4089 4090/4090/4090 4139/4139/4139
f 4090/4090/4090 4091/4091/4091 4140/4140/4140
f 4091/4091/4091 4092/4092/4092 4141/4141/4141
f 4092/4092/4092 4093/4093/4093 4142/4142/4142
f 4093/4093/4093 4094/4094/4094 4143/4143/4143
f 4094/4094/4094 4095/4095/4095 4144/4144/4144
f 4095/4095/4095 4096/4096/4096 4145/4145/4145
f 4096/4096/4096 4097/4097/4097 4146/4146/4146
f 4097/4097/4097 4098/4098/4098 4147/4147/4147
f 4098/4098/4098 4099/4099/4099 4148/4148/4148
f 4099/4099/4099 4100/4100/4100 4149/4149/4149
f 4100/4100/4100 4101/4101/4101 4150/4150/4150
f 4101/4101/4101 4102/4102/4102 4151/4151/4151
f 4102/4102/4102 4103/4103/4103 4152/4152/4152
f 4103/4103/4103 4104/4104/4104 4153/4153/4153
f 4104/4104/4104 4105/4105/4105 4154/4154/4154
f 4105/4105/4105 4106/4106/4106 4155/4155/4155
f 4106/4106/4106 4107/4107/4107 4156/4156/4156
f 4107/4107/4107 4108/4108/4108 4157/4157/4157
f 4108/4108/4108 4109/4109/4109 4158/4158/4158
f 4109/4109/4109 4110/4110/4110 4159/4159/4159
f 4110/4110/4110 4111/4111/4111 4160/4160/4160
f 4111/4111/4111 4112/4112/4112 4161/4161/4161
f 4112/4112/4112 4113/4113/4113 4162/4162/4162
f 4113/4113/4113 4114/4114/4114 4163/4163/4163
f 4114/4114/4114 4115/4115/4115 4164/4164/4164
f 4115/4115/4115 4116/4116/4116 4165/4165/4165
f 4116/4116/4116 4117/4117/4117 4166/4166/4166
f 4117/4117/4117 4118/4118/4118 4167/4167/4167
f 4118/4118/4118 4119/4119/4119 4168/4168/4168
f 4119/4119/4119 4120/4120/4120 4169/4169/4169
f 4120/4120/4120 4121/4121/4121 4170/4170/4170
f 4122/4122/4122 4123/4123/4123 4172/4172/4172
f 4123/4123/4123 4124/4124/4124 4173/4173/4173
f 4124/4124/4124 4125/4125/4125 4174/4174/4174
f 4125/4125/4125 4126/4126/4126 4175/4175/4175
f 4126/4126/4126 4127/4127/4127 4176/4176/4176
f 4127/4127/4127 4128/4128/4128 4177/4177/4177
f 4128/4128/4128 4129/4129/4129 4178/4178/4178
f 4129/4129/4129 4130/4130/4130 4179/4179/4179
f 4130/4130/4130 4131/4131/4131 4180/4180/4180
f 4131/4131/4131 4132/4132/4132 4181/4181/4181
f 4132/4132/4132 4133/4133/4133 4182/4182/4182
f 4133/4133/4133 4134/4134/4134 4183/4183/4183
f 4134/4134/4134 4135/4135/4135 4184/4184/4184
f 4135/4135/4135 4136/4136/4136 4185/4185/4185
f 4136/4136/4136 4137/4137/4137 4186/4186/4186
f 4137/4137/4137 4138/4138/4138 4187/4187/4187
f 4138/4138/4138 4139/4139/4139 4188/4188/4188
f 4139/4139/4139 4140/4140/4140 4189/4189/4189
f 4140/4140/4140 4141/4141/4141 4190/4190/4190
f 4141/4141/4141 4142/4142/4142 4191/4191/4191
f 4142/4142/4142 4143/4143/4143 4192/4192/4192
f 4143/4143/4143 4144/4144/4144 4193/4193/4193
f 4144/4144/4144 4145/4145/4145 4194/4194/4194
f 4145/4145/4145 4146/4146/4146 4195/4195/4195
f 4146/4146/4146 4147/4147/4147 4196/4196/4196
f 4147/4147/4147 4148/4148/4148 4197/4197/4197
f 4148/4148/4148 4149/4149/4149 4198/4198/4198
f 4149/4149/4149 4150/4150/4150 4199/4199/4199
f 4150/4150/4150 4151/4151/4151 4200/4200/4200
f 4151/4151/4151 4152/4152/4152 4201/4201/4201
f 4152/4152/4152 4153/4153/4153 4202/4202/4202
f 4153/4153/4153 4154/4154/4154 4203/4203/4203
f 4154/4154/4154 4155/4155/4155 4204/4204/4204
f 4155/4155/4155 4156/4156/4156 4205/4205/4205
f 4156/4156/4156 4157/4157/4157 4206/4206/4206
f 4157/4157/4157 4158/4158/4158 4207/4207/4207
f 4158/4158/4158 4159/4159/4159 4208/4208/4208
f 4159/4159/4159 4160/4160/4160 4209/4209/4209
f 4160/4160/4160 4161/4161/4161 4210/4210/4210
f 4161/4161/4161 4162/4162/4162 4211/4211/4211
f 4162/4162/4162 4163/4163/4163 4212/4212/4212
f 4163/4163/4163 4164/4164/4164 4213/4213/4213
f 4164/4164/4164 4165/4165/4165 4214/4214/4214
f 4165/4165/4165 4166/4166/4166 4215/4215/4215
f 4166/4166/4166 4167/4167/4167 4216/4216/4216
f 4167/4167/4167 4168/4168/4168 4217/4217/4217
f 4168/4168/4168 4169/4169/4169 4218/4218/4218
f 4169/4169/4169 4170/4170/4170 4219/4219/4219
f 4171/4171/4171 4172/4172/4172 4221/4221/4221
f 4172/4172/4172 4173/4173/4173 4222/4222/4222
f 4173/4173/4173 4174/4174/4174 4223/4223/4223
f 4174/4174/4174 4175/4175/4175 4224/4224/4224
f 4175/4175/4175 4176/4176/4176 4225/4225/4225
f 4176/4176/4176 4177/4177/4177 4226/4226/4226
f 4177/4177/4177 4178/4178/4178 4227/4227/4227
f 4178/4178/4178 4179/4179/4179 4228/4228/4228
f 4179/4179/4179 4180/4180/4180 4229/4229/4229
f 4180/4180/4180 4181/4181/4181 4230/4230/4230
f 4181/4181/4181 4182/4182/4182 4231/4231/4231
f 4182/4182/4182 4183/4183/4183 4232/4232/4232
f 4183/4183/4183 4184/4184/4184 4233/4233/4233
f 4184/4184/4184 4185/4185/4185 4234/4234/4234
f 4185/4185/4185 4186/4186/4186 4235/4235/4235
f 4186/4186/4186 4187/4187/4187 4236/4236/4236
f 4187/4187/4187 4188/4188/4188 4237/4237/4237
f 4188/4188/4188 4189/4189/4189 4238/4238/4238
f 4189/4189/4189 4190/4190/4190 4239/4239/4239
f 4190/4190/4190 4191/4191/4191 4240/4240/4240
f 4191/4191/4191 4192/4192/4192 4241/4241/4241
f 4192/4192/4192 4193/4193/4193 4242/4242/4242
f 4193/4193/4193 4194/4194/4194 4243/4243/4243
f 4194/4194/4194 4195/4195/4195 4244/4244/4244
f 4195/4195/4195 4196/4196/4196 4245/4245/4245
f 4196/4196/4196 4197/4197/4197 4246/4246/4246
f 4197/4197/4197 4198/4198/4198 4247/4247/4247
f 4198/4198/4198 4199/4199/4199 4248/4248/4248
f 4199/4199/4199 4200/4200/4200 4249/4249/4249
f 4200/4200/4200 4201/4201/4201 4250/4250/4250
f 4201/4201/4201 4202/4202/4202 4251/4251/4251
f 4202/4202/4202 4203/4203/4203 4252/4252/4252
f 4203/4203/4203 4204/4204/4204 4253/4253/4253
f 4204/4204/4204 4205/4205/4205 4254/4254/4254
f 4205/4205/4205 4206/4206/4206 4255/4255/4255
f 4206/4206/4206 4207/4207/4207 4256/4256/4256
f 4207/4207/4207 4208/4208/4208 4257/4257/4257
f 4208/4208/4208 4209/4209/4209 4258/4258/4258
f 4209/4209/4209 4210/4210/4210 4259/4259/4259
f 4210/4210/4210 4211/4211/4211 4260/4260/4260
f 4211/4211/4211 4212/4212/4212 4261/4261/4261
f 4212/4212/4212 4213/4213/4213 4262/4262/4262
f 4213/4213/4213 4214/4214/4214 4263/4263/4263
f 4214/4214/4214 4215/4215/4215 4264/4264/4264
f 4215/4215/4215 4216/4216/4216 4265/4265/4265
f 4216/4216/4216 4217/4217/4217 4266/4266/4266
f 4217/4217/4217 4218/4218/4218 4267/4267/4267
f 4218/4218/4218 4219/4219/4219 4268/4268/4268
f 4220/4220/4220 4221/4221/4221 4270/4270/4270
f 4221/4221/4221 4222/4222/4222 4271/4271/4271
f 4222/4222/4222 4223/4223/4223 4272/4272/4272
f 4223/4223/4223 4224/4224/4224 4273/4273/4273
f 4224/4224/4224 4225/4225/4225 4274/4274/4274
f 4225/4225/4225 4226/4226/4226 4275/4275/4275
f 4226/4226/4226 4227/4227/4227 4276/4276/4276
f 4227/4227/4227 4228/4228/4228 4277/4277/4277
f 4228/4228/4228 4229/4229/4229 4278/4278/4278
f 4229/4229/4229 4230/4230/4230 4279/4279/4279
f 4230/4230/4230 4231/4231/4231 4280/4280/4280
f 4231/4231/4231 4232/4232/4232 4281/4281/4281
f 4232/4232/4232 4233/4233/4233 4282/4282/4282
f 4233/4233/4233 4234/4234/4234 4283/4283/4283
f 4234/4234/4234 4235/4235/4235 4284/4284/4284
f 4235/4235/4235 4236/4236/4236 4285/4285/4285
f 4236/4236/4236 4237/4237/4237 4286/4286/4286
f 4237/4237/4237 4238/4238/4238 4287/4287/4287
f 4238/4238/4238 4239/4239/4239 4288/4288/4288
f 4239/4239/4239 4240/4240/4240 4289/4289/4289
f 4240/4240/4240 4241/4241/4241 4290/4290/4290
f 4241/4241/4241 4242/4242/4242 4291/4291/4291
f 4242/4242/4242 4243/4243/4243 4292/4292/4292
f 4243/4243/4243 4244/4244/4244 4293/4293/4293
f 4244/4244/4244 4245/4245/4245 4294/4294/4294
f 4245/4245/4245 4246/4246/4246 4295/4295/4295
f 4246/4246/4246 4247/4247/4247 4296/4296/4296
f 4247/4247/4247 4248/4248/4248 4297/4297/4297
f 4248/4248/4248 4249/4249/4249 4298/4298/4298
f 4249/4249/4249 4250/4250/4250 4299/4299/4299
f 4250/4250/4250 4251/4251/4251 4300/4300/4300
f 4251/4251/4251 4252/4252/4252 4301/4301/4301
f 4252/4252/4252 4253/4253/4253 4302/4302/4302
f 4253/4253/4253 4254/4254/4254 4303/4303/4303
f 4254/4254/4254 4255/4255/4255 4304/4304/4304
f 4255/4255/4255 4256/4256/4256 4305/4305/4305
f 4256/4256/4256 4257/4257/4257 4306/4306/4306
f 4257/4257/4257 4258/4258/4258 4307/4307/4307
f 4258/4258/4258 4259/4259/4259 4308/4308/4308
f 4259/4259/4259 4260/4260/4260 4309/4309/4309
f 4260/4260/4260 4261/4261/4261 4310/4310/4310
f 4261/4261/4261 4262/4262/4262 4311/4311/4311
f 4262/4262/4262 4263/4263/4263 4312/4312/4312
f 4263/4263/4263 4264/4264/4264 4313/4313/4313
f 4264/4264/4264 4265/4265/4265 4314/4314/4314
f 4265/4265/4265 4266/4266/4266 4315/4315/4315
f 4266/4266/4266 4267/4267/4267 4316/4316/4316
f 4267/4267/4267 4268/4268/4268 4317/4317/4317
f 4269/4269/4269 4270/4270/4270 4319/4319/4319
f 4270/4270/4270 4271/4271/4271 4320/4320/4320
f 4271/4271/4271 4272/4272/4272 4321/4321/4321
f 4272/4272/4272 4273/4273/4273 4322/4322/4322
f 4273/4273/4273 4274/4274/4274 4323/4323/4323
f 4274/4274/4274 4275/4275/4275 4324/4324/4324
f 4275/4275/4275 4276/4276/4276 4325/4325/4325
f 4276/4276/4276 4277/4277/4277 4326/4326/4326
f 4277/4277/4277 4278/4278/4278 4327/4327/4327
f 4278/4278/4278 4279/4279/4279 4328/4328/4328
f 4279/4279/4279 4280/4280/4280 4329/4329/4329
f 4280/4280/4280 4281/4281/4281 4330/4330/4330
f 4281/4281/4281 4282/4282/4282 4331/4331/4331
f 4282/4282/4282 4283/4283/4283 4332/4332/4332
f 4283/4283/4283 4284/4284/4284 4333/4333/4333
f 4284/4284/4284 4285/4285/4285 4334/4334/4334
f 4285/4285/4285 4286/4286/4286 4335/4335/4335
f 4286/4286/4286 4287/4287/4287 4336/4336/4336
f 4287/4287/4287 4288/4288/4288 4337/4337/4337
f 4288/4288/4288 4289/4289/4289 4338/4338/4338
f 4289/4289/4289 4290/4290/4290 4339/4339/4339
f 4290/4290/4290 4291/4291/4291 4340/4340/4340
f 4291/4291/4291 4292/4292/4292 4341/4341/4341
f 4292/4292/4292 4293/4293/4293 4342/4342/4342
f 4293/4293/4293 4294/4294/4294 4343/4343/4343
f 4294/4294/4294 4295/4295/4295 4344/4344/4344
f 4295/4295/4295 4296/4296/4296 4345/4345/4345
f 4296/4296/4296 4297/4297/4297 4346/4346/4346
f 4297/4297/4297 4298/4298/4298 4347/4347/4347
f 4298/4298/4298 4299/4299/4299 4348/4348/4348
f 4299/4299/4299 4300/4300/4300 4349/4349/4349
f 4300/4300/4300 4301/4301/4301 4350/4350/4350
f 4301/4301/4301 4302/4302/4302 4351/4351/4351
f 4302/4302/4302 4303/4303/4303 4352/4352/4352
f 4303/4303/4303 4304/4304/4304 4353/4353/4353
f 4304/4304/4304 4305/4305/4305 4354/4354/4354
f 4305/4305/4305 4306/4306/4306 4355/4355/4355
f 4306/4306/4306 4307/4307/4307 4356/4356/4356
f 4307/4307/4307 4308/4308/4308 4357/4357/4357
f 4308/4308/4308 4309/4309/4309 4358/4358/4358
f 4309/4309/4309 4310/4310/4310 4359/4359/4359
f 4310/4310/4310 4311/4311/4311 4360/4360/4360
f 4311/4311/4311 4312/4312/4312 4361/4361/4361
f 4312/4312/4312 4313/4313/4313 4362/4362/4362
f 4313/4313/4313 4314/4314/4314 4363/4363/4363
f 4314/4314/4314 4315/4315/4315 4364/4364/4364
f 4315/4315/4315 4316/4316/4316 4365/4365/4365
f 4316/4316/4316 4317/4317/4317 4366/4366/4366
f 4318/4318/4318 4319/4319/4319 4368/4368/4368
f 4319/4319/4319 4320/4320/4320 4369/4369/4369
f 4320/4320/4320 4321/4321/4321 4370/4370/4370
f 4321/4321/4321 4322/4322/4322 4371/4371/4371
f 4322/4322/4322 4323/4323/4323 4372/4372/4372
f 4323/4323/4323 4324/4324/4324 4373/4373/4373
f 4324/4324/4324 4325/4325/4325 4374/4374/4374
f 4325/4325/4325 4326/4326/4326 4375/4375/4375
f 4326/4326/4326 4327/4327/4327 4376/4376/4376
f 4327/4327/4327 4328/4328/4328 4377/4377/4377
f 4328/4328/4328 4329/4329/4329 4378/4378/4378
f 4329/4329/4329 4330/4330/4330 4379/4379/4379
f 4330/4330/4330 4331/4331/4331 4380/4380/4380
f 4331/4331/4331 4332/4332/4332 4381/4381/4381
f 4332/4332/4332 4333/4333/4333 4382/4382/4382
f 4333/4333/4333 4334/4334/4334 4383/4383/4383
f 4334/4334/4334 4335/4335/4335 4384/4384/4384
f 4335/4335/4335 4336/4336/4336 4385/4385/4385
f 4336/4336/4336 4337/4337/4337 4386/4386/4386
f 4337/4337/4337 4338/4338/4338 4387/4387/4387
f 4338/4338/4338 4339/4339/4339 4388/4388/4388
f 4339/4339/4339 4340/4340/4340 4389/4389/4389
f 4340/4340/4340 4341/4341/4341 4390/4390/4390
f 4341/4341/4341 4342/4342/4342 4391/4391/4391
f 4342/4342/4342 4343/4343/4343 4392/4392/4392
f 4343/4343/4343 4344/4344/4344 4393/4393/4393
f 4344/4344/4344 4345/4345/4345 4394/4394/4394
f 4345/4345/4345 4346/4346/4346 4395/4395/4395
f 4346/4346/4346 4347/4347/4347 4396/4396/4396
f 4347/4347/4347 4348/4348/4348 4397/4397/4397
f 4348/4348/4348 4349/4349/4349 4398/4398/4398
f 4349/4349/4349 4350/4350/4350 4399/4399/4399
f 4350/4350/4350 4351/4351/4351 4400/4400/4400
f 4351/4351/4351 4352/4352/4352 4401/4401/4401
f 4352/4352/4352 4353/4353/4353 4402/4402/4402
f 4353/4353/4353 4354/4354/4354 4403/4403/4403
f 4354/4354/4354 4355/4355/4355 4404/4404/4404
f 4355/4355/4355 4356/4356/4356 4405/4405/4405
f 4356/4356/4356 4357/4357/4357 4406/4406/4406
f 4357/4357/4357 4358/4358/4358 4407/4407/4407
f 4358/4358/4358 4359/4359/4359 4408/4408/4408
f 4359/4359/4359 4360/4360/4360 4409/4409/4409
f 4360/4360/4360 4361/4361/4361 4410/4410/4410
f 4361/4361/4361 4362/4362/4362 4411/4411/4411
f 4362/4362/4362 4363/4363/4363 4412/4412/4412
f 4363/4363/4363 4364/4364/4364 4413/4413/4413
f 4364/4364/4364 4365/4365/4365 4414/4414/4414
f 4365/4365/4365 4366/4366/4366 4415/4415/4415
f 4367/4367/4367 4368/4368/4368 4417/4417/4417
f 4368/4368/4368 4369/4369/4369 4418/4418/4418
f 4369/4369/4369 4370/4370/4370 4419/4419/4419
f 4370/4370/4370 4371/4371/4371 4420/4420/4420
f 4371/4371/4371 4372/4372/4372 4421/4421/4421
f 4372/4372/4372 4373/4373/4373 4422/4422/4422
f 4373/4373/4373 4374/4374/4374 4423/4423/4423
f 4374/4374/4374 4375/4375/4375 4424/4424/4424
f 4375/4375/4375 4376/4376/4376 4425/4425/4425
f 4376/4376/4376 4377/4377/4377 4426/4426/4426
f 4377/4377/4377 4378/4378/4378 4427/4427/4427
f 4378/4378/4378 4379/4379/4379 4428/4428/4428
f 4379/4379/4379 4380/4380/4380 4429/4429/4429
f 4380/4380/4380 4381/4381/4381 4430/4430/4430
f 4381/4381/4381 4382/4382/4382 4431/4431/4431
f 4382/4382/4382 4383/4383/4383 4432/4432/4432
f 4383/4383/4383 4384/4384/4384 4433/4433/4433
f 4384/4384/4384 4385/4385/4385 4434/4434/4434
f 4385/4385/4385 4386/4386/4386 4435/4435/4435
f 4386/4386/4386 4387/4387/4387 4436/4436/4436
f 4387/4387/4387 4388/4388/4388 4437/4437/4437
f 4388/4388/4388 4389/4389/4389 4438/4438/4438
f 4389/4389/4389 4390/4390/4390 4439/4439/4439
f 4390/4390/4390 4391/4391/4391 4440/4440/4440
f 4391/4391/4391 4392/4392/4392 4441/4441/4441
f 4392/4392/4392 4393/4393/4393 4442/4442/4442
f 4393/4393/4393 4394/4394/4394 4443/4443/4443
f 4394/4394/4394 4395/4395/4395 4444/4444/4444
f 4395/4395/4395 4396/4396/4396 4445/4445/4445
f 4396/4396/4396 4397/4397/4397 4446/4446/4446
f 4397/4397/4397 4398/4398/4398 4447/4447/4447
f 4398/4398/4398 4399/4399/4399 4448/4448/4448
f 4399/4399/4399 4400/4400/4400 4449/4449/4449
f 4400/4400/4400 4401/4401/4401 4450/4450/4450
f 4401/4401/4401 4402/4402/4402 4451/4451/4451
f 4402/4402/4402 4403/4403/4403 4452/4452/4452
f 4403/4403/4403 4404/4404/4404 4453/4453/4453
f 4404/4404/4404 4405/4405/4405 4454/4454/4454
f 4405/4405/4405 4406/4406/4406 4455/4455/4455
f 4406/4406/4406 4407/4407/4407 4456/4456/4456
f 4407/4407/4407 4408/4408/4408 4457/4457/4457
f 4408/4408/4408 4409/4409/4409 4458/4458/4458
f 4409/4409/4409 4410/4410/4410 4459/4459/4459
f 4410/4410/4410 4411/4411/4411 4460/4460/4460
f 4411/4411/4411 4412/4412/4412 4461/4461/4461
f 4412/4412/4412 4413/4413/4413 4462/4462/4462
f 4413/4413/4413 4414/4414/4414 4463/4463/4463
f 4414/4414/4414 4415/4415/4415 4464/4464/4464
f 4416/4416/4416 4417/4417/4417 4466/4466/4466
f 4417/4417/4417 4418/4418/4418 4467/4467/4467
f 4418/4418/4418 4419/4419/4419 4468/4468/4468
f 4419/4419/4419 4420/4420/4420 4469/4469/4469
f 4420/4420/4420 4421/4421/4421 4470/4470/4470
f 4421/4421/4421 4422/4422/4422 4471/4471/4471
f 4422/4422/4422 4423/4423/4423 4472/4472/4472
f 4423/4423/4423 4424/4424/4424 4473/4473/4473
f 4424/4424/4424 4425/4425/4425 4474/4474/4474
f 4425/4425/4425 4426/4426/4426 4475/4475/4475
f 4426/4426/4426 4427/4427/4427 4476/4476/4476
f 4427/4427/4427 4428/4428/4428 4477/4477/4477
f 4428/4428/4428 4429/4429/4429 4478/4478/4478
f 4429/4429/4429 4430/4430/4430 4479/4479/4479
f 4430/4430/4430 4431/4431/4431 4480/4480/4480
f 4431/4431/4431 4432/4432/4432 4481/4481/4481
f 4432/4432/4432 4433/4433/4433 4482/4482/4482
f 4433/4433/4433 4434/4434/4434 4483/4483/4483
f 4434/4434/4434 4435/4435/4435 4484/4484/4484
f 4435/4435/4435 4436/4436/4436 4485/4485/4485
f 4436/4436/4436 4437/4437/4437 4486/4486/4486
f 4437/4437/4437 4438/4438/4438 4487/4487/4487
f 4438/4438/4438 4439/4439/4439 4488/4488/4488
f 4439/4439/4439 4440/4440/4440 4489/4489/4489
f 4440/4440/4440 4441/4441/4441 4490/4490/4490
f 4441/4441/4441 4442/4442/4442 4491/4491/4491
f 4442/4442/4442 4443/4443/4443 4492/4492/4492
f 4443/4443/4443 4444/4444/4444 4493/4493/4493
f 4444/4444/4444 4445/4445/4445 4494/4494/4494
f 4445/4445/4445 4446/4446/4446 4495/4495/4495
f 4446/4446/4446 4447/4447/4447 4496/4496/4496
f 4447/4447/4447 4448/4448/4448 4497/4497/4497
f 4448/4448/4448 4449/4449/4449 4498/4498/4498
f 4449/4449/4449 4450/4450/4450 4499/4499/4499
f 4450/4450/4450 4451/4451/4451 4500/4500/4500
f 4451/4451/4451 4452/4452/4452 4501/4501/4501
f 4452/4452/4452 4453/4453/4453 4502/4502/4502
f 4453/4453/4453 4454/4454/4454 4503/4503/4503
f 4454/4454/4454 4455/4455/4455 4504/4504/4504
f 4455/4455/4455 4456/4456/4456 4505/4505/4505
f 4456/4456/4456 4457/4457/4457 4506/4506/4506
f 4457/4457/4457 4458/4458/4458 4507/4507/4507
f 4458/4458/4458 4459/4459/4459 4508/4508/4508
f 4459/4459/4459 4460/4460/4460 4509/4509/4509
f 4460/4460/4460 4461/4461/4461 4510/4510/4510
f 4461/4461/4461 4462/4462/4462 4511/4511/4511
f 4462/4462/4462 4463/4463/4463 4512/4512/4512
f 4463/4463/4463 4464/4464/4464 4513/4513/4513
f 4465/4465/4465 4466/4466/4466 4515/4515/4515
f 4466/4466/4466 4467/4467/4467 4516/4516/4516
f 4467/4467/4467 4468/4468/4468 4517/4517/4517
f 4468/4468/4468 4469/4469/4469 4518/4518/4518
f 4469/4469/4469 4470/4470/4470 4519/4519/4519
f 4470/4470/4470 4471/4471/4471 4520/4520/4520
f 4471/4471/4471 4472/4472/4472 4521/4521/4521
f 4472/4472/4472 4473/4473/4473 4522/4522/4522
f 4473/4473/4473 4474/4474/4474 4523/4523/4523
f 4474/4474/4474 4475/4475/4475 4524/4524/4524
f 4475/4475/4475 4476/4476/4476 4525/4525/4525
f 4476/4476/4476 4477/4477/4477 4526/4526/4526
f 4477/4477/4477 4478/4478/4478 4527/4527/4527
f 4478/4478/4478 4479/4479/4479 4528/4528/4528
f 4479/4479/4479 4480/4480/4480 4529/4529/4529
f 4480/4480/4480 4481/4481/4481 4530/4530/4530
f 4481/4481/4481 4482/4482/4482 4531/4531/4531
f 4482/4482/4482 4483/4483/4483 4532/4532/4532
f 4483/4483/4483 4484/4484/4484 4533/4533/4533
f 4484/4484/4484 4485/4485/4485 4534/4534/4534
f 4485/4485/4485 4486/4486/4486 4535/4535/4535
f 4486/4486/4486 4487/4487/4487 4536/4536/4536
f 4487/4487/4487 4488/4488/4488 4537/4537/4537
f 4488/4488/4488 4489/4489/4489 4538/4538/4538
f 4489/4489/4489 4490/4490/4490 4539/4539/4539
f 4490/4490/4490 4491/4491/4491 4540/4540/4540
f 4491/4491/4491 4492/4492/4492 4541/4541/4541
f 4492/4492/4492 4493/4493/4493 4542/4542/4542
f 4493/4493/4493 4494/4494/4494 4543/4543/4543
f 4494/4494/4494 4495/4495/4495 4544/4544/4544
f 4495/4495/4495 4496/4496/4496 4545/4545/4545
f 4496/4496/4496 4497/4497/4497 4546/4546/4546
f 4497/4497/4497 4498/4498/4498 4547/4547/4547
f 4498/4498/4498 4499/4499/4499 4548/4548/4548
f 4499/4499/4499 4500/4500/4500 4549/4549/4549
f 4500/4500/4500 4501/4501/4501 4550/4550/4550
f 4501/4501/4501 4502/4502/4502 4551/4551/4551
f 4502/4502/4502 4503/4503/4503 4552/4552/4552
f 4503/4503/4503 4504/4504/4504 4553/4553/4553
f 4504/4504/4504 4505/4505/4505 4554/4554/4554
f 4505/4505/4505 4506/4506/4506 4555/4555/4555
f 4506/4506/4506 4507/4507/4507 4556/4556/4556
f 4507/4507/4507 4508/4508/4508 4557/4557/4557
f 4508/4508/4508 4509/4509/4509 4558/4558/4558
f 4509/4509/4509 4510/4510/4510 4559/4559/4559
f 4510/4510/4510 4511/4511/4511 4560/4560/4560
f 4511/4511/4511 4512/4512/4512 4561/4561/4561
f 4512/4512/4512 4513/4513/4513 4562/4562/4562
f 4514/4514/4514 4515/4515/4515 4564/4564/4564
f 4515/4515/4515 4516/4516/4516 4565/4565/4565
f 4516/4516/4516 4517/4517/4517 4566/4566/4566
f 4517/4517/4517 4518/4518/4518 4567/4567/4567
f 4518/4518/4518 4519/4519/4519 4568/4568/4568
f 4519/4519/4519 4520/4520/4520 4569/4569/4569
f 4520/4520/4520 4521/4521/4521 4570/4570/4570
f 4521/4521/4521 4522/4522/4522 4571/4571/4571
f 4522/4522/4522 4523/4523/4523 4572/4572/4572
f 4523/4523/4523 4524/4524/4524 4573/4573/4573
f 4524/4524/4524 4525/4525/4525 4574/4574/4574
f 4525/4525/4525 4526/4526/4526 4575/4575/4575
f 4526/4526/4526 4527/4527/4527 4576/4576/4576
f 4527/4527/4527 4528/4528/4528 4577/4577/4577
f 4528/4528/4528 4529/4529/4529 4578/4578/4578
f 4529/4529/4529 4530/4530/4530 4579/4579/4579
f 4530/4530/4530 4531/4531/4531 4580/4580/4580
f 4531/4531/4531 4532/4532/4532 4581/4581/4581
f 4532/4532/4532 4533/4533/4533 4582/4582/4582
f 4533/4533/4533 4534/4534/4534 4583/4583/4583
f 4534/4534/4534 4535/4535/4535 4584/4584/4584
f 4535/4535/4535 4536/4536/4536 4585/4585/4585
f 4536/4536/4536 4537/4537/4537 4586/4586/4586
f 4537/4537/4537 4538/4538/4538 4587/4587/4587
f 4538/4538/4538 4539/4539/4539 4588/4588/4588
f 4539/4539/4539 4540/4540/4540 4589/4589/4589
f 4540/4540/4540 4541/4541/4541 4590/4590/4590
f 4541/4541/4541 4542/4542/4542 4591/4591/4591
f 4542/4542/4542 4543/4543/4543 4592/4592/4592
f 4543/4543/4543 4544/4544/4544 4593/4593/4593
f 4544/4544/4544 4545/4545/4545 4594/4594/4594
f 4545/4545/4545 4546/4546/4546 4595/4595/4595
f 4546/4546/4546 4547/4547/4547 4596/4596/4596
f 4547/4547/4547 4548/4548/4548 4597/4597/4597
f 4548/4548/4548 4549/4549/4549 4598/4598/4598
f 4549/4549/4549 4550/4550/4550 4599/4599/4599
f 4550/4550/4550 4551/4551/4551 4600/4600/4600
f 4551/4551/4551 4552/4552/4552 4601/4601/4601
f 4552/4552/4552 4553/4553/4553 4602/4602/4602
f 4553/4553/4553 4554/4554/4554 4603/4603/4603
f 4554/4554/4554 4555/4555/4555 4604/4604/4604
f 4555/4555/4555 4556/4556/4556 4605/4605/4605
f 4556/4556/4556 4557/4557/4557 4606/4606/4606
f 4557/4557/4557 4558/4558/4558 4607/4607/4607
f 4558/4558/4558 4559/4559/4559 4608/4608/4608
f 4559/4559/4559 4560/4560/4560 4609/4609/4609
f 4560/4560/4560 4561/4561/4561 4610/4610/4610
f 4561/4561/4561 4562/4562/4562 4611/4611/4611
f 4563/4563/4563 4564/4564/4564 4613/4613/4613
f 4564/4564/4564 4565/4565/4565 4614/4614/4614
f 4565/4565/4565 4566/4566/4566 4615/4615/4615
f 4566/4566/4566 4567/4567/4567 4616/4616/4616
f 4567/4567/4567 4568/4568/4568 4617/4617/4617
f 4568/4568/4568 4569/4569/4569 4618/4618/4618
f 4569/4569/4569 4570/4570/4570 4619/4619/4619
f 4570/4570/4570 4571/4571/4571 4620/4620/4620
f 4571/4571/4571 4572/4572/4572 4621/4621/4621
f 4572/4572/4572 4573/4573/4573 4622/4622/4622
f 4573/4573/4573 4574/4574/4574 4623/4623/4623
f 4574/4574/4574 4575/4575/4575 4624/4624/4624
f 4575/4575/4575 4576/4576/4576 4625/4625/4625
f 4576/4576/4576 4577/4577/4577 4626/4626/4626
f 4577/4577/4577 4578/4578/4578 4627/4627/4627
f 4578/4578/4578 4579/4579/4579 4628/4628/4628
f 4579/4579/4579 4580/4580/4580 4629/4629/4629
f 4580/4580/4580 4581/4581/4581 4630/4630/4630
f 4581/4581/4581 4582/4582/4582 4631/4631/4631
f 4582/4582/4582 4583/4583/4583 4632/4632/4632
f 4583/4583/4583 4584/4584/4584 4633/4633/4633
f 4584/4584/4584 4585/4585/4585 4634/4634/4634
f 4585/4585/4585 4586/4586/4586 4635/4635/4635
f 4586/4586/4586 4587/4587/4587 4636/4636/4636
f 4587/4587/4587 4588/4588/4588 4637/4637/4637
f 4588/4588/4588 4589/4589/4589 4638/4638/4638
f 4589/4589/4589 4590/4590/4590 4639/4639/4639
f 4590/4590/4590 4591/4591/4591 4640/4640/4640
f 4591/4591/4591 4592/4592/4592 4641/4641/4641
f 4592/4592/4592 4593/4593/4593 4642/4642/4642
f 4593/4593/4593 4594/4594/4594 4643/4643/4643
f 4594/4594/4594 4595/4595/4595 4644/4644/4644
f 4595/4595/4595 4596/4596/4596 4645/4645/4645
f 4596/4596/4596 4597/4597/4597 4646/4646/4646
f 4597/4597/4597 4598/4598/4598 4647/4647/4647
f 4598/4598/4598 4599/4599/4599 4648/4648/4648
f 4599/4599/4599 4600/4600/4600 4649/4649/4649
f 4600/4600/4600 4601/4601/4601 4650/4650/4650
f 4601/4601/4601 4602/4602/4602 4651/4651/4651
f 4602/4602/4602 4603/4603/4603 4652/4652/4652
f 4603/4603/4603 4604/4604/4604 4653/4653/4653
f 4604/4604/4604 4605/4605/4605 4654/4654/4654
f 4605/4605/4605 4606/4606/4606 4655/4655/4655
f 4606/4606/4606 4607/4607/4607 4656/4656/4656
f 4607/4607/4607 4608/4608/4608 4657/4657/4657
f 4608/4608/4608 4609/4609/4609 4658/4658/4658
f 4609/4609/4609 4610/4610/4610 4659/4659/4659
f 4610/4610/4610 4611/4611/4611 4660/4660/4660
f 4612/4612/4612 4613/4613/4613 4662/4662/4662
f 4613/4613/4613 4614/4614/4614 4663/4663/4663
f 4614/4614/4614 4615/4615/4615 4664/4664/4664
f 4615/4615/4615 4616/4616/4616 4665/4665/4665
f 4616/4616/4616 4617/4617/4617 4666/4666/4666
f 4617/4617/4617 4618/4618/4618 4667/4667/4667
f 4618/4618/4618 4619/4619/4619 4668/4668/4668
f 4619/4619/4619 4620/4620/4620 4669/4669/4669
f 4620/4620/4620 4621/4621/4621 4670/4670/4670
f 4621/4621/4621 4622/4622/4622 4671/4671/4671
f 4622/4622/4622 4623/4623/4623 4672/4672/4672
f 4623/4623/4623 4624/4624/4624 4673/4673/4673
f 4624/4624/4624 4625/4625/4625 4674/4674/4674
f 4625/4625/4625 4626/4626/4626 4675/4675/4675
f 4626/4626/4626 4627/4627/4627 4676/4676/4676
f 4627/4627/4627 4628/4628/4628 4677/4677/4677
f 4628/4628/4628 4629/4629/4629 4678/4678/4678
f 4629/4629/4629 4630/4630/4630 4679/4679/4679
f 4630/4630/4630 4631/4631/4631 4680/4680/4680
f 4631/4631/4631 4632/4632/4632 4681/4681/4681
f 4632/4632/4632 4633/4633/4633 4682/4682/4682
f 4633/4633/4633 4634/4634/4634 4683/4683/4683
f 4634/4634/4634 4635/4635/4635 4684/4684/4684
f 4635/4635/4635 4636/4636/4636 4685/4685/4685
f 4636/4636/4636 4637/4637/4637 4686/4686/4686
f 4637/4637/4637 4638/4638/4638 4687/4687/4687
f 4638/4638/4638 4639/4639/4639 4688/4688/4688
f 4639/4639/4639 4640/4640/4640 4689/4689/4689
f 4640/4640/4640 4641/4641/4641 4690/4690/4690
f 4641/4641/4641 4642/4642/4642 4691/4691/4691
f 4642/4642/4642 4643/4643/4643 4692/4692/4692
f 4643/4643/4643 4644/4644/4644 4693/4693/4693
f 4644/4644/4644 4645/4645/4645 4694/4694/4694
f 4645/4645/4645 4646/4646/4646 4695/4695/4695
f 4646/4646/4646 4647/4647/4647 4696/4696/4696
f 4647/4647/4647 4648/4648/4648 4697/4697/4697
f 4648/4648/4648 4649/4649/4649 4698/4698/4698
f 4649/4649/4649 4650/4650/4650 4699/4699/4699
f 4650/4650/4650 4651/4651/4651 4700/4700/4700
f 4651/4651/4651 4652/4652/4652 4701/4701/4701
f 4652/4652/4652 4653/4653/4653 4702/4702/4702
f 4653/4653/4653 4654/4654/4654 4703/4703/4703
f 4654/4654/4654 4655/4655/4655 4704/4704/4704
f 4655/4655/4655 4656/4656/4656 4705/4705/4705
f 4656/4656/4656 4657/4657/4657 4706/4706/4706
f 4657/4657/4657 4658/4658/4658 4707/4707/4707
f 4658/4658/4658 4659/4659/4659 4708/4708/4708
f 4659/4659/4659 4660/4660/4660 4709/4709/4709
f 4661/4661/4661 4662/4662/4662 4711/4711/4711
f 4662/4662/4662 4663/4663/4663 4712/4712/4712
f 4663/4663/4663 4664/4664/4664 4713/4713/4713
f 4664/4664/4664 4665/4665/4665 4714/4714/4714
f 4665/4665/4665 4666/4666/4666 4715/4715/4715
f 4666/4666/4666 4667/4667/4667 4716/4716/4716
f 4667/4667/4667 4668/4668/4668 4717/4717/4717
f 4668/4668/4668 4669/4669/4669 4718/4718/4718
f 4669/4669/4669 4670/4670/4670 4719/4719/4719
f 4670/4670/4670 4671/4671/4671 4720/4720/4720
f 4671/4671/4671 4672/4672/4672 4721/4721/4721
f 4672/4672/4672 4673/4673/4673 4722/4722/4722
f 4673/4673/4673 4674/4674/4674 4723/4723/4723
f 4674/4674/4674 4675/4675/4675 4724/4724/4724
f 4675/4675/4675 4676/4676/4676 4725/4725/4725
f 4676/4676/4676 4677/4677/4677 4726/4726/4726
f 4677/4677/4677 4678/4678/4678 4727/4727/4727
f 4678/4678/4678 4679/4679/4679 4728/4728/4728
f 4679/4679/4679 4680/4680/4680 4729/4729/4729
f 4680/4680/4680 4681/4681/4681 4730/4730/4730
f 4681/4681/4681 4682/4682/4682 4731/4731/4731
f 4682/4682/4682 4683/4683/4683 4732/4732/4732
f 4683/4683/4683 4684/4684/4684 4733/4733/4733
f 4684/4684/4684 4685/4685/4685 4734/4734/4734
f 4685/4685/4685 4686/4686/4686 4735/4735/4735
f 4686/4686/4686 4687/4687/4687 4736/4736/4736
f 4687/4687/4687 4688/4688/4688 4737/4737/4737
f 4688/4688/4688 4689/4689/4689 4738/4738/4738
f 4689/4689/4689 4690/4690/4690 4739/4739/4739
f 4690/4690/4690 4691/4691/4691 4740/4740/4740
f 4691/4691/4691 4692/4692/4692 4741/4741/4741
f 4692/4692/4692 4693/4693/4693 4742/4742/4742
f 4693/4693/4693 4694/4694/4694 4743/4743/4743
f 4694/4694/4694 4695/4695/4695 4744/4744/4744
f 4695/4695/4695 4696/4696/4696 4745/4745/4745
f 4696/4696/4696 4697/4697/4697 4746/4746/4746
f 4697/4697/4697 4698/4698/4698 4747/4747/4747
f 4698/4698/4698 4699/4699/4699 4748/4748/4748
f 4699/4699/4699 4700/4700/4700 4749/4749/4749
f 4700/4700/4700 4701/4701/4701 4750/4750/4750
f 4701/4701/4701 4702/4702/4702 4751/4751/4751
f 4702/4702/4702 4703/4703/4703 4752/4752/4752
f 4703/4703/4703 4704/4704/4704 4753/4753/4753
f 4704/4704/4704 4705/4705/4705 4754/4754/4754
f 4705/4705/4705 4706/4706/4706 4755/4755/4755
f 4706/4706/4706 4707/4707/4707 4756/4756/4756
f 4707/4707/4707 4708/4708/4708 4757/4757/4757
f 4708/4708/4708 4709/4709/4709 4758/4758/4758
f 4710/4710/4710 4711/4711/4711 4760/4760/4760
f 4711/4711/4711 4712/4712/4712 4761/4761/4761
f 4712/4712/4712 4713/4713/4713 4762/4762/4762
f 4713/4713/4713 4714/4714/4714 4763/4763/4763
f 4714/4714/4714 4715/4715/4715 4764/4764/4764
f 4715/4715/4715 4716/4716/4716 4765/4765/4765
f 4716/4716/4716 4717/4717/4717 4766/4766/4766
f 4717/4717/4717 4718/4718/4718 4767/4767/4767
f 4718/4718/4718 4719/4719/4719 4768/4768/4768
f 4719/4719/4719 4720/4720/4720 4769/4769/4769
f 4720/4720/4720 4721/4721/4721 4770/4770/4770
f 4721/4721/4721 4722/4722/4722 4771/4771/4771
f 4722/4722/4722 4723/4723/4723 4772/4772/4772
f 4723/4723/4723 4724/4724/4724 4773/4773/4773
f 4724/4724/4724 4725/4725/4725 4774/4774/4774
f 4725/4725/4725 4726/4726/4726 4775/4775/4775
f 4726/4726/4726 4727/4727/4727 4776/4776/4776
f 4727/4727/4727 4728/4728/4728 4777/4777/4777
f 4728/4728/4728 4729/4729/4729 4778/4778/4778
f 4729/4729/4729 4730/4730/4730 4779/4779/4779
f 4730/4730/4730 4731/4731/4731 4780/4780/4780
f 4731/4731/4731 4732/4732/4732 4781/4781/4781
f 4732/4732/4732 4733/4733/4733 4782/4782/4782
f 4733/4733/4733 4734/4734/4734 4783/4783/4783
f 4734/4734/4734 4735/4735/4735 4784/4784/4784
f 4735/4735/4735 4736/4736/4736 4785/4785/4785
f 4736/4736/4736 4737/4737/4737 4786/4786/4786
f 4737/4737/4737 4738/4738/4738 4787/4787/4787
f 4738/4738/4738 4739/4739/4739 4788/4788/4788
f 4739/4739/4739 4740/4740/4740 4789/4789/4789
f 4740/4740/4740 4741/4741/4741 4790/4790/4790
f 4741/4741/4741 4742/4742/4742 4791/4791/4791
f 4742/4742/4742 4743/4743/4743 4792/4792/4792
f 4743/4743/4743 4744/4744/4744 4793/4793/4793
f 4744/4744/4744 4745/4745/4745 4794/4794/4794
f 4745/4745/4745 4746/4746/4746 4795/4795/4795
f 4746/4746/4746 4747/4747/4747 4796/4796/4796
f 4747/4747/4747 4748/4748/4748 4797/4797/4797
f 4748/4748/4748 4749/4749/4749 4798/4798/4798
f 4749/4749/4749 4750/4750/4750 4799/4799/4799
f 4750/4750/4750 4751/4751/4751 4800/4800/4800
f 4751/4751/4751 4752/4752/4752 4801/4801/4801
f 4752/4752/4752 4753/4753/4753 4802/4802/4802
f 4753/4753/4753 4754/4754/4754 4803/4803/4803
f 4754/4754/4754 4755/4755/4755 4804/4804/4804
f 4755/4755/4755 4756/4756/4756 4805/4805/4805
f 4756/4756/4756 4757/4757/4757 4806/4806/4806
f 4757/4757/4757 4758/4758/4758 4807/4807/4807
f 4759/4759/4759 4760/4760/4760 4809/4809/4809
f 4760/4760/4760 4761/4761/4761 4810/4810/4810
f 4761/4761/4761 4762/4762/4762 4811/4811/4811
f 4762/4762/4762 4763/4763/4763 4812/4812/4812
f 4763/4763/4763 4764/4764/4764 4813/4813/4813
f 4764/4764/4764 4765/4765/4765 4814/4814/4814
f 4765/4765/4765 4766/4766/4766 4815/4815/4815
f 4766/4766/4766 4767/4767/4767 4816/4816/4816
f 4767/4767/4767 4768/4768/4768 4817/4817/4817
f 4768/4768/4768 4769/4769/4769 4818/4818/4818
f 4769/4769/4769 4770/4770/4770 4819/4819/4819
f 4770/4770/4770 4771/4771/4771 4820/4820/4820
f 4771/4771/4771 4772/4772/4772 4821/4821/4821
f 4772/4772/4772 4773/4773/4773 4822/4822/4822
f 4773/4773/4773 4774/4774/4774 4823/4823/4823
f 4774/4774/4774 4775/4775/4775 4824/4824/4824
f 4775/4775/4775 4776/4776/4776 4825/4825/4825
f 4776/4776/4776 4777/4777/4777 4826/4826/4826
f 4777/4777/4777 4778/4778/4778 4827/4827/4827
f 4778/4778/4778 4779/4779/4779 4828/4828/4828
f 4779/4779/4779 4780/4780/4780 4829/4829/4829
f 4780/4780/4780 4781/4781/4781 4830/4830/4830
f 4781/4781/4781 4782/4782/4782 4831/4831/4831
f 4782/4782/4782 4783/4783/4783 4832/4832/4832
f 4783/4783/4783 4784/4784/4784 4833/4833/4833
f 4784/4784/4784 4785/4785/4785 4834/4834/4834
f 4785/4785/4785 4786/4786/4786 4835/4835/4835
f 4786/4786/4786 4787/4787/4787 4836/4836/4836
f 4787/4787/4787 4788/4788/4788 4837/4837/4837
f 4788/4788/4788 4789/4789/4789 4838/4838/4838
f 4789/4789/4789 4790/4790/4790 4839/4839/4839
f 4790/4790/4790 4791/4791/4791 4840/4840/4840
f 4791/4791/4791 4792/4792/4792 4841/4841/4841
f 4792/4792/4792 4793/4793/4793 4842/4842/4842
f 4793/4793/4793 4794/4794/4794 4843/4843/4843
f 4794/4794/4794 4795/4795/4795 4844/4844/4844
f 4795/4795/4795 4796/4796/4796 4845/4845/4845
f 4796/4796/4796 4797/4797/4797 4846/4846/4846
f 4797/4797/4797 4798/4798/4798 4847/4847/4847
f 4798/4798/4798 4799/4799/4799 4848/4848/4848
f 4799/4799/4799 4800/4800/4800 4849/4849/4849
f 4800/4800/4800 4801/4801/4801 4850/4850/4850
f 4801/4801/4801 4802/4802/4802 4851/4851/4851
f 4802/4802/4802 4803/4803/4803 4852/4852/4852
f 4803/4803/4803 4804/4804/4804 4853/4853/4853
f 4804/4804/4804 4805/4805/4805 4854/4854/4854
f 4805/4805/4805 4806/4806/4806 4855/4855/4855
f 4806/4806/4806 4807/4807/4807 4856/4856/4856
f 4808/4808/4808 4809/4809/4809 4858/4858/4858
f 4809/4809/4809 4810/4810/4810 4859/4859/4859
f 4810/4810/4810 4811/4811/4811 4860/4860/4860
f 4811/4811/4811 4812/4812/4812 4861/4861/4861
f 4812/4812/4812 4813/4813/4813 4862/4862/4862
f 4813/4813/4813 4814/4814/4814 4863/4863/4863
f 4814/4814/4814 4815/4815/4815 4864/4864/4864
f 4815/4815/4815 4816/4816/4816 4865/4865/4865
f 4816/4816/4816 4817/4817/4817 4866/4866/4866
f 4817/4817/4817 4818/4818/4818 4867/4867/4867
f 4818/4818/4818 4819/4819/4819 4868/4868/4868
f 4819/4819/4819 4820/4820/4820 4869/4869/4869
f 4820/4820/4820 4821/4821/4821 4870/4870/4870
f 4821/4821/4821 4822/4822/4822 4871/4871/4871
f 4822/4822/4822 4823/4823/4823 4872/4872/4872
f 4823/4823/4823 4824/4824/4824 4873/4873/4873
f 4824/4824/4824 4825/4825/4825 4874/4874/4874
f 4825/4825/4825 4826/4826/4826 4875/4875/4875
f 4826/4826/4826 4827/4827/4827 4876/4876/4876
f 4827/4827/4827 4828/4828/4828 4877/4877/4877
f 4828/4828/4828 4829/4829/4829 4878/4878/4878
f 4829/4829/4829 4830/4830/4830 4879/4879/4879
f 4830/4830/4830 4831/4831/4831 4880/4880/4880
f 4831/4831/4831 4832/4832/4832 4881/4881/4881
f 4832/4832/4832 4833/4833/4833 4882/4882/4882
f 4833/4833/4833 4834/4834/4834 4883/4883/4883
f 4834/4834/4834 4835/4835/4835 4884/4884/4884
f 4835/4835/4835 4836/4836/4836 4885/4885/4885
f 4836/4836/4836 4837/4837/4837 4886/4886/4886
f 4837/4837/4837 4838/4838/4838 4887/4887/4887
f 4838/4838/4838 4839/4839/4839 4888/4888/4888
f 4839/4839/4839 4840/4840/4840 4889/4889/4889
f 4840/4840/4840 4841/4841/4841 4890/4890/4890
f 4841/4841/4841 4842/4842/4842 4891/4891/4891
f 4842/4842/4842 4843/4843/4843 4892/4892/4892
f 4843/4843/4843 4844/4844/4844 4893/4893/4893
f 4844/4844/4844 4845/4845/4845 4894/4894/4894
f 4845/4845/4845 4846/4846/4846 4895/4895/4895
f 4846/4846/4846 4847/4847/4847 4896/4896/4896
f 4847/4847/4847 4848/4848/4848 4897/4897/4897
f 4848/4848/4848 4849/4849/4849 4898/4898/4898
f 4849/4849/4849 4850/4850/4850 4899/4899/4899
f 4850/4850/4850 4851/4851/4851 4900/4900/4900
f 4851/4851/4851 4852/4852/4852 4901/4901/4901
f 4852/4852/4852 4853/4853/4853 4902/4902/4902
f 4853/4853/4853 4854/4854/4854 4903/4903/4903
f 4854/4854/4854 4855/4855/4855 4904/4904/4904
f 4855/4855/4855 4856/4856/4856 4905/4905/4905
f 4857/4857/4857 4858/4858/4858 4907/4907/4907
f 4858/4858/4858 4859/4859/4859 4908/4908/4908
f 4859/4859/4859 4860/4860/4860 4909/4909/4909
f 4860/4860/4860 4861/4861/4861 4910/4910/4910
f 4861/4861/4861 4862/4862/4862 4911/4911/4911
f 4862/4862/4862 4863/4863/4863 4912/4912/4912
f 4863/4863/4863 4864/4864/4864 4913/4913/4913
f 4864/4864/4864 4865/4865/4865 4914/4914/4914
f 4865/4865/4865 4866/4866/4866 4915/4915/4915
f 4866/4866/4866 4867/4867/4867 4916/4916/4916
f 4867/4867/4867 4868/4868/4868 4917/4917/4917
f 4868/4868/4868 4869/4869/4869 4918/4918/4918
f 4869/4869/4869 4870/4870/4870 4919/4919/4919
f 4870/4870/4870 4871/4871/4871 4920/4920/4920
f 4871/4871/4871 4872/4872/4872 4921/4921/4921
f 4872/4872/4872 4873/4873/4873 4922/4922/4922
f 4873/4873/4873 4874/4874/4874 4923/4923/4923
f 4874/4874/4874 4875/4875/4875 4924/4924/4924
f 4875/4875/4875 4876/4876/4876 4925/4925/4925
f 4876/4876/4876 4877/4877/4877 4926/4926/4926
f 4877/4877/4877 4878/4878/4878 4927/4927/4927
f 4878/4878/4878 4879/4879/4879 4928/4928/4928
f 4879/4879/4879 4880/4880/4880 4929/4929/4929
f 4880/4880/4880 4881/4881/4881 4930/4930/4930
f 4881/4881/4881 4882/4882/4882 4931/4931/4931
f 4882/4882/4882 4883/4883/4883 4932/4932/4932
f 4883/4883/4883 4884/4884/4884 4933/4933/4933
f 4884/4884/4884 4885/4885/4885 4934/4934/4934
f 4885/4885/4885 4886/4886/4886 4935/4935/4935
f 4886/4886/4886 4887/4887/4887 4936/4936/4936
f 4887/4887/4887 4888/4888/4888 4937/4937/4937
f 4888/4888/4888 4889/4889/4889 4938/4938/4938
f 4889/4889/4889 4890/4890/4890 4939/4939/4939
f 4890/4890/4890 4891/4891/4891 4940/4940/4940
f 4891/4891/4891 4892/4892/4892 4941/4941/4941
f 4892/4892/4892 4893/4893/4893 4942/4942/4942
f 4893/4893/4893 4894/4894/4894 4943/4943/4943
f 4894/4894/4894 4895/4895/4895 4944/4944/4944
f 4895/4895/4895 4896/4896/4896 4945/4945/4945
f 4896/4896/4896 4897/4897/4897 4946/4946/4946
f 4897/4897/4897 4898/4898/4898 4947/4947/4947
f 4898/4898/4898 4899/4899/4899 4948/4948/4948
f 4899/4899/4899 4900/4900/4900 4949/4949/4949
f 4900/4900/4900 4901/4901/4901 4950/4950/4950
f 4901/4901/4901 4902/4902/4902 4951/4951/4951
f 4902/4902/4902 4903/4903/4903 4952/4952/4952
f 4903/4903/4903 4904/4904/4904 4953/4953/4953
f 4904/4904/4904 4905/4905/4905 4954/4954/4954
f 4906/4906/4906 4907/4907/4907 4956/4956/4956
f 4907/4907/4907 4908/4908/4908 4957/4957/4957
f 4908/4908/4908 4909/4909/4909 4958/4958/4958
f 4909/4909/4909 4910/4910/4910 4959/4959/4959
f 4910/4910/4910 4911/4911/4911 4960/4960/4960
f 4911/4911/4911 4912/4912/4912 4961/4961/4961
f 4912/4912/4912 4913/4913/4913 4962/4962/4962
f 4913/4913/4913 4914/4914/4914 4963/4963/4963
f 4914/4914/4914 4915/4915/4915 4964/4964/4964
f 4915/4915/4915 4916/4916/4916 4965/4965/4965
f 4916/4916/4916 4917/4917/4917 4966/4966/4966
f 4917/4917/4917 4918/4918/4918 4967/4967/4967
f 4918/4918/4918 4919/4919/4919 4968/4968/4968
f 4919/4919/4919 4920/4920/4920 4969/4969/4969
f 4920/4920/4920 4921/4921/4921 4970/4970/4970
f 4921/4921/4921 4922/4922/4922 4971/4971/4971
f 4922/4922/4922 4923/4923/4923 4972/4972/4972
f 4923/4923/4923 4924/4924/4924 4973/4973/4973
f 4924/4924/4924 4925/4925/4925 4974/4974/4974
f 4925/4925/4925 4926/4926/4926 4975/4975/4975
f 4926/4926/4926 4927/4927/4927 4976/4976/4976
f 4927/4927/4927 4928/4928/4928 4977/4977/4977
f 4928/4928/4928 4929/4929/4929 4978/4978/4978
f 4929/4929/4929 4930/4930/4930 4979/4979/4979
f 4930/4930/4930 4931/4931/4931 4980/4980/4980
f 4931/4931/4931 4932/4932/4932 4981/4981/4981
f 4932/4932/4932 4933/4933/4933 4982/4982/4982
f 4933/4933/4933 4934/4934/4934 4983/4983/4983
f 4934/4934/4934 4935/4935/4935 4984/4984/4984
f 4935/4935/4935 4936/4936/4936 4985/4985/4985
f 4936/4936/4936 4937/4937/4937 4986/4986/4986
f 4937/4937/4937 4938/4938/4938 4987/4987/4987
f 4938/4938/4938 4939/4939/4939 4988/4988/4988
f 4939/4939/4939 4940/4940/4940 4989/4989/4989
f 4940/4940/4940 4941/4941/4941 4990/4990/4990
f 4941/4941/4941 4942/4942/4942 4991/4991/4991
f 4942/4942/4942 4943/4943/4943 4992/4992/4992
f 4943/4943/4943 4944/4944/4944 4993/4993/4993
f 4944/4944/4944 4945/4945/4945 4994/4994/4994
f 4945/4945/4945 4946/4946/4946 4995/4995/4995
f 4946/4946/4946 4947/4947/4947 4996/4996/4996
f 4947/4947/4947 4948/4948/4948 4997/4997/4997
f 4948/4948/4948 4949/4949/4949 4998/4998/4998
f 4949/4949/4949 4950/4950/4950 4999/4999/4999
f 4950/4950/4950 4951/4951/4951 5000/5000/5000
f 4951/4951/4951 4952/4952/4952 5001/5001/5001
f 4952/4952/4952 4953/4953/4953 5002/5002/5002
f 4953/4953/4953 4954/4954/4954 5003/5003/5003
f 4955/4955/4955 4956/4956/4956 5005/5005/5005
f 4956/4956/4956 4957/4957/4957 5006/5006/5006
f 4957/4957/4957 4958/4958/4958 5007/5007/5007
f 4958/4958/4958 4959/4959/4959 5008/5008/5008
f 4959/4959/4959 4960/4960/4960 5009/5009/5009
f 4960/4960/4960 4961/4961/4961 5010/5010/5010
f 4961/4961/4961 4962/4962/4962 5011/5011/5011
f 4962/4962/4962 4963/4963/4963 5012/5012/5012
f 4963/4963/4963 4964/4964/4964 5013/5013/5013
f 4964/4964/4964 4965/4965/4965 5014/5014/5014
f 4965/4965/4965 4966/4966/4966 5015/5015/5015
f 4966/4966/4966 4967/4967/4967 5016/5016/5016
f 4967/4967/4967 4968/4968/4968 5017/5017/5017
f 4968/4968/4968 4969/4969/4969 5018/5018/5018
f 4969/4969/4969 4970/4970/4970 5019/5019/5019
f 4970/4970/4970 4971/4971/4971 5020/5020/5020
f 4971/4971/4971 4972/4972/4972 5021/5021/5021
f 4972/4972/4972 4973/4973/4973 5022/5022/5022
f 4973/4973/4973 4974/4974/4974 5023/5023/5023
f 4974/4974/4974 4975/4975/4975 5024/5024/5024
f 4975/4975/4975 4976/4976/4976 5025/5025/5025
f 4976/4976/4976 4977/4977/4977 5026/5026/5026
f 4977/4977/4977 4978/4978/4978 5027/5027/5027
f 4978/4978/4978 4979/4979/4979 5028/5028/5028
f 4979/4979/4979 4980/4980/4980 5029/5029/5029
f 4980/4980/4980 4981/4981/4981 5030/5030/5030
f 4981/4981/4981 4982/4982/4982 5031/5031/5031
f 4982/4982/4982 4983/4983/4983 5032/5032/5032
f 4983/4983/4983 4984/4984/4984 5033/5033/5033
f 4984/4984/4984 4985/4985/4985 5034/5034/5034
f 4985/4985/4985 4986/4986/4986 5035/5035/5035
f 4986/4986/4986 4987/4987/4987 5036/5036/5036
f 4987/4987/4987 4988/4988/4988 5037/5037/5037
f 4988/4988/4988 4989/4989/4989 5038/5038/5038
f 4989/4989/4989 4990/4990/4990 5039/5039/5039
f 4990/4990/4990 4991/4991/4991 5040/5040/5040
f 4991/4991/4991 4992/4992/4992 5041/5041/5041
f 4992/4992/4992 4993/4993/4993 5042/5042/5042
f 4993/4993/4993 4994/4994/4994 5043/5043/5043
f 4994/4994/4994 4995/4995/4995 5044/5044/5044
f 4995/4995/4995 4996/4996/4996 5045/5045/5045
f 4996/4996/4996 4997/4997/4997 5046/5046/5046
f 4997/4997/4997 4998/4998/4998 5047/5047/5047
f 4998/4998/4998 4999/4999/4999 5048/5048/5048
f 4999/4999/4999 5000/5000/5000 5049/5049/5049
f 5000/5000/5000 5001/5001/5001 5050/5050/5050
f 5001/5001/5001 5002/5002/5002 5051/5051/5051
f 5002/5002/5002 5003/5003/5003 5052/5052/5052
f 5004/5004/5004 5005/5005/5005 5054/5054/5054
f 5005/5005/5005 5006/5006/5006 5055/5055/5055
f 5006/5006/5006 5007/5007/5007 5056/5056/5056
f 5007/5007/5007 5008/5008/5008 5057/5057/5057
f 5008/5008/5008 5009/5009/5009 5058/5058/5058
f 5009/5009/5009 5010/5010/5010 5059/5059/5059
f 5010/5010/5010 5011/5011/5011 5060/5060/5060
f 5011/5011/5011 5012/5012/5012 5061/5061/5061
f 5012/5012/5012 5013/5013/5013 5062/5062/5062
f 5013/5013/5013 5014/5014/5014 5063/5063/5063
f 5014/5014/5014 5015/5015/5015 5064/5064/5064
f 5015/5015/5015 5016/5016/5016 5065/5065/5065
f 5016/5016/5016 5017/5017/5017 5066/5066/5066
f 5017/5017/5017 5018/5018/5018 5067/5067/5067
f 5018/5018/5018 5019/5019/5019 5068/5068/5068
f 5019/5019/5019 5020/5020/5020 5069/5069/5069
f 5020/5020/5020 5021/5021/5021 5070/5070/5070
f 5021/5021/5021 5022/5022/5022 5071/5071/5071
f 5022/5022/5022 5023/5023/5023 5072/5072/5072
f 5023/5023/5023 5024/5024/5024 5073/5073/5073
f 5024/5024/5024 5025/5025/5025 5074/5074/5074
f 5025/5025/5025 5026/5026/5026 5075/5075/5075
f 5026/5026/5026 5027/5027/5027 5076/5076/5076
f 5027/5027/5027 5028/5028/5028 5077/5077/5077
f 5028/5028/5028 5029/5029/5029 5078/5078/5078
f 5029/5029/5029 5030/5030/5030 5079/5079/5079
f 5030/5030/5030 5031/5031/5031 5080/5080/5080
f 5031/5031/5031 5032/5032/5032 5081/5081/5081
f 5032/5032/5032 5033/5033/5033 5082/5082/5082
f 5033/5033/5033 5034/5034/5034 5083/5083/5083
f 5034/5034/5034 5035/5035/5035 5084/5084/5084
f 5035/5035/5035 5036/5036/5036 5085/5085/5085
f 5036/5036/5036 5037/5037/5037 5086/5086/5086
f 5037/5037/5037 5038/5038/5038 5087/5087/5087
f 5038/5038/5038 5039/5039/5039 5088/5088/5088
f 5039/5039/5039 5040/5040/5040 5089/5089/5089
f 5040/5040/5040 5041/5041/5041 5090/5090/5090
f 5041/5041/5041 5042/5042/5042 5091/5091/5091
f 5042/5042/5042 5043/5043/5043 5092/5092/5092
f 5043/5043/5043 5044/5044/5044 5093/5093/5093
f 5044/5044/5044 5045/5045/5045 5094/5094/5094
f 5045/5045/5045 5046/5046/5046 5095/5095/5095
f 5046/5046/5046 5047/5047/5047 5096/5096/5096
f 5047/5047/5047 5048/5048/5048 5097/5097/5097
f 5048/5048/5048 5049/5049/5049 5098/5098/5098
f 5049/5049/5049 5050/5050/5050 5099/5099/5099
f 5050/5050/5050 5051/5051/5051 5100/5100/5100
f 5051/5051/5051 5052/5052/5052 5101/5101/5101
f 3485/3485/3485 3535/3535/3535 3534/3534/3534
f 3486/3486/3486 3536/3536/3536 3535/3535/3535
f 3487/3487/3487 3537/3537/3537 3536/3536/3536
f 3488/3488/3488 3538/3538/3538 3537/3537/3537
f 3489/3489/3489 3539/3539/3539 3538/3538/3538
f 3490/3490/3490 3540/3540/3540 3539/3539/3539
f 3491/3491/3491 3541/3541/3541 3540/3540/3540
f 3492/3492/3492 3542/3542/3542 3541/3541/3541
f 3493/3493/3493 3543/3543/3543 3542/3542/3542
f 3494/3494/3494 3544/3544/3544 3543/3543/3543
f 3495/3495/3495 3545/3545/3545 3544/3544/3544
f 3496/3496/3496 3546/3546/3546 3545/3545/3545
f 3497/3497/3497 3547/3547/3547 3546/3546/3546
f 3498/3498/3498 3548/3548/3548 3547/3547/3547
f 3499/3499/3499 3549/3549/3549 3548/3548/3548
f 3500/3500/3500 3550/3550/3550 3549/3549/3549
f 3501/3501/3501 3551/3551/3551 3550/3550/3550
f 3502/3502/3502 3552/3552/3552 3551/3551/3551
f 3503/3503/3503 3553/3553/3553 3552/3552/3552
f 3504/3504/3504 3554/3554/3554 3553/3553/3553
f 3505/3505/3505 3555/3555/3555 3554/3554/3554
f 3506/3506/3506 3556/3556/3556 3555/3555/3555
f 3507/3507/3507 3557/3557/3557 3556/3556/3556
f 3508/3508/3508 3558/3558/3558 3557/3557/3557
f 3509/3509/3509 3559/3559/3559 3558/3558/3558
f 3510/3510/3510 3560/3560/3560 3559/3559/3559
f 3511/3511/3511 3561/3561/3561 3560/3560/3560
f 3512/3512/3512 3562/3562/3562 3561/3561/3561
f 3513/3513/3513 3563/3563/3563 3562/3562/3562
f 3514/3514/3514 3564/3564/3564 3563/3563/3563
f 3515/3515/3515 3565/3565/3565 3564/3564/3564
f 3516/3516/3516 3566/3566/3566 3565/3565/3565
f 3517/3517/3517 3567/3567/3567 3566/3566/3566
f 3518/3518/3518 3568/3568/3568 3567/3567/3567
f 3519/3519/3519 3569/3569/3569 3568/3568/3568
f 3520/3520/3520 3570/3570/3570 3569/3569/3569
f 3521/3521/3521 3571/3571/3571 3570/3570/3570
f 3522/3522/3522 3572/3572/3572 3571/3571/3571
f 3523/3523/3523 3573/3573/3573 3572/3572/3572
f 3524/3524/3524 3574/3574/3574 3573/3573/3573
f 3525/3525/3525 3575/3575/3575 3574/3574/3574
f 3526/3526/3526 3576/3576/3576 3575/3575/3575
f 3527/3527/3527 3577/3577/3577 3576/3576/3576
f 3528/3528/3528 3578/3578/3578 3577/3577/3577
f 3529/3529/3529 3579/3579/3579 3578/3578/3578
f 3530/3530/3530 3580/3580/3580 3579/3579/3579
f 3531/3531/3531 3581/3581/3581 3580/3580/3580
f 3532/3532/3532 3582/3582/3582 3581/3581/3581
f 3534/3534/3534 3584/3584/3584 3583/3583/3583
f 3535/3535/3535 3585/3585/3585 3584/3584/3584
f 3536/3536/3536 3586/3586/3586 3585/3585/3585
f 3537/3537/3537 3587/3587/3587 3586/3586/3586
f 3538/3538/3538 3588/3588/3588 3587/3587/3587
f 3539/3539/3539 3589/3589/3589 3588/3588/3588
f 3540/3540/3540 3590/3590/3590 3589/3589/3589
f 3541/3541/3541 3591/3591/3591 3590/3590/3590
f 3542/3542/3542 3592/3592/3592 3591/3591/3591
f 3543/3543/3543 3593/3593/3593 3592/3592/3592
f 3544/3544/3544 3594/3594/3594 3593/3593/3593
f 3545/3545/3545 3595/3595/3595 3594/3594/3594
f 3546/3546/3546 3596/3596/3596 3595/3595/3595
f 3547/3547/3547 3597/3597/3597 3596/3596/3596
f 3548/3548/3548 3598/3598/3598 3597/3597/3597
f 3549/3549/3549 3599/3599/3599 3598/3598/3598
f 3550/3550/3550 3600/3600/3600 3599/3599/3599
f 3551/3551/3551 3601/3601/3601 3600/3600/3600
f 3552/3552/3552 3602/3602/3602 3601/3601/3601
f 3553/3553/3553 3603/3603/3603 3602/3602/3602
f 3554/3554/3554 3604/3604/3604 3603/3603/3603
f 3555/3555/3555 3605/3605/3605 3604/3604/3604
f 3556/3556/3556 3606/3606/3606 3605/3605/3605
f 3557/3557/3557 3607/3607/3607 3606/3606/3606
f 3558/3558/3558 3608/3608/3608 3607/3607/3607
f 3559/3559/3559 3609/3609/3609 3608/3608/3608
f 3560/3560/3560 3610/3610/3610 3609/3609/3609
f 3561/3561/3561 3611/3611/3611 3610/3610/3610
f 3562/3562/3562 3612/3612/3612 3611/3611/3611
f 3563/3563/3563 3613/3613/3613 3612/3612/3612
f 3564/3564/3564 3614/3614/3614 3613/3613/3613
f 3565/3565/3565 3615/3615/3615 3614/3614/3614
f 3566/3566/3566 3616/3616/3616 3615/3615/3615
f 3567/3567/3567 3617/3617/3617 3616/3616/3616
f 3568/3568/3568 3618/3618/3618 3617/3617/3617
f 3569/3569/3569 3619/3619/3619 3618/3618/3618
f 3570/3570/3570 3620/3620/3620 3619/3619/3619
f 3571/3571/3571 3621/3621/3621 3620/3620/3620
f 3572/3572/3572 3622/3622/3622 3621/3621/3621
f 3573/3573/3573 3623/3623/3623 3622/3622/3622
f 3574/3574/3574 3624/3624/3624 3623/3623/3623
f 3575/3575/3575 3625/3625/3625 3624/3624/3624
f 3576/3576/3576 3626/3626/3626 3625/3625/3625
f 3577/3577/3577 3627/3627/3627 3626/3626/3626
f 3578/3578/3578 3628/3628/3628 3627/3627/3627
f 3579/3579/3579 3629/3629/3629 3628/3628/3628
f 3580/3580/3580 3630/3630/3630 3629/3629/3629
f 3581/3581/3581 3631/3631/3631 3630/3630/3630
f 3583/3583/3583 3633/3633/3633 3632/3632/3632
f 3584/3584/3584 3634/3634/3634 3633/3633/3633
f 3585/3585/3585 3635/3635/3635 3634/3634/3634
f 3586/3586/3586 3636/3636/3636 3635/3635/3635
f 3587/3587/3587 3637/3637/3637 3636/3636/3636
f 3588/3588/3588 3638/3638/3638 3637/3637/3637
f 3589/3589/3589 3639/3639/3639 3638/3638/3638
f 3590/3590/3590 3640/3640/3640 3639/3639/3639
f 3591/3591/3591 3641/3641/3641 3640/3640/3640
f 3592/3592/3592 3642/3642/3642 3641/3641/3641
f 3593/3593/3593 3643/3643/3643 3642/3642/3642
f 3594/3594/3594 3644/3644/3644 3643/3643/3643
f 3595/3595/3595 3645/3645/3645 3644/3644/3644
f 3596/3596/3596 3646/3646/3646 3645/3645/3645
f 3597/3597/3597 3647/3647/3647 3646/3646/3646
f 3598/3598/3598 3648/3648/3648 3647/3647/3647
f 3599/3599/3599 3649/3649/3649 3648/3648/3648
f 3600/3600/3600 3650/3650/3650 3649/3649/3649
f 3601/3601/3601 3651/3651/3651 3650/3650/3650
f 3602/3602/3602 3652/3652/3652 3651/3651/3651
f 3603/3603/3603 3653/3653/3653 3652/3652/3652
f 3604/3604/3604 3654/3654/3654 3653/3653/3653
f 3605/3605/3605 3655/3655/3655 3654/3654/3654
f 3606/3606/3606 3656/3656/3656 3655/3655/3655
f 3607/3607/3607 3657/3657/3657 3656/3656/3656
f 3608/3608/3608 3658/3658/3658 3657/3657/3657
f 3609/3609/3609 3659/3659/3659 3658/3658/3658
f 3610/3610/3610 3660/3660/3660 3659/3659/3659
f 3611/3611/3611 3661/3661/3661 3660/3660/3660
f 3612/3612/3612 3662/3662/3662 3661/3661/3661
f 3613/3613/3613 3663/3663/3663 3662/3662/3662
f 3614/3614/3614 3664/3664/3664 3663/3663/3663
f 3615/3615/3615 3665/3665/3665 3664/3664/3664
f 3616/3616/3616 3666/3666/3666 3665/3665/3665
f 3617/3617/3617 3667/3667/3667 3666/3666/3666
f 3618/3618/3618 3668/3668/3668 3667/3667/3667
f 3619/3619/3619 3669/3669/3669 3668/3668/3668
f 3620/3620/3620 3670/3670/3670 3669/3669/3669
f 3621/3621/3621 3671/3671/3671 3670/3670/3670
f 3622/3622/3622 3672/3672/3672 3671/3671/3671
f 3623/3623/3623 3673/3673/3673 3672/3672/3672
f 3624/3624/3624 3674/3674/3674 3673/3673/3673
f 3625/3625/3625 3675/3675/3675 3674/3674/3674
f 3626/3626/3626 3676/3676/3676 3675/3675/3675
f 3627/3627/3627 3677/3677/3677 3676/3676/3676
f 3628/3628/3628 3678/3678/3678 3677/3677/3677
f 3629/3629/3629 3679/3679/3679 3678/3678/3678
f 3630/3630/3630 3680/3680/3680 3679/3679/3679
f 3632/3632/3632 3682/3682/3682 3681/3681/3681
f 3633/3633/3633 3683/3683/3683 3682/3682/3682
f 3634/3634/3634 3684/3684/3684 3683/3683/3683
f 3635/3635/3635 3685/3685/3685 3684/3684/3684
f 3636/3636/3636 3686/3686/3686 3685/3685/3685
f 3637/3637/3637 3687/3687/3687 3686/3686/3686
f 3638/3638/3638 3688/3688/3688 3687/3687/3687
f 3639/3639/3639 3689/3689/3689 3688/3688/3688
f 3640/3640/3640 3690/3690/3690 3689/3689/3689
f 3641/3641/3641 3691/3691/3691 3690/3690/3690
f 3642/3642/3642 3692/3692/3692 3691/3691/3691
f 3643/3643/3643 3693/3693/3693 3692/3692/3692
f 3644/3644/3644 3694/3694/3694 3693/3693/3693
f 3645/3645/3645 3695/3695/3695 3694/3694/3694
f 3646/3646/3646 3696/3696/3696 3695/3695/3695
f 3647/3647/3647 3697/3697/3697 3696/3696/3696
f 3648/3648/3648 3698/3698/3698 3697/3697/3697
f 3649/3649/3649 3699/3699/3699 3698/3698/3698
f 3650/3650/3650 3700/3700/3700 3699/3699/3699
f 3651/3651/3651 3701/3701/3701 3700/3700/3700
f 3652/3652/3652 3702/3702/3702 3701/3701/3701
f 3653/3653/3653 3703/3703/3703 3702/3702/3702
f 3654/3654/3654 3704/3704/3704 3703/3703/3703
f 3655/3655/3655 3705/3705/3705 3704/3704/3704
f 3656/3656/3656 3706/3706/3706 3705/3705/3705
f 3657/3657/3657 3707/3707/3707 3706/3706/3706
f 3658/3658/3658 3708/3708/3708 3707/3707/3707
f 3659/3659/3659 3709/3709/3709 3708/3708/3708
f 3660/3660/3660 3710/3710/3710 3709/3709/3709
f 3661/3661/3661 3711/3711/3711 3710/3710/3710
f 3662/3662/3662 3712/3712/3712 3711/3711/3711
f 3663/3663/3663 3713/3713/3713 3712/3712/3712
f 3664/3664/3664 3714/3714/3714 3713/3713/3713
f 3665/3665/3665 3715/3715/3715 3714/3714/3714
f 3666/3666/3666 3716/3716/3716 3715/3715/3715
f 3667/3667/3667 3717/3717/3717 3716/3716/3716
f 3668/3668/3668 3718/3718/3718 3717/3717/3717
f 3669/3669/3669 3719/3719/3719 3718/3718/3718
f 3670/3670/3670 3720/3720/3720 3719/3719/3719
f 3671/3671/3671 3721/3721/3721 3720/3720/3720
f 3672/3672/3672 3722/3722/3722 3721/3721/3721
f 3673/3673/3673 3723/3723/3723 3722/3722/3722
f 3674/3674/3674 3724/3724/3724 3723/3723/3723
f 3675/3675/3675 3725/3725/3725 3724/3724/3724
f 3676/3676/3676 3726/3726/3726 3725/3725/3725
f 3677/3677/3677 3727/3727/3727 3726/3726/3726
f 3678/3678/3678 3728/3728/3728 3727/3727/3727
f 3679/3679/3679 3729/3729/3729 3728/3728/3728
f 3681/3681/3681 3731/3731/3731 3730/3730/3730
f 3682/3682/3682 3732/3732/3732 3731/3731/3731
f 3683/3683/3683 3733/3733/3733 3732/3732/3732
f 3684/3684/3684 3734/3734/3734 3733/3733/3733
f 3685/3685/3685 3735/3735/3735 3734/3734/3734
f 3686/3686/3686 3736/3736/3736 3735/3735/3735
f 3687/3687/3687 3737/3737/3737 3736/3736/3736
f 3688/3688/3688 3738/3738/3738 3737/3737/3737
f 3689/3689/3689 3739/3739/3739 3738/3738/3738
f 3690/3690/3690 3740/3740/3740 3739/3739/3739
f 3691/3691/3691 3741/3741/3741 3740/3740/3740
f 3692/3692/3692 3742/3742/3742 3741/3741/3741
f 3693/3693/3693 3743/3743/3743 3742/3742/3742
f 3694/3694/3694 3744/3744/3744 3743/3743/3743
f 3695/3695/3695 3745/3745/3745 3744/3744/3744
f 3696/3696/3696 3746/3746/3746 3745/3745/3745
f 3697/3697/3697 3747/3747/3747 3746/3746/3746
f 3698/3698/3698 3748/3748/3748 3747/3747/3747
f 3699/3699/3699 3749/3749/3749 3748/3748/3748
f 3700/3700/3700 3750/3750/3750 3749/3749/3749
f 3701/3701/3701 3751/3751/3751 3750/3750/3750
f 3702/3702/3702 3752/3752/3752 3751/3751/3751
f 3703/3703/3703 3753/3753/3753 3752/3752/3752
f 3704/3704/3704 3754/3754/3754 3753/3753/3753
f 3705/3705/3705 3755/3755/3755 3754/3754/3754
f 3706/3706/3706 3756/3756/3756 3755/3755/3755
f 3707/3707/3707 3757/3757/3757 3756/3756/3756
f 3708/3708/3708 3758/3758/3758 3757/3757/3757
f 3709/3709/3709 3759/3759/3759 3758/3758/3758
f 3710/3710/3710 3760/3760/3760 3759/3759/3759
f 3711/3711/3711 3761/3761/3761 3760/3760/3760
f 3712/3712/3712 3762/3762/3762 3761/3761/3761
f 3713/3713/3713 3763/3763/3763 3762/3762/3762
f 3714/3714/3714 3764/3764/3764 3763/3763/3763
f 3715/3715/3715 3765/3765/3765 3764/3764/3764
f 3716/3716/3716 3766/3766/3766 3765/3765/3765
f 3717/3717/3717 3767/3767/3767 3766/3766/3766
f 3718/3718/3718 3768/3768/3768 3767/3767/3767
f 3719/3719/3719 3769/3769/3769 3768/3768/3768
f 3720/3720/3720 3770/3770/3770 3769/3769/3769
f 3721/3721/3721 3771/3771/3771 3770/3770/3770
f 3722/3722/3722 3772/3772/3772 3771/3771/3771
f 3723/3723/3723 3773/3773/3773 3772/3772/3772
f 3724/3724/3724 3774/3774/3774 3773/3773/3773
f 3725/3725/3725 3775/3775/3775 3774/3774/3774
f 3726/3726/3726 3776/3776/3776 3775/3775/3775
f 3727/3727/3727 3777/3777/3777 3776/3776/3776
f 3728/3728/3728 3778/3778/3778 3777/3777/3777
f 3730/3730/3730 3780/3780/3780 3779/3779/3779
f 3731/3731/3731 3781/3781/3781 3780/3780/3780
f 3732/3732/3732 3782/3782/3782 3781/3781/3781
f 3733/3733/3733 3783/3783/3783 3782/3782/3782
f 3734/3734/3734 3784/3784/3784 3783/3783/3783
f 3735/3735/3735 3785/3785/3785 3784/3784/3784
f 3736/3736/3736 3786/3786/3786 3785/3785/3785
f 3737/3737/3737 3787/3787/3787 3786/3786/3786
f 3738/3738/3738 3788/3788/3788 3787/3787/3787
f 3739/3739/3739 3789/3789/3789 3788/3788/3788
f 3740/3740/3740 3790/3790/3790 3789/3789/3789
f 3741/3741/3741 3791/3791/3791 3790/3790/3790
f 3742/3742/3742 3792/3792/3792 3791/3791/3791
f 3743/3743/3743 3793/3793/3793 3792/3792/3792
f 3744/3744/3744 3794/3794/3794 3793/3793/3793
f 3745/3745/3745 3795/3795/3795 3794/3794/3794
f 3746/3746/3746 3796/3796/3796 3795/3795/3795
f 3747/3747/3747 3797/3797/3797 3796/3796/3796
f 3748/3748/3748 3798/3798/3798 3797/3797/3797
f 3749/3749/3749 3799/3799/3799 3798/3798/3798
f 3750/3750/3750 3800/3800/3800 3799/3799/3799
f 3751/3751/3751 3801/3801/3801 3800/3800/3800
f 3752/3752/3752 3802/3802/3802 3801/3801/3801
f 3753/3753/3753 3803/3803/3803 3802/3802/3802
f 3754/3754/3754 3804/3804/3804 3803/3803/3803
f 3755/3755/3755 3805/3805/3805 3804/3804/3804
f 3756/3756/3756 3806/3806/3806 3805/3805/3805
f 3757/3757/3757 3807/3807/3807 3806/3806/3806
f 3758/3758/3758 3808/3808/3808 3807/3807/3807
f 3759/3759/3759 3809/3809/3809 3808/3808/3808
f 3760/3760/3760 3810/3810/3810 3809/3809/3809
f 3761/3761/3761 3811/3811/3811 3810/3810/3810
f 3762/3762/3762 3812/3812/3812 3811/3811/3811
f 3763/3763/3763 3813/3813/3813 3812/3812/3812
f 3764/3764/3764 3814/3814/3814 3813/3813/3813
f 3765/3765/3765 3815/3815/3815 3814/3814/3814
f 3766/3766/3766 3816/3816/3816 3815/3815/3815
f 3767/3767/3767 3817/3817/3817 3816/3816/3816
f 3768/3768/3768 3818/3818/3818 3817/3817/3817
f 3769/3769/3769 3819/3819/3819 3818/3818/3818
f 3770/3770/3770 3820/3820/3820 3819/3819/3819
f 3771/3771/3771 3821/3821/3821 3820/3820/3820
f 3772/3772/3772 3822/3822/3822 3821/3821/3821
f 3773/3773/3773 3823/3823/3823 3822/3822/3822
f 3774/3774/3774 3824/3824/3824 3823/3823/3823
f 3775/3775/3775 3825/3825/3825 3824/3824/3824
f 3776/3776/3776 3826/3826/3826 3825/3825/3825
f 3777/3777/3777 3827/3827/3827 3826/3826/3826
f 3779/3779/3779 3829/3829/3829 3828/3828/3828
f 3780/3780/3780 3830/3830/3830 3829/3829/3829
f 3781/3781/3781 3831/3831/3831 3830/3830/3830
f 3782/3782/3782 3832/3832/3832 3831/3831/3831
f 3783/3783/3783 3833/3833/3833 3832/3832/3832
f 3784/3784/3784 3834/3834/3834 3833/3833/3833
f 3785/3785/3785 3835/3835/3835 3834/3834/3834
f 3786/3786/3786 3836/3836/3836 3835/3835/3835
f 3787/3787/3787 3837/3837/3837 3836/3836/3836
f 3788/3788/3788 3838/3838/3838 3837/3837/3837
f 3789/3789/3789 3839/3839/3839 3838/3838/3838
f 3790/3790/3790 3840/3840/3840 3839/3839/3839
f 3791/3791/3791 3841/3841/3841 3840/3840/3840
f 3792/3792/3792 3842/3842/3842 3841/3841/3841
f 3793/3793/3793 3843/3843/3843 3842/3842/3842
f 3794/3794/3794 3844/3844/3844 3843/3843/3843
f 3795/3795/3795 3845/3845/3845 3844/3844/3844
f 3796/3796/3796 3846/3846/3846 3845/3845/3845
f 3797/3797/3797 3847/3847/3847 3846/3846/3846
f 3798/3798/3798 3848/3848/3848 3847/3847/3847
f 3799/3799/3799 3849/3849/3849 3848/3848/3848
f 3800/3800/3800 3850/3850/3850 3849/3849/3849
f 3801/3801/3801 3851/3851/3851 3850/3850/3850
f 3802/3802/3802 3852/3852/3852 3851/3851/3851
f 3803/3803/3803 3853/3853/3853 3852/3852/3852
f 3804/3804/3804 3854/3854/3854 3853/3853/3853
f 3805/3805/3805 3855/3855/3855 3854/3854/3854
f 3806/3806/3806 3856/3856/3856 3855/3855/3855
f 3807/3807/3807 3857/3857/3857 3856/3856/3856
f 3808/3808/3808 3858/3858/3858 3857/3857/3857
f 3809/3809/3809 3859/3859/3859 3858/3858/3858
f 3810/3810/3810 3860/3860/3860 3859/3859/3859
f 3811/3811/3811 3861/3861/3861 3860/3860/3860
f 3812/3812/3812 3862/3862/3862 3861/3861/3861
f 3813/3813/3813 3863/3863/3863 3862/3862/3862
f 3814/3814/3814 3864/3864/3864 3863/3863/3863
f 3815/3815/3815 3865/3865/3865 3864/3864/3864
f 3816/3816/3816 3866/3866/3866 3865/3865/3865
f 3817/3817/3817 3867/3867/3867 3866/3866/3866
f 3818/3818/3818 3868/3868/3868 3867/3867/3867
f 3819/3819/3819 3869/3869/3869 3868/3868/3868
f 3820/3820/3820 3870/3870/3870 3869/3869/3869
f 3821/3821/3821 3871/3871/3871 3870/3870/3870
f 3822/3822/3822 3872/3872/3872 3871/3871/3871
f 3823/3823/3823 3873/3873/3873 3872/3872/3872
f 3824/3824/3824 3874/3874/3874 3873/3873/3873
f 3825/3825/3825 3875/3875/3875 3874/3874/3874
f 3826/3826/3826 3876/3876/3876 3875/3875/3875
f 3828/3828/3828 3878/3878/3878 3877/3877/3877
f 3829/3829/3829 3879/3879/3879 3878/3878/3878
f 3830/3830/3830 3880/3880/3880 3879/3879/3879
f 3831/3831/3831 3881/3881/3881 3880/3880/3880
f 3832/3832/3832 3882/3882/3882 3881/3881/3881
f 3833/3833/3833 3883/3883/3883 3882/3882/3882
f 3834/3834/3834 3884/3884/3884 3883/3883/3883
f 3835/3835/3835 3885/3885/3885 3884/3884/3884
f 3836/3836/3836 3886/3886/3886 3885/3885/3885
f 3837/3837/3837 3887/3887/3887 3886/3886/3886
f 3838/3838/3838 3888/3888/3888 3887/3887/3887
f 3839/3839/3839 3889/3889/3889 3888/3888/3888
f 3840/3840/3840 3890/3890/3890 3889/3889/3889
f 3841/3841/3841 3891/3891/3891 3890/3890/3890
f 3842/3842/3842 3892/3892/3892 3891/3891/3891
f 3843/3843/3843 3893/3893/3893 3892/3892/3892
f 3844/3844/3844 3894/3894/3894 3893/3893/3893
f 3845/3845/3845 3895/3895/3895 3894/3894/3894
f 3846/3846/3846 3896/3896/3896 3895/3895/3895
f 3847/3847/3847 3897/3897/3897 3896/3896/3896
f 3848/3848/3848 3898/3898/3898 3897/3897/3897
f 3849/3849/3849 3899/3899/3899 3898/3898/3898
f 3850/3850/3850 3900/3900/3900 3899/3899/3899
f 3851/3851/3851 3901/3901/3901 3900/3900/3900
f 3852/3852/3852 3902/3902/3902 3901/3901/3901
f 3853/3853/3853 3903/3903/3903 3902/3902/3902
f 3854/3854/3854 3904/3904/3904 3903/3903/3903
f 3855/3855/3855 3905/3905/3905 3904/3904/3904
f 3856/3856/3856 3906/3906/3906 3905/3905/3905
f 3857/3857/3857 3907/3907/3907 3906/3906/3906
f 3858/3858/3858 3908/3908/3908 3907/3907/3907
f 3859/3859/3859 3909/3909/3909 3908/3908/3908
f 3860/3860/3860 3910/3910/3910 3909/3909/3909
f 3861/3861/3861 3911/3911/3911 3910/3910/3910
f 3862/3862/3862 3912/3912/3912 3911/3911/3911
f 3863/3863/3863 3913/3913/3913 3912/3912/3912
f 3864/3864/3864 3914/3914/3914 3913/3913/3913
f 3865/3865/3865 3915/3915/3915 3914/3914/3914
f 3866/3866/3866 3916/3916/3916 3915/3915/3915
f 3867/3867/3867 3917/3917/3917 3916/3916/3916
f 3868/3868/3868 3918/3918/3918 3917/3917/3917
f 3869/3869/3869 3919/3919/3919 3918/3918/3918
f 3870/3870/3870 3920/3920/3920 3919/3919/3919
f 3871/3871/3871 3921/3921/3921 3920/3920/3920
f 3872/3872/3872 3922/3922/3922 3921/3921/3921
f 3873/3873/3873 3923/3923/3923 3922/3922/3922
f 3874/3874/3874 3924/3924/3924 3923/3923/3923
f 3875/3875/3875 3925/3925/3925 3924/3924/3924
f 3877/3877/3877 3927/3927/3927 3926/3926/3926
f 3878/3878/3878 3928/3928/3928 3927/3927/3927
f 3879/3879/3879 3929/3929/3929 3928/3928/3928
f 3880/3880/3880 3930/3930/3930 3929/3929/3929
f 3881/3881/3881 3931/3931/3931 3930/3930/3930
f 3882/3882/3882 3932/3932/3932 3931/3931/3931
f 3883/3883/3883 3933/3933/3933 3932/3932/3932
f 3884/3884/3884 3934/3934/3934 3933/3933/3933
f 3885/3885/3885 3935/3935/3935 3934/3934/3934
f 3886/3886/3886 3936/3936/3936 3935/3935/3935
f 3887/3887/3887 3937/3937/3937 3936/3936/3936
f 3888/3888/3888 3938/3938/3938 3937/3937/3937
f 3889/3889/3889 3939/3939/3939 3938/3938/3938
f 3890/3890/3890 3940/3940/3940 3939/3939/3939
f 3891/3891/3891 3941/3941/3941 3940/3940/3940
f 3892/3892/3892 3942/3942/3942 3941/3941/3941
f 3893/3893/3893 3943/3943/3943 3942/3942/3942
f 3894/3894/3894 3944/3944/3944 3943/3943/3943
f 3895/3895/3895 3945/3945/3945 3944/3944/3944
f 3896/3896/3896 3946/3946/3946 3945/3945/3945
f 3897/3897/3897 3947/3947/3947 3946/3946/3946
f 3898/3898/3898 3948/3948/3948 3947/3947/3947
f 3899/3899/3899 3949/3949/3949 3948/3948/3948
f 3900/3900/3900 3950/3950/3950 3949/3949/3949
f 3901/3901/3901 3951/3951/3951 3950/3950/3950
f 3902/3902/3902 3952/3952/3952 3951/3951/3951
f 3903/3903/3903 3953/3953/3953 3952/3952/3952
f 3904/3904/3904 3954/3954/3954 3953/3953/3953
f 3905/3905/3905 3955/3955/3955 3954/3954/3954
f 3906/3906/3906 3956/3956/3956 3955/3955/3955
f 3907/3907/3907 3957/3957/3957 3956/3956/3956
f 3908/3908/3908 3958/3958/3958 3957/3957/3957
f 3909/3909/3909 3959/3959/3959 3958/3958/3958
f 3910/3910/3910 3960/3960/3960 3959/3959/3959
f 3911/3911/3911 3961/3961/3961 3960/3960/3960
f 3912/3912/3912 3962/3962/3962 3961/3961/3961
f 3913/3913/3913 3963/3963/3963 3962/3962/3962
f 3914/3914/3914 3964/3964/3964 3963/3963/3963
f 3915/3915/3915 3965/3965/3965 3964/3964/3964
f 3916/3916/3916 3966/3966/3966 3965/3965/3965
f 3917/3917/3917 3967/3967/3967 3966/3966/3966
f 3918/3918/3918 3968/3968/3968 3967/3967/3967
f 3919/3919/3919 3969/3969/3969 3968/3968/3968
f 3920/3920/3920 3970/3970/3970 3969/3969/3969
f 3921/3921/3921 3971/3971/3971 3970/3970/3970
f 3922/3922/3922 3972/3972/3972 3971/3971/3971
f 3923/3923/3923 3973/3973/3973 3972/3972/3972
f 3924/3924/3924 3974/3974/3974 3973/3973/3973
f 3926/3926/3926 3976/3976/3976 3975/3975/3975
f 3927/3927/3927 3977/3977/3977 3976/3976/3976
f 3928/3928/3928 3978/3978/3978 3977/3977/3977
f 3929/3929/3929 3979/3979/3979 3978/3978/3978
f 3930/3930/3930 3980/3980/3980 3979/3979/3979
f 3931/3931/3931 3981/3981/3981 3980/3980/3980
f 3932/3932/3932 3982/3982/3982 3981/3981/3981
f 3933/3933/3933 3983/3983/3983 3982/3982/3982
f 3934/3934/3934 3984/3984/3984 3983/3983/3983
f 3935/3935/3935 3985/3985/3985 3984/3984/3984
f 3936/3936/3936 3986/3986/3986 3985/3985/3985
f 3937/3937/3937 3987/3987/3987 3986/3986/3986
f 3938/3938/3938 3988/3988/3988 3987/3987/3987
f 3939/3939/3939 3989/3989/3989 3988/3988/3988
f 3940/3940/3940 3990/3990/3990 3989/3989/3989
f 3941/3941/3941 3991/3991/3991 3990/3990/3990
f 3942/3942/3942 3992/3992/3992 3991/3991/3991
f 3943/3943/3943 3993/3993/3993 3992/3992/3992
f 3944/3944/3944 3994/3994/3994 3993/3993/3993
f 3945/3945/3945 3995/3995/3995 3994/3994/3994
f 3946/3946/3946 3996/3996/3996 3995/3995/3995
f 3947/3947/3947 3997/3997/3997 3996/3996/3996
f 3948/3948/3948 3998/3998/3998 3997/3997/3997
f 3949/3949/3949 3999/3999/3999 3998/3998/3998
f 3950/3950/3950 4000/4000/4000 3999/3999/3999
f 3951/3951/3951 4001/4001/4001 4000/4000/4000
f 3952/3952/3952 4002/4002/4002 4001/4001/4001
f 3953/3953/3953 4003/4003/4003 4002/4002/4002
f 3954/3954/3954 4004/4004/4004 4003/4003/4003
f 3955/3955/3955 4005/4005/4005 4004/4004/4004
f 3956/3956/3956 4006/4006/4006 4005/4005/4005
f 3957/3957/3957 4007/4007/4007 4006/4006/4006
f 3958/3958/3958 4008/4008/4008 4007/4007/4007
f 3959/3959/3959 4009/4009/4009 4008/4008/4008
f 3960/3960/3960 4010/4010/4010 4009/4009/4009
f 3961/3961/3961 4011/4011/4011 4010/4010/4010
f 3962/3962/3962 4012/4012/4012 4011/4011/4011
f 3963/3963/3963 4013/4013/4013 4012/4012/4012
f 3964/3964/3964 4014/4014/4014 4013/4013/4013
f 3965/3965/3965 4015/4015/4015 4014/4014/4014
f 3966/3966/3966 4016/4016/4016 4015/4015/4015
f 3967/3967/3967 4017/4017/4017 4016/4016/4016
f 3968/3968/3968 4018/4018/4018 4017/4017/4017
f 3969/3969/3969 4019/4019/4019 4018/4018/4018
f 3970/3970/3970 4020/4020/4020 4019/4019/4019
f 3971/3971/3971 4021/4021/4021 4020/4020/4020
f 3972/3972/3972 4022/4022/4022 4021/4021/4021
f 3973/3973/3973 4023/4023/4023 4022/4022/4022
f 3975/3975/3975 4025/4025/4025 4024/4024/4024
f 3976/3976/3976 4026/4026/4026 4025/4025/4025
f 3977/3977/3977 4027/4027/4027 4026/4026/4026
f 3978/3978/3978 4028/4028/4028 4027/4027/4027
f 3979/3979/3979 4029/4029/4029 4028/4028/4028
f 3980/3980/3980 4030/4030/4030 4029/4029/4029
f 3981/3981/3981 4031/4031/4031 4030/4030/4030
f 3982/3982/3982 4032/4032/4032 4031/4031/4031
f 3983/3983/3983 4033/4033/4033 4032/4032/4032
f 3984/3984/3984 4034/4034/4034 4033/4033/4033
f 3985/3985/3985 4035/4035/4035 4034/4034/4034
f 3986/3986/3986 4036/4036/4036 4035/4035/4035
f 3987/3987/3987 4037/4037/4037 4036/4036/4036
f 3988/3988/3988 4038/4038/4038 4037/4037/4037
f 3989/3989/3989 4039/4039/4039 4038/4038/4038
f 3990/3990/3990 4040/4040/4040 4039/4039/4039
f 3991/3991/3991 4041/4041/4041 4040/4040/4040
f 3992/3992/3992 4042/4042/4042 4041/4041/4041
f 3993/3993/3993 4043/4043/4043 4042/4042/4042
f 3994/3994/3994 4044/4044/4044 4043/4043/4043
f 3995/3995/3995 4045/4045/4045 4044/4044/4044
f 3996/3996/3996 4046/4046/4046 4045/4045/4045
f 3997/3997/3997 4047/4047/4047 4046/4046/4046
f 3998/3998/3998 4048/4048/4048 4047/4047/4047
f 3999/3999/3999 4049/4049/4049 4048/4048/4048
f 4000/4000/4000 4050/4050/4050 4049/4049/4049
f 4001/4001/4001 4051/4051/4051 4050/4050/4050
f 4002/4002/4002 4052/4052/4052 4051/4051/4051
f 4003/4003/4003 4053/4053/4053 4052/4052/4052
f 4004/4004/4004 4054/4054/4054 4053/4053/4053
f 4005/4005/4005 4055/4055/4055 4054/4054/4054
f 4006/4006/4006 4056/4056/4056 4055/4055/4055
f 4007/4007/4007 4057/4057/4057 4056/4056/4056
f 4008/4008/4008 4058/4058/4058 4057/4057/4057
f 4009/4009/4009 4059/4059/4059 4058/4058/4058
f 4010/4010/4010 4060/4060/4060 4059/4059/4059
f 4011/4011/4011 4061/4061/4061 4060/4060/4060
f 4012/4012/4012 4062/4062/4062 4061/4061/4061
f 4013/4013/4013 4063/4063/4063 4062/4062/4062
f 4014/4014/4014 4064/4064/4064 4063/4063/4063
f 4015/4015/4015 4065/4065/4065 4064/4064/4064
f 4016/4016/4016 4066/4066/4066 4065/4065/4065
f 4017/4017/4017 4067/4067/4067 4066/4066/4066
f 4018/4018/4018 4068/4068/4068 4067/4067/4067
f 4019/4019/4019 4069/4069/4069 4068/4068/4068
f 4020/4020/4020 4070/4070/4070 4069/4069/4069
f 4021/4021/4021 4071/4071/4071 4070/4070/4070
f 4022/4022/4022 4072/4072/4072 4071/4071/4071
f 4024/4024/4024 4074/4074/4074 4073/4073/4073
f 4025/4025/4025 4075/4075/4075 4074/4074/4074
f 4026/4026/4026 4076/4076/4076 4075/4075/4075
f 4027/4027/4027 4077/4077/4077 4076/4076/4076
f 4028/4028/4028 4078/4078/4078 4077/4077/4077
f 4029/4029/4029 4079/4079/4079 4078/4078/4078
f 4030/4030/4030 4080/4080/4080 4079/4079/4079
f 4031/4031/4031 4081/4081/4081 4080/4080/4080
f 4032/4032/4032 4082/4082/4082 4081/4081/4081
f 4033/4033/4033 4083/4083/4083 4082/4082/4082
f 4034/4034/4034 4084/4084/4084 4083/4083/4083
f 4035/4035/4035 4085/4085/4085 4084/4084/4084
f 4036/4036/4036 4086/4086/4086 4085/4085/4085
f 4037/4037/4037 4087/4087/4087 4086/4086/4086
f 4038/4038/4038 4088/4088/4088 4087/4087/4087
f 4039/4039/4039 4089/4089/4089 4088/4088/4088
f 4040/4040/4040 4090/4090/4090 4089/4089/4089
f 4041/4041/4041 4091/4091/4091 4090/4090/4090
f 4042/4042/4042 4092/4092/4092 4091/4091/4091
f 4043/4043/4043 4093/4093/4093 4092/4092/4092
f 4044/4044/4044 4094/4094/4094 4093/4093/4093
f 4045/4045/4045 4095/4095/4095 4094/4094/4094
f 4046/4046/4046 4096/4096/4096 4095/4095/4095
f 4047/4047/4047 4097/4097/4097 4096/4096/4096
f 4048/4048/4048 4098/4098/4098 4097/4097/4097
f 4049/4049/4049 4099/4099/4099 4098/4098/4098
f 4050/4050/4050 4100/4100/4100 4099/4099/4099
f 4051/4051/4051 4101/4101/4101 4100/4100/4100
f 4052/4052/4052 4102/4102/4102 4101/4101/4101
f 4053/4053/4053 4103/4103/4103 4102/4102/4102
f 4054/4054/4054 4104/4104/4104 4103/4103/4103
f 4055/4055/4055 4105/4105/4105 4104/4104/4104
f 4056/4056/4056 4106/4106/4106 4105/4105/4105
f 4057/4057/4057 4107/4107/4107 4106/4106/4106
f 4058/4058/4058 4108/4108/4108 4107/4107/4107
f 4059/4059/4059 4109/4109/4109 4108/4108/4108
f 4060/4060/4060 4110/4110/4110 4109/4109/4109
f 4061/4061/4061 4111/4111/4111 4110/4110/4110
f 4062/4062/4062 4112/4112/4112 4111/4111/4111
f 4063/4063/4063 4113/4113/4113 4112/4112/4112
f 4064/4064/4064 4114/4114/4114 4113/4113/4113
f 4065/4065/4065 4115/4115/4115 4114/4114/4114
f 4066/4066/4066 4116/4116/4116 4115/4115/4115
f 4067/4067/4067 4117/4117/4117 4116/4116/4116
f 4068/4068/4068 4118/4118/4118 4117/4117/4117
f 4069/4069/4069 4119/4119/4119 4118/4118/4118
f 4070/4070/4070 4120/4120/4120 4119/4119/4119
f 4071/4071/4071 4121/4121/4121 4120/4120/4120
f 4073/4073/4073 4123/4123/4123 4122/4122/4122
f 4074/4074/4074 4124/4124/4124 4123/4123/4123
f 4075/4075/4075 4125/4125/4125 4124/4124/4124
f 4076/4076/4076 4126/4126/4126 4125/4125/4125
f 4077/4077/4077 4127/4127/4127 4126/4126/4126
f 4078/4078/4078 4128/4128/4128 4127/4127/4127
f 4079/4079/4079 4129/4129/4129 4128/4128/4128
f 4080/4080/4080 4130/4130/4130 4129/4129/4129
f 4081/4081/4081 4131/4131/4131 4130/4130/4130
f 4082/4082/4082 4132/4132/4132 4131/4131/4131
f 4083/4083/4083 4133/4133/4133 4132/4132/4132
f 4084/4084/4084 4134/4134/4134 4133/4133/4133
f 4085/4085/4085 4135/4135/4135 4134/4134/4134
f 4086/4086/4086 4136/4136/4136 4135/4135/4135
f 4087/4087/4087 4137/4137/4137 4136/4136/4136
f 4088/4088/4088 4138/4138/4138 4137/4137/4137
f 4089/4089/4089 4139/4139/4139 4138/4138/4138
f 4090/4090/4090 4140/4140/4140 4139/4139/4139
f 4091/4091/4091 4141/4141/4141 4140/4140/4140
f 4092/4092/4092 4142/4142/4142 4141/4141/4141
f 4093/4093/4093 4143/4143/4143 4142/4142/4142
f 4094/4094/4094 4144/4144/4144 4143/4143/4143
f 4095/4095/4095 4145/4145/4145 4144/4144/4144
f 4096/4096/4096 4146/4146/4146 4145/4145/4145
f 4097/4097/4097 4147/4147/4147 4146/4146/4146
f 4098/4098/4098 4148/4148/4148 4147/4147/4147
f 4099/4099/4099 4149/4149/4149 4148/4148/4148
f 4100/4100/4100 4150/4150/4150 4149/4149/4149
f 4101/4101/4101 4151/4151/4151 4150/4150/4150
f 4102/4102/4102 4152/4152/4152 4151/4151/4151
f 4103/4103/4103 4153/4153/4153 4152/4152/4152
f 4104/4104/4104 4154/4154/4154 4153/4153/4153
f 4105/4105/4105 4155/4155/4155 4154/4154/4154
f 4106/4106/4106 4156/4156/4156 4155/4155/4155
f 4107/4107/4107 4157/4157/4157 4156/4156/4156
f 4108/4108/4108 4158/4158/4158 4157/4157/4157
f 4109/4109/4109 4159/4159/4159 4158/4158/4158
f 4110/4110/4110 4160/4160/4160 4159/4159/4159
f 4111/4111/4111 4161/4161/4161 4160/4160/4160
f 4112/4112/4112 4162/4162/4162 4161/4161/4161
f 4113/4113/4113 4163/4163/4163 4162/4162/4162
f 4114/4114/4114 4164/4164/4164 4163/4163/4163
f 4115/4115/4115 4165/4165/4165 4164/4164/4164
f 4116/4116/4116 4166/4166/4166 4165/4165/4165
f 4117/4117/4117 4167/4167/4167 4166/4166/4166
f 4118/4118/4118 4168/4168/4168 4167/4167/4167
f 4119/4119/4119 4169/4169/4169 4168/4168/4168
f 4120/4120/4120 4170/4170/4170 4169/4169/4169
f 4122/4122/4122 4172/4172/4172 4171/4171/4171
f 4123/4123/4123 4173/4173/4173 4172/4172/4172
f 4124/4124/4124 4174/4174/4174 4173/4173/4173
f 4125/4125/4125 4175/4175/4175 4174/4174/4174
f 4126/4126/4126 4176/4176/4176 4175/4175/4175
f 4127/4127/4127 4177/4177/4177 4176/4176/4176
f 4128/4128/4128 4178/4178/4178 4177/4177/4177
f 4129/4129/4129 4179/4179/4179 4178/4178/4178
f 4130/4130/4130 4180/4180/4180 4179/4179/4179
f 4131/4131/4131 4181/4181/4181 4180/4180/4180
f 4132/4132/4132 4182/4182/4182 4181/4181/4181
f 4133/4133/4133 4183/4183/4183 4182/4182/4182
f 4134/4134/4134 4184/4184/4184 4183/4183/4183
f 4135/4135/4135 4185/4185/4185 4184/4184/4184
f 4136/4136/4136 4186/4186/4186 4185/4185/4185
f 4137/4137/4137 4187/4187/4187 4186/4186/4186
f 4138/4138/4138 4188/4188/4188 4187/4187/4187
f 4139/4139/4139 4189/4189/4189 4188/4188/4188
f 4140/4140/4140 4190/4190/4190 4189/4189/4189
f 4141/4141/4141 4191/4191/4191 4190/4190/4190
f 4142/4142/4142 4192/4192/4192 4191/4191/4191
f 4143/4143/4143 4193/4193/4193 4192/4192/4192
f 4144/4144/4144 4194/4194/4194 4193/4193/4193
f 4145/4145/4145 4195/4195/4195 4194/4194/4194
f 4146/4146/4146 4196/4196/4196 4195/4195/4195
f 4147/4147/4147 4197/4197/4197 4196/4196/4196
f 4148/4148/4148 4198/4198/4198 4197/4197/4197
f 4149/4149/4149 4199/4199/4199 4198/4198/4198
f 4150/4150/4150 4200/4200/4200 4199/4199/4199
f 4151/4151/4151 4201/4201/4201 4200/4200/4200
f 4152/4152/4152 4202/4202/4202 4201/4201/4201
f 4153/4153/4153 4203/4203/4203 4202/4202/4202
f 4154/4154/4154 4204/4204/4204 4203/4203/4203
f 4155/4155/4155 4205/4205/4205 4204/4204/4204
f 4156/4156/4156 4206/4206/4206 4205/4205/4205
f 4157/4157/4157 4207/4207/4207 4206/4206/4206
f 4158/4158/4158 4208/4208/4208 4207/4207/4207
f 4159/4159/4159 4209/4209/4209 4208/4208/4208
f 4160/4160/4160 4210/4210/4210 4209/4209/4209
f 4161/4161/4161 4211/4211/4211 4210/4210/4210
f 4162/4162/4162 4212/4212/4212 4211/4211/4211
f 4163/4163/4163 4213/4213/4213 4212/4212/4212
f 4164/4164/4164 4214/4214/4214 4213/4213/4213
f 4165/4165/4165 4215/4215/4215 4214/4214/4214
f 4166/4166/4166 4216/4216/4216 4215/4215/4215
f 4167/4167/4167 4217/4217/4217 4216/4216/4216
f 4168/4168/4168 4218/4218/4218 4217/4217/4217
f 4169/4169/4169 4219/4219/4219 4218/4218/4218
f 4171/4171/4171 4221/4221/4221 4220/4220/4220
f 4172/4172/4172 4222/4222/4222 4221/4221/4221
f 4173/4173/4173 4223/4223/4223 4222/4222/4222
f 4174/4174/4174 4224/4224/4224 4223/4223/4223
f 4175/4175/4175 4225/4225/4225 4224/4224/4224
f 4176/4176/4176 4226/4226/4226 4225/4225/4225
f 4177/4177/4177 4227/4227/4227 4226/4226/4226
f 4178/4178/4178 4228/4228/4228 4227/4227/4227
f 4179/4179/4179 4229/4229/4229 4228/4228/4228
f 4180/4180/4180 4230/4230/4230 4229/4229/4229
f 4181/4181/4181 4231/4231/4231 4230/4230/4230
f 4182/4182/4182 4232/4232/4232 4231/4231/4231
f 4183/4183/4183 4233/4233/4233 4232/4232/4232
f 4184/4184/4184 4234/4234/4234 4233/4233/4233
f 4185/4185/4185 4235/4235/4235 4234/4234/4234
f 4186/4186/4186 4236/4236/4236 4235/4235/4235
f 4187/4187/4187 4237/4237/4237 4236/4236/4236
f 4188/4188/4188 4238/4238/4238 4237/4237/4237
f 4189/4189/4189 4239/4239/4239 4238/4238/4238
f 4190/4190/4190 4240/4240/4240 4239/4239/4239
f 4191/4191/4191 4241/4241/4241 4240/4240/4240
f 4192/4192/4192 4242/4242/4242 4241/4241/4241
f 4193/4193/4193 4243/4243/4243 4242/4242/4242
f 4194/4194/4194 4244/4244/4244 4243/4243/4243
f 4195/4195/4195 4245/4245/4245 4244/4244/4244
f 4196/4196/4196 4246/4246/4246 4245/4245/4245
f 4197/4197/4197 4247/4247/4247 4246/4246/4246
f 4198/4198/4198 4248/4248/4248 4247/4247/4247
f 4199/4199/4199 4249/4249/4249 4248/4248/4248
f 4200/4200/4200 4250/4250/4250 4249/4249/4249
f 4201/4201/4201 4251/4251/4251 4250/4250/4250
f 4202/4202/4202 4252/4252/4252 4251/4251/4251
f 4203/4203/4203 4253/4253/4253 4252/4252/4252
f 4204/4204/4204 4254/4254/4254 4253/4253/4253
f 4205/4205/4205 4255/4255/4255 4254/4254/4254
f 4206/4206/4206 4256/4256/4256 4255/4255/4255
f 4207/4207/4207 4257/4257/4257 4256/4256/4256
f 4208/4208/4208 4258/4258/4258 4257/4257/4257
f 4209/4209/4209 4259/4259/4259 4258/4258/4258
f 4210/4210/4210 4260/4260/4260 4259/4259/4259
f 4211/4211/4211 4261/4261/4261 4260/4260/4260
f 4212/4212/4212 4262/4262/4262 4261/4261/4261
f 4213/4213/4213 4263/4263/4263 4262/4262/4262
f 4214/4214/4214 4264/4264/4264 4263/4263/4263
f 4215/4215/4215 4265/4265/4265 4264/4264/4264
f 4216/4216/4216 4266/4266/4266 4265/4265/4265
f 4217/4217/4217 4267/4267/4267 4266/4266/4266
f 4218/4218/4218 4268/4268/4268 4267/4267/4267
f 4220/4220/4220 4270/4270/4270 4269/4269/4269
f 4221/4221/4221 4271/4271/4271 4270/4270/4270
f 4222/4222/4222 4272/4272/4272 4271/4271/4271
f 4223/4223/4223 4273/4273/4273 4272/4272/4272
f 4224/4224/4224 4274/4274/4274 4273/4273/4273
f 4225/4225/4225 4275/4275/4275 4274/4274/4274
f 4226/4226/4226 4276/4276/4276 4275/4275/4275
f 4227/4227/4227 4277/4277/4277 4276/4276/4276
f 4228/4228/4228 4278/4278/4278 4277/4277/4277
f 4229/4229/4229 4279/4279/4279 4278/4278/4278
f 4230/4230/4230 4280/4280/4280 4279/4279/4279
f 4231/4231/4231 4281/4281/4281 4280/4280/4280
f 4232/4232/4232 4282/4282/4282 4281/4281/4281
f 4233/4233/4233 4283/4283/4283 4282/4282/4282
f 4234/4234/4234 4284/4284/4284 4283/4283/4283
f 4235/4235/4235 4285/4285/4285 4284/4284/4284
f 4236/4236/4236 4286/4286/4286 4285/4285/4285
f 4237/4237/4237 4287/4287/4287 4286/4286/4286
f 4238/4238/4238 4288/4288/4288 4287/4287/4287
f 4239/4239/4239 4289/4289/4289 4288/4288/4288
f 4240/4240/4240 4290/4290/4290 4289/4289/4289
f 4241/4241/4241 4291/4291/4291 4290/4290/4290
f 4242/4242/4242 4292/4292/4292 4291/4291/4291
f 4243/4243/4243 4293/4293/4293 4292/4292/4292
f 4244/4244/4244 4294/4294/4294 4293/4293/4293
f 4245/4245/4245 4295/4295/4295 4294/4294/4294
f 4246/4246/4246 4296/4296/4296 4295/4295/4295
f 4247/4247/4247 4297/4297/4297 4296/4296/4296
f 4248/4248/4248 4298/4298/4298 4297/4297/4297
f 4249/4249/4249 4299/4299/4299 4298/4298/4298
f 4250/4250/4250 4300/4300/4300 4299/4299/4299
f 4251/4251/4251 4301/4301/4301 4300/4300/4300
f 4252/4252/4252 4302/4302/4302 4301/4301/4301
f 4253/4253/4253 4303/4303/4303 4302/4302/4302
f 4254/4254/4254 4304/4304/4304 4303/4303/4303
f 4255/4255/4255 4305/4305/4305 4304/4304/4304
f 4256/4256/4256 4306/4306/4306 4305/4305/4305
f 4257/4257/4257 4307/4307/4307 4306/4306/4306
f 4258/4258/4258 4308/4308/4308 4307/4307/4307
f 4259/4259/4259 4309/4309/4309 4308/4308/4308
f 4260/4260/4260 4310/4310/4310 4309/4309/4309
f 4261/4261/4261 4311/4311/4311 4310/4310/4310
f 4262/4262/4262 4312/4312/4312 4311/4311/4311
f 4263/4263/4263 4313/4313/4313 4312/4312/4312
f 4264/4264/4264 4314/4314/4314 4313/4313/4313
f 4265/4265/4265 4315/4315/4315 4314/4314/4314
f 4266/4266/4266 4316/4316/4316 4315/4315/4315
f 4267/4267/4267 4317/4317/4317 4316/4316/4316
f 4269/4269/4269 4319/4319/4319 4318/4318/4318
f 4270/4270/4270 4320/4320/4320 4319/4319/4319
f 4271/4271/4271 4321/4321/4321 4320/4320/4320
f 4272/4272/4272 4322/4322/4322 4321/4321/4321
f 4273/4273/4273 4323/4323/4323 4322/4322/4322
f 4274/4274/4274 4324/4324/4324 4323/4323/4323
f 4275/4275/4275 4325/4325/4325 4324/4324/4324
f 4276/4276/4276 4326/4326/4326 4325/4325/4325
f 4277/4277/4277 4327/4327/4327 4326/4326/4326
f 4278/4278/4278 4328/4328/4328 4327/4327/4327
f 4279/4279/4279 4329/4329/4329 4328/4328/4328
f 4280/4280/4280 4330/4330/4330 4329/4329/4329
f 4281/4281/4281 4331/4331/4331 4330/4330/4330
f 4282/4282/4282 4332/4332/4332 4331/4331/4331
f 4283/4283/4283 4333/4333/4333 4332/4332/4332
f 4284/4284/4284 4334/4334/4334 4333/4333/4333
f 4285/4285/4285 4335/4335/4335 4334/4334/4334
f 4286/4286/4286 4336/4336/4336 4335/4335/4335
f 4287/4287/4287 4337/4337/4337 4336/4336/4336
f 4288/4288/4288 4338/4338/4338 4337/4337/4337
f 4289/4289/4289 4339/4339/4339 4338/4338/4338
f 4290/4290/4290 4340/4340/4340 4339/4339/4339
f 4291/4291/4291 4341/4341/4341 4340/4340/4340
f 4292/4292/4292 4342/4342/4342 4341/4341/4341
f 4293/4293/4293 4343/4343/4343 4342/4342/4342
f 4294/4294/4294 4344/4344/4344 4343/4343/4343
f 4295/4295/4295 4345/4345/4345 4344/4344/4344
f 4296/4296/4296 4346/4346/4346 4345/4345/4345
f 4297/4297/4297 4347/4347/4347 4346/4346/4346
f 4298/4298/4298 4348/4348/4348 4347/4347/4347
f 4299/4299/4299 4349/4349/4349 4348/4348/4348
f 4300/4300/4300 4350/4350/4350 4349/4349/4349
f 4301/4301/4301 4351/4351/4351 4350/4350/4350
f 4302/4302/4302 4352/4352/4352 4351/4351/4351
f 4303/4303/4303 4353/4353/4353 4352/4352/4352
f 4304/4304/4304 4354/4354/4354 4353/4353/4353
f 4305/4305/4305 4355/4355/4355 4354/4354/4354
f 4306/4306/4306 4356/4356/4356 4355/4355/4355
f 4307/4307/4307 4357/4357/4357 4356/4356/4356
f 4308/4308/4308 4358/4358/4358 4357/4357/4357
f 4309/4309/4309 4359/4359/4359 4358/4358/4358
f 4310/4310/4310 4360/4360/4360 4359/4359/4359
f 4311/4311/4311 4361/4361/4361 4360/4360/4360
f 4312/4312/4312 4362/4362/4362 4361/4361/4361
f 4313/4313/4313 4363/4363/4363 4362/4362/4362
f 4314/4314/4314 4364/4364/4364 4363/4363/4363
f 4315/4315/4315 4365/4365/4365 4364/4364/4364
f 4316/4316/4316 4366/4366/4366 4365/4365/4365
f 4318/4318/4318 4368/4368/4368 4367/4367/4367
f 4319/4319/4319 4369/4369/4369 4368/4368/4368
f 4320/4320/4320 4370/4370/4370 4369/4369/4369
f 4321/4321/4321 4371/4371/4371 4370/4370/4370
f 4322/4322/4322 4372/4372/4372 4371/4371/4371
f 4323/4323/4323 4373/4373/4373 4372/4372/4372
f 4324/4324/4324 4374/4374/4374 4373/4373/4373
f 4325/4325/4325 4375/4375/4375 4374/4374/4374
f 4326/4326/4326 4376/4376/4376 4375/4375/4375
f 4327/4327/4327 4377/4377/4377 4376/4376/4376
f 4328/4328/4328 4378/4378/4378 4377/4377/4377
f 4329/4329/4329 4379/4379/4379 4378/4378/4378
f 4330/4330/4330 4380/4380/4380 4379/4379/4379
f 4331/4331/4331 4381/4381/4381 4380/4380/4380
f 4332/4332/4332 4382/4382/4382 4381/4381/4381
f 4333/4333/4333 4383/4383/4383 4382/4382/4382
f 4334/4334/4334 4384/4384/4384 4383/4383/4383
f 4335/4335/4335 4385/4385/4385 4384/4384/4384
f 4336/4336/4336 4386/4386/4386 4385/4385/4385
f 4337/4337/4337 4387/4387/4387 4386/4386/4386
f 4338/4338/4338 4388/4388/4388 4387/4387/4387
f 4339/4339/4339 4389/4389/4389 4388/4388/4388
f 4340/4340/4340 4390/4390/4390 4389/4389/4389
f 4341/4341/4341 4391/4391/4391 4390/4390/4390
f 4342/4342/4342 4392/4392/4392 4391/4391/4391
f 4343/4343/4343 4393/4393/4393 4392/4392/4392
f 4344/4344/4344 4394/4394/4394 4393/4393/4393
f 4345/4345/4345 4395/4395/4395 4394/4394/4394
f 4346/4346/4346 4396/4396/4396 4395/4395/4395
f 4347/4347/4347 4397/4397/4397 4396/4396/4396
f 4348/4348/4348 4398/4398/4398 4397/4397/4397
f 4349/4349/4349 4399/4399/4399 4398/4398/4398
f 4350/4350/4350 4400/4400/4400 4399/4399/4399
f 4351/4351/4351 4401/4401/4401 4400/4400/4400
f 4352/4352/4352 4402/4402/4402 4401/4401/4401
f 4353/4353/4353 4403/4403/4403 4402/4402/4402
f 4354/4354/4354 4404/4404/4404 4403/4403/4403
f 4355/4355/4355 4405/4405/4405 4404/4404/4404
f 4356/4356/4356 4406/4406/4406 4405/4405/4405
f 4357/4357/4357 4407/4407/4407 4406/4406/4406
f 4358/4358/4358 4408/4408/4408 4407/4407/4407
f 4359/4359/4359 4409/4409/4409 4408/4408/4408
f 4360/4360/4360 4410/4410/4410 4409/4409/4409
f 4361/4361/4361 4411/4411/4411 4410/4410/4410
f 4362/4362/4362 4412/4412/4412 4411/4411/4411
f 4363/4363/4363 4413/4413/4413 4412/4412/4412
f 4364/4364/4364 4414/4414/4414 4413/4413/4413
f 4365/4365/4365 4415/4415/4415 4414/4414/4414
f 4367/4367/4367 4417/4417/4417 4416/4416/4416
f 4368/4368/4368 4418/4418/4418 4417/4417/4417
f 4369/4369/4369 4419/4419/4419 4418/4418/4418
f 4370/4370/4370 4420/4420/4420 4419/4419/4419
f 4371/4371/4371 4421/4421/4421 4420/4420/4420
f 4372/4372/4372 4422/4422/4422 4421/4421/4421
f 4373/4373/4373 4423/4423/4423 4422/4422/4422
f 4374/4374/4374 4424/4424/4424 4423/4423/4423
f 4375/4375/4375 4425/4425/4425 4424/4424/4424
f 4376/4376/4376 4426/4426/4426 4425/4425/4425
f 4377/4377/4377 4427/4427/4427 4426/4426/4426
f 4378/4378/4378 4428/4428/4428 4427/4427/4427
f 4379/4379/4379 4429/4429/4429 4428/4428/4428
f 4380/4380/4380 4430/4430/4430 4429/4429/4429
f 4381/4381/4381 4431/4431/4431 4430/4430/4430
f 4382/4382/4382 4432/4432/4432 4431/4431/4431
f 4383/4383/4383 4433/4433/4433 4432/4432/4432
f 4384/4384/4384 4434/4434/4434 4433/4433/4433
f 4385/4385/4385 4435/4435/4435 4434/4434/4434
f 4386/4386/4386 4436/4436/4436 4435/4435/4435
f 4387/4387/4387 4437/4437/4437 4436/4436/4436
f 4388/4388/4388 4438/4438/4438 4437/4437/4437
f 4389/4389/4389 4439/4439/4439 4438/4438/4438
f 4390/4390/4390 4440/4440/4440 4439/4439/4439
f 4391/4391/4391 4441/4441/4441 4440/4440/4440
f 4392/4392/4392 4442/4442/4442 4441/4441/4441
f 4393/4393/4393 4443/4443/4443 4442/4442/4442
f 4394/4394/4394 4444/4444/4444 4443/4443/4443
f 4395/4395/4395 4445/4445/4445 4444/4444/4444
f 4396/4396/4396 4446/4446/4446 4445/4445/4445
f 4397/4397/4397 4447/4447/4447 4446/4446/4446
f 4398/4398/4398 4448/4448/4448 4447/4447/4447
f 4399/4399/4399 4449/4449/4449 4448/4448/4448
f 4400/4400/4400 4450/4450/4450 4449/4449/4449
f 4401/4401/4401 4451/4451/4451 4450/4450/4450
f 4402/4402/4402 4452/4452/4452 4451/4451/4451
f 4403/4403/4403 4453/4453/4453 4452/4452/4452
f 4404/4404/4404 4454/4454/4454 4453/4453/4453
f 4405/4405/4405 4455/4455/4455 4454/4454/4454
f 4406/4406/4406 4456/4456/4456 4455/4455/4455
f 4407/4407/4407 4457/4457/4457 4456/4456/4456
f 4408/4408/4408 4458/4458/4458 4457/4457/4457
f 4409/4409/4409 4459/4459/4459 4458/4458/4458
f 4410/4410/4410 4460/4460/4460 4459/4459/4459
f 4411/4411/4411 4461/4461/4461 4460/4460/4460
f 4412/4412/4412 4462/4462/4462 4461/4461/4461
f 4413/4413/4413 4463/4463/4463 4462/4462/4462
f 4414/4414/4414 4464/4464/4464 4463/4463/4463
f 4416/4416/4416 4466/4466/4466 4465/4465/4465
f 4417/4417/4417 4467/4467/4467 4466/4466/4466
f 4418/4418/4418 4468/4468/4468 4467/4467/4467
f 4419/4419/4419 4469/4469/4469 4468/4468/4468
f 4420/4420/4420 4470/4470/4470 4469/4469/4469
f 4421/4421/4421 4471/4471/4471 4470/4470/4470
f 4422/4422/4422 4472/4472/4472 4471/4471/4471
f 4423/4423/4423 4473/4473/4473 4472/4472/4472
f 4424/4424/4424 4474/4474/4474 4473/4473/4473
f 4425/4425/4425 4475/4475/4475 4474/4474/4474
f 4426/4426/4426 4476/4476/4476 4475/4475/4475
f 4427/4427/4427 4477/4477/4477 4476/4476/4476
f 4428/4428/4428 4478/4478/4478 4477/4477/4477
f 4429/4429/4429 4479/4479/4479 4478/4478/4478
f 4430/4430/4430 4480/4480/4480 4479/4479/4479
f 4431/4431/4431 4481/4481/4481 4480/4480/4480
f 4432/4432/4432 4482/4482/4482 4481/4481/4481
f 4433/4433/4433 4483/4483/4483 4482/4482/4482
f 4434/4434/4434 4484/4484/4484 4483/4483/4483
f 4435/4435/4435 4485/4485/4485 4484/4484/4484
f 4436/4436/4436 4486/4486/4486 4485/4485/4485
f 4437/4437/4437 4487/4487/4487 4486/4486/4486
f 4438/4438/4438 4488/4488/4488 4487/4487/4487
f 4439/4439/4439 4489/4489/4489 4488/4488/4488
f 4440/4440/4440 4490/4490/4490 4489/4489/4489
f 4441/4441/4441 4491/4491/4491 4490/4490/4490
f 4442/4442/4442 4492/4492/4492 4491/4491/4491
f 4443/4443/4443 4493/4493/4493 4492/4492/4492
f 4444/4444/4444 4494/4494/4494 4493/4493/4493
f 4445/4445/4445 4495/4495/4495 4494/4494/4494
f 4446/4446/4446 4496/4496/4496 4495/4495/4495
f 4447/4447/4447 4497/4497/4497 4496/4496/4496
f 4448/4448/4448 4498/4498/4498 4497/4497/4497
f 4449/4449/4449 4499/4499/4499 4498/4498/4498
f 4450/4450/4450 4500/4500/4500 4499/4499/4499
f 4451/4451/4451 4501/4501/4501 4500/4500/4500
f 4452/4452/4452 4502/4502/4502 4501/4501/4501
f 4453/4453/4453 4503/4503/4503 4502/4502/4502
f 4454/4454/4454 4504/4504/4504 4503/4503/4503
f 4455/4455/4455 4505/4505/4505 4504/4504/4504
f 4456/4456/4456 4506/4506/4506 4505/4505/4505
f 4457/4457/4457 4507/4507/4507 4506/4506/4506
f 4458/4458/4458 4508/4508/4508 4507/4507/4507
f 4459/4459/4459 4509/4509/4509 4508/4508/4508
f 4460/4460/4460 4510/4510/4510 4509/4509/4509
f 4461/4461/4461 4511/4511/4511 4510/4510/4510
f 4462/4462/4462 4512/4512/4512 4511/4511/4511
f 4463/4463/4463 4513/4513/4513 4512/4512/4512
f 4465/4465/4465 4515/4515/4515 4514/4514/4514
f 4466/4466/4466 4516/4516/4516 4515/4515/4515
f 4467/4467/4467 4517/4517/4517 4516/4516/4516
f 4468/4468/4468 4518/4518/4518 4517/4517/4517
f 4469/4469/4469 4519/4519/4519 4518/4518/4518
f 4470/4470/4470 4520/4520/4520 4519/4519/4519
f 4471/4471/4471 4521/4521/4521 4520/4520/4520
f 4472/4472/4472 4522/4522/4522 4521/4521/4521
f 4473/4473/4473 4523/4523/4523 4522/4522/4522
f 4474/4474/4474 4524/4524/4524 4523/4523/4523
f 4475/4475/4475 4525/4525/4525 4524/4524/4524
f 4476/4476/4476 4526/4526/4526 4525/4525/4525
f 4477/4477/4477 4527/4527/4527 4526/4526/4526
f 4478/4478/4478 4528/4528/4528 4527/4527/4527
f 4479/4479/4479 4529/4529/4529 4528/4528/4528
f 4480/4480/4480 4530/4530/4530 4529/4529/4529
f 4481/4481/4481 4531/4531/4531 4530/4530/4530
f 4482/4482/4482 4532/4532/4532 4531/4531/4531
f 4483/4483/4483 4533/4533/4533 4532/4532/4532
f 4484/4484/4484 4534/4534/4534 4533/4533/4533
f 4485/4485/4485 4535/4535/4535 4534/4534/4534
f 4486/4486/4486 4536/4536/4536 4535/4535/4535
f 4487/4487/4487 4537/4537/4537 4536/4536/4536
f 4488/4488/4488 4538/4538/4538 4537/4537/4537
f 4489/4489/4489 4539/4539/4539 4538/4538/4538
f 4490/4490/4490 4540/4540/4540 4539/4539/4539
f 4491/4491/4491 4541/4541/4541 4540/4540/4540
f 4492/4492/4492 4542/4542/4542 4541/4541/4541
f 4493/4493/4493 4543/4543/4543 4542/4542/4542
f 4494/4494/4494 4544/4544/4544 4543/4543/4543
f 4495/4495/4495 4545/4545/4545 4544/4544/4544
f 4496/4496/4496 4546/4546/4546 4545/4545/4545
f 4497/4497/4497 4547/4547/4547 4546/4546/4546
f 4498/4498/4498 4548/4548/4548 4547/4547/4547
f 4499/4499/4499 4549/4549/4549 4548/4548/4548
f 4500/4500/4500 4550/4550/4550 4549/4549/4549
f 4501/4501/4501 4551/4551/4551 4550/4550/4550
f 4502/4502/4502 4552/4552/4552 4551/4551/4551
f 4503/4503/4503 4553/4553/4553 4552/4552/4552
f 4504/4504/4504 4554/4554/4554 4553/4553/4553
f 4505/4505/4505 4555/4555/4555 4554/4554/4554
f 4506/4506/4506 4556/4556/4556 4555/4555/4555
f 4507/4507/4507 4557/4557/4557 4556/4556/4556
f 4508/4508/4508 4558/4558/4558 4557/4557/4557
f 4509/4509/4509 4559/4559/4559 4558/4558/4558
f 4510/4510/4510 4560/4560/4560 4559/4559/4559
f 4511/4511/4511 4561/4561/4561 4560/4560/4560
f 4512/4512/4512 4562/4562/4562 4561/4561/4561
f 4514/4514/4514 4564/4564/4564 4563/4563/4563
f 4515/4515/4515 4565/4565/4565 4564/4564/4564
f 4516/4516/4516 4566/4566/4566 4565/4565/4565
f 4517/4517/4517 4567/4567/4567 4566/4566/4566
f 4518/4518/4518 4568/4568/4568 4567/4567/4567
f 4519/4519/4519 4569/4569/4569 4568/4568/4568
f 4520/4520/4520 4570/4570/4570 4569/4569/4569
f 4521/4521/4521 4571/4571/4571 4570/4570/4570
f 4522/4522/4522 4572/4572/4572 4571/4571/4571
f 4523/4523/4523 4573/4573/4573 4572/4572/4572
f 4524/4524/4524 4574/4574/4574 4573/4573/4573
f 4525/4525/4525 4575/4575/4575 4574/4574/4574
f 4526/4526/4526 4576/4576/4576 4575/4575/4575
f 4527/4527/4527 4577/4577/4577 4576/4576/4576
f 4528/4528/4528 4578/4578/4578 4577/4577/4577
f 4529/4529/4529 4579/4579/4579 4578/4578/4578
f 4530/4530/4530 4580/4580/4580 4579/4579/4579
f 4531/4531/4531 4581/4581/4581 4580/4580/4580
f 4532/4532/4532 4582/4582/4582 4581/4581/4581
f 4533/4533/4533 4583/4583/4583 4582/4582/4582
f 4534/4534/4534 4584/4584/4584 4583/4583/4583
f 4535/4535/4535 4585/4585/4585 4584/4584/4584
f 4536/4536/4536 4586/4586/4586 4585/4585/4585
f 4537/4537/4537 4587/4587/4587 4586/4586/4586
f 4538/4538/4538 4588/4588/4588 4587/4587/4587
f 4539/4539/4539 4589/4589/4589 4588/4588/4588
f 4540/4540/4540 4590/4590/4590 4589/4589/4589
f 4541/4541/4541 4591/4591/4591 4590/4590/4590
f 4542/4542/4542 4592/4592/4592 4591/4591/4591
f 4543/4543/4543 4593/4593/4593 4592/4592/4592
f 4544/4544/4544 4594/4594/4594 4593/4593/4593
f 4545/4545/4545 4595/4595/4595 4594/4594/4594
f 4546/4546/4546 4596/4596/4596 4595/4595/4595
f 4547/4547/4547 4597/4597/4597 4596/4596/4596
f 4548/4548/4548 4598/4598/4598 4597/4597/4597
f 4549/4549/4549 4599/4599/4599 4598/4598/4598
f 4550/4550/4550 4600/4600/4600 4599/4599/4599
f 4551/4551/4551 4601/4601/4601 4600/4600/4600
f 4552/4552/4552 4602/4602/4602 4601/4601/4601
f 4553/4553/4553 4603/4603/4603 4602/4602/4602
f 4554/4554/4554 4604/4604/4604 4603/4603/4603
f 4555/4555/4555 4605/4605/4605 4604/4604/4604
f 4556/4556/4556 4606/4606/4606 4605/4605/4605
f 4557/4557/4557 4607/4607/4607 4606/4606/4606
f 4558/4558/4558 4608/4608/4608 4607/4607/4607
f 4559/4559/4559 4609/4609/4609 4608/4608/4608
f 4560/4560/4560 4610/4610/4610 4609/4609/4609
f 4561/4561/4561 4611/4611/4611 4610/4610/4610
f 4563/4563/4563 4613/4613/4613 4612/4612/4612
f 4564/4564/4564 4614/4614/4614 4613/4613/4613
f 4565/4565/4565 4615/4615/4615 4614/4614/4614
f 4566/4566/4566 4616/4616/4616 4615/4615/4615
f 4567/4567/4567 4617/4617/4617 4616/4616/4616
f 4568/4568/4568 4618/4618/4618 4617/4617/4617
f 4569/4569/4569 4619/4619/4619 4618/4618/4618
f 4570/4570/4570 4620/4620/4620 4619/4619/4619
f 4571/4571/4571 4621/4621/4621 4620/4620/4620
f 4572/4572/4572 4622/4622/4622 4621/4621/4621
f 4573/4573/4573 4623/4623/4623 4622/4622/4622
f 4574/4574/4574 4624/4624/4624 4623/4623/4623
f 4575/4575/4575 4625/4625/4625 4624/4624/4624
f 4576/4576/4576 4626/4626/4626 4625/4625/4625
f 4577/4577/4577 4627/4627/4627 4626/4626/4626
f 4578/4578/4578 4628/4628/4628 4627/4627/4627
f 4579/4579/4579 4629/4629/4629 4628/4628/4628
f 4580/4580/4580 4630/4630/4630 4629/4629/4629
f 4581/4581/4581 4631/4631/4631 4630/4630/4630
f 4582/4582/4582 4632/4632/4632 4631/4631/4631
f 4583/4583/4583 4633/4633/4633 4632/4632/4632
f 4584/4584/4584 4634/4634/4634 4633/4633/4633
f 4585/4585/4585 4635/4635/4635 4634/4634/4634
f 4586/4586/4586 4636/4636/4636 4635/4635/4635
f 4587/4587/4587 4637/4637/4637 4636/4636/4636
f 4588/4588/4588 4638/4638/4638 4637/4637/4637
f 4589/4589/4589 4639/4639/4639 4638/4638/4638
f 4590/4590/4590 4640/4640/4640 4639/4639/4639
f 4591/4591/4591 4641/4641/4641 4640/4640/4640
f 4592/4592/4592 4642/4642/4642 4641/4641/4641
f 4593/4593/4593 4643/4643/4643 4642/4642/4642
f 4594/4594/4594 4644/4644/4644 4643/4643/4643
f 4595/4595/4595 4645/4645/4645 4644/4644/4644
f 4596/4596/4596 4646/4646/4646 4645/4645/4645
f 4597/4597/4597 4647/4647/4647 4646/4646/4646
f 4598/4598/4598 4648/4648/4648 4647/4647/4647
f 4599/4599/4599 4649/4649/4649 4648/4648/4648
f 4600/4600/4600 4650/4650/4650 4649/4649/4649
f 4601/4601/4601 4651/4651/4651 4650/4650/4650
f 4602/4602/4602 4652/4652/4652 4651/4651/4651
f 4603/4603/4603 4653/4653/4653 4652/4652/4652
f 4604/4604/4604 4654/4654/4654 4653/4653/4653
f 4605/4605/4605 4655/4655/4655 4654/4654/4654
f 4606/4606/4606 4656/4656/4656 4655/4655/4655
f 4607/4607/4607 4657/4657/4657 4656/4656/4656
f 4608/4608/4608 4658/4658/4658 4657/4657/4657
f 4609/4609/4609 4659/4659/4659 4658/4658/4658
f 4610/4610/4610 4660/4660/4660 4659/4659/4659
f 4612/4612/4612 4662/4662/4662 4661/4661/4661
f 4613/4613/4613 4663/4663/4663 4662/4662/4662
f 4614/4614/4614 4664/4664/4664 4663/4663/4663
f 4615/4615/4615 4665/4665/4665 4664/4664/4664
f 4616/4616/4616 4666/4666/4666 4665/4665/4665
f 4617/4617/4617 4667/4667/4667 4666/4666/4666
f 4618/4618/4618 4668/4668/4668 4667/4667/4667
f 4619/4619/4619 4669/4669/4669 4668/4668/4668
f 4620/4620/4620 4670/4670/4670 4669/4669/4669
f 4621/4621/4621 4671/4671/4671 4670/4670/4670
f 4622/4622/4622 4672/4672/4672 4671/4671/4671
f 4623/4623/4623 4673/4673/4673 4672/4672/4672
f 4624/4624/4624 4674/4674/4674 4673/4673/4673
f 4625/4625/4625 4675/4675/4675 4674/4674/4674
f 4626/4626/4626 4676/4676/4676 4675/4675/4675
f 4627/4627/4627 4677/4677/4677 4676/4676/4676
f 4628/4628/4628 4678/4678/4678 4677/4677/4677
f 4629/4629/4629 4679/4679/4679 4678/4678/4678
f 4630/4630/4630 4680/4680/4680 4679/4679/4679
f 4631/4631/4631 4681/4681/4681 4680/4680/4680
f 4632/4632/4632 4682/4682/4682 4681/4681/4681
f 4633/4633/4633 4683/4683/4683 4682/4682/4682
f 4634/4634/4634 4684/4684/4684 4683/4683/4683
f 4635/4635/4635 4685/4685/4685 4684/4684/4684
f 4636/4636/4636 4686/4686/4686 4685/4685/4685
f 4637/4637/4637 4687/4687/4687 4686/4686/4686
f 4638/4638/4638 4688/4688/4688 4687/4687/4687
f 4639/4639/4639 4689/4689/4689 4688/4688/4688
f 4640/4640/4640 4690/4690/4690 4689/4689/4689
f 4641/4641/4641 4691/4691/4691 4690/4690/4690
f 4642/4642/4642 4692/4692/4692 4691/4691/4691
f 4643/4643/4643 4693/4693/4693 4692/4692/4692
f 4644/4644/4644 4694/4694/4694 4693/4693/4693
f 4645/4645/4645 4695/4695/4695 4694/4694/4694
f 4646/4646/4646 4696/4696/4696 4695/4695/4695
f 4647/4647/4647 4697/4697/4697 4696/4696/4696
f 4648/4648/4648 4698/4698/4698 4697/4697/4697
f 4649/4649/4649 4699/4699/4699 4698/4698/4698
f 4650/4650/4650 4700/4700/4700 4699/4699/4699
f 4651/4651/4651 4701/4701/4701 4700/4700/4700
f 4652/4652/4652 4702/4702/4702 4701/4701/4701
f 4653/4653/4653 4703/4703/4703 4702/4702/4702
f 4654/4654/4654 4704/4704/4704 4703/4703/4703
f 4655/4655/4655 4705/4705/4705 4704/4704/4704
f 4656/4656/4656 4706/4706/4706 4705/4705/4705
f 4657/4657/4657 4707/4707/4707 4706/4706/4706
f 4658/4658/4658 4708/4708/4708 4707/4707/4707
f 4659/4659/4659 4709/4709/4709 4708/4708/4708
f 4661/4661/4661 4711/4711/4711 4710/4710/4710
f 4662/4662/4662 4712/4712/4712 4711/4711/4711
f 4663/4663/4663 4713/4713/4713 4712/4712/4712
f 4664/4664/4664 4714/4714/4714 4713/4713/4713
f 4665/4665/4665 4715/4715/4715 4714/4714/4714
f 4666/4666/4666 4716/4716/4716 4715/4715/4715
f 4667/4667/4667 4717/4717/4717 4716/4716/4716
f 4668/4668/4668 4718/4718/4718 4717/4717/4717
f 4669/4669/4669 4719/4719/4719 4718/4718/4718
f 4670/4670/4670 4720/4720/4720 4719/4719/4719
f 4671/4671/4671 4721/4721/4721 4720/4720/4720
f 4672/4672/4672 4722/4722/4722 4721/4721/4721
f 4673/4673/4673 4723/4723/4723 4722/4722/4722
f 4674/4674/4674 4724/4724/4724 4723/4723/4723
f 4675/4675/4675 4725/4725/4725 4724/4724/4724
f 4676/4676/4676 4726/4726/4726 4725/4725/4725
f 4677/4677/4677 4727/4727/4727 4726/4726/4726
f 4678/4678/4678 4728/4728/4728 4727/4727/4727
f 4679/4679/4679 4729/4729/4729 4728/4728/4728
f 4680/4680/4680 4730/4730/4730 4729/4729/4729
f 4681/4681/4681 4731/4731/4731 4730/4730/4730
f 4682/4682/4682 4732/4732/4732 4731/4731/4731
f 4683/4683/4683 4733/4733/4733 4732/4732/4732
f 4684/4684/4684 4734/4734/4734 4733/4733/4733
f 4685/4685/4685 4735/4735/4735 4734/4734/4734
f 4686/4686/4686 4736/4736/4736 4735/4735/4735
f 4687/4687/4687 4737/4737/4737 4736/4736/4736
f 4688/4688/4688 4738/4738/4738 4737/4737/4737
f 4689/4689/4689 4739/4739/4739 4738/4738/4738
f 4690/4690/4690 4740/4740/4740 4739/4739/4739
f 4691/4691/4691 4741/4741/4741 4740/4740/4740
f 4692/4692/4692 4742/4742/4742 4741/4741/4741
f 4693/4693/4693 4743/4743/4743 4742/4742/4742
f 4694/4694/4694 4744/4744/4744 4743/4743/4743
f 4695/4695/4695 4745/4745/4745 4744/4744/4744
f 4696/4696/4696 4746/4746/4746 4745/4745/4745
f 4697/4697/4697 4747/4747/4747 4746/4746/4746
f 4698/4698/4698 4748/4748/4748 4747/4747/4747
f 4699/4699/4699 4749/4749/4749 4748/4748/4748
f 4700/4700/4700 4750/4750/4750 4749/4749/4749
f 4701/4701/4701 4751/4751/4751 4750/4750/4750
f 4702/4702/4702 4752/4752/4752 4751/4751/4751
f 4703/4703/4703 4753/4753/4753 4752/4752/4752
f 4704/4704/4704 4754/4754/4754 4753/4753/4753
f 4705/4705/4705 4755/4755/4755 4754/4754/4754
f 4706/4706/4706 4756/4756/4756 4755/4755/4755
f 4707/4707/4707 4757/4757/4757 4756/4756/4756
f 4708/4708/4708 4758/4758/4758 4757/4757/4757
f 4710/4710/4710 4760/4760/4760 4759/4759/4759
f 4711/4711/4711 4761/4761/4761 4760/4760/4760
f 4712/4712/4712 4762/4762/4762 4761/4761/4761
f 4713/4713/4713 4763/4763/4763 4762/4762/4762
f 4714/4714/4714 4764/4764/4764 4763/4763/4763
f 4715/4715/4715 4765/4765/4765 4764/4764/4764
f 4716/4716/4716 4766/4766/4766 4765/4765/4765
f 4717/4717/4717 4767/4767/4767 4766/4766/4766
f 4718/4718/4718 4768/4768/4768 4767/4767/4767
f 4719/4719/4719 4769/4769/4769 4768/4768/4768
f 4720/4720/4720 4770/4770/4770 4769/4769/4769
f 4721/4721/4721 4771/4771/4771 4770/4770/4770
f 4722/4722/4722 4772/4772/4772 4771/4771/4771
f 4723/4723/4723 4773/4773/4773 4772/4772/4772
f 4724/4724/4724 4774/4774/4774 4773/4773/4773
f 4725/4725/4725 4775/4775/4775 4774/4774/4774
f 4726/4726/4726 4776/4776/4776 4775/4775/4775
f 4727/4727/4727 4777/4777/4777 4776/4776/4776
f 4728/4728/4728 4778/4778/4778 4777/4777/4777
f 4729/4729/4729 4779/4779/4779 4778/4778/4778
f 4730/4730/4730 4780/4780/4780 4779/4779/4779
f 4731/4731/4731 4781/4781/4781 4780/4780/4780
f 4732/4732/4732 4782/4782/4782 4781/4781/4781
f 4733/4733/4733 4783/4783/4783 4782/4782/4782
f 4734/4734/4734 4784/4784/4784 4783/4783/4783
f 4735/4735/4735 4785/4785/4785 4784/4784/4784
f 4736/4736/4736 4786/4786/4786 4785/4785/4785
f 4737/4737/4737 4787/4787/4787 4786/4786/4786
f 4738/4738/4738 4788/4788/4788 4787/4787/4787
f 4739/4739/4739 4789/4789/4789 4788/4788/4788
f 4740/4740/4740 4790/4790/4790 4789/4789/4789
f 4741/4741/4741 4791/4791/4791 4790/4790/4790
f 4742/4742/4742 4792/4792/4792 4791/4791/4791
f 4743/4743/4743 4793/4793/4793 4792/4792/4792
f 4744/4744/4744 4794/4794/4794 4793/4793/4793
f 4745/4745/4745 4795/4795/4795 4794/4794/4794
f 4746/4746/4746 4796/4796/4796 4795/4795/4795
f 4747/4747/4747 4797/4797/4797 4796/4796/4796
f 4748/4748/4748 4798/4798/4798 4797/4797/4797
f 4749/4749/4749 4799/4799/4799 4798/4798/4798
f 4750/4750/4750 4800/4800/4800 4799/4799/4799
f 4751/4751/4751 4801/4801/4801 4800/4800/4800
f 4752/4752/4752 4802/4802/4802 4801/4801/4801
f 4753/4753/4753 4803/4803/4803 4802/4802/4802
f 4754/4754/4754 4804/4804/4804 4803/4803/4803
f 4755/4755/4755 4805/4805/4805 4804/4804/4804
f 4756/4756/4756 4806/4806/4806 4805/4805/4805
f 4757/4757/4757 4807/4807/4807 4806/4806/4806
f 4759/4759/4759 4809/4809/4809 4808/4808/4808
f 4760/4760/4760 4810/4810/4810 4809/4809/4809
f 4761/4761/4761 4811/4811/4811 4810/4810/4810
f 4762/4762/4762 4812/4812/4812 4811/4811/4811
f 4763/4763/4763 4813/4813/4813 4812/4812/4812
f 4764/4764/4764 4814/4814/4814 4813/4813/4813
f 4765/4765/4765 4815/4815/4815 4814/4814/4814
f 4766/4766/4766 4816/4816/4816 4815/4815/4815
f 4767/4767/4767 4817/4817/4817 4816/4816/4816
f 4768/4768/4768 4818/4818/4818 4817/4817/4817
f 4769/4769/4769 4819/4819/4819 4818/4818/4818
f 4770/4770/4770 4820/4820/4820 4819/4819/4819
f 4771/4771/4771 4821/4821/4821 4820/4820/4820
f 4772/4772/4772 4822/4822/4822 4821/4821/4821
f 4773/4773/4773 4823/4823/4823 4822/4822/4822
f 4774/4774/4774 4824/4824/4824 4823/4823/4823
f 4775/4775/4775 4825/4825/4825 4824/4824/4824
f 4776/4776/4776 4826/4826/4826 4825/4825/4825
f 4777/4777/4777 4827/4827/4827 4826/4826/4826
f 4778/4778/4778 4828/4828/4828 4827/4827/4827
f 4779/4779/4779 4829/4829/4829 4828/4828/4828
f 4780/4780/4780 4830/4830/4830 4829/4829/4829
f 4781/4781/4781 4831/4831/4831 4830/4830/4830
f 4782/4782/4782 4832/4832/4832 4831/4831/4831
f 4783/4783/4783 4833/4833/4833 4832/4832/4832
f 4784/4784/4784 4834/4834/4834 4833/4833/4833
f 4785/4785/4785 4835/4835/4835 4834/4834/4834
f 4786/4786/4786 4836/4836/4836 4835/4835/4835
f 4787/4787/4787 4837/4837/4837 4836/4836/4836
f 4788/4788/4788 4838/4838/4838 4837/4837/4837
f 4789/4789/4789 4839/4839/4839 4838/4838/4838
f 4790/4790/4790 4840/4840/4840 4839/4839/4839
f 4791/4791/4791 4841/4841/4841 4840/4840/4840
f 4792/4792/4792 4842/4842/4842 4841/4841/4841
f 4793/4793/4793 4843/4843/4843 4842/4842/4842
f 4794/4794/4794 4844/4844/4844 4843/4843/4843
f 4795/4795/4795 4845/4845/4845 4844/4844/4844
f 4796/4796/4796 4846/4846/4846 4845/4845/4845
f 4797/4797/4797 4847/4847/4847 4846/4846/4846
f 4798/4798/4798 4848/4848/4848 4847/4847/4847
f 4799/4799/4799 4849/4849/4849 4848/4848/4848
f 4800/4800/4800 4850/4850/4850 4849/4849/4849
f 4801/4801/4801 4851/4851/4851 4850/4850/4850
f 4802/4802/4802 4852/4852/4852 4851/4851/4851
f 4803/4803/4803 4853/4853/4853 4852/4852/4852
f 4804/4804/4804 4854/4854/4854 4853/4853/4853
f 4805/4805/4805 4855/4855/4855 4854/4854/4854
f 4806/4806/4806 4856/4856/4856 4855/4855/4855
f 4808/4808/4808 4858/4858/4858 4857/4857/4857
f 4809/4809/4809 4859/4859/4859 4858/4858/4858
f 4810/4810/4810 4860/4860/4860 4859/4859/4859
f 4811/4811/4811 4861/4861/4861 4860/4860/4860
f 4812/4812/4812 4862/4862/4862 4861/4861/4861
f 4813/4813/4813 4863/4863/4863 4862/4862/4862
f 4814/4814/4814 4864/4864/4864 4863/4863/4863
f 4815/4815/4815 4865/4865/4865 4864/4864/4864
f 4816/4816/4816 4866/4866/4866 4865/4865/4865
f 4817/4817/4817 4867/4867/4867 4866/4866/4866
f 4818/4818/4818 4868/4868/4868 4867/4867/4867
f 4819/4819/4819 4869/4869/4869 4868/4868/4868
f 4820/4820/4820 4870/4870/4870 4869/4869/4869
f 4821/4821/4821 4871/4871/4871 4870/4870/4870
f 4822/4822/4822 4872/4872/4872 4871/4871/4871
f 4823/4823/4823 4873/4873/4873 4872/4872/4872
f 4824/4824/4824 4874/4874/4874 4873/4873/4873
f 4825/4825/4825 4875/4875/4875 4874/4874/4874
f 4826/4826/4826 4876/4876/4876 4875/4875/4875
f 4827/4827/4827 4877/4877/4877 4876/4876/4876
f 4828/4828/4828 4878/4878/4878 4877/4877/4877
f 4829/4829/4829 4879/4879/4879 4878/4878/4878
f 4830/4830/4830 4880/4880/4880 4879/4879/4879
f 4831/4831/4831 4881/4881/4881 4880/4880/4880
f 4832/4832/4832 4882/4882/4882 4881/4881/4881
f 4833/4833/4833 4883/4883/4883 4882/4882/4882
f 4834/4834/4834 4884/4884/4884 4883/4883/4883
f 4835/4835/4835 4885/4885/4885 4884/4884/4884
f 4836/4836/4836 4886/4886/4886 4885/4885/4885
f 4837/4837/4837 4887/4887/4887 4886/4886/4886
f 4838/4838/4838 4888/4888/4888 4887/4887/4887
f 4839/4839/4839 4889/4889/4889 4888/4888/4888
f 4840/4840/4840 4890/4890/4890 4889/4889/4889
f 4841/4841/4841 4891/4891/4891 4890/4890/4890
f 4842/4842/4842 4892/4892/4892 4891/4891/4891
f 4843/4843/4843 4893/4893/4893 4892/4892/4892
f 4844/4844/4844 4894/4894/4894 4893/4893/4893
f 4845/4845/4845 4895/4895/4895 4894/4894/4894
f 4846/4846/4846 4896/4896/4896 4895/4895/4895
f 4847/4847/4847 4897/4897/4897 4896/4896/4896
f 4848/4848/4848 4898/4898/4898 4897/4897/4897
f 4849/4849/4849 4899/4899/4899 4898/4898/4898
f 4850/4850/4850 4900/4900/4900 4899/4899/4899
f 4851/4851/4851 4901/4901/4901 4900/4900/4900
f 4852/4852/4852 4902/4902/4902 4901/4901/4901
f 4853/4853/4853 4903/4903/4903 4902/4902/4902
f 4854/4854/4854 4904/4904/4904 4903/4903/4903
f 4855/4855/4855 4905/4905/4905 4904/4904/4904
f 4857/4857/4857 4907/4907/4907 4906/4906/4906
f 4858/4858/4858 4908/4908/4908 4907/4907/4907
f 4859/4859/4859 4909/4909/4909 4908/4908/4908
f 4860/4860/4860 4910/4910/4910 4909/4909/4909
f 4861/4861/4861 4911/4911/4911 4910/4910/4910
f 4862/4862/4862 4912/4912/4912 4911/4911/4911
f 4863/4863/4863 4913/4913/4913 4912/4912/4912
f 4864/4864/4864 4914/4914/4914 4913/4913/4913
f 4865/4865/4865 4915/4915/4915 4914/4914/4914
f 4866/4866/4866 4916/4916/4916 4915/4915/4915
f 4867/4867/4867 4917/4917/4917 4916/4916/4916
f 4868/4868/4868 4918/4918/4918 4917/4917/4917
f 4869/4869/4869 4919/4919/4919 4918/4918/4918
f 4870/4870/4870 4920/4920/4920 4919/4919/4919
f 4871/4871/4871 4921/4921/4921 4920/4920/4920
f 4872/4872/4872 4922/4922/4922 4921/4921/4921
f 4873/4873/4873 4923/4923/4923 4922/4922/4922
f 4874/4874/4874 4924/4924/4924 4923/4923/4923
f 4875/4875/4875 4925/4925/4925 4924/4924/4924
f 4876/4876/4876 4926/4926/4926 4925/4925/4925
f 4877/4877/4877 4927/4927/4927 4926/4926/4926
f 4878/4878/4878 4928/4928/4928 4927/4927/4927
f 4879/4879/4879 4929/4929/4929 4928/4928/4928
f 4880/4880/4880 4930/4930/4930 4929/4929/4929
f 4881/4881/4881 4931/4931/4931 4930/4930/4930
f 4882/4882/4882 4932/4932/4932 4931/4931/4931
f 4883/4883/4883 4933/4933/4933 4932/4932/4932
f 4884/4884/4884 4934/4934/4934 4933/4933/4933
f 4885/4885/4885 4935/4935/4935 4934/4934/4934
f 4886/4886/4886 4936/4936/4936 4935/4935/4935
f 4887/4887/4887 4937/4937/4937 4936/4936/4936
f 4888/4888/4888 4938/4938/4938 4937/4937/4937
f 4889/4889/4889 4939/4939/4939 4938/4938/4938
f 4890/4890/4890 4940/4940/4940 4939/4939/4939
f 4891/4891/4891 4941/4941/4941 4940/4940/4940
f 4892/4892/4892 4942/4942/4942 4941/4941/4941
f 4893/4893/4893 4943/4943/4943 4942/4942/4942
f 4894/4894/4894 4944/4944/4944 4943/4943/4943
f 4895/4895/4895 4945/4945/4945 4944/4944/4944
f 4896/4896/4896 4946/4946/4946 4945/4945/4945
f 4897/4897/4897 4947/4947/4947 4946/4946/4946
f 4898/4898/4898 4948/4948/4948 4947/4947/4947
f 4899/4899/4899 4949/4949/4949 4948/4948/4948
f 4900/4900/4900 4950/4950/4950 4949/4949/4949
f 4901/4901/4901 4951/4951/4951 4950/4950/4950
f 4902/4902/4902 4952/4952/4952 4951/4951/4951
f 4903/4903/4903 4953/4953/4953 4952/4952/4952
f 4904/4904/4904 4954/4954/4954 4953/4953/4953
f 4906/4906/4906 4956/4956/4956 4955/4955/4955
f 4907/4907/4907 4957/4957/4957 4956/4956/4956
f 4908/4908/4908 4958/4958/4958 4957/4957/4957
f 4909/4909/4909 4959/4959/4959 4958/4958/4958
f 4910/4910/4910 4960/4960/4960 4959/4959/4959
f 4911/4911/4911 4961/4961/4961 4960/4960/4960
f 4912/4912/4912 4962/4962/4962 4961/4961/4961
f 4913/4913/4913 4963/4963/4963 4962/4962/4962
f 4914/4914/4914 4964/4964/4964 4963/4963/4963
f 4915/4915/4915 4965/4965/4965 4964/4964/4964
f 4916/4916/4916 4966/4966/4966 4965/4965/4965
f 4917/4917/4917 4967/4967/4967 4966/4966/4966
f 4918/4918/4918 4968/4968/4968 4967/4967/4967
f 4919/4919/4919 4969/4969/4969 4968/4968/4968
f 4920/4920/4920 4970/4970/4970 4969/4969/4969
f 4921/4921/4921 4971/4971/4971 4970/4970/4970
f 4922/4922/4922 4972/4972/4972 4971/4971/4971
f 4923/4923/4923 4973/4973/4973 4972/4972/4972
f 4924/4924/4924 4974/4974/4974 4973/4973/4973
f 4925/4925/4925 4975/4975/4975 4974/4974/4974
f 4926/4926/4926 4976/4976/4976 4975/4975/4975
f 4927/4927/4927 4977/4977/4977 4976/4976/4976
f 4928/4928/4928 4978/4978/4978 4977/4977/4977
f 4929/4929/4929 4979/4979/4979 4978/4978/4978
f 4930/4930/4930 4980/4980/4980 4979/4979/4979
f 4931/4931/4931 4981/4981/4981 4980/4980/4980
f 4932/4932/4932 4982/4982/4982 4981/4981/4981
f 4933/4933/4933 4983/4983/4983 4982/4982/4982
f 4934/4934/4934 4984/4984/4984 4983/4983/4983
f 4935/4935/4935 4985/4985/4985 4984/4984/4984
f 4936/4936/4936 4986/4986/4986 4985/4985/4985
f 4937/4937/4937 4987/4987/4987 4986/4986/4986
f 4938/4938/4938 4988/4988/4988 4987/4987/4987
f 4939/4939/4939 4989/4989/4989 4988/4988/4988
f 4940/4940/4940 4990/4990/4990 4989/4989/4989
f 4941/4941/4941 4991/4991/4991 4990/4990/4990
f 4942/4942/4942 4992/4992/4992 4991/4991/4991
f 4943/4943/4943 4993/4993/4993 4992/4992/4992
f 4944/4944/4944 4994/4994/4994 4993/4993/4993
f 4945/4945/4945 4995/4995/4995 4994/4994/4994
f 4946/4946/4946 4996/4996/4996 4995/4995/4995
f 4947/4947/4947 4997/4997/4997 4996/4996/4996
f 4948/4948/4948 4998/4998/4998 4997/4997/4997
f 4949/4949/4949 4999/4999/4999 4998/4998/4998
f 4950/4950/4950 5000/5000/5000 4999/4999/4999
f 4951/4951/4951 5001/5001/5001 5000/5000/5000
f 4952/4952/4952 5002/5002/5002 5001/5001/5001
f 4953/4953/4953 5003/5003/5003 5002/5002/5002
f 4955/4955/4955 5005/5005/5005 5004/5004/5004
f 4956/4956/4956 5006/5006/5006 5005/5005/5005
f 4957/4957/4957 5007/5007/5007 5006/5006/5006
f 4958/4958/4958 5008/5008/5008 5007/5007/5007
f 4959/4959/4959 5009/5009/5009 5008/5008/5008
f 4960/4960/4960 5010/5010/5010 5009/5009/5009
f 4961/4961/4961 5011/5011/5011 5010/5010/5010
f 4962/4962/4962 5012/5012/5012 5011/5011/5011
f 4963/4963/4963 5013/5013/5013 5012/5012/5012
f 4964/4964/4964 5014/5014/5014 5013/5013/5013
f 4965/4965/4965 5015/5015/5015 5014/5014/5014
f 4966/4966/4966 5016/5016/5016 5015/5015/5015
f 4967/4967/4967 5017/5017/5017 5016/5016/5016
f 4968/4968/4968 5018/5018/5018 5017/5017/5017
f 4969/4969/4969 5019/5019/5019 5018/5018/5018
f 4970/4970/4970 5020/5020/5020 5019/5019/5019
f 4971/4971/4971 5021/5021/5021 5020/5020/5020
f 4972/4972/4972 5022/5022/5022 5021/5021/5021
f 4973/4973/4973 5023/5023/5023 5022/5022/5022
f 4974/4974/4974 5024/5024/5024 5023/5023/5023
f 4975/4975/4975 5025/5025/5025 5024/5024/5024
f 4976/4976/4976 5026/5026/5026 5025/5025/5025
f 4977/4977/4977 5027/5027/5027 5026/5026/5026
f 4978/4978/4978 5028/5028/5028 5027/5027/5027
f 4979/4979/4979 5029/5029/5029 5028/5028/5028
f 4980/4980/4980 5030/5030/5030 5029/5029/5029
f 4981/4981/4981 5031/5031/5031 5030/5030/5030
f 4982/4982/4982 5032/5032/5032 5031/5031/5031
f 4983/4983/4983 5033/5033/5033 5032/5032/5032
f 4984/4984/4984 5034/5034/5034 5033/5033/5033
f 4985/4985/4985 5035/5035/5035 5034/5034/5034
f 4986/4986/4986 5036/5036/5036 5035/5035/5035
f 4987/4987/4987 5037/5037/5037 5036/5036/5036
f 4988/4988/4988 5038/5038/5038 5037/5037/5037
f 4989/4989/4989 5039/5039/5039 5038/5038/5038
f 4990/4990/4990 5040/5040/5040 5039/5039/5039
f 4991/4991/4991 5041/5041/5041 5040/5040/5040
f 4992/4992/4992 5042/5042/5042 5041/5041/5041
f 4993/4993/4993 5043/5043/5043 5042/5042/5042
f 4994/4994/4994 5044/5044/5044 5043/5043/5043
f 4995/4995/4995 5045/5045/5045 5044/5044/5044
f 4996/4996/4996 5046/5046/5046 5045/5045/5045
f 4997/4997/4997 5047/5047/5047 5046/5046/5046
f 4998/4998/4998 5048/5048/5048 5047/5047/5047
f 4999/4999/4999 5049/5049/5049 5048/5048/5048
f 5000/5000/5000 5050/5050/5050 5049/5049/5049
f 5001/5001/5001 5051/5051/5051 5050/5050/5050
f 5002/5002/5002 5052/5052/5052 5051/5051/5051
f 5004/5004/5004 5054/5054/5054 5053/5053/5053
f 5005/5005/5005 5055/5055/5055 5054/5054/5054
f 5006/5006/5006 5056/5056/5056 5055/5055/5055
f 5007/5007/5007 5057/5057/5057 5056/5056/5056
f 5008/5008/5008 5058/5058/5058 5057/5057/5057
f 5009/5009/5009 5059/5059/5059 5058/5058/5058
f 5010/5010/5010 5060/5060/5060 5059/5059/5059
f 5011/5011/5011 5061/5061/5061 5060/5060/5060
f 5012/5012/5012 5062/5062/5062 5061/5061/5061
f 5013/5013/5013 5063/5063/5063 5062/5062/5062
f 5014/5014/5014 5064/5064/5064 5063/5063/5063
f 5015/5015/5015 5065/5065/5065 5064/5064/5064
f 5016/5016/5016 5066/5066/5066 5065/5065/5065
f 5017/5017/5017 5067/5067/5067 5066/5066/5066
f 5018/5018/5018 5068/5068/5068 5067/5067/5067
f 5019/5019/5019 5069/5069/5069 5068/5068/5068
f 5020/5020/5020 5070/5070/5070 5069/5069/5069
f 5021/5021/5021 5071/5071/5071 5070/5070/5070
f 5022/5022/5022 5072/5072/5072 5071/5071/5071
f 5023/5023/5023 5073/5073/5073 5072/5072/5072
f 5024/5024/5024 5074/5074/5074 5073/5073/5073
f 5025/5025/5025 5075/5075/5075 5074/5074/5074
f 5026/5026/5026 5076/5076/5076 5075/5075/5075
f 5027/5027/5027 5077/5077/5077 5076/5076/5076
f 5028/5028/5028 5078/5078/5078 5077/5077/5077
f 5029/5029/5029 5079/5079/5079 5078/5078/5078
f 5030/5030/5030 5080/5080/5080 5079/5079/5079
f 5031/5031/5031 5081/5081/5081 5080/5080/5080
f 5032/5032/5032 5082/5082/5082 5081/5081/5081
f 5033/5033/5033 5083/5083/5083 5082/5082/5082
f 5034/5034/5034 5084/5084/5084 5083/5083/5083
f 5035/5035/5035 5085/5085/5085 5084/5084/5084
f 5036/5036/5036 5086/5086/5086 5085/5085/5085
f 5037/5037/5037 5087/5087/5087 5086/5086/5086
f 5038/5038/5038 5088/5088/5088 5087/5087/5087
f 5039/5039/5039 5089/5089/5089 5088/5088/5088
f 5040/5040/5040 5090/5090/5090 5089/5089/5089
f 5041/5041/5041 5091/5091/5091 5090/5090/5090
f 5042/5042/5042 5092/5092/5092 5091/5091/5091
f 5043/5043/5043 5093/5093/5093 5092/5092/5092
f 5044/5044/5044 5094/5094/5094 5093/5093/5093
f 5045/5045/5045 5095/5095/5095 5094/5094/5094
f 5046/5046/5046 5096/5096/5096 5095/5095/5095
f 5047/5047/5047 5097/5097/5097 5096/5096/5096
f 5048/5048/5048 5098/5098/5098 5097/5097/5097
f 5049/5049/5049 5099/5099/5099 5098/5098/5098
f 5050/5050/5050 5100/5100/5100 5099/5099/5099
f 5051/5051/5051 5101/5101/5101 5100/5100/5100
f 5102/5102/5102 5103/5103/5103 5116/5116/5116
f 5103/5103/5103 5104/5104/5104 5117/5117/5117
f 5104/5104/5104 5105/5105/5105 5118/5118/5118
f 5105/5105/5105 5106/5106/5106 5119/5119/5119
f 5106/5106/5106 5107/5107/5107 5120/5120/5120
f 5107/5107/5107 5108/5108/5108 5121/5121/5121
f 5108/5108/5108 5109/5109/5109 5122/5122/5122
f 5109/5109/5109 5110/5110/5110 5123/5123/5123
f 5110/5110/5110 5111/5111/5111 5124/5124/5124
f 5111/5111/5111 5112/5112/5112 5125/5125/5125
f 5112/5112/5112 5113/5113/5113 5126/5126/5126
f 5113/5113/5113 5114/5114/5114 5127/5127/5127
f 5115/5115/5115 5116/5116/5116 5129/5129/5129
f 5116/5116/5116 5117/5117/5117 5130/5130/5130
f 5117/5117/5117 5118/5118/5118 5131/5131/5131
f 5118/5118/5118 5119/5119/5119 5132/5132/5132
f 5119/5119/5119 5120/5120/5120 5133/5133/5133
f 5120/5120/5120 5121/5121/5121 5134/5134/5134
f 5121/5121/5121 5122/5122/5122 5135/5135/5135
f 5122/5122/5122 5123/5123/5123 5136/5136/5136
f 5123/5123/5123 5124/5124/5124 5137/5137/5137
f 5124/5124/5124 5125/5125/5125 5138/5138/5138
f 5125/5125/5125 5126/5126/5126 5139/5139/5139
f 5126/5126/5126 5127/5127/5127 5140/5140/5140
f 5128/5128/5128 5129/5129/5129 5142/5142/5142
f 5129/5129/5129 5130/5130/5130 5143/5143/5143
f 5130/5130/5130 5131/5131/5131 5144/5144/5144
f 5131/5131/5131 5132/5132/5132 5145/5145/5145
f 5132/5132/5132 5133/5133/5133 5146/5146/5146
f 5133/5133/5133 5134/5134/5134 5147/5147/5147
f 5134/5134/5134 5135/5135/5135 5148/5148/5148
f 5135/5135/5135 5136/5136/5136 5149/5149/5149
f 5136/5136/5136 5137/5137/5137 5150/5150/5150
f 5137/5137/5137 5138/5138/5138 5151/5151/5151
f 5138/5138/5138 5139/5139/5139 5152/5152/5152
f 5139/5139/5139 5140/5140/5140 5153/5153/5153
f 5141/5141/5141 5142/5142/5142 5155/5155/5155
f 5142/5142/5142 5143/5143/5143 5156/5156/5156
f 5143/5143/5143 5144/5144/5144 5157/5157/5157
f 5144/5144/5144 5145/5145/5145 5158/5158/5158
f 5145/5145/5145 5146/5146/5146 5159/5159/5159
f 5146/5146/5146 5147/5147/5147 5160/5160/5160
f 5147/5147/5147 5148/5148/5148 5161/5161/5161
f 5148/5148/5148 5149/5149/5149 5162/5162/5162
f 5149/5149/5149 5150/5150/5150 5163/5163/5163
f 5150/5150/5150 5151/5151/5151 5164/5164/5164
f 5151/5151/5151 5152/5152/5152 5165/5165/5165
f 5152/5152/5152 5153/5153/5153 5166/5166/5166
f 5154/5154/5154 5155/5155/5155 5168/5168/5168
f 5155/5155/5155 5156/5156/5156 5169/5169/5169
f 5156/5156/5156 5157/5157/5157 5170/5170/5170
f 5157/5157/5157 5158/5158/5158 5171/5171/5171
f 5158/5158/5158 5159/5159/5159 5172/5172/5172
f 5159/5159/5159 5160/5160/5160 5173/5173/5173
f 5160/5160/5160 5161/5161/5161 5174/5174/5174
f 5161/5161/5161 5162/5162/5162 5175/5175/5175
f 5162/5162/5162 5163/5163/5163 5176/5176/5176
f 5163/5163/5163 5164/5164/5164 5177/5177/5177
f 5164/5164/5164 5165/5165/5165 5178/5178/5178
f 5165/5165/5165 5166/5166/5166 5179/5179/5179
f 5167/5167/5167 5168/5168/5168 5181/5181/5181
f 5168/5168/5168 5169/5169/5169 5182/5182/5182
f 5169/5169/5169 5170/5170/5170 5183/5183/5183
f 5170/5170/5170 5171/5171/5171 5184/5184/5184
f 5171/5171/5171 5172/5172/5172 5185/5185/5185
f 5172/5172/5172 5173/5173/5173 5186/5186/5186
f 5173/5173/5173 5174/5174/5174 5187/5187/5187
f 5174/5174/5174 5175/5175/5175 5188/5188/5188
f 5175/5175/5175 5176/5176/5176 5189/5189/5189
f 5176/5176/5176 5177/5177/5177 5190/5190/5190
f 5177/5177/5177 5178/5178/5178 5191/5191/5191
f 5178/5178/5178 5179/5179/5179 5192/5192/5192
f 5180/5180/5180 5181/5181/5181 5194/5194/5194
f 5181/5181/5181 5182/5182/5182 5195/5195/5195
f 5182/5182/5182 5183/5183/5183 5196/5196/5196
f 5183/5183/5183 5184/5184/5184 5197/5197/5197
f 5184/5184/5184 5185/5185/5185 5198/5198/5198
f 5185/5185/5185 5186/5186/5186 5199/5199/5199
f 5186/5186/5186 5187/5187/5187 5200/5200/5200
f 5187/5187/5187 5188/5188/5188 5201/5201/5201
f 5188/5188/5188 5189/5189/5189 5202/5202/5202
f 5189/5189/5189 5190/5190/5190 5203/5203/5203
f 5190/5190/5190 5191/5191/5191 5204/5204/5204
f 5191/5191/5191 5192/5192/5192 5205/5205/5205
f 5193/5193/5193 5194/5194/5194 5207/5207/5207
f 5194/5194/5194 5195/5195/5195 5208/5208/5208
f 5195/5195/5195 5196/5196/5196 5209/5209/5209
f 5196/5196/5196 5197/5197/5197 5210/5210/5210
f 5197/5197/5197 5198/5198/5198 5211/5211/5211
f 5198/5198/5198 5199/5199/5199 5212/5212/5212
f 5199/5199/5199 5200/5200/5200 5213/5213/5213
f 5200/5200/5200 5201/5201/5201 5214/5214/5214
f 5201/5201/5201 5202/5202/5202 5215/5215/5215
f 5202/5202/5202 5203/5203/5203 5216/5216/5216
f 5203/5203/5203 5204/5204/5204 5217/5217/5217
f 5204/5204/5204 5205/5205/5205 5218/5218/5218
f 5102/5102/5102 5116/5116/5116 5115/5115/5115
f 5103/5103/5103 5117/5117/5117 5116/5116/5116
f 5104/5104/5104 5118/5118/5118 5117/5117/5117
f 5105/5105/5105 5119/5119/5119 5118/5118/5118
f 5106/5106/5106 5120/5120/5120 5119/5119/5119
f 5107/5107/5107 5121/5121/5121 5120/5120/5120
f 5108/5108/5108 5122/5122/5122 5121/5121/5121
f 5109/5109/5109 5123/5123/5123 5122/5122/5122
f 5110/5110/5110 5124/5124/5124 5123/5123/5123
f 5111/5111/5111 5125/5125/5125 5124/5124/5124
f 5112/5112/5112 5126/5126/5126 5125/5125/5125
f 5113/5113/5113 5127/5127/5127 5126/5126/5126
f 5115/5115/5115 5129/5129/5129 5128/5128/5128
f 5116/5116/5116 5130/5130/5130 5129/5129/5129
f 5117/5117/5117 5131/5131/5131 5130/5130/5130
f 5118/5118/5118 5132/5132/5132 5131/5131/5131
f 5119/5119/5119 5133/5133/5133 5132/5132/5132
f 5120/5120/5120 5134/5134/5134 5133/5133/5133
f 5121/5121/5121 5135/5135/5135 5134/5134/5134
f 5122/5122/5122 5136/5136/5136 5135/5135/5135
f 5123/5123/5123 5137/5137/5137 5136/5136/5136
f 5124/5124/5124 5138/5138/5138 5137/5137/5137
f 5125/5125/5125 5139/5139/5139 5138/5138/5138
f 5126/5126/5126 5140/5140/5140 5139/5139/5139
f 5128/5128/5128 5142/5142/5142 5141/5141/5141
f 5129/5129/5129 5143/5143/5143 5142/5142/5142
f 5130/5130/5130 5144/5144/5144 5143/5143/5143
f 5131/5131/5131 5145/5145/5145 5144/5144/5144
f 5132/5132/5132 5146/5146/5146 5145/5145/5145
f 5133/5133/5133 5147/5147/5147 5146/5146/5146
f 5134/5134/5134 5148/5148/5148 5147/5147/5147
f 5135/5135/5135 5149/5149/5149 5148/5148/5148
f 5136/5136/5136 5150/5150/5150 5149/5149/5149
f 5137/5137/5137 5151/5151/5151 5150/5150/5150
f 5138/5138/5138 5152/5152/5152 5151/5151/5151
f 5139/5139/5139 5153/5153/5153 5152/5152/5152
f 5141/5141/5141 5155/5155/5155 5154/5154/5154
f 5142/5142/5142 5156/5156/5156 5155/5155/5155
f 5143/5143/5143 5157/5157/5157 5156/5156/5156
f 5144/5144/5144 5158/5158/5158 5157/5157/5157
f 5145/5145/5145 5159/5159/5159 5158/5158/5158
f 5146/5146/5146 5160/5160/5160 5159/5159/5159
f 5147/5147/5147 5161/5161/5161 5160/5160/5160
f 5148/5148/5148 5162/5162/5162 5161/5161/5161
f 5149/5149/5149 5163/5163/5163 5162/5162/5162
f 5150/5150/5150 5164/5164/5164 5163/5163/5163
f 5151/5151/5151 5165/5165/5165 5164/5164/5164
f 5152/5152/5152 5166/5166/5166 5165/5165/5165
f 5154/5154/5154 5168/5168/5168 5167/5167/5167
f 5155/5155/5155 5169/5169/5169 5168/5168/5168
f 5156/5156/5156 5170/5170/5170 5169/5169/5169
f 5157/5157/5157 5171/5171/5171 5170/5170/5170
f 5158/5158/5158 5172/5172/5172 5171/5171/5171
f 5159/5159/5159 5173/5173/5173 5172/5172/5172
f 5160/5160/5160 5174/5174/5174 5173/5173/5173
f 5161/5161/5161 5175/5175/5175 5174/5174/5174
f 5162/5162/5162 5176/5176/5176 5175/5175/5175
f 5163/5163/5163 5177/5177/5177 5176/5176/5176
f 5164/5164/5164 5178/5178/5178 5177/5177/5177
f 5165/5165/5165 5179/5179/5179 5178/5178/5178
f 5167/5167/5167 5181/5181/5181 5180/5180/5180
f 5168/5168/5168 5182/5182/5182 5181/5181/5181
f 5169/5169/5169 5183/5183/5183 5182/5182/5182
f 5170/5170/5170 5184/5184/5184 5183/5183/5183
f 5171/5171/5171 5185/5185/5185 5184/5184/5184
f 5172/5172/5172 5186/5186/5186 5185/5185/5185
f 5173/5173/5173 5187/5187/5187 5186/5186/5186
f 5174/5174/5174 5188/5188/5188 5187/5187/5187
f 5175/5175/5175 5189/5189/5189 5188/5188/5188
f 5176/5176/5176 5190/5190/5190 5189/5189/5189
f 5177/5177/5177 5191/5191/5191 5190/5190/5190
f 5178/5178/5178 5192/5192/5192 5191/5191/5191
f 5180/5180/5180 5194/5194/5194 5193/5193/5193
f 5181/5181/5181 5195/5195/5195 5194/5194/5194
f 5182/5182/5182 5196/5196/5196 5195/5195/5195
f 5183/5183/5183 5197/5197/5197 5196/5196/5196
f 5184/5184/5184 5198/5198/5198 5197/5197/5197
f 5185/5185/5185 5199/5199/5199 5198/5198/5198
f 5186/5186/5186 5200/5200/5200 5199/5199/5199
f 5187/5187/5187 5201/5201/5201 5200/5200/5200
f 5188/5188/5188 5202/5202/5202 5201/5201/5201
f 5189/5189/5189 5203/5203/5203 5202/5202/5202
f 5190/5190/5190 5204/5204/5204 5203/5203/5203
f 5191/5191/5191 5205/5205/5205 5204/5204/5204
f 5193/5193/5193 5207/5207/5207 5206/5206/5206
f 5194/5194/5194 5208/5208/5208 5207/5207/5207
f 5195/5195/5195 5209/5209/5209 5208/5208/5208
f 5196/5196/5196 5210/5210/5210 5209/5209/5209
f 5197/5197/5197 5211/5211/5211 5210/5210/5210
f 5198/5198/5198 5212/5212/5212 5211/5211/5211
f 5199/5199/5199 5213/5213/5213 5212/5212/5212
f 5200/5200/5200 5214/5214/5214 5213/5213/5213
f 5201/5201/5201 5215/5215/5215 5214/5214/5214
f 5202/5202/5202 5216/5216/5216 5215/5215/5215
f 5203/5203/5203 5217/5217/5217 5216/5216/5216
f 5204/5204/5204 5218/5218/5218 5217/5217/5217
f 5219/5219/5219 5220/5220/5220 5233/5233/5233
f 5220/5220/5220 5221/5221/5221 5234/5234/5234
f 5221/5221/5221 5222/5222/5222 5235/5235/5235
f 5222/5222/5222 5223/5223/5223 5236/5236/5236
f 5223/5223/5223 5224/5224/5224 5237/5237/5237
f 5224/5224/5224 5225/5225/5225 5238/5238/5238
f 5225/5225/5225 5226/5226/5226 5239/5239/5239
f 5226/5226/5226 5227/5227/5227 5240/5240/5240
f 5227/5227/5227 5228/5228/5228 5241/5241/5241
f 5228/5228/5228 5229/5229/5229 5242/5242/5242
f 5229/5229/5229 5230/5230/5230 5243/5243/5243
f 5230/5230/5230 5231/5231/5231 5244/5244/5244
f 5232/5232/5232 5233/5233/5233 5246/5246/5246
f 5233/5233/5233 5234/5234/5234 5247/5247/5247
f 5234/5234/5234 5235/5235/5235 5248/5248/5248
f 5235/5235/5235 5236/5236/5236 5249/5249/5249
f 5236/5236/5236 5237/5237/5237 5250/5250/5250
f 5237/5237/5237 5238/5238/5238 5251/5251/5251
f 5238/5238/5238 5239/5239/5239 5252/5252/5252
f 5239/5239/5239 5240/5240/5240 5253/5253/5253
f 5240/5240/5240 5241/5241/5241 5254/5254/5254
f 5241/5241/5241 5242/5242/5242 5255/5255/5255
f 5242/5242/5242 5243/5243/5243 5256/5256/5256
f 5243/5243/5243 5244/5244/5244 5257/5257/5257
f 5245/5245/5245 5246/5246/5246 5259/5259/5259
f 5246/5246/5246 5247/5247/5247 5260/5260/5260
f 5247/5247/5247 5248/5248/5248 5261/5261/5261
f 5248/5248/5248 5249/5249/5249 5262/5262/5262
f 5249/5249/5249 5250/5250/5250 5263/5263/5263
f 5250/5250/5250 5251/5251/5251 5264/5264/5264
f 5251/5251/5251 5252/5252/5252 5265/5265/5265
f 5252/5252/5252 5253/5253/5253 5266/5266/5266
f 5253/5253/5253 5254/5254/5254 5267/5267/5267
f 5254/5254/5254 5255/5255/5255 5268/5268/5268
f 5255/5255/5255 5256/5256/5256 5269/5269/5269
f 5256/5256/5256 5257/5257/5257 5270/5270/5270
f 5258/5258/5258 5259/5259/5259 5272/5272/5272
f 5259/5259/5259 5260/5260/5260 5273/5273/5273
f 5260/5260/5260 5261/5261/5261 5274/5274/5274
f 5261/5261/5261 5262/5262/5262 5275/5275/5275
f 5262/5262/5262 5263/5263/5263 5276/5276/5276
f 5263/5263/5263 5264/5264/5264 5277/5277/5277
f 5264/5264/5264 5265/5265/5265 5278/5278/5278
f 5265/5265/5265 5266/5266/5266 5279/5279/5279
f 5266/5266/5266 5267/5267/5267 5280/5280/5280
f 5267/5267/5267 5268/5268/5268 5281/5281/5281
f 5268/5268/5268 5269/5269/5269 5282/5282/5282
f 5269/5269/5269 5270/5270/5270 5283/5283/5283
f 5271/5271/5271 5272/5272/5272 5285/5285/5285
f 5272/5272/5272 5273/5273/5273 5286/5286/5286
f 5273/5273/5273 5274/5274/5274 5287/5287/5287
f 5274/5274/5274 5275/5275/5275 5288/5288/5288
f 5275/5275/5275 5276/5276/5276 5289/5289/5289
f 5276/5276/5276 5277/5277/5277 5290/5290/5290
f 5277/5277/5277 5278/5278/5278 5291/5291/5291
f 5278/5278/5278 5279/5279/5279 5292/5292/5292
f 5279/5279/5279 5280/5280/5280 5293/5293/5293
f 5280/5280/5280 5281/5281/5281 5294/5294/5294
f 5281/5281/5281 5282/5282/5282 5295/5295/5295
f 5282/5282/5282 5283/5283/5283 5296/5296/5296
f 5284/5284/5284 5285/5285/5285 5298/5298/5298
f 5285/5285/5285 5286/5286/5286 5299/5299/5299
f 5286/5286/5286 5287/5287/5287 5300/5300/5300
f 5287/5287/5287 5288/5288/5288 5301/5301/5301
f 5288/5288/5288 5289/5289/5289 5302/5302/5302
f 5289/5289/5289 5290/5290/5290 5303/5303/5303
f 5290/5290/5290 5291/5291/5291 5304/5304/5304
f 5291/5291/5291 5292/5292/5292 5305/5305/5305
f 5292/5292/5292 5293/5293/5293 5306/5306/5306
f 5293/5293/5293 5294/5294/5294 5307/5307/5307
f 5294/5294/5294 5295/5295/5295 5308/5308/5308
f 5295/5295/5295 5296/5296/5296 5309/5309/5309
f 5297/5297/5297 5298/5298/5298 5311/5311/5311
f 5298/5298/5298 5299/5299/5299 5312/5312/5312
f 5299/5299/5299 5300/5300/5300 5313/5313/5313
f 5300/5300/5300 5301/5301/5301 5314/5314/5314
f 5301/5301/5301 5302/5302/5302 5315/5315/5315
f 5302/5302/5302 5303/5303/5303 5316/5316/5316
f 5303/5303/5303 5304/5304/5304 5317/5317/5317
f 5304/5304/5304 5305/5305/5305 5318/5318/5318
f 5305/5305/5305 5306/5306/5306 5319/5319/5319
f 5306/5306/5306 5307/5307/5307 5320/5320/5320
f 5307/5307/5307 5308/5308/5308 5321/5321/5321
f 5308/5308/5308 5309/5309/5309 5322/5322/5322
f 5310/5310/5310 5311/5311/5311 5324/5324/5324
f 5311/5311/5311 5312/5312/5312 5325/5325/5325
f 5312/5312/5312 5313/5313/5313 5326/5326/5326
f 5313/5313/5313 5314/5314/5314 5327/5327/5327
f 5314/5314/5314 5315/5315/5315 5328/5328/5328
f 5315/5315/5315 5316/5316/5316 5329/5329/5329
f 5316/5316/5316 5317/5317/5317 5330/5330/5330
f 5317/5317/5317 5318/5318/5318 5331/5331/5331
f 5318/5318/5318 5319/5319/5319 5332/5332/5332
f 5319/5319/5319 5320/5320/5320 5333/5333/5333
f 5320/5320/5320 5321/5321/5321 5334/5334/5334
f 5321/5321/5321 5322/5322/5322 5335/5335/5335
f 5219/5219/5219 5233/5233/5233 5232/5232/5232
f 5220/5220/5220 5234/5234/5234 5233/5233/5233
f 5221/5221/5221 5235/5235/5235 5234/5234/5234
f 5222/5222/5222 5236/5236/5236 5235/5235/5235
f 5223/5223/5223 5237/5237/5237 5236/5236/5236
f 5224/5224/5224 5238/5238/5238 5237/5237/5237
f 5225/5225/5225 5239/5239/5239 5238/5238/5238
f 5226/5226/5226 5240/5240/5240 5239/5239/5239
f 5227/5227/5227 5241/5241/5241 5240/5240/5240
f 5228/5228/5228 5242/5242/5242 5241/5241/5241
f 5229/5229/5229 5243/5243/5243 5242/5242/5242
f 5230/5230/5230 5244/5244/5244 5243/5243/5243
f 5232/5232/5232 5246/5246/5246 5245/5245/5245
f 5233/5233/5233 5247/5247/5247 5246/5246/5246
f 5234/5234/5234 5248/5248/5248 5247/5247/5247
f 5235/5235/5235 5249/5249/5249 5248/5248/5248
f 5236/5236/5236 5250/5250/5250 5249/5249/5249
f 5237/5237/5237 5251/5251/5251 5250/5250/5250
f 5238/5238/5238 5252/5252/5252 5251/5251/5251
f 5239/5239/5239 5253/5253/5253 5252/5252/5252
f 5240/5240/5240 5254/5254/5254 5253/5253/5253
f 5241/5241/5241 5255/5255/5255 5254/5254/5254
f 5242/5242/5242 5256/5256/5256 5255/5255/5255
f 5243/5243/5243 5257/5257/5257 5256/5256/5256
f 5245/5245/5245 5259/5259/5259 5258/5258/5258
f 5246/5246/5246 5260/5260/5260 5259/5259/5259
f 5247/5247/5247 5261/5261/5261 5260/5260/5260
f 5248/5248/5248 5262/5262/5262 5261/5261/5261
f 5249/5249/5249 5263/5263/5263 5262/5262/5262
f 5250/5250/5250 5264/5264/5264 5263/5263/5263
f 5251/5251/5251 5265/5265/5265 5264/5264/5264
f 5252/5252/5252 5266/5266/5266 5265/5265/5265
f 5253/5253/5253 5267/5267/5267 5266/5266/5266
f 5254/5254/5254 5268/5268/5268 5267/5267/5267
f 5255/5255/5255 5269/5269/5269 5268/5268/5268
f 5256/5256/5256 5270/5270/5270 5269/5269/5269
f 5258/5258/5258 5272/5272/5272 5271/5271/5271
f 5259/5259/5259 5273/5273/5273 5272/5272/5272
f 5260/5260/5260 5274/5274/5274 5273/5273/5273
f 5261/5261/5261 5275/5275/5275 5274/5274/5274
f 5262/5262/5262 5276/5276/5276 5275/5275/5275
f 5263/5263/5263 5277/5277/5277 5276/5276/5276
f 5264/5264/5264 5278/5278/5278 5277/5277/5277
f 5265/5265/5265 5279/5279/5279 5278/5278/5278
f 5266/5266/5266 5280/5280/5280 5279/5279/5279
f 5267/5267/5267 5281/5281/5281 5280/5280/5280
f 5268/5268/5268 5282/5282/5282 5281/5281/5281
f 5269/5269/5269 5283/5283/5283 5282/5282/5282
f 5271/5271/5271 5285/5285/5285 5284/5284/5284
f 5272/5272/5272 5286/5286/5286 5285/5285/5285
f 5273/5273/5273 5287/5287/5287 5286/5286/5286
f 5274/5274/5274 5288/5288/5288 5287/5287/5287
f 5275/5275/5275 5289/5289/5289 5288/5288/5288
f 5276/5276/5276 5290/5290/5290 5289/5289/5289
f 5277/5277/5277 5291/5291/5291 5290/5290/5290
f 5278/5278/5278 5292/5292/5292 5291/5291/5291
f 5279/5279/5279 5293/5293/5293 5292/5292/5292
f 5280/5280/5280 5294/5294/5294 5293/5293/5293
f 5281/5281/5281 5295/5295/5295 5294/5294/5294
f 5282/5282/5282 5296/5296/5296 5295/5295/5295
f 5284/5284/5284 5298/5298/5298 5297/5297/5297
f 5285/5285/5285 5299/5299/5299 5298/5298/5298
f 5286/5286/5286 5300/5300/5300 5299/5299/5299
f 5287/5287/5287 5301/5301/5301 5300/5300/5300
f 5288/5288/5288 5302/5302/5302 5301/5301/5301
f 5289/5289/5289 5303/5303/5303 5302/5302/5302
f 5290/5290/5290 5304/5304/5304 5303/5303/5303
f 5291/5291/5291 5305/5305/5305 5304/5304/5304
f 5292/5292/5292 5306/5306/5306 5305/5305/5305
f 5293/5293/5293 5307/5307/5307 5306/5306/5306
f 5294/5294/5294 5308/5308/5308 5307/5307/5307
f 5295/5295/5295 5309/5309/5309 5308/5308/5308
f 5297/5297/5297 5311/5311/5311 5310/5310/5310
f 5298/5298/5298 5312/5312/5312 5311/5311/5311
f 5299/5299/5299 5313/5313/5313 5312/5312/5312
f 5300/5300/5300 5314/5314/5314 5313/5313/5313
f 5301/5301/5301 5315/5315/5315 5314/5314/5314
f 5302/5302/5302 5316/5316/5316 5315/5315/5315
f 5303/5303/5303 5317/5317/5317 5316/5316/5316
f 5304/5304/5304 5318/5318/5318 5317/5317/5317
f 5305/5305/5305 5319/5319/5319 5318/5318/5318
f 5306/5306/5306 5320/5320/5320 5319/5319/5319
f 5307/5307/5307 5321/5321/5321 5320/5320/5320
f 5308/5308/5308 5322/5322/5322 5321/5321/5321
f 5310/5310/5310 5324/5324/5324 5323/5323/5323
f 5311/5311/5311 5325/5325/5325 5324/5324/5324
f 5312/5312/5312 5326/5326/5326 5325/5325/5325
f 5313/5313/5313 5327/5327/5327 5326/5326/5326
f 5314/5314/5314 5328/5328/5328 5327/5327/5327
f 5315/5315/5315 5329/5329/5329 5328/5328/5328
f 5316/5316/5316 5330/5330/5330 5329/5329/5329
f 5317/5317/5317 5331/5331/5331 5330/5330/5330
f 5318/5318/5318 5332/5332/5332 5331/5331/5331
f 5319/5319/5319 5333/5333/5333 5332/5332/5332
f 5320/5320/5320 5334/5334/5334 5333/5333/5333
f 5321/5321/5321 5335/5335/5335 5334/5334/5334
f 5336/5336/5336 5337/5337/5337 5358/5358/5358
f 5337/5337/5337 5338/5338/5338 5359/5359/5359
f 5338/5338/5338 5339/5339/5339 5360/5360/5360
f 5339/5339/5339 5340/5340/5340 5361/5361/5361
f 5340/5340/5340 5341/5341/5341 5362/5362/5362
f 5341/5341/5341 5342/5342/5342 5363/5363/5363
f 5342/5342/5342 5343/5343/5343 5364/5364/5364
f 5343/5343/5343 5344/5344/5344 5365/5365/5365
f 5344/5344/5344 5345/5345/5345 5366/5366/5366
f 5345/5345/5345 5346/5346/5346 5367/5367/5367
f 5346/5346/5346 5347/5347/5347 5368/5368/5368
f 5347/5347/5347 5348/5348/5348 5369/5369/5369
f 5348/5348/5348 5349/5349/5349 5370/5370/5370
f 5349/5349/5349 5350/5350/5350 5371/5371/5371
f 5350/5350/5350 5351/5351/5351 5372/5372/5372
f 5351/5351/5351 5352/5352/5352 5373/5373/5373
f 5352/5352/5352 5353/5353/5353 5374/5374/5374
f 5353/5353/5353 5354/5354/5354 5375/5375/5375
f 5354/5354/5354 5355/5355/5355 5376/5376/5376
f 5355/5355/5355 5356/5356/5356 5377/5377/5377
f 5357/5357/5357 5358/5358/5358 5379/5379/5379
f 5358/5358/5358 5359/5359/5359 5380/5380/5380
f 5359/5359/5359 5360/5360/5360 5381/5381/5381
f 5360/5360/5360 5361/5361/5361 5382/5382/5382
f 5361/5361/5361 5362/5362/5362 5383/5383/5383
f 5362/5362/5362 5363/5363/5363 5384/5384/5384
f 5363/5363/5363 5364/5364/5364 5385/5385/5385
f 5364/5364/5364 5365/5365/5365 5386/5386/5386
f 5365/5365/5365 5366/5366/5366 5387/5387/5387
f 5366/5366/5366 5367/5367/5367 5388/5388/5388
f 5367/5367/5367 5368/5368/5368 5389/5389/5389
f 5368/5368/5368 5369/5369/5369 5390/5390/5390
f 5369/5369/5369 5370/5370/5370 5391/5391/5391
f 5370/5370/5370 5371/5371/5371 5392/5392/5392
f 5371/5371/5371 5372/5372/5372 5393/5393/5393
f 5372/5372/5372 5373/5373/5373 5394/5394/5394
f 5373/5373/5373 5374/5374/5374 5395/5395/5395
f 5374/5374/5374 5375/5375/5375 5396/5396/5396
f 5375/5375/5375 5376/5376/5376 5397/5397/5397
f 5376/5376/5376 5377/5377/5377 5398/5398/5398
f 5336/5336/5336 5358/5358/5358 5357/5357/5357
f 5337/5337/5337 5359/5359/5359 5358/5358/5358
f 5338/5338/5338 5360/5360/5360 5359/5359/5359
f 5339/5339/5339 5361/5361/5361 5360/5360/5360
f 5340/5340/5340 5362/5362/5362 5361/5361/5361
f 5341/5341/5341 5363/5363/5363 5362/5362/5362
f 5342/5342/5342 5364/5364/5364 5363/5363/5363
f 5343/5343/5343 5365/5365/5365 5364/5364/5364
f 5344/5344/5344 5366/5366/5366 5365/5365/5365
f 5345/5345/5345 5367/5367/5367 5366/5366/5366
f 5346/5346/5346 5368/5368/5368 5367/5367/5367
f 5347/5347/5347 5369/5369/5369 5368/5368/5368
f 5348/5348/5348 5370/5370/5370 5369/5369/5369
f 5349/5349/5349 5371/5371/5371 5370/5370/5370
f 5350/5350/5350 5372/5372/5372 5371/5371/5371
f 5351/5351/5351 5373/5373/5373 5372/5372/5372
f 5352/5352/5352 5374/5374/5374 5373/5373/5373
f 5353/5353/5353 5375/5375/5375 5374/5374/5374
f 5354/5354/5354 5376/5376/5376 5375/5375/5375
f 5355/5355/5355 5377/5377/5377 5376/5376/5376
f 5357/5357/5357 5379/5379/5379 5378/5378/5378
f 5358/5358/5358 5380/5380/5380 5379/5379/5379
f 5359/5359/5359 5381/5381/5381 5380/5380/5380
f 5360/5360/5360 5382/5382/5382 5381/5381/5381
f 5361/5361/5361 5383/5383/5383 5382/5382/5382
f 5362/5362/5362 5384/5384/5384 5383/5383/5383
f 5363/5363/5363 5385/5385/5385 5384/5384/5384
f 5364/5364/5364 5386/5386/5386 5385/5385/5385
f 5365/5365/5365 5387/5387/5387 5386/5386/5386
f 5366/5366/5366 5388/5388/5388 5387/5387/5387
f 5367/5367/5367 5389/5389/5389 5388/5388/5388
f 5368/5368/5368 5390/5390/5390 5389/5389/5389
f 5369/5369/5369 5391/5391/5391 5390/5390/5390
f 5370/5370/5370 5392/5392/5392 5391/5391/5391
f 5371/5371/5371 5393/5393/5393 5392/5392/5392
f 5372/5372/5372 5394/5394/5394 5393/5393/5393
f 5373/5373/5373 5395/5395/5395 5394/5394/5394
f 5374/5374/5374 5396/5396/5396 5395/5395/5395
f 5375/5375/5375 5397/5397/5397 5396/5396/5396
f 5376/5376/5376 5398/5398/5398 5397/5397/5397
f 5399/5399/5399 5401/5401/5401 5400/5400/5400
f 5399/5399/5399 5402/5402/5402 5401/5401/5401
f 5399/5399/5399 5403/5403/5403 5402/5402/5402
f 5399/5399/5399 5404/5404/5404 5403/5403/5403
f 5399/5399/5399 5405/5405/5405 5404/5404/5404
f 5399/5399/5399 5406/5406/5406 5405/5405/5405
f 5399/5399/5399 5407/5407/5407 5406/5406/5406
f 5399/5399/5399 5408/5408/5408 5407/5407/5407
f 5399/5399/5399 5409/5409/5409 5408/5408/5408
f 5399/5399/5399 5410/5410/5410 5409/5409/5409
f 5399/5399/5399 5411/5411/5411 5410/5410/5410
f 5399/5399/5399 5412/5412/5412 5411/5411/5411
f 5399/5399/5399 5413/5413/5413 5412/5412/5412
f 5399/5399/5399 5414/5414/5414 5413/5413/5413
f 5399/5399/5399 5415/5415/5415 5414/5414/5414
f 5399/5399/5399 5416/5416/5416 5415/5415/5415
f 5399/5399/5399 5417/5417/5417 5416/5416/5416
f 5399/5399/5399 5418/5418/5418 5417/5417/5417
f 5399/5399/5399 5419/5419/5419 5418/5418/5418
f 5399/5399/5399 5420/5420/5420 5419/5419/5419
f 5421/5421/5421 5422/5422/5422 5423/5423/5423
f 5421/5421/5421 5423/5423/5423 5424/5424/5424
f 5421/5421/5421 5424/5424/5424 5425/5425/5425
f 5421/5421/5421 5425/5425/5425 5426/5426/5426
f 5421/5421/5421 5426/5426/5426 5427/5427/5427
f 5421/5421/5421 5427/5427/5427 5428/5428/5428
f 5421/5421/5421 5428/5428/5428 5429/5429/5429
f 5421/5421/5421 5429/5429/5429 5430/5430/5430
f 5421/5421/5421 5430/5430/5430 5431/5431/5431
f 5421/5421/5421 5431/5431/5431 5432/5432/5432
f 5421/5421/5421 5432/5432/5432 5433/5433/5433
f 5421/5421/5421 5433/5433/5433 5434/5434/5434
f 5421/5421/5421 5434/5434/5434 5435/5435/5435
f 5421/5421/5421 5435/5435/5435 5436/5436/5436
f 5421/5421/5421 5436/5436/5436 5437/5437/5437
f 5421/5421/5421 5437/5437/5437 5438/5438/5438
f 5421/5421/5421 5438/5438/5438 5439/5439/5439
f 5421/5421/5421 5439/5439/5439 5440/5440/5440
f 5421/5421/5421 5440/5440/5440 5441/5441/5441
f 5421/5421/5421 5441/5441/5441 5442/5442/5442
f 5443/5443/5443 5444/5444/5444 5461/5461/5461
f 5444/5444/5444 5445/5445/5445 5462/5462/5462
f 5445/5445/5445 5446/5446/5446 5463/5463/5463
f 5446/5446/5446 5447/5447/5447 5464/5464/5464
f 5447/5447/5447 5448/5448/5448 5465/5465/5465
f 5448/5448/5448 5449/5449/5449 5466/5466/5466
f 5449/5449/5449 5450/5450/5450 5467/5467/5467
f 5450/5450/5450 5451/5451/5451 5468/5468/5468
f 5451/5451/5451 5452/5452/5452 5469/5469/5469
f 5452/5452/5452 5453/5453/5453 5470/5470/5470
f 5453/5453/5453 5454/5454/5454 5471/5471/5471
f 5454/5454/5454 5455/5455/5455 5472/5472/5472
f 5455/5455/5455 5456/5456/5456 5473/5473/5473
f 5456/5456/5456 5457/5457/5457 5474/5474/5474
f 5457/5457/5457 5458/5458/5458 5475/5475/5475
f 5458/5458/5458 5459/5459/5459 5476/5476/5476
f 5460/5460/5460 5461/5461/5461 5478/5478/5478
f 5461/5461/5461 5462/5462/5462 5479/5479/5479
f 5462/5462/5462 5463/5463/5463 5480/5480/5480
f 5463/5463/5463 5464/5464/5464 5481/5481/5481
f 5464/5464/5464 5465/5465/5465 5482/5482/5482
f 5465/5465/5465 5466/5466/5466 5483/5483/5483
f 5466/5466/5466 5467/5467/5467 5484/5484/5484
f 5467/5467/5467 5468/5468/5468 5485/5485/5485
f 5468/5468/5468 5469/5469/5469 5486/5486/5486
f 5469/5469/5469 5470/5470/5470 5487/5487/5487
f 5470/5470/5470 5471/5471/5471 5488/5488/5488
f 5471/5471/5471 5472/5472/5472 5489/5489/5489
f 5472/5472/5472 5473/5473/5473 5490/5490/5490
f 5473/5473/5473 5474/5474/5474 5491/5491/5491
f 5474/5474/5474 5475/5475/5475 5492/5492/5492
f 5475/5475/5475 5476/5476/5476 5493/5493/5493
f 5477/5477/5477 5478/5478/5478 5495/5495/5495
f 5478/5478/5478 5479/5479/5479 5496/5496/5496
f 5479/5479/5479 5480/5480/5480 5497/5497/5497
f 5480/5480/5480 5481/5481/5481 5498/5498/5498
f 5481/5481/5481 5482/5482/5482 5499/5499/5499
f 5482/5482/5482 5483/5483/5483 5500/5500/5500
f 5483/5483/5483 5484/5484/5484 5501/5501/5501
f 5484/5484/5484 5485/5485/5485 5502/5502/5502
f 5485/5485/5485 5486/5486/5486 5503/5503/5503
f 5486/5486/5486 5487/5487/5487 5504/5504/5504
f 5487/5487/5487 5488/5488/5488 5505/5505/5505
f 5488/5488/5488 5489/5489/5489 5506/5506/5506
f 5489/5489/5489 5490/5490/5490 5507/5507/5507
f 5490/5490/5490 5491/5491/5491 5508/5508/5508
f 5491/5491/5491 5492/5492/5492 5509/5509/5509
f 5492/5492/5492 5493/5493/5493 5510/5510/5510
f 5494/5494/5494 5495/5495/5495 5512/5512/5512
f 5495/5495/5495 5496/5496/5496 5513/5513/5513
f 5496/5496/5496 5497/5497/5497 5514/5514/5514
f 5497/5497/5497 5498/5498/5498 5515/5515/5515
f 5498/5498/5498 5499/5499/5499 5516/5516/5516
f 5499/5499/5499 5500/5500/5500 5517/5517/5517
f 5500/5500/5500 5501/5501/5501 5518/5518/5518
f 5501/5501/5501 5502/5502/5502 5519/5519/5519
f 5502/5502/5502 5503/5503/5503 5520/5520/5520
f 5503/5503/5503 5504/5504/5504 5521/5521/5521
f 5504/5504/5504 5505/5505/5505 5522/5522/5522
f 5505/5505/5505 5506/5506/5506 5523/5523/5523
f 5506/5506/5506 5507/5507/5507 5524/5524/5524
f 5507/5507/5507 5508/5508/5508 5525/5525/5525
f 5508/5508/5508 5509/5509/5509 5526/5526/5526
f 5509/5509/5509 5510/5510/5510 5527/5527/5527
f 5511/5511/5511 5512/5512/5512 5529/5529/5529
f 5512/5512/5512 5513/5513/5513 5530/5530/5530
f 5513/5513/5513 5514/5514/5514 5531/5531/5531
f 5514/5514/5514 5515/5515/5515 5532/5532/5532
f 5515/5515/5515 5516/5516/5516 5533/5533/5533
f 5516/5516/5516 5517/5517/5517 5534/5534/5534
f 5517/5517/5517 5518/5518/5518 5535/5535/5535
f 5518/5518/5518 5519/5519/5519 5536/5536/5536
f 5519/5519/5519 5520/5520/5520 5537/5537/5537
f 5520/5520/5520 5521/5521/5521 5538/5538/5538
f 5521/5521/5521 5522/5522/5522 5539/5539/5539
f 5522/5522/5522 5523/5523/5523 5540/5540/5540
f 5523/5523/5523 5524/5524/5524 5541/5541/5541
f 5524/5524/5524 5525/5525/5525 5542/5542/5542
f 5525/5525/5525 5526/5526/5526 5543/5543/5543
f 5526/5526/5526 5527/5527/5527 5544/5544/5544
f 5528/5528/5528 5529/5529/5529 5546/5546/5546
f 5529/5529/5529 5530/5530/5530 5547/5547/5547
f 5530/5530/5530 5531/5531/5531 5548/5548/5548
f 5531/5531/5531 5532/5532/5532 5549/5549/5549
f 5532/5532/5532 5533/5533/5533 5550/5550/5550
f 5533/5533/5533 5534/5534/5534 5551/5551/5551
f 5534/5534/5534 5535/5535/5535 5552/5552/5552
f 5535/5535/5535 5536/5536/5536 5553/5553/5553
f 5536/5536/5536 5537/5537/5537 5554/5554/5554
f 5537/5537/5537 5538/5538/5538 5555/5555/5555
f 5538/5538/5538 5539/5539/5539 5556/5556/5556
f 5539/5539/5539 5540/5540/5540 5557/5557/5557
f 5540/5540/5540 5541/5541/5541 5558/5558/5558
f 5541/5541/5541 5542/5542/5542 5559/5559/5559
f 5542/5542/5542 5543/5543/5543 5560/5560/5560
f 5543/5543/5543 5544/5544/5544 5561/5561/5561
f 5545/5545/5545 5546/5546/5546 5563/5563/5563
f 5546/5546/5546 5547/5547/5547 5564/5564/5564
f 5547/5547/5547 5548/5548/5548 5565/5565/5565
f 5548/5548/5548 5549/5549/5549 5566/5566/5566
f 5549/5549/5549 5550/5550/5550 5567/5567/5567
f 5550/5550/5550 5551/5551/5551 5568/5568/5568
f 5551/5551/5551 5552/5552/5552 5569/5569/5569
f 5552/5552/5552 5553/5553/5553 5570/5570/5570
f 5553/5553/5553 5554/5554/5554 5571/5571/5571
f 5554/5554/5554 5555/5555/5555 5572/5572/5572
f 5555/5555/5555 5556/5556/5556 5573/5573/5573
f 5556/5556/5556 5557/5557/5557 5574/5574/5574
f 5557/5557/5557 5558/5558/5558 5575/5575/5575
f 5558/5558/5558 5559/5559/5559 5576/5576/5576
f 5559/5559/5559 5560/5560/5560 5577/5577/5577
f 5560/5560/5560 5561/5561/5561 5578/5578/5578
f 5562/5562/5562 5563/5563/5563 5580/5580/5580
f 5563/5563/5563 5564/5564/5564 5581/5581/5581
f 5564/5564/5564 5565/5565/5565 5582/5582/5582
f 5565/5565/5565 5566/5566/5566 5583/5583/5583
f 5566/5566/5566 5567/5567/5567 5584/5584/5584
f 5567/5567/5567 5568/5568/5568 5585/5585/5585
f 5568/5568/5568 5569/5569/5569 5586/5586/5586
f 5569/5569/5569 5570/5570/5570 5587/5587/5587
f 5570/5570/5570 5571/5571/5571 5588/5588/5588
f 5571/5571/5571 5572/5572/5572 5589/5589/5589
f 5572/5572/5572 5573/5573/5573 5590/5590/5590
f 5573/5573/5573 5574/5574/5574 5591/5591/5591
f 5574/5574/5574 5575/5575/5575 5592/5592/5592
f 5575/5575/5575 5576/5576/5576 5593/5593/5593
f 5576/5576/5576 5577/5577/5577 5594/5594/5594
f 5577/5577/5577 5578/5578/5578 5595/5595/5595
f 5579/5579/5579 5580/5580/5580 5597/5597/5597
f 5580/5580/5580 5581/5581/5581 5598/5598/5598
f 5581/5581/5581 5582/5582/5582 5599/5599/5599
f 5582/5582/5582 5583/5583/5583 5600/5600/5600
f 5583/5583/5583 5584/5584/5584 5601/5601/5601
f 5584/5584/5584 5585/5585/5585 5602/5602/5602
f 5585/5585/5585 5586/5586/5586 5603/5603/5603
f 5586/5586/5586 5587/5587/5587 5604/5604/5604
f 5587/5587/5587 5588/5588/5588 5605/5605/5605
f 5588/5588/5588 5589/5589/5589 5606/5606/5606
f 5589/5589/5589 5590/5590/5590 5607/5607/5607
f 5590/5590/5590 5591/5591/5591 5608/5608/5608
f 5591/5591/5591 5592/5592/5592 5609/5609/5609
f 5592/5592/5592 5593/5593/5593 5610/5610/5610
f 5593/5593/5593 5594/5594/5594 5611/5611/5611
f 5594/5594/5594 5595/5595/5595 5612/5612/5612
f 5596/5596/5596 5597/5597/5597 5614/5614/5614
f 5597/5597/5597 5598/5598/5598 5615/5615/5615
f 5598/5598/5598 5599/5599/5599 5616/5616/5616
f 5599/5599/5599 5600/5600/5600 5617/5617/5617
f 5600/5600/5600 5601/5601/5601 5618/5618/5618
f 5601/5601/5601 5602/5602/5602 5619/5619/5619
f 5602/5602/5602 5603/5603/5603 5620/5620/5620
f 5603/5603/5603 5604/5604/5604 5621/5621/5621
f 5604/5604/5604 5605/5605/5605 5622/5622/5622
f 5605/5605/5605 5606/5606/5606 5623/5623/5623
f 5606/5606/5606 5607/5607/5607 5624/5624/5624
f 5607/5607/5607 5608/5608/5608 5625/5625/5625
f 5608/5608/5608 5609/5609/5609 5626/5626/5626
f 5609/5609/5609 5610/5610/5610 5627/5627/5627
f 5610/5610/5610 5611/5611/5611 5628/5628/5628
f 5611/5611/5611 5612/5612/5612 5629/5629/5629
f 5443/5443/5443 5461/5461/5461 5460/5460/5460
f 5444/5444/5444 5462/5462/5462 5461/5461/5461
f 5445/5445/5445 5463/5463/5463 5462/5462/5462
f 5446/5446/5446 5464/5464/5464 5463/5463/5463
f 5447/5447/5447 5465/5465/5465 5464/5464/5464
f 5448/5448/5448 5466/5466/5466 5465/5465/5465
f 5449/5449/5449 5467/5467/5467 5466/5466/5466
f 5450/5450/5450 5468/5468/5468 5467/5467/5467
f 5451/5451/5451 5469/5469/5469 5468/5468/5468
f 5452/5452/5452 5470/5470/5470 5469/5469/5469
f 5453/5453/5453 5471/5471/5471 5470/5470/5470
f 5454/5454/5454 5472/5472/5472 5471/5471/5471
f 5455/5455/5455 5473/5473/5473 5472/5472/5472
f 5456/5456/5456 5474/5474/5474 5473/5473/5473
f 5457/5457/5457 5475/5475/5475 5474/5474/5474
f 5458/5458/5458 5476/5476/5476 5475/5475/5475
f 5460/5460/5460 5478/5478/5478 5477/5477/5477
f 5461/5461/5461 5479/5479/5479 5478/5478/5478
f 5462/5462/5462 5480/5480/5480 5479/5479/5479
f 5463/5463/5463 5481/5481/5481 5480/5480/5480
f 5464/5464/5464 5482/5482/5482 5481/5481/5481
f 5465/5465/5465 5483/5483/5483 5482/5482/5482
f 5466/5466/5466 5484/5484/5484 5483/5483/5483
f 5467/5467/5467 5485/5485/5485 5484/5484/5484
f 5468/5468/5468 5486/5486/5486 5485/5485/5485
f 5469/5469/5469 5487/5487/5487 5486/5486/5486
f 5470/5470/5470 5488/5488/5488 5487/5487/5487
f 5471/5471/5471 5489/5489/5489 5488/5488/5488
f 5472/5472/5472 5490/5490/5490 5489/5489/5489
f 5473/5473/5473 5491/5491/5491 5490/5490/5490
f 5474/5474/5474 5492/5492/5492 5491/5491/5491
f 5475/5475/5475 5493/5493/5493 5492/5492/5492
f 5477/5477/5477 5495/5495/5495 5494/5494/5494
f 5478/5478/5478 5496/5496/5496 5495/5495/5495
f 5479/5479/5479 5497/5497/5497 5496/5496/5496
f 5480/5480/5480 5498/5498/5498 5497/5497/5497
f 5481/5481/5481 5499/5499/5499 5498/5498/5498
f 5482/5482/5482 5500/5500/5500 5499/5499/5499
f 5483/5483/5483 5501/5501/5501 5500/5500/5500
f 5484/5484/5484 5502/5502/5502 5501/5501/5501
f 5485/5485/5485 5503/5503/5503 5502/5502/5502
f 5486/5486/5486 5504/5504/5504 5503/5503/5503
f 5487/5487/5487 5505/5505/5505 5504/5504/5504
f 5488/5488/5488 5506/5506/5506 5505/5505/5505
f 5489/5489/5489 5507/5507/5507 5506/5506/5506
f 5490/5490/5490 5508/5508/5508 5507/5507/5507
f 5491/5491/5491 5509/5509/5509 5508/5508/5508
f 5492/5492/5492 5510/5510/5510 5509/5509/5509
f 5494/5494/5494 5512/5512/5512 5511/5511/5511
f 5495/5495/5495 5513/5513/5513 5512/5512/5512
f 5496/5496/5496 5514/5514/5514 5513/5513/5513
f 5497/5497/5497 5515/5515/5515 5514/5514/5514
f 5498/5498/5498 5516/5516/5516 5515/5515/5515
f 5499/5499/5499 5517/5517/5517 5516/5516/5516
f 5500/5500/5500 5518/5518/5518 5517/5517/5517
f 5501/5501/5501 5519/5519/5519 5518/5518/5518
f 5502/5502/5502 5520/5520/5520 5519/5519/5519
f 5503/5503/5503 5521/5521/5521 5520/5520/5520
f 5504/5504/5504 5522/5522/5522 5521/5521/5521
f 5505/5505/5505 5523/5523/5523 5522/5522/5522
f 5506/5506/5506 5524/5524/5524 5523/5523/5523
f 5507/5507/5507 5525/5525/5525 5524/5524/5524
f 5508/5508/5508 5526/5526/5526 5525/5525/5525
f 5509/5509/5509 5527/5527/5527 5526/5526/5526
f 5511/5511/5511 5529/5529/5529 5528/5528/5528
f 5512/5512/5512 5530/5530/5530 5529/5529/5529
f 5513/5513/5513 5531/5531/5531 5530/5530/5530
f 5514/5514/5514 5532/5532/5532 5531/5531/5531
f 5515/5515/5515 5533/5533/5533 5532/5532/5532
f 5516/5516/5516 5534/5534/5534 5533/5533/5533
f 5517/5517/5517 5535/5535/5535 5534/5534/5534
f 5518/5518/5518 5536/5536/5536 5535/5535/5535
f 5519/5519/5519 5537/5537/5537 5536/5536/5536
f 5520/5520/5520 5538/5538/5538 5537/5537/5537
f 5521/5521/5521 5539/5539/5539 5538/5538/5538
f 5522/5522/5522 5540/5540/5540 5539/5539/5539
f 5523/5523/5523 5541/5541/5541 5540/5540/5540
f 5524/5524/5524 5542/5542/5542 5541/5541/5541
f 5525/5525/5525 5543/5543/5543 5542/5542/5542
f 5526/5526/5526 5544/5544/5544 5543/5543/5543
f 5528/5528/5528 5546/5546/5546 5545/5545/5545
f 5529/5529/5529 5547/5547/5547 5546/5546/5546
f 5530/5530/5530 5548/5548/5548 5547/5547/5547
f 5531/5531/5531 5549/5549/5549 5548/5548/5548
f 5532/5532/5532 5550/5550/5550 5549/5549/5549
f 5533/5533/5533 5551/5551/5551 5550/5550/5550
f 5534/5534/5534 5552/5552/5552 5551/5551/5551
f 5535/5535/5535 5553/5553/5553 5552/5552/5552
f 5536/5536/5536 5554/5554/5554 5553/5553/5553
f 5537/5537/5537 5555/5555/5555 5554/5554/5554
f 5538/5538/5538 5556/5556/5556 5555/5555/5555
f 5539/5539/5539 5557/5557/5557 5556/5556/5556
f 5540/5540/5540 5558/5558/5558 5557/5557/5557
f 5541/5541/5541 5559/5559/5559 5558/5558/5558
f 5542/5542/5542 5560/5560/5560 5559/5559/5559
f 5543/5543/5543 5561/5561/5561 5560/5560/5560
f 5545/5545/5545 5563/5563/5563 5562/5562/5562
f 5546/5546/5546 5564/5564/5564 5563/5563/5563
f 5547/5547/5547 5565/5565/5565 5564/5564/5564
f 5548/5548/5548 5566/5566/5566 5565/5565/5565
f 5549/5549/5549 5567/5567/5567 5566/5566/5566
f 5550/5550/5550 5568/5568/5568 5567/5567/5567
f 5551/5551/5551 5569/5569/5569 5568/5568/5568
f 5552/5552/5552 5570/5570/5570 5569/5569/5569
f 5553/5553/5553 5571/5571/5571 5570/5570/5570
f 5554/5554/5554 5572/5572/5572 5571/5571/5571
f 5555/5555/5555 5573/5573/5573 5572/5572/5572
f 5556/5556/5556 5574/5574/5574 5573/5573/5573
f 5557/5557/5557 5575/5575/5575 5574/5574/5574
f 5558/5558/5558 5576/5576/5576 5575/5575/5575
f 5559/5559/5559 5577/5577/5577 5576/5576/5576
f 5560/5560/5560 5578/5578/5578 5577/5577/5577
f 5562/5562/5562 5580/5580/5580 5579/5579/5579
f 5563/5563/5563 5581/5581/5581 5580/5580/5580
f 5564/5564/5564 5582/5582/5582 5581/5581/5581
f 5565/5565/5565 5583/5583/5583 5582/5582/5582
f 5566/5566/5566 5584/5584/5584 5583/5583/5583
f 5567/5567/5567 5585/5585/5585 5584/5584/5584
f 5568/5568/5568 5586/5586/5586 5585/5585/5585
f 5569/5569/5569 5587/5587/5587 5586/5586/5586
f 5570/5570/5570 5588/5588/5588 5587/5587/5587
f 5571/5571/5571 5589/5589/5589 5588/5588/5588
f 5572/5572/5572 5590/5590/5590 5589/5589/5589
f 5573/5573/5573 5591/5591/5591 5590/5590/5590
f 5574/5574/5574 5592/5592/5592 5591/5591/5591
f 5575/5575/5575 5593/5593/5593 5592/5592/5592
f 5576/5576/5576 5594/5594/5594 5593/5593/5593
f 5577/5577/5577 5595/5595/5595 5594/5594/5594
f 5579/5579/5579 5597/5597/5597 5596/5596/5596
f 5580/5580/5580 5598/5598/5598 5597/5597/5597
f 5581/5581/5581 5599/5599/5599 5598/5598/5598
f 5582/5582/5582 5600/5600/5600 5599/5599/5599
f 5583/5583/5583 5601/5601/5601 5600/5600/5600
f 5584/5584/5584 5602/5602/5602 5601/5601/5601
f 5585/5585/5585 5603/5603/5603 5602/5602/5602
f 5586/5586/5586 5604/5604/5604 5603/5603/5603
f 5587/5587/5587 5605/5605/5605 5604/5604/5604
f 5588/5588/5588 5606/5606/5606 5605/5605/5605
f 5589/5589/5589 5607/5607/5607 5606/5606/5606
f 5590/5590/5590 5608/5608/5608 5607/5607/5607
f 5591/5591/5591 5609/5609/5609 5608/5608/5608
f 5592/5592/5592 5610/5610/5610 5609/5609/5609
f 5593/5593/5593 5611/5611/5611 5610/5610/5610
f 5594/5594/5594 5612/5612/5612 5611/5611/5611
f 5596/5596/5596 5614/5614/5614 5613/5613/5613
f 5597/5597/5597 5615/5615/5615 5614/5614/5614
f 5598/5598/5598 5616/5616/5616 5615/5615/5615
f 5599/5599/5599 5617/5617/5617 5616/5616/5616
f 5600/5600/5600 5618/5618/5618 5617/5617/5617
f 5601/5601/5601 5619/5619/5619 5618/5618/5618
f 5602/5602/5602 5620/5620/5620 5619/5619/5619
f 5603/5603/5603 5621/5621/5621 5620/5620/5620
f 5604/5604/5604 5622/5622/5622 5621/5621/5621
f 5605/5605/5605 5623/5623/5623 5622/5622/5622
f 5606/5606/5606 5624/5624/5624 5623/5623/5623
f 5607/5607/5607 5625/5625/5625 5624/5624/5624
f 5608/5608/5608 5626/5626/5626 5625/5625/5625
f 5609/5609/5609 5627/5627/5627 5626/5626/5626
f 5610/5610/5610 5628/5628/5628 5627/5627/5627
f 5611/5611/5611 5629/5629/5629 5628/5628/5628
f 5630/5630/5630 5631/5631/5631 5652/5652/5652
f 5631/5631/5631 5632/5632/5632 5653/5653/5653
f 5632/5632/5632 5633/5633/5633 5654/5654/5654
f 5633/5633/5633 5634/5634/5634 5655/5655/5655
f 5634/5634/5634 5635/5635/5635 5656/5656/5656
f 5635/5635/5635 5636/5636/5636 5657/5657/5657
f 5636/5636/5636 5637/5637/5637 5658/5658/5658
f 5637/5637/5637 5638/5638/5638 5659/5659/5659
f 5638/5638/5638 5639/5639/5639 5660/5660/5660
f 5639/5639/5639 5640/5640/5640 5661/5661/5661
f 5640/5640/5640 5641/5641/5641 5662/5662/5662
f 5641/5641/5641 5642/5642/5642 5663/5663/5663
f 5642/5642/5642 5643/5643/5643 5664/5664/5664
f 5643/5643/5643 5644/5644/5644 5665/5665/5665
f 5644/5644/5644 5645/5645/5645 5666/5666/5666
f 5645/5645/5645 5646/5646/5646 5667/5667/5667
f 5646/5646/5646 5647/5647/5647 5668/5668/5668
f 5647/5647/5647 5648/5648/5648 5669/5669/5669
f 5648/5648/5648 5649/5649/5649 5670/5670/5670
f 5649/5649/5649 5650/5650/5650 5671/5671/5671
f 5651/5651/5651 5652/5652/5652 5673/5673/5673
f 5652/5652/5652 5653/5653/5653 5674/5674/5674
f 5653/5653/5653 5654/5654/5654 5675/5675/5675
f 5654/5654/5654 5655/5655/5655 5676/5676/5676
f 5655/5655/5655 5656/5656/5656 5677/5677/5677
f 5656/5656/5656 5657/5657/5657 5678/5678/5678
f 5657/5657/5657 5658/5658/5658 5679/5679/5679
f 5658/5658/5658 5659/5659/5659 5680/5680/5680
f 5659/5659/5659 5660/5660/5660 5681/5681/5681
f 5660/5660/5660 5661/5661/5661 5682/5682/5682
f 5661/5661/5661 5662/5662/5662 5683/5683/5683
f 5662/5662/5662 5663/5663/5663 5684/5684/5684
f 5663/5663/5663 5664/5664/5664 5685/5685/5685
f 5664/5664/5664 5665/5665/5665 5686/5686/5686
f 5665/5665/5665 5666/5666/5666 5687/5687/5687
f 5666/5666/5666 5667/5667/5667 5688/5688/5688
f 5667/5667/5667 5668/5668/5668 5689/5689/5689
f 5668/5668/5668 5669/5669/5669 5690/5690/5690
f 5669/5669/5669 5670/5670/5670 5691/5691/5691
f 5670/5670/5670 5671/5671/5671 5692/5692/5692
f 5630/5630/5630 5652/5652/5652 5651/5651/5651
f 5631/5631/5631 5653/5653/5653 5652/5652/5652
f 5632/5632/5632 5654/5654/5654 5653/5653/5653
f 5633/5633/5633 5655/5655/5655 5654/5654/5654
f 5634/5634/5634 5656/5656/5656 5655/5655/5655
f 5635/5635/5635 5657/5657/5657 5656/5656/5656
f 5636/5636/5636 5658/5658/5658 5657/5657/5657
f 5637/5637/5637 5659/5659/5659 5658/5658/5658
f 5638/5638/5638 5660/5660/5660 5659/5659/5659
f 5639/5639/5639 5661/5661/5661 5660/5660/5660
f 5640/5640/5640 5662/5662/5662 5661/5661/5661
f 5641/5641/5641 5663/5663/5663 5662/5662/5662
f 5642/5642/5642 5664/5664/5664 5663/5663/5663
f 5643/5643/5643 5665/5665/5665 5664/5664/5664
f 5644/5644/5644 5666/5666/5666 5665/5665/5665
f 5645/5645/5645 5667/5667/5667 5666/5666/5666
f 5646/5646/5646 5668/5668/5668 5667/5667/5667
f 5647/5647/5647 5669/5669/5669 5668/5668/5668
f 5648/5648/5648 5670/5670/5670 5669/5669/5669
f 5649/5649/5649 5671/5671/5671 5670/5670/5670
f 5651/5651/5651 5673/5673/5673 5672/5672/5672
f 5652/5652/5652 5674/5674/5674 5673/5673/5673
f 5653/5653/5653 5675/5675/5675 5674/5674/5674
f 5654/5654/5654 5676/5676/5676 5675/5675/5675
f 5655/5655/5655 5677/5677/5677 5676/5676/5676
f 5656/5656/5656 5678/5678/5678 5677/5677/5677
f 5657/5657/5657 5679/5679/5679 5678/5678/5678
f 5658/5658/5658 5680/5680/5680 5679/5679/5679
f 5659/5659/5659 5681/5681/5681 5680/5680/5680
f 5660/5660/5660 5682/5682/5682 5681/5681/5681
f 5661/5661/5661 5683/5683/5683 5682/5682/5682
f 5662/5662/5662 5684/5684/5684 5683/5683/5683
f 5663/5663/5663 5685/5685/5685 5684/5684/5684
f 5664/5664/5664 5686/5686/5686 5685/5685/5685
f 5665/5665/5665 5687/5687/5687 5686/5686/5686
f 5666/5666/5666 5688/5688/5688 5687/5687/5687
f 5667/5667/5667 5689/5689/5689 5688/5688/5688
f 5668/5668/5668 5690/5690/5690 5689/5689/5689
f 5669/5669/5669 5691/5691/5691 5690/5690/5690
f 5670/5670/5670 5692/5692/5692 5691/5691/5691
f 5693/5693/5693 5695/5695/5695 5694/5694/5694
f 5693/5693/5693 5696/5696/5696 5695/5695/5695
f 5693/5693/5693 5697/5697/5697 5696/5696/5696
f 5693/5693/5693 5698/5698/5698 5697/5697/5697
f 5693/5693/5693 5699/5699/5699 5698/5698/5698
f 5693/5693/5693 5700/5700/5700 5699/5699/5699
f 5693/5693/5693 5701/5701/5701 5700/5700/5700
f 5693/5693/5693 5702/5702/5702 5701/5701/5701
f 5693/5693/5693 5703/5703/5703 5702/5702/5702
f 5693/5693/5693 5704/5704/5704 5703/5703/5703
f 5693/5693/5693 5705/5705/5705 5704/5704/5704
f 5693/5693/5693 5706/5706/5706 5705/5705/5705
f 5693/5693/5693 5707/5707/5707 5706/5706/5706
f 5693/5693/5693 5708/5708/5708 5707/5707/5707
f 5693/5693/5693 5709/5709/5709 5708/5708/5708
f 5693/5693/5693 5710/5710/5710 5709/5709/5709
f 5693/5693/5693 5711/5711/5711 5710/5710/5710
f 5693/5693/5693 5712/5712/5712 5711/5711/5711
f 5693/5693/5693 5713/5713/5713 5712/5712/5712
f 5693/5693/5693 5714/5714/5714 5713/5713/5713
f 5715/5715/5715 5716/5716/5716 5717/5717/5717
f 5715/5715/5715 5717/5717/5717 5718/5718/5718
f 5715/5715/5715 5718/5718/5718 5719/5719/5719
f 5715/5715/5715 5719/5719/5719 5720/5720/5720
f 5715/5715/5715 5720/5720/5720 5721/5721/5721
f 5715/5715/5715 5721/5721/5721 5722/5722/5722
f 5715/5715/5715 5722/5722/5722 5723/5723/5723
f 5715/5715/5715 5723/5723/5723 5724/5724/5724
f 5715/5715/5715 5724/5724/5724 5725/5725/5725
f 5715/5715/5715 5725/5725/5725 5726/5726/5726
f 5715/5715/5715 5726/5726/5726 5727/5727/5727
f 5715/5715/5715 5727/5727/5727 5728/5728/5728
f 5715/5715/5715 5728/5728/5728 5729/5729/5729
f 5715/5715/5715 5729/5729/5729 5730/5730/5730
f 5715/5715/5715 5730/5730/5730 5731/5731/5731
f 5715/5715/5715 5731/5731/5731 5732/5732/5732
f 5715/5715/5715 5732/5732/5732 5733/5733/5733
f 5715/5715/5715 5733/5733/5733 5734/5734/5734
f 5715/5715/5715 5734/5734/5734 5735/5735/5735
f 5715/5715/5715 5735/5735/5735 5736/5736/5736
f 5737/5737/5737 5738/5738/5738 5759/5759/5759
f 5738/5738/5738 5739/5739/5739 5760/5760/5760
f 5739/5739/5739 5740/5740/5740 5761/5761/5761
f 5740/5740/5740 5741/5741/5741 5762/5762/5762
f 5741/5741/5741 5742/5742/5742 5763/5763/5763
f 5742/5742/5742 5743/5743/5743 5764/5764/5764
f 5743/5743/5743 5744/5744/5744 5765/5765/5765
f 5744/5744/5744 5745/5745/5745 5766/5766/5766
f 5745/5745/5745 5746/5746/5746 5767/5767/5767
f 5746/5746/5746 5747/5747/5747 5768/5768/5768
f 5747/5747/5747 5748/5748/5748 5769/5769/5769
f 5748/5748/5748 5749/5749/5749 5770/5770/5770
f 5749/5749/5749 5750/5750/5750 5771/5771/5771
f 5750/5750/5750 5751/5751/5751 5772/5772/5772
f 5751/5751/5751 5752/5752/5752 5773/5773/5773
f 5752/5752/5752 5753/5753/5753 5774/5774/5774
f 5753/5753/5753 5754/5754/5754 5775/5775/5775
f 5754/5754/5754 5755/5755/5755 5776/5776/5776
f 5755/5755/5755 5756/5756/5756 5777/5777/5777
f 5756/5756/5756 5757/5757/5757 5778/5778/5778
f 5758/5758/5758 5759/5759/5759 5780/5780/5780
f 5759/5759/5759 5760/5760/5760 5781/5781/5781
f 5760/5760/5760 5761/5761/5761 5782/5782/5782
f 5761/5761/5761 5762/5762/5762 5783/5783/5783
f 5762/5762/5762 5763/5763/5763 5784/5784/5784
f 5763/5763/5763 5764/5764/5764 5785/5785/5785
f 5764/5764/5764 5765/5765/5765 5786/5786/5786
f 5765/5765/5765 5766/5766/5766 5787/5787/5787
f 5766/5766/5766 5767/5767/5767 5788/5788/5788
f 5767/5767/5767 5768/5768/5768 5789/5789/5789
f 5768/5768/5768 5769/5769/5769 5790/5790/5790
f 5769/5769/5769 5770/5770/5770 5791/5791/5791
f 5770/5770/5770 5771/5771/5771 5792/5792/5792
f 5771/5771/5771 5772/5772/5772 5793/5793/5793
f 5772/5772/5772 5773/5773/5773 5794/5794/5794
f 5773/5773/5773 5774/5774/5774 5795/5795/5795
f 5774/5774/5774 5775/5775/5775 5796/5796/5796
f 5775/5775/5775 5776/5776/5776 5797/5797/5797
f 5776/5776/5776 5777/5777/5777 5798/5798/5798
f 5777/5777/5777 5778/5778/5778 5799/5799/5799
f 5779/5779/5779 5780/5780/5780 5801/5801/5801
f 5780/5780/5780 5781/5781/5781 5802/5802/5802
f 5781/5781/5781 5782/5782/5782 5803/5803/5803
f 5782/5782/5782 5783/5783/5783 5804/5804/5804
f 5783/5783/5783 5784/5784/5784 5805/5805/5805
f 5784/5784/5784 5785/5785/5785 5806/5806/5806
f 5785/5785/5785 5786/5786/5786 5807/5807/5807
f 5786/5786/5786 5787/5787/5787 5808/5808/5808
f 5787/5787/5787 5788/5788/5788 5809/5809/5809
f 5788/5788/5788 5789/5789/5789 5810/5810/5810
f 5789/5789/5789 5790/5790/5790 5811/5811/5811
f 5790/5790/5790 5791/5791/5791 5812/5812/5812
f 5791/5791/5791 5792/5792/5792 5813/5813/5813
f 5792/5792/5792 5793/5793/5793 5814/5814/5814
f 5793/5793/5793 5794/5794/5794 5815/5815/5815
f 5794/5794/5794 5795/5795/5795 5816/5816/5816
f 5795/5795/5795 5796/5796/5796 5817/5817/5817
f 5796/5796/5796 5797/5797/5797 5818/5818/5818
f 5797/5797/5797 5798/5798/5798 5819/5819/5819
f 5798/5798/5798 5799/5799/5799 5820/5820/5820
f 5800/5800/5800 5801/5801/5801 5822/5822/5822
f 5801/5801/5801 5802/5802/5802 5823/5823/5823
f 5802/5802/5802 5803/5803/5803 5824/5824/5824
f 5803/5803/5803 5804/5804/5804 5825/5825/5825
f 5804/5804/5804 5805/5805/5805 5826/5826/5826
f 5805/5805/5805 5806/5806/5806 5827/5827/5827
f 5806/5806/5806 5807/5807/5807 5828/5828/5828
f 5807/5807/5807 5808/5808/5808 5829/5829/5829
f 5808/5808/5808 5809/5809/5809 5830/5830/5830
f 5809/5809/5809 5810/5810/5810 5831/5831/5831
f 5810/5810/5810 5811/5811/5811 5832/5832/5832
f 5811/5811/5811 5812/5812/5812 5833/5833/5833
f 5812/5812/5812 5813/5813/5813 5834/5834/5834
f 5813/5813/5813 5814/5814/5814 5835/5835/5835
f 5814/5814/5814 5815/5815/5815 5836/5836/5836
f 5815/5815/5815 5816/5816/5816 5837/5837/5837
f 5816/5816/5816 5817/5817/5817 5838/5838/5838
f 5817/5817/5817 5818/5818/5818 5839/5839/5839
f 5818/5818/5818 5819/5819/5819 5840/5840/5840
f 5819/5819/5819 5820/5820/5820 5841/5841/5841
f 5821/5821/5821 5822/5822/5822 5843/5843/5843
f 5822/5822/5822 5823/5823/5823 5844/5844/5844
f 5823/5823/5823 5824/5824/5824 5845/5845/5845
f 5824/5824/5824 5825/5825/5825 5846/5846/5846
f 5825/5825/5825 5826/5826/5826 5847/5847/5847
f 5826/5826/5826 5827/5827/5827 5848/5848/5848
f 5827/5827/5827 5828/5828/5828 5849/5849/5849
f 5828/5828/5828 5829/5829/5829 5850/5850/5850
f 5829/5829/5829 5830/5830/5830 5851/5851/5851
f 5830/5830/5830 5831/5831/5831 5852/5852/5852
f 5831/5831/5831 5832/5832/5832 5853/5853/5853
f 5832/5832/5832 5833/5833/5833 5854/5854/5854
f 5833/5833/5833 5834/5834/5834 5855/5855/5855
f 5834/5834/5834 5835/5835/5835 5856/5856/5856
f 5835/5835/5835 5836/5836/5836 5857/5857/5857
f 5836/5836/5836 5837/5837/5837 5858/5858/5858
f 5837/5837/5837 5838/5838/5838 5859/5859/5859
f 5838/5838/5838 5839/5839/5839 5860/5860/5860
f 5839/5839/5839 5840/5840/5840 5861/5861/5861
f 5840/5840/5840 5841/5841/5841 5862/5862/5862
f 5842/5842/5842 5843/5843/5843 5864/5864/5864
f 5843/5843/5843 5844/5844/5844 5865/5865/5865
f 5844/5844/5844 5845/5845/5845 5866/5866/5866
f 5845/5845/5845 5846/5846/5846 5867/5867/5867
f 5846/5846/5846 5847/5847/5847 5868/5868/5868
f 5847/5847/5847 5848/5848/5848 5869/5869/5869
f 5848/5848/5848 5849/5849/5849 5870/5870/5870
f 5849/5849/5849 5850/5850/5850 5871/5871/5871
f 5850/5850/5850 5851/5851/5851 5872/5872/5872
f 5851/5851/5851 5852/5852/5852 5873/5873/5873
f 5852/5852/5852 5853/5853/5853 5874/5874/5874
f 5853/5853/5853 5854/5854/5854 5875/5875/5875
f 5854/5854/5854 5855/5855/5855 5876/5876/5876
f 5855/5855/5855 5856/5856/5856 5877/5877/5877
f 5856/5856/5856 5857/5857/5857 5878/5878/5878
f 5857/5857/5857 5858/5858/5858 5879/5879/5879
f 5858/5858/5858 5859/5859/5859 5880/5880/5880
f 5859/5859/5859 5860/5860/5860 5881/5881/5881
f 5860/5860/5860 5861/5861/5861 5882/5882/5882
f 5861/5861/5861 5862/5862/5862 5883/5883/5883
f 5863/5863/5863 5864/5864/5864 5885/5885/5885
f 5864/5864/5864 5865/5865/5865 5886/5886/5886
f 5865/5865/5865 5866/5866/5866 5887/5887/5887
f 5866/5866/5866 5867/5867/5867 5888/5888/5888
f 5867/5867/5867 5868/5868/5868 5889/5889/5889
f 5868/5868/5868 5869/5869/5869 5890/5890/5890
f 5869/5869/5869 5870/5870/5870 5891/5891/5891
f 5870/5870/5870 5871/5871/5871 5892/5892/5892
f 5871/5871/5871 5872/5872/5872 5893/5893/5893
f 5872/5872/5872 5873/5873/5873 5894/5894/5894
f 5873/5873/5873 5874/5874/5874 5895/5895/5895
f 5874/5874/5874 5875/5875/5875 5896/5896/5896
f 5875/5875/5875 5876/5876/5876 5897/5897/5897
f 5876/5876/5876 5877/5877/5877 5898/5898/5898
f 5877/5877/5877 5878/5878/5878 5899/5899/5899
f 5878/5878/5878 5879/5879/5879 5900/5900/5900
f 5879/5879/5879 5880/5880/5880 5901/5901/5901
f 5880/5880/5880 5881/5881/5881 5902/5902/5902
f 5881/5881/5881 5882/5882/5882 5903/5903/5903
f 5882/5882/5882 5883/5883/5883 5904/5904/5904
f 5884/5884/5884 5885/5885/5885 5906/5906/5906
f 5885/5885/5885 5886/5886/5886 5907/5907/5907
f 5886/5886/5886 5887/5887/5887 5908/5908/5908
f 5887/5887/5887 5888/5888/5888 5909/5909/5909
f 5888/5888/5888 5889/5889/5889 5910/5910/5910
f 5889/5889/5889 5890/5890/5890 5911/5911/5911
f 5890/5890/5890 5891/5891/5891 5912/5912/5912
f 5891/5891/5891 5892/5892/5892 5913/5913/5913
f 5892/5892/5892 5893/5893/5893 5914/5914/5914
f 5893/5893/5893 5894/5894/5894 5915/5915/5915
f 5894/5894/5894 5895/5895/5895 5916/5916/5916
f 5895/5895/5895 5896/5896/5896 5917/5917/5917
f 5896/5896/5896 5897/5897/5897 5918/5918/5918
f 5897/5897/5897 5898/5898/5898 5919/5919/5919
f 5898/5898/5898 5899/5899/5899 5920/5920/5920
f 5899/5899/5899 5900/5900/5900 5921/5921/5921
f 5900/5900/5900 5901/5901/5901 5922/5922/5922
f 5901/5901/5901 5902/5902/5902 5923/5923/5923
f 5902/5902/5902 5903/5903/5903 5924/5924/5924
f 5903/5903/5903 5904/5904/5904 5925/5925/5925
f 5905/5905/5905 5906/5906/5906 5927/5927/5927
f 5906/5906/5906 5907/5907/5907 5928/5928/5928
f 5907/5907/5907 5908/5908/5908 5929/5929/5929
f 5908/5908/5908 5909/5909/5909 5930/5930/5930
f 5909/5909/5909 5910/5910/5910 5931/5931/5931
f 5910/5910/5910 5911/5911/5911 5932/5932/5932
f 5911/5911/5911 5912/5912/5912 5933/5933/5933
f 5912/5912/5912 5913/5913/5913 5934/5934/5934
f 5913/5913/5913 5914/5914/5914 5935/5935/5935
f 5914/5914/5914 5915/5915/5915 5936/5936/5936
f 5915/5915/5915 5916/5916/5916 5937/5937/5937
f 5916/5916/5916 5917/5917/5917 5938/5938/5938
f 5917/5917/5917 5918/5918/5918 5939/5939/5939
f 5918/5918/5918 5919/5919/5919 5940/5940/5940
f 5919/5919/5919 5920/5920/5920 5941/5941/5941
f 5920/5920/5920 5921/5921/5921 5942/5942/5942
f 5921/5921/5921 5922/5922/5922 5943/5943/5943
f 5922/5922/5922 5923/5923/5923 5944/5944/5944
f 5923/5923/5923 5924/5924/5924 5945/5945/5945
f 5924/5924/5924 5925/5925/5925 5946/5946/5946
f 5926/5926/5926 5927/5927/5927 5948/5948/5948
f 5927/5927/5927 5928/5928/5928 5949/5949/5949
f 5928/5928/5928 5929/5929/5929 5950/5950/5950
f 5929/5929/5929 5930/5930/5930 5951/5951/5951
f 5930/5930/5930 5931/5931/5931 5952/5952/5952
f 5931/5931/5931 5932/5932/5932 5953/5953/5953
f 5932/5932/5932 5933/5933/5933 5954/5954/5954
f 5933/5933/5933 5934/5934/5934 5955/5955/5955
f 5934/5934/5934 5935/5935/5935 5956/5956/5956
f 5935/5935/5935 5936/5936/5936 5957/5957/5957
f 5936/5936/5936 5937/5937/5937 5958/5958/5958
f 5937/5937/5937 5938/5938/5938 5959/5959/5959
f 5938/5938/5938 5939/5939/5939 5960/5960/5960
f 5939/5939/5939 5940/5940/5940 5961/5961/5961
f 5940/5940/5940 5941/5941/5941 5962/5962/5962
f 5941/5941/5941 5942/5942/5942 5963/5963/5963
f 5942/5942/5942 5943/5943/5943 5964/5964/5964
f 5943/5943/5943 5944/5944/5944 5965/5965/5965
f 5944/5944/5944 5945/5945/5945 5966/5966/5966
f 5945/5945/5945 5946/5946/5946 5967/5967/5967
f 5737/5737/5737 5759/5759/5759 5758/5758/5758
f 5738/5738/5738 5760/5760/5760 5759/5759/5759
f 5739/5739/5739 5761/5761/5761 5760/5760/5760
f 5740/5740/5740 5762/5762/5762 5761/5761/5761
f 5741/5741/5741 5763/5763/5763 5762/5762/5762
f 5742/5742/5742 5764/5764/5764 5763/5763/5763
f 5743/5743/5743 5765/5765/5765 5764/5764/5764
f 5744/5744/5744 5766/5766/5766 5765/5765/5765
f 5745/5745/5745 5767/5767/5767 5766/5766/5766
f 5746/5746/5746 5768/5768/5768 5767/5767/5767
f 5747/5747/5747 5769/5769/5769 5768/5768/5768
f 5748/5748/5748 5770/5770/5770 5769/5769/5769
f 5749/5749/5749 5771/5771/5771 5770/5770/5770
f 5750/5750/5750 5772/5772/5772 5771/5771/5771
f 5751/5751/5751 5773/5773/5773 5772/5772/5772
f 5752/5752/5752 5774/5774/5774 5773/5773/5773
f 5753/5753/5753 5775/5775/5775 5774/5774/5774
f 5754/5754/5754 5776/5776/5776 5775/5775/5775
f 5755/5755/5755 5777/5777/5777 5776/5776/5776
f 5756/5756/5756 5778/5778/5778 5777/5777/5777
f 5758/5758/5758 5780/5780/5780 5779/5779/5779
f 5759/5759/5759 5781/5781/5781 5780/5780/5780
f 5760/5760/5760 5782/5782/5782 5781/5781/5781
f 5761/5761/5761 5783/5783/5783 5782/5782/5782
f 5762/5762/5762 5784/5784/5784 5783/5783/5783
f 5763/5763/5763 5785/5785/5785 5784/5784/5784
f 5764/5764/5764 5786/5786/5786 5785/5785/5785
f 5765/5765/5765 5787/5787/5787 5786/5786/5786
f 5766/5766/5766 5788/5788/5788 5787/5787/5787
f 5767/5767/5767 5789/5789/5789 5788/5788/5788
f 5768/5768/5768 5790/5790/5790 5789/5789/5789
f 5769/5769/5769 5791/5791/5791 5790/5790/5790
f 5770/5770/5770 5792/5792/5792 5791/5791/5791
f 5771/5771/5771 5793/5793/5793 5792/5792/5792
f 5772/5772/5772 5794/5794/5794 5793/5793/5793
f 5773/5773/5773 5795/5795/5795 5794/5794/5794
f 5774/5774/5774 5796/5796/5796 5795/5795/5795
f 5775/5775/5775 5797/5797/5797 5796/5796/5796
f 5776/5776/5776 5798/5798/5798 5797/5797/5797
f 5777/5777/5777 5799/5799/5799 5798/5798/5798
f 5779/5779/5779 5801/5801/5801 5800/5800/5800
f 5780/5780/5780 5802/5802/5802 5801/5801/5801
f 5781/5781/5781 5803/5803/5803 5802/5802/5802
f 5782/5782/5782 5804/5804/5804 5803/5803/5803
f 5783/5783/5783 5805/5805/5805 5804/5804/5804
f 5784/5784/5784 5806/5806/5806 5805/5805/5805
f 5785/5785/5785 5807/5807/5807 5806/5806/5806
f 5786/5786/5786 5808/5808/5808 5807/5807/5807
f 5787/5787/5787 5809/5809/5809 5808/5808/5808
f 5788/5788/5788 5810/5810/5810 5809/5809/5809
f 5789/5789/5789 5811/5811/5811 5810/5810/5810
f 5790/5790/5790 5812/5812/5812 5811/5811/5811
f 5791/5791/5791 5813/5813/5813 5812/5812/5812
f 5792/5792/5792 5814/5814/5814 5813/5813/5813
f 5793/5793/5793 5815/5815/5815 5814/5814/5814
f 5794/5794/5794 5816/5816/5816 5815/5815/5815
f 5795/5795/5795 5817/5817/5817 5816/5816/5816
f 5796/5796/5796 5818/5818/5818 5817/5817/5817
f 5797/5797/5797 5819/5819/5819 5818/5818/5818
f 5798/5798/5798 5820/5820/5820 5819/5819/5819
f 5800/5800/5800 5822/5822/5822 5821/5821/5821
f 5801/5801/5801 5823/5823/5823 5822/5822/5822
f 5802/5802/5802 5824/5824/5824 5823/5823/5823
f 5803/5803/5803 5825/5825/5825 5824/5824/5824
f 5804/5804/5804 5826/5826/5826 5825/5825/5825
f 5805/5805/5805 5827/5827/5827 5826/5826/5826
f 5806/5806/5806 5828/5828/5828 5827/5827/5827
f 5807/5807/5807 5829/5829/5829 5828/5828/5828
f 5808/5808/5808 5830/5830/5830 5829/5829/5829
f 5809/5809/5809 5831/5831/5831 5830/5830/5830
f 5810/5810/5810 5832/5832/5832 5831/5831/5831
f 5811/5811/5811 5833/5833/5833 5832/5832/5832
f 5812/5812/5812 5834/5834/5834 5833/5833/5833
f 5813/5813/5813 5835/5835/5835 5834/5834/5834
f 5814/5814/5814 5836/5836/5836 5835/5835/5835
f 5815/5815/5815 5837/5837/5837 5836/5836/5836
f 5816/5816/5816 5838/5838/5838 5837/5837/5837
f 5817/5817/5817 5839/5839/5839 5838/5838/5838
f 5818/5818/5818 5840/5840/5840 5839/5839/5839
f 5819/5819/5819 5841/5841/5841 5840/5840/5840
f 5821/5821/5821 5843/5843/5843 5842/5842/5842
f 5822/5822/5822 5844/5844/5844 5843/5843/5843
f 5823/5823/5823 5845/5845/5845 5844/5844/5844
f 5824/5824/5824 5846/5846/5846 5845/5845/5845
f 5825/5825/5825 5847/5847/5847 5846/5846/5846
f 5826/5826/5826 5848/5848/5848 5847/5847/5847
f 5827/5827/5827 5849/5849/5849 5848/5848/5848
f 5828/5828/5828 5850/5850/5850 5849/5849/5849
f 5829/5829/5829 5851/5851/5851 5850/5850/5850
f 5830/5830/5830 5852/5852/5852 5851/5851/5851
f 5831/5831/5831 5853/5853/5853 5852/5852/5852
f 5832/5832/5832 5854/5854/5854 5853/5853/5853
f 5833/5833/5833 5855/5855/5855 5854/5854/5854
f 5834/5834/5834 5856/5856/5856 5855/5855/5855
f 5835/5835/5835 5857/5857/5857 5856/5856/5856
f 5836/5836/5836 5858/5858/5858 5857/5857/5857
f 5837/5837/5837 5859/5859/5859 5858/5858/5858
f 5838/5838/5838 5860/5860/5860 5859/5859/5859
f 5839/5839/5839 5861/5861/5861 5860/5860/5860
f 5840/5840/5840 5862/5862/5862 5861/5861/5861
f 5842/5842/5842 5864/5864/5864 5863/5863/5863
f 5843/5843/5843 5865/5865/5865 5864/5864/5864
f 5844/5844/5844 5866/5866/5866 5865/5865/5865
f 5845/5845/5845 5867/5867/5867 5866/5866/5866
f 5846/5846/5846 5868/5868/5868 5867/5867/5867
f 5847/5847/5847 5869/5869/5869 5868/5868/5868
f 5848/5848/5848 5870/5870/5870 5869/5869/5869
f 5849/5849/5849 5871/5871/5871 5870/5870/5870
f 5850/5850/5850 5872/5872/5872 5871/5871/5871
f 5851/5851/5851 5873/5873/5873 5872/5872/5872
f 5852/5852/5852 5874/5874/5874 5873/5873/5873
f 5853/5853/5853 5875/5875/5875 5874/5874/5874
f 5854/5854/5854 5876/5876/5876 5875/5875/5875
f 5855/5855/5855 5877/5877/5877 5876/5876/5876
f 5856/5856/5856 5878/5878/5878 5877/5877/5877
f 5857/5857/5857 5879/5879/5879 5878/5878/5878
f 5858/5858/5858 5880/5880/5880 5879/5879/5879
f 5859/5859/5859 5881/5881/5881 5880/5880/5880
f 5860/5860/5860 5882/5882/5882 5881/5881/5881
f 5861/5861/5861 5883/5883/5883 5882/5882/5882
f 5863/5863/5863 5885/5885/5885 5884/5884/5884
f 5864/5864/5864 5886/5886/5886 5885/5885/5885
f 5865/5865/5865 5887/5887/5887 5886/5886/5886
f 5866/5866/5866 5888/5888/5888 5887/5887/5887
f 5867/5867/5867 5889/5889/5889 5888/5888/5888
f 5868/5868/5868 5890/5890/5890 5889/5889/5889
f 5869/5869/5869 5891/5891/5891 5890/5890/5890
f 5870/5870/5870 5892/5892/5892 5891/5891/5891
f 5871/5871/5871 5893/5893/5893 5892/5892/5892
f 5872/5872/5872 5894/5894/5894 5893/5893/5893
f 5873/5873/5873 5895/5895/5895 5894/5894/5894
f 5874/5874/5874 5896/5896/5896 5895/5895/5895
f 5875/5875/5875 5897/5897/5897 5896/5896/5896
f 5876/5876/5876 5898/5898/5898 5897/5897/5897
f 5877/5877/5877 5899/5899/5899 5898/5898/5898
f 5878/5878/5878 5900/5900/5900 5899/5899/5899
f 5879/5879/5879 5901/5901/5901 5900/5900/5900
f 5880/5880/5880 5902/5902/5902 5901/5901/5901
f 5881/5881/5881 5903/5903/5903 5902/5902/5902
f 5882/5882/5882 5904/5904/5904 5903/5903/5903
f 5884/5884/5884 5906/5906/5906 5905/5905/5905
f 5885/5885/5885 5907/5907/5907 5906/5906/5906
f 5886/5886/5886 5908/5908/5908 5907/5907/5907
f 5887/5887/5887 5909/5909/5909 5908/5908/5908
f 5888/5888/5888 5910/5910/5910 5909/5909/5909
f 5889/5889/5889 5911/5911/5911 5910/5910/5910
f 5890/5890/5890 5912/5912/5912 5911/5911/5911
f 5891/5891/5891 5913/5913/5913 5912/5912/5912
f 5892/5892/5892 5914/5914/5914 5913/5913/5913
f 5893/5893/5893 5915/5915/5915 5914/5914/5914
f 5894/5894/5894 5916/5916/5916 5915/5915/5915
f 5895/5895/5895 5917/5917/5917 5916/5916/5916
f 5896/5896/5896 5918/5918/5918 5917/5917/5917
f 5897/5897/5897 5919/5919/5919 5918/5918/5918
f 5898/5898/5898 5920/5920/5920 5919/5919/5919
f 5899/5899/5899 5921/5921/5921 5920/5920/5920
f 5900/5900/5900 5922/5922/5922 5921/5921/5921
f 5901/5901/5901 5923/5923/5923 5922/5922/5922
f 5902/5902/5902 5924/5924/5924 5923/5923/5923
f 5903/5903/5903 5925/5925/5925 5924/5924/5924
f 5905/5905/5905 5927/5927/5927 5926/5926/5926
f 5906/5906/5906 5928/5928/5928 5927/5927/5927
f 5907/5907/5907 5929/5929/5929 5928/5928/5928
f 5908/5908/5908 5930/5930/5930 5929/5929/5929
f 5909/5909/5909 5931/5931/5931 5930/5930/5930
f 5910/5910/5910 5932/5932/5932 5931/5931/5931
f 5911/5911/5911 5933/5933/5933 5932/5932/5932
f 5912/5912/5912 5934/5934/5934 5933/5933/5933
f 5913/5913/5913 5935/5935/5935 5934/5934/5934
f 5914/5914/5914 5936/5936/5936 5935/5935/5935
f 5915/5915/5915 5937/5937/5937 5936/5936/5936
f 5916/5916/5916 5938/5938/5938 5937/5937/5937
f 5917/5917/5917 5939/5939/5939 5938/5938/5938
f 5918/5918/5918 5940/5940/5940 5939/5939/5939
f 5919/5919/5919 5941/5941/5941 5940/5940/5940
f 5920/5920/5920 5942/5942/5942 5941/5941/5941
f 5921/5921/5921 5943/5943/5943 5942/5942/5942
f 5922/5922/5922 5944/5944/5944 5943/5943/5943
f 5923/5923/5923 5945/5945/5945 5944/5944/5944
f 5924/5924/5924 5946/5946/5946 5945/5945/5945
f 5926/5926/5926 5948/5948/5948 5947/5947/5947
f 5927/5927/5927 5949/5949/5949 5948/5948/5948
f 5928/5928/5928 5950/5950/5950 5949/5949/5949
f 5929/5929/5929 5951/5951/5951 5950/5950/5950
f 5930/5930/5930 5952/5952/5952 5951/5951/5951
f 5931/5931/5931 5953/5953/5953 5952/5952/5952
f 5932/5932/5932 5954/5954/5954 5953/5953/5953
f 5933/5933/5933 5955/5955/5955 5954/5954/5954
f 5934/5934/5934 5956/5956/5956 5955/5955/5955
f 5935/5935/5935 5957/5957/5957 5956/5956/5956
f 5936/5936/5936 5958/5958/5958 5957/5957/5957
f 5937/5937/5937 5959/5959/5959 5958/5958/5958
f 5938/5938/5938 5960/5960/5960 5959/5959/5959
f 5939/5939/5939 5961/5961/5961 5960/5960/5960
f 5940/5940/5940 5962/5962/5962 5961/5961/5961
f 5941/5941/5941 5963/5963/5963 5962/5962/5962
f 5942/5942/5942 5964/5964/5964 5963/5963/5963
f 5943/5943/5943 5965/5965/5965 5964/5964/5964
f 5944/5944/5944 5966/5966/5966 5965/5965/5965
f 5945/5945/5945 5967/5967/5967 5966/5966/5966
f 5968/5968/5968 5969/5969/5969 5980/5980/5980
f 5969/5969/5969 5970/5970/5970 5981/5981/5981
f 5970/5970/5970 5971/5971/5971 5982/5982/5982
f 5971/5971/5971 5972/5972/5972 5983/5983/5983
f 5972/5972/5972 5973/5973/5973 5984/5984/5984
f 5973/5973/5973 5974/5974/5974 5985/5985/5985
f 5974/5974/5974 5975/5975/5975 5986/5986/5986
f 5975/5975/5975 5976/5976/5976 5987/5987/5987
f 5976/5976/5976 5977/5977/5977 5988/5988/5988
f 5977/5977/5977 5978/5978/5978 5989/5989/5989
f 5968/5968/5968 5980/5980/5980 5979/5979/5979
f 5969/5969/5969 5981/5981/5981 5980/5980/5980
f 5970/5970/5970 5982/5982/5982 5981/5981/5981
f 5971/5971/5971 5983/5983/5983 5982/5982/5982
f 5972/5972/5972 5984/5984/5984 5983/5983/5983
f 5973/5973/5973 5985/5985/5985 5984/5984/5984
f 5974/5974/5974 5986/5986/5986 5985/5985/5985
f 5975/5975/5975 5987/5987/5987 5986/5986/5986
f 5976/5976/5976 5988/5988/5988 5987/5987/5987
f 5977/5977/5977 5989/5989/5989 5988/5988/5988
f 5990/5990/5990 5992/5992/5992 5991/5991/5991
f 5990/5990/5990 5993/5993/5993 5992/5992/5992
f 5990/5990/5990 5994/5994/5994 5993/5993/5993
f 5990/5990/5990 5995/5995/5995 5994/5994/5994
f 5990/5990/5990 5996/5996/5996 5995/5995/5995
f 5990/5990/5990 5997/5997/5997 5996/5996/5996
f 5990/5990/5990 5998/5998/5998 5997/5997/5997
f 5990/5990/5990 5999/5999/5999 5998/5998/5998
f 5990/5990/5990 6000/6000/6000 5999/5999/5999
f 5990/5990/5990 6001/6001/6001 6000/6000/6000
f 6002/6002/6002 6003/6003/6003 6004/6004/6004
f 6002/6002/6002 6004/6004/6004 6005/6005/6005
f 6002/6002/6002 6005/6005/6005 6006/6006/6006
f 6002/6002/6002 6006/6006/6006 6007/6007/6007
f 6002/6002/6002 6007/6007/6007 6008/6008/6008
f 6002/6002/6002 6008/6008/6008 6009/6009/6009
f 6002/6002/6002 6009/6009/6009 6010/6010/6010
f 6002/6002/6002 6010/6010/6010 6011/6011/6011
f 6002/6002/6002 6011/6011/6011 6012/6012/6012
f 6002/6002/6002 6012/6012/6012 6013/6013/6013
f 6014/6014/6014 6015/6015/6015 6026/6026/6026
f 6015/6015/6015 6016/6016/6016 6027/6027/6027
f 6016/6016/6016 6017/6017/6017 6028/6028/6028
f 6017/6017/6017 6018/6018/6018 6029/6029/6029
f 6018/6018/6018 6019/6019/6019 6030/6030/6030
f 6019/6019/6019 6020/6020/6020 6031/6031/6031
f 6020/6020/6020 6021/6021/6021 6032/6032/6032
f 6021/6021/6021 6022/6022/6022 6033/6033/6033
f 6022/6022/6022 6023/6023/6023 6034/6034/6034
f 6023/6023/6023 6024/6024/6024 6035/6035/6035
f 6014/6014/6014 6026/6026/6026 6025/6025/6025
f 6015/6015/6015 6027/6027/6027 6026/6026/6026
f 6016/6016/6016 6028/6028/6028 6027/6027/6027
f 6017/6017/6017 6029/6029/6029 6028/6028/6028
f 6018/6018/6018 6030/6030/6030 6029/6029/6029
f 6019/6019/6019 6031/6031/6031 6030/6030/6030
f 6020/6020/6020 6032/6032/6032 6031/6031/6031
f 6021/6021/6021 6033/6033/6033 6032/6032/6032
f 6022/6022/6022 6034/6034/6034 6033/6033/6033
f 6023/6023/6023 6035/6035/6035 6034/6034/6034
f 6036/6036/6036 6038/6038/6038 6037/6037/6037
f 6036/6036/6036 6039/6039/6039 6038/6038/6038
f 6036/6036/6036 6040/6040/6040 6039/6039/6039
f 6036/6036/6036 6041/6041/6041 6040/6040/6040
f 6036/6036/6036 6042/6042/6042 6041/6041/6041
f 6036/6036/6036 6043/6043/6043 6042/6042/6042
f 6036/6036/6036 6044/6044/6044 6043/6043/6043
f 6036/6036/6036 6045/6045/6045 6044/6044/6044
f 6036/6036/6036 6046/6046/6046 6045/6045/6045
f 6036/6036/6036 6047/6047/6047 6046/6046/6046
f 6048/6048/6048 6049/6049/6049 6050/6050/6050
f 6048/6048/6048 6050/6050/6050 6051/6051/6051
f 6048/6048/6048 6051/6051/6051 6052/6052/6052
f 6048/6048/6048 6052/6052/6052 6053/6053/6053
f 6048/6048/6048 6053/6053/6053 6054/6054/6054
f 6048/6048/6048 6054/6054/6054 6055/6055/6055
f 6048/6048/6048 6055/6055/6055 6056/6056/6056
f 6048/6048/6048 6056/6056/6056 6057/6057/6057
f 6048/6048/6048 6057/6057/6057 6058/6058/6058
f 6048/6048/6048 6058/6058/6058 6059/6059/6059
f 6060/6060/6060 6061/6061/6061 6072/6072/6072
f 6061/6061/6061 6062/6062/6062 6073/6073/6073
f 6062/6062/6062 6063/6063/6063 6074/6074/6074
f 6063/6063/6063 6064/6064/6064 6075/6075/6075
f 6064/6064/6064 6065/6065/6065 6076/6076/6076
f 6065/6065/6065 6066/6066/6066 6077/6077/6077
f 6066/6066/6066 6067/6067/6067 6078/6078/6078
f 6067/6067/6067 6068/6068/6068 6079/6079/6079
f 6068/6068/6068 6069/6069/6069 6080/6080/6080
f 6069/6069/6069 6070/6070/6070 6081/6081/6081
f 6060/6060/6060 6072/6072/6072 6071/6071/6071
f 6061/6061/6061 6073/6073/6073 6072/6072/6072
f 6062/6062/6062 6074/6074/6074 6073/6073/6073
f 6063/6063/6063 6075/6075/6075 6074/6074/6074
f 6064/6064/6064 6076/6076/6076 6075/6075/6075
f 6065/6065/6065 6077/6077/6077 6076/6076/6076
f 6066/6066/6066 6078/6078/6078 6077/6077/6077
f 6067/6067/6067 6079/6079/6079 6078/6078/6078
f 6068/6068/6068 6080/6080/6080 6079/6079/6079
f 6069/6069/6069 6081/6081/6081 6080/6080/6080
f 6082/6082/6082 6084/6084/6084 6083/6083/6083
f 6082/6082/6082 6085/6085/6085 6084/6084/6084
f 6082/6082/6082 6086/6086/6086 6085/6085/6085
f 6082/6082/6082 6087/6087/6087 6086/6086/6086
f 6082/6082/6082 6088/6088/6088 6087/6087/6087
f 6082/6082/6082 6089/6089/6089 6088/6088/6088
f 6082/6082/6082 6090/6090/6090 6089/6089/6089
f 6082/6082/6082 6091/6091/6091 6090/6090/6090
f 6082/6082/6082 6092/6092/6092 6091/6091/6091
f 6082/6082/6082 6093/6093/6093 6092/6092/6092
f 6094/6094/6094 6095/6095/6095 6096/6096/6096
f 6094/6094/6094 6096/6096/6096 6097/6097/6097
f 6094/6094/6094 6097/6097/6097 6098/6098/6098
f 6094/6094/6094 6098/6098/6098 6099/6099/6099
f 6094/6094/6094 6099/6099/6099 6100/6100/6100
f 6094/6094/6094 6100/6100/6100 6101/6101/6101
f 6094/6094/6094 6101/6101/6101 6102/6102/6102
f 6094/6094/6094 6102/6102/6102 6103/6103/6103
f 6094/6094/6094 6103/6103/6103 6104/6104/6104
f 6094/6094/6094 6104/6104/6104 6105/6105/6105
f 6106/6106/6106 6107/6107/6107 6118/6118/6118
f 6107/6107/6107 6108/6108/6108 6119/6119/6119
f 6108/6108/6108 6109/6109/6109 6120/6120/6120
f 6109/6109/6109 6110/6110/6110 6121/6121/6121
f 6110/6110/6110 6111/6111/6111 6122/6122/6122
f 6111/6111/6111 6112/6112/6112 6123/6123/6123
f 6112/6112/6112 6113/6113/6113 6124/6124/6124
f 6113/6113/6113 6114/6114/6114 6125/6125/6125
f 6114/6114/6114 6115/6115/6115 6126/6126/6126
f 6115/6115/6115 6116/6116/6116 6127/6127/6127
f 6106/6106/6106 6118/6118/6118 6117/6117/6117
f 6107/6107/6107 6119/6119/6119 6118/6118/6118
f 6108/6108/6108 6120/6120/6120 6119/6119/6119
f 6109/6109/6109 6121/6121/6121 6120/6120/6120
f 6110/6110/6110 6122/6122/6122 6121/6121/6121
f 6111/6111/6111 6123/6123/6123 6122/6122/6122
f 6112/6112/6112 6124/6124/6124 6123/6123/6123
f 6113/6113/6113 6125/6125/6125 6124/6124/6124
f 6114/6114/6114 6126/6126/6126 6125/6125/6125
f 6115/6115/6115 6127/6127/6127 6126/6126/6126
f 6128/6128/6128 6130/6130/6130 6129/6129/6129
f 6128/6128/6128 6131/6131/6131 6130/6130/6130
f 6128/6128/6128 6132/6132/6132 6131/6131/6131
f 6128/6128/6128 6133/6133/6133 6132/6132/6132
f 6128/6128/6128 6134/6134/6134 6133/6133/6133
f 6128/6128/6128 6135/6135/6135 6134/6134/6134
f 6128/6128/6128 6136/6136/6136 6135/6135/6135
f 6128/6128/6128 6137/6137/6137 6136/6136/6136
f 6128/6128/6128 6138/6138/6138 6137/6137/6137
f 6128/6128/6128 6139/6139/6139 6138/6138/6138
f 6140/6140/6140 6141/6141/6141 6142/6142/6142
f 6140/6140/6140 6142/6142/6142 6143/6143/6143
f 6140/6140/6140 6143/6143/6143 6144/6144/6144
f 6140/6140/6140 6144/6144/6144 6145/6145/6145
f 6140/6140/6140 6145/6145/6145 6146/6146/6146
f 6140/6140/6140 6146/6146/6146 6147/6147/6147
f 6140/6140/6140 6147/6147/6147 6148/6148/6148
f 6140/6140/6140 6148/6148/6148 6149/6149/6149
f 6140/6140/6140 6149/6149/6149 6150/6150/6150
f 6140/6140/6140 6150/6150/6150 6151/6151/6151
f 6152/6152/6152 6153/6153/6153 6164/6164/6164
f 6153/6153/6153 6154/6154/6154 6165/6165/6165
f 6154/6154/6154 6155/6155/6155 6166/6166/6166
f 6155/6155/6155 6156/6156/6156 6167/6167/6167
f 6156/6156/6156 6157/6157/6157 6168/6168/6168
f 6157/6157/6157 6158/6158/6158 6169/6169/6169
f 6158/6158/6158 6159/6159/6159 6170/6170/6170
f 6159/6159/6159 6160/6160/6160 6171/6171/6171
f 6160/6160/6160 6161/6161/6161 6172/6172/6172
f 6161/6161/6161 6162/6162/6162 6173/6173/6173
f 6152/6152/6152 6164/6164/6164 6163/6163/6163
f 6153/6153/6153 6165/6165/6165 6164/6164/6164
f 6154/6154/6154 6166/6166/6166 6165/6165/6165
f 6155/6155/6155 6167/6167/6167 6166/6166/6166
f 6156/6156/6156 6168/6168/6168 6167/6167/6167
f 6157/6157/6157 6169/6169/6169 6168/6168/6168
f 6158/6158/6158 6170/6170/6170 6169/6169/6169
f 6159/6159/6159 6171/6171/6171 6170/6170/6170
f 6160/6160/6160 6172/6172/6172 6171/6171/6171
f 6161/6161/6161 6173/6173/6173 6172/6172/6172
f 6174/6174/6174 6176/6176/6176 6175/6175/6175
f 6174/6174/6174 6177/6177/6177 6176/6176/6176
f 6174/6174/6174 6178/6178/6178 6177/6177/6177
f 6174/6174/6174 6179/6179/6179 6178/6178/6178
f 6174/6174/6174 6180/6180/6180 6179/6179/6179
f 6174/6174/6174 6181/6181/6181 6180/6180/6180
f 6174/6174/6174 6182/6182/6182 6181/6181/6181
f 6174/6174/6174 6183/6183/6183 6182/6182/6182
f 6174/6174/6174 6184/6184/6184 6183/6183/6183
f 6174/6174/6174 6185/6185/6185 6184/6184/6184
f 6186/6186/6186 6187/6187/6187 6188/6188/6188
f 6186/6186/6186 6188/6188/6188 6189/6189/6189
f 6186/6186/6186 6189/6189/6189 6190/6190/6190
f 6186/6186/6186 6190/6190/6190 6191/6191/6191
f 6186/6186/6186 6191/6191/6191 6192/6192/6192
f 6186/6186/6186 6192/6192/6192 6193/6193/6193
f 6186/6186/6186 6193/6193/6193 6194/6194/6194
f 6186/6186/6186 6194/6194/6194 6195/6195/6195
f 6186/6186/6186 6195/6195/6195 6196/6196/6196
f 6186/6186/6186 6196/6196/6196 6197/6197/6197
